tree
version=v4
num_class=1
num_tree_per_iteration=1
label_index=0
max_feature_idx=46
objective=binary sigmoid:1
feature_names=f_ret_1m f_ret_5m f_ret_15m f_ret_60m f_ret_240m f_ret_1440m f_rvol_15 f_rvol_60 f_rvol_240 f_atr14_1m_n f_rsi14_1m f_macd_line_n f_macd_sig_n f_macd_hist_n f_bb_w_1m f_bb_pos_1m f_ed5 f_ed13 f_ed55 f_s5_13 f_s13_55 f_volz_1440 f15_rsi14 f15_macd_hist_n f15_atr14_n f15_bb_w f15_bb_pos f15_ed5 f15_ed13 f15_ed55 f15_s5_13 f15_s13_55 f15_ret_1b f15_ret_4b f15_volz_96 f_fund_last f_fund_roc f_fund_hours_since f_utc_hour f_dow f_pair_id f_macro_ff_level f_macro_ff_chg_90d f_macro_curve_10y2y f_macro_curve_chg_90d f_sent_fng f_sent_fng_chg_7d
feature_infos=[-0.067460320889949799:0.048909090459346771] [-0.077997490763664246:0.10826542228460312] [-0.13250517845153809:0.14679943025112152] [-0.20169298350811005:0.24498416483402252] [-0.24292844533920288:0.71953535079956055] [-0.4788087010383606:0.83949559926986694] [1.2419620532000408e-07:0.03321567177772522] [8.521495146851521e-06:0.025860879570245743] [2.7209787731408142e-05:0.023586779832839966] [1.0106499530593283e-06:0.034925192594528198] [0.34349346160888672:99.234657287597656] [-0.049034588038921356:0.030576078221201897] [-0.048883046954870224:0.039422366768121719] [-0.010254594497382641:0.01396049652248621] [0:0.25921088457107544] [-0.56517583131790161:1.574785590171814] [-0.046035841107368469:0.052465170621871948] [-0.073966741561889648:0.070890188217163086] [-0.12951810657978058:0.15476891398429871] [-0.040373168885707855:0.041489515453577042] [-0.1088123545050621:0.083305239677429199] [-1.9360878467559814:33.649234771728516] [2.9987711906433105:98.137313842773438] [-0.029617365449666977:0.031823635101318359] [0.00012605746451299638:0.070226185023784637] [0.00053344701882451773:0.78094387054443359] [-0.58126324415206909:1.5835604667663574] [-0.15752916038036346:0.22247841954231262] [-0.21486341953277588:0.2678501307964325] [-0.32386839389801025:0.3553764820098877] [-0.086072012782096863:0.10868430882692337] [-0.21369972825050354:0.19664490222930908] [-0.15304878354072571:0.15395614504814148] [-0.1775125116109848:0.29911279678344727] [-2.8244624137878418:9.735112190246582] [-0.02500000037252903:0.0017558200052008033] [-0.017500000074505806:0.019319240003824234] [0.01666666753590107:7.9833331108093262] [0:23] [0:6] [0:3] [0.070000000298023224:5.3299999237060547] [-0.75:2] [-1.0800000429153442:1.1299999952316284] [-0.89999997615814209:0.81999999284744263] [6:94] [-50:49]
tree_sizes=14303 14362 14352 14324 14394 14360 14384 14481 14425 14391 14344 14423 14366 14394 14443 14415 14351 14381 14377 14451 14409 14382 14369 14411 14330 14424 14339 14313 14391 14374 14390

Tree=0
num_leaves=127
num_cat=0
split_feature=28 32 32 28 10 1 10 43 39 5 43 22 43 26 18 26 10 10 20 38 38 29 10 38 32 39 44 20 8 38 10 38 38 10 2 31 42 5 16 46 10 22 18 23 46 28 39 26 42 6 5 46 39 22 38 38 38 31 0 26 25 44 23 43 38 44 34 11 16 38 44 38 38 12 39 31 39 38 44 38 31 24 6 42 23 40 39 39 38 43 43 25 46 44 34 39 5 26 43 39 13 44 44 46 39 5 8 23 38 39 40 39 43 30 38 34 43 40 44 27 26 39 38 38 2 43
split_gain=6287.43 1628.75 1123.29 745.567 437.331 272.704 223.887 216.922 214.251 207.004 176.884 154.935 153.501 147.131 138.388 135.225 130.113 122.868 102.417 99.5801 119.748 146.111 142.911 93.8937 92.8185 92.6266 89.2195 77.9435 73.9213 71.9863 71.75 70.372 69.9066 69.0569 67.9946 67.7412 63.0243 72.1223 62.5838 62.2808 60.2759 60.2128 60.7272 59.74 58.9756 57.8181 57.7184 57.0828 57.8017 54.7455 54.9847 54.677 53.8894 53.659 62.0264 52.9203 50.8587 49.3578 49.2403 49.2262 49.0217 48.7917 92.0499 53.5739 48.0946 46.8364 46.3024 48.3403 46.267 46.052 62.4794 45.753 60.6511 45.7205 44.0769 43.6987 43.0786 47.5472 42.724 42.579 48.1645 42.4251 41.9437 41.5856 40.5439 52.5868 41.9337 48.6033 40.1356 40.0915 58.3251 62.4761 40.0892 41.3056 39.9803 39.0742 47.2884 38.9875 37.8721 37.7139 37.5113 42.2075 55.8116 36.9926 40.597 36.8713 58.0264 45.793 42.9914 37.573 36.8694 36.5595 55.7228 36.8768 36.5514 36.1701 36.1476 35.9707 35.586 37.6041 35.5105 43.3675 37.7566 39.7114 35.2755 35.1446
threshold=0.00061759309028275322 -9.1590773081406937e-05 -1.0000000180025095e-35 -0.0025853387778624888 37.705144882202156 -0.00072811593418009568 41.142230987548835 0.085000000894069686 5.5000000000000009 -0.0054973463993519536 -0.24499999731779096 41.923326492309577 0.32500000298023229 0.68092796206474315 0.0043474889826029548 0.85379779338836681 65.106437683105483 60.938018798828132 0.00026136588712688541 16.500000000000004 5.5000000000000009 0.0038850556593388323 54.911334991455085 1.5000000000000002 -0.00051010082825087 5.5000000000000009 -0.074999999254941926 -0.00016909260011743751 0.00015036480908747765 1.0000000180025095e-35 68.44311904907228 13.500000000000002 1.5000000000000002 59.93175125122071 -0.0004352173709776252 -0.013761956710368393 0.75499999523162853 -0.018382023088634011 9.1304169473005472e-05 2.5000000000000004 66.60147857666017 56.099504470825202 -0.0020292458357289429 0.00045204302296042448 -29.499999999999996 0.0032365366350859408 5.5000000000000009 0.22381076216697696 0.74500000476837169 0.00040492715197615331 1.0000000180025095e-35 8.5000000000000018 5.5000000000000009 75.398803710937514 22.500000000000004 1.5000000000000002 16.500000000000004 -0.0064621043857187024 -0.0044133027549833051 -0.10424339026212691 0.052334835752844817 -0.1950000002980232 -0.0016626702272333203 0.074999999254941954 7.5000000000000009 -1.0000000180025095e-35 2.9634131193161015 0.00023814495216356593 0.00037614323082380002 14.500000000000002 -0.1950000002980232 16.500000000000004 21.500000000000004 -0.00052947676158510138 5.5000000000000009 0.0050148465670645246 1.0000000180025095e-35 19.500000000000004 1.0000000180025095e-35 19.500000000000004 0.0012460240977816286 0.0016885908553376796 0.00012964352936251092 1.0049999952316286 0.0025061507476493721 2.5000000000000004 3.5000000000000004 1.0000000180025095e-35 10.500000000000002 0.41499999165534979 0.32500000298023229 0.0076809336896985778 -1.4999999999999998 0.30500000715255743 1.1917357444763186 1.0000000180025095e-35 -0.0078786541707813722 0.52550441026687633 0.33500000834465032 1.5000000000000002 0.00038177393435034906 -0.44499999284744257 -0.60500001907348622 4.5000000000000009 5.5000000000000009 0.0062751134391874084 0.00097803818061947844 -0.00017753896099748087 22.500000000000004 4.5000000000000009 1.5000000000000002 3.5000000000000004 -1.0000000180025095e-35 -0.011206827592104672 7.5000000000000009 2.5887047052383427 -0.36500000953674311 2.5000000000000004 -0.51499998569488514 0.0098827835172414797 0.2358411252498627 3.5000000000000004 19.500000000000004 15.500000000000002 -0.0070061751175671807 -0.59499999880790699
decision_type=2 2 2 2 2 2 2 2 2 2 2 2 2 2 2 2 2 2 2 2 2 2 2 2 2 2 2 2 2 2 2 2 2 2 2 2 2 2 2 2 2 2 2 2 2 2 2 2 2 2 2 2 2 2 2 2 2 2 2 2 2 2 2 2 2 2 2 2 2 2 2 2 2 2 2 2 2 2 2 2 2 2 2 2 2 2 2 2 2 2 2 2 2 2 2 2 2 2 2 2 2 2 2 2 2 2 2 2 2 2 2 2 2 2 2 2 2 2 2 2 2 2 2 2 2 2
left_child=1 6 4 5 8 55 23 11 10 26 14 27 19 30 47 16 74 29 28 20 21 -4 -22 -1 -25 32 38 43 -19 -11 65 -24 92 79 -27 -10 -13 -38 110 57 53 42 -28 61 -23 -12 89 48 76 50 -31 58 -20 54 75 -3 -51 120 -47 -48 -29 62 -6 -63 -44 -8 67 -17 -57 70 -37 -66 -73 -56 -7 -34 77 -2 -39 103 -81 -52 -26 -64 85 86 87 -69 -77 90 91 -41 93 -15 -33 96 -91 -83 -71 -97 101 102 -60 104 -14 107 108 -67 -107 -109 -5 -46 113 -113 -50 -55 -68 -112 -16 -120 121 122 123 -9 -53 -74
right_child=2 3 12 9 7 15 13 39 35 17 45 36 33 25 118 66 -18 18 52 -21 22 44 31 24 82 34 41 60 -30 49 -32 94 40 -35 -36 69 37 78 -40 46 -42 -43 64 -45 111 51 59 -49 114 56 81 124 -54 115 73 68 -58 -59 100 -61 -62 63 83 -65 71 105 116 84 -70 98 -72 72 125 -75 -76 88 -78 -79 -80 80 -82 97 -84 -85 -86 -87 -88 -89 -90 95 -92 -93 -94 -95 -96 99 -98 -99 -100 -101 -102 -103 -104 -105 -106 106 -108 109 -110 -111 117 112 -114 -115 -116 -117 -118 -119 119 -121 -122 -123 -124 -125 -126 -127
leaf_value=-0.0008651984487986937 0.057059844892325545 -0.01190484004316383 0.0088896591692216378 -0.0061251133780297166 0.019984953337755105 -0.00084360167395657916 0.0092941631420763674 0.020961176798198408 0.011902149583632823 -0.012880128327954158 0.017239208853372844 0.017009038743353206 0.0024382185079275809 -0.022290513477400391 0.025023691433516002 -0.0050102613265506444 -0.011688374428866718 0.031750514639079824 -0.0066437271701057718 0.01971890364365439 0.012295454067390842 -0.03333920308081284 0.0040692221291396026 0.022047684795472686 -0.011170849271061069 0.0057045532621528535 0.0034297317397591386 0.020864867758845218 0.0009585290560797672 0.0067041633592928532 -0.0025378846011320424 -0.0092731844823084435 0.010769154402662158 -0.0063614967439749245 -0.012017302917627256 0.068419571685096409 0.009439410886303904 0.029523624555389486 0.0097727144014182008 -0.014720791231883971 -0.0084844222746045979 0.00078861673300289516 0.020477612058596672 0.013980655608735331 0.021659645345134846 0.051174549351622189 0.072893893514523064 0.023852552878358239 0.032671901339799456 0.0029022976089036288 -0.0092346321682791332 0.046285143198317502 -0.0198460119871312 0.021178628416741712 0.033822103079205953 -0.0031663090170163197 0.0106495334756368 0.016619802177449603 0.013702037656077581 0.028805762664809904 -0.0057189866461803997 0.027884841938340878 0.032640007656405512 0.072615948152203721 0.006144798085089255 0.026390899890375897 -0.015309765588600501 -0.021973581500178436 0.0046281873387990051 0.04314371756915783 0.0448465676032134 0.023474373841856674 0.038901466226715489 -0.013097897251698083 -0.012117361505369323 -0.0011482703250461253 0.026085900306068339 0.0027384884958392341 0.073430569983909316 0.021887148042499645 0.00012227194078871795 0.0075260298361253825 0.011686505983739975 0.047466926776287804 -0.022556086453660407 -0.0074657234230493322 -0.019663956376047224 -0.0098410726931007012 0.0082460250890264795 0.06142685009740842 0.00035063514042565393 0.021092199178646149 0.0020062752260698027 0.03437371174555362 -0.040134805722512462 0.007805326530781284 0.026070841752589009 -0.002837152215443112 0.021060471016104997 0.02277166258012496 -0.015565953127718492 0.021946340780138782 0.046004093342725177 0.01209739019254801 0.015959127378514178 0.008463680564393769 0.019959559306989279 0.011676243055436802 -0.019072902444290742 0.021132582656930333 0.011513799319951841 -0.016604910825792473 0.050446818737412941 0.028666655106432071 0.06306548196729779 0.072090719009464163 0.0037665337541809892 -0.0047507134453553083 0.039876695532181664 0.052677875220228737 0.0023064430816216262 0.0058880271323459125 0.037986838608346951 -0.0013601269627643159 0.029360869807819885 -0.0010600635082822201
leaf_weight=2462.1930565237999 945.22813957929611 3053.9293713569641 9747.5245676636696 7653.5729947686195 2586.9401714801788 32191.75549685955 36831.14820098877 3141.6773419976234 647.48502552509308 3054.9293482303619 10693.002701461315 27975.353010177612 16983.857212007046 1586.4633096456528 1075.4751273393631 6240.3556784391403 22956.469082593918 946.22811645269394 16147.626551628113 25234.916388630867 31169.029149591923 170.24606269598007 6449.3508449792862 23183.463832855225 1053.9756245613098 3723.4138880968094 5928.3628939390182 4587.893895149231 4428.3975838422775 8671.5494518876076 3612.666449368 2434.1937040686607 28147.349032402039 3628.4160851240158 5172.6303718686104 1495.9654026031494 1985.7040763497353 7364.0796899199486 7586.0745558142662 528.23778337240219 2301.1967799067497 5139.6311350464821 9074.5401318669319 2292.4469822645187 7791.8197975158691 636.23528569936752 273.99366331100464 11221.740473270416 639.235216319561 27203.870852351189 6862.8412821292877 1768.7090948224068 3823.911563873291 1441.7166572213173 230.49466931819916 11830.726389169693 12307.215369343758 28357.094181597233 783.23188608884811 3345.4226299524307 817.23109978437424 26425.138862192631 3096.1783942580223 270.49374425411224 8094.5627959370613 4119.6547241806984 1501.9652638435364 4194.9029839038849 21373.755686223507 2592.4400442838669 4526.3953174352646 4809.1387783885002 247.99426460266113 2098.2014746069908 3886.6601126790047 7469.0772616267204 4610.6433690190315 194.24550765752792 228.4947155714035 3987.6577768921852 1364.7184379696846 4987.6346502900124 3368.9220864772797 4862.3875468969345 5367.6258621811867 11305.738530635834 13466.188565611839 15510.891277492046 11627.731083869934 505.98829793930054 2467.4429351091385 6257.3552852869034 2570.4405530691147 139.9967622756958 507.23826903104782 2108.9512259960175 1498.9653332233429 13339.441496908665 1108.7243583798409 8350.5568755269051 249.74422413110733 21098.762046039104 1686.9609854221344 8535.5525971055031 2554.6909173130989 12041.971503674984 4928.88600897789 12858.702615022659 594.98623967170715 6241.1056610941887 3187.426283955574 189.99560594558716 1298.2199758887291 3396.1714562773705 1038.4759830236435 154.49642693996429 2933.1821638941765 2371.4451552629471 6895.0905362963676 3439.4204560518265 4706.8911430835724 4637.6427446007729 888.22945779561996 1067.9753007888794 4055.1562158465385 1954.9547874927521
leaf_count=9849 3781 12216 38991 30615 10348 128770 147328 12567 2590 12220 42773 111904 67937 6346 4302 24962 91828 3785 64592 100942 124679 681 25798 92736 4216 14894 23714 18352 17714 34687 14451 9737 112592 14514 20691 5984 7943 29457 30345 2113 9205 20559 36299 9170 31168 2545 1096 44888 2557 108818 27452 7075 15296 5767 922 47324 49230 113431 3133 13382 3269 105703 12385 1082 32379 16479 6008 16780 85497 10370 18106 19237 992 8393 15547 29877 18443 777 914 15951 5459 19951 13476 19450 21471 45224 53866 62045 46512 2024 9870 25030 10282 560 2029 8436 5996 53359 4435 33403 999 84397 6748 34143 10219 48169 19716 51436 2380 24965 12750 760 5193 13585 4154 618 11733 9486 27581 13758 18828 18551 3553 4272 16221 7820
internal_value=0.00962094 0.0023385 0.0197679 -0.00199733 0.0238895 -0.00690426 0.00997991 0.020698 0.0297952 0.0028472 0.0278349 0.0241469 0.0121441 0.00838059 0.0336609 -0.00920815 -0.00580296 0.000159578 -0.00587394 0.014409 0.0122873 0.0181215 0.00903728 0.0178462 0.019515 0.00489889 0.00772748 0.0281087 0.0063796 0.00216051 0.011238 -0.00177693 0.00636168 0.00674141 -0.00459987 0.0432215 0.0194061 0.0264073 0.0025334 0.0165225 0.00734782 0.0107922 0.0124998 0.0296486 0.0251264 0.0235605 0.0204519 0.0283537 0.0351538 0.00278674 -0.000163882 0.0257929 -0.00917154 0.00805984 0.00747875 0.000692404 0.00531547 0.0141963 0.0237192 0.0321433 0.0168455 0.030613 0.0363721 0.0283381 0.0147235 0.0118792 -0.0125297 -0.0133076 0.00185102 0.0453071 0.0507021 0.011267 0.0171798 -0.00845375 -0.0020581 0.00826407 0.0303888 0.0477997 0.030845 0.00816371 0.0163377 -0.00252818 0.0062396 0.0416987 -0.0143463 -0.0133556 -0.0153629 -0.0124238 0.00457176 0.0185034 0.0135167 0.0183043 -0.00590981 -0.0176957 -0.0145951 0.0222053 0.0349936 -1.6857e-05 0.0365284 0.019754 0.0229858 0.0233943 0.035762 0.00660534 0.0042061 0.0142135 0.0107567 0.0168287 0.00716717 0.0147662 -0.00162314 0.0259116 0.0326946 0.0262682 0.051485 0.0261064 -0.00269367 0.00457527 0.0423355 0.044137 0.00943779 0.0128856 0.0192515 0.0152983 0.0345008 0.00343856
internal_weight=0 491596 357475 313635 232031 155814 177961 150629 81402.4 157821 71031.4 82492.3 125444 147892 30059.6 119556 59034.9 101774 25346.2 88388.7 63153.8 22594 40559.8 30068.6 27606.4 66663.2 56047.7 44938.7 5374.63 76427.5 81229.1 9390.78 57767.2 37054.9 8896.04 10371 37553.6 9578.28 20798.5 68136.4 53470.3 35249.2 30109.6 39533.6 12846.5 40971.8 25336.9 18649.6 7427.83 73372.6 33861.5 30278.8 19971.5 51169.1 49572.9 36258.4 39511.1 42799.5 24454.9 3619.42 5405.12 37241.1 10545.5 26695.6 24181.2 77616.5 60520.9 56085.7 33204.5 9723.53 6022.36 15106.7 7012.09 2328.7 36078.4 47244.2 5750.12 1139.47 7592.57 33426.5 5352.38 25189.9 4422.9 7958.57 49845.3 44477.7 33172 19705.8 19096.8 21717.5 9253.04 6785.59 4296.9 1726.46 2941.43 12464.5 2004.95 18327.1 3701.16 10459.5 23818.7 23569 2470.19 28074.1 19538.5 40785.3 17565.8 23219.5 12637 19099.8 13212.4 12676.2 4884.39 3586.17 1677.71 1596.21 4435.15 5558.87 11410 10334.5 14442.4 9735.52 5097.88 4209.65 5823.87 2202.95
internal_count=3396363 1966431 1429932 1254571 928146 623271 711860 602529 325617 631300 284132 329977 501786 591583 120241 478234 236145 407104 101387 353563 252621 90378 162243 120277 110428 266659 224196 179759 21499 305717 324924 37564 231074 148223 35585 41485 150218 38314 83196 272552 213886 141000 120441 158138 51387 163891 101350 74600 29712 293497 135449 121118 79888 204681 198296 145037 158048 171202 97822 14478 21621 148968 42183 106785 96727 310473 242089 224348 132821 38895 24090 60428 28049 9315 144317 188981 23001 4558 30371 133709 21410 100762 17692 31835 199386 177915 132691 78825 76389 86872 37013 27143 17188 6906 11766 49859 8020 73310 14805 41839 95277 94278 9881 112299 78156 163145 70265 92880 50549 76401 52851 50706 19538 14345 6711 6385 17741 22236 45641 41339 57771 38943 20392 16839 23296 8812
is_linear=0
shrinkage=1


Tree=1
num_leaves=127
num_cat=0
split_feature=27 27 32 10 22 32 26 22 24 1 39 26 5 39 43 26 43 42 41 32 15 26 39 32 15 38 38 13 17 13 25 38 37 10 22 40 22 42 37 24 34 10 44 10 37 22 43 10 38 38 44 22 38 44 22 32 42 38 38 37 37 37 39 31 38 39 22 4 42 43 34 10 11 27 46 44 32 37 38 39 5 44 37 11 10 25 31 5 39 44 22 38 37 5 37 43 23 34 26 39 46 42 43 38 38 41 40 36 27 43 13 14 27 5 7 42 5 46 37 31 23 25 44 37 9 37
split_gain=4590.69 990.678 935.542 471.33 412.464 388.674 320.351 260.135 252.406 186.542 167.187 163.915 137.918 128.056 124.595 118.646 126.747 115.422 115.414 111.098 102.623 98.7296 98.2515 93.8787 91.7162 88.5714 80.3338 79.2244 76.2344 74.0991 73.3854 71.213 68.9484 66.4561 65.6881 63.9643 63.3806 62.9527 61.651 60.9502 60.1209 59.8736 59.4811 59.0906 57.5306 55.6249 55.2239 55.1752 54.4517 58.7932 56.1586 54.3358 66.1507 53.4825 51.8876 50.9356 50.8736 50.7517 98.532 49.8468 49.1697 49.001 48.9825 76.2978 48.214 55.3745 46.8843 46.6856 46.6672 46.5482 84.4869 46.4176 45.7372 44.8489 43.7676 52.8199 43.7337 50.6413 43.7052 43.4492 42.7359 42.4963 42.4852 42.4697 42.3145 41.1577 40.7841 45.4716 40.6757 40.6442 48.5338 40.5708 44.0488 40.2969 40.2947 40.236 40.1868 46.9078 43.2792 45.8465 39.9296 40.7252 52.8124 39.7648 39.6532 39.5886 39.428 41.6885 39.1517 39.1393 38.5623 38.4902 38.3405 38.0191 37.9157 37.6524 47.7923 37.5883 37.325 36.7967 36.658 46.8556 36.1546 36.0118 35.3988 35.2819
threshold=0.00010739161734818482 -0.0020704515045508738 -0.00039483886212110514 38.284029006958015 51.320438385009773 0.00041693494131322956 0.48226076364517217 43.793802261352546 0.0040529884863644847 -0.00041812090785242612 5.5000000000000009 0.63529494404792797 -0.0054973463993519536 5.5000000000000009 0.095000002533197417 0.123983271420002 -0.24499999731779096 0.12999999709427359 4.0850000381469735 -6.464412581408395e-05 0.93282562494277965 0.42303705215454107 5.5000000000000009 0.00016701260028639811 0.54648211598396312 1.5000000000000002 22.500000000000004 0.00049899102305062126 0.0074748722836375245 -0.00064696292974986125 0.0091507341712713259 4.5000000000000009 5.5000000000000009 68.010398864746108 58.202600479125984 1.5000000000000002 51.218624114990241 0.37500000000000006 1.9333333373069765 0.0048775207251310357 4.3096413612365732 32.418884277343757 -0.014999999664723871 30.787239074707035 7.8333332538604745 49.836978912353523 -1.0249999761581419 43.228013992309577 16.500000000000004 12.500000000000002 -0.41499999165534968 44.892911911010749 13.500000000000002 -0.22500000149011609 58.942041397094734 -0.0018086780328303573 1.0049999952316286 16.500000000000004 8.5000000000000018 4.7333333492279062 6.6000001430511483 7.866666555404664 5.5000000000000009 0.0067144278436899194 13.500000000000002 1.0000000180025095e-35 62.124473571777351 -0.00026773913123179222 0.74500000476837169 0.78499999642372142 0.30362515151500707 64.126647949218764 -0.0033773157047107811 0.00093617406673729431 5.5000000000000009 0.48499999940395361 0.00037206996057648217 7.2000000476837167 15.500000000000002 1.0000000180025095e-35 0.019463770091533664 0.55500000715255748 0.53333333134651195 -0.00013225189468357709 65.985645294189467 0.031391000375151641 0.0106264790520072 0.0037285677390173082 1.0000000180025095e-35 -0.22500000149011609 34.75902175903321 16.500000000000004 7.866666555404664 -0.027672574855387207 1.5000000000000002 0.13499999791383746 0.0021701495861634616 1.5187807679176333 1.0421891212463381 1.5000000000000002 -33.999999999999993 -0.24499999731779096 0.085000000894069686 20.500000000000004 4.5000000000000009 3.8850001096725468 2.5000000000000004 0.00013164499978302049 0.00088023461285047244 0.46500000357627874 -0.00048903466085903336 0.0040095362346619376 -0.00084110329044051458 -0.0022383860778063531 0.0001264710372197442 0.75499999523162853 0.019907779991626743 -5.4999999999999991 6.3999998569488534 -0.010701303835958241 -0.0016126533155329523 0.026428418233990673 -0.1649999991059303 4.2333333492279062 0.00045259478793013846 3.6666667461395268
decision_type=2 2 2 2 2 2 2 2 2 2 2 2 2 2 2 2 2 2 2 2 2 2 2 2 2 2 2 2 2 2 2 2 2 2 2 2 2 2 2 2 2 2 2 2 2 2 2 2 2 2 2 2 2 2 2 2 2 2 2 2 2 2 2 2 2 2 2 2 2 2 2 2 2 2 2 2 2 2 2 2 2 2 2 2 2 2 2 2 2 2 2 2 2 2 2 2 2 2 2 2 2 2 2 2 2 2 2 2 2 2 2 2 2 2 2 2 2 2 2 2 2 2 2 2 2 2
left_child=1 5 3 10 12 21 17 14 13 34 15 20 18 19 32 16 59 22 -3 26 57 33 30 -14 53 36 60 51 81 -23 113 79 46 -1 -7 37 -9 66 -24 45 104 83 -26 55 -28 -12 -5 -10 49 74 -51 76 114 -15 -49 -17 -27 58 -11 88 -6 71 64 106 65 -13 -21 95 -16 78 -71 -25 -61 -48 -33 -76 -19 -78 -32 -20 108 100 -66 -8 -31 89 87 -56 -2 120 -91 92 -43 -58 -55 -44 97 98 -67 -100 -18 102 -102 -68 -36 -88 -64 -108 -40 125 -106 -89 -39 -4 -53 -34 -117 -107 -110 -103 121 -75 -85 -111 -82 -81
right_child=2 4 6 7 8 9 41 25 47 11 39 62 23 24 68 43 28 27 31 35 -22 29 38 61 42 56 44 -29 -30 84 69 48 115 -35 40 -37 -38 112 80 -41 -42 91 67 -45 -46 -47 73 54 -50 50 -52 52 -54 94 86 -57 93 -59 -60 72 -62 -63 63 -65 82 96 103 -69 -70 70 -72 -73 -74 85 75 -77 77 -79 -80 109 124 -83 -84 122 -86 -87 105 111 -90 90 -92 -93 -94 -95 -96 -97 -98 -99 99 -101 101 119 -104 -105 110 117 107 -109 118 123 -112 -113 -114 -115 -116 116 -118 -119 -120 -121 -122 -123 -124 -125 -126 -127
leaf_value=0.0091016541103815553 0.054786570111752655 -0.0016325867837445999 0.00031025408939470528 -0.027605059668736404 -0.0026185816048579628 -0.0025609529299061369 0.0084703604279572544 0.0022565768611066328 0.0085313081874880247 -0.0034320767232108155 0.038686203728758167 -0.032142858533975263 0.0023308290694908584 -0.024507834365716935 0.0090280080109939719 0.021890410868102048 -0.031202794225863265 0.018922342233114967 0.03706460121203161 -0.007649516991787092 -0.0190757909661875 0.012639163352357347 -0.002637240218219622 -0.0035605859990726837 -0.031822146568306217 0.0042455706136639978 -0.020103311640878588 -0.01047914032489812 0.046901757437951178 -0.0063489617491303127 0.00080565956395133725 0.002381519367646343 0.0072634250836051302 -0.010927198898349814 -0.02348253408594551 -0.0044719077312928273 -0.016081692897243802 -0.026044892296734391 0.011920278385355219 0.017842755827234585 0.0099869248753762883 -0.0078510978151306136 -0.013968869905929705 0.010732868888657132 -0.088705441707775126 0.021136884489351828 0.011855356644622374 0.0004567328674472057 0.010558490729497359 0.05485875361768594 -0.0081492916804709273 -0.029323462762238794 0.014940670558711251 -0.023403608790120111 -0.0024913360017752312 0.010560863589540845 -0.0053116408185913122 -0.00074884660408210894 -0.020022241812802911 0.048142588293871358 0.011441995750293648 -0.036607541244948444 -0.039476293332534079 -0.01092462242892892 -0.032332546657400381 -0.018199086956740981 -0.015277889188403683 -0.019855592901711471 -0.0045051280278858392 0.0016654802551358109 -0.031105493839820132 -0.014032876024913288 0.017950533083191573 -0.019094890914174573 0.012219975256621936 0.064662461955207348 0.01199142837756324 -0.0073369341570246535 0.0080678233883271708 0.014961510177342109 -0.043360983438530371 0.050290037264928367 -0.01520218889885764 -0.047282426160977345 -0.015031067729008515 0.014585553664548879 -0.010361400163867988 -0.023444841123923359 0.031769903784253255 0.030588740774690173 0.016743629604376167 -0.001104410354658895 0.019814296363200208 0.013824165687663018 -0.0013462931870249556 0.032971447558523805 -0.029585088365316665 -0.0072167005236417441 -0.0057489434452994564 -0.034082914822760393 0.038250944348777675 0.029921433641508038 0.0015232943219474406 -0.045631889318626252 -0.0013437984926888689 -0.0097504166589056501 -0.01707869072077231 -0.069942622378985492 0.037055110389435562 0.022208758906131196 -0.014005066493963754 -0.0081363520406899717 -0.013536695731397092 -0.013899684042845707 0.0015875545989213293 0.01580030439272204 0.058103354806760543 0.0072624211742098573 0.0096467364422377442 0.014278834829086557 0.036572423374853301 0.044200449262589397 0.0029912623265008448 0.068552771547821675 0.0073744514590087205 -0.00069052805853507364
leaf_weight=7155.3346087783575 896.68984389305115 19505.67746001482 3112.7872985452414 253.20631878077984 18293.903577685356 11737.787368401885 4902.902530580759 4191.3910643458366 5224.0248937308788 7891.522302210331 5535.2396479099989 4417.2522034347057 26273.176946997643 1731.9618233293295 31158.714352935553 10919.998344838619 201.22402830421925 8736.9781532138586 849.18557764589787 19575.867176741362 11860.914218381047 1823.6358847171068 1973.3235285282135 26306.792309001088 4457.3172254860401 63019.92650924623 738.46116843819618 1909.3306427448988 728.48370730876923 29143.44176363945 23557.893775731325 10461.753649547696 10302.232417955995 2155.7147321850061 3276.6744775921106 12973.51702901721 3424.5666126012802 4673.6586692780256 2194.5705879330635 3948.9469592273235 1155.4897130429745 34663.982890993357 413.97961653769016 39080.730472013354 146.49296426773071 2680.893178358674 6269.5712466835976 29437.743571281433 12865.928491190076 145.24407483637333 5424.9872213453054 417.21432714164257 4611.8571297377348 976.97739115357399 4514.1757540553808 6233.3679052442312 1241.9593686163425 7345.5431886315346 6552.3935465961695 569.16457062959671 2878.4109807312489 506.23580038547516 3774.2283829450607 2014.3895322978497 1529.9359609782696 18350.994252324104 6049.879587739706 6072.7139706462622 2775.0271052867174 2554.9227735996246 1136.7174132764339 5044.0641380548477 4235.8971221894026 282.21021740138531 3350.0643915683031 203.73743261396885 12795.947262078524 1516.1642391085625 12784.249159678817 4966.5206993222237 163.73490451276302 312.69109813868999 26963.417681440711 265.99163427948952 6952.809395223856 6223.5625534802675 3347.4486343115568 3174.4531932771206 5341.8232518732548 3742.7433124929667 7826.4047279208899 14478.583823680878 585.2368056923151 9659.6561797112226 5439.1155599355698 326.73351685702801 3908.7202852964401 3123.8988543897867 682.23533304035664 3504.8338563144207 436.68057331442833 1808.6646045446396 3785.4199577718973 464.73934586346149 3064.4765000790358 1744.4656071215868 1703.2020360678434 163.49509450793266 1942.0258840024471 1017.9296681582928 11186.854372143745 3403.19863525033 5151.916661798954 4765.2479470819235 8117.4815711677074 2852.7892620414495 294.64667005836964 5081.9174945503473 667.68210709095001 8921.657049536705 3463.2499172091484 199.72646969556808 309.48837175965309 200.73520427942276 858.93802884221077 2028.3162837326527
leaf_count=28623 3589 78027 12452 1013 73178 46952 19613 16767 20897 31567 22152 17670 105099 6928 124647 43690 805 34953 3397 78305 47445 7295 7894 105230 17830 252097 2954 7638 2915 116578 94237 41849 41216 8623 13107 51895 13699 18695 8779 15802 4622 138660 1656 156347 586 10727 25083 117754 51468 581 21701 1669 18449 3908 18057 24938 4968 29383 26210 2278 11514 2025 15098 8058 6120 73406 24200 24292 11101 10220 4547 20177 16950 1129 13401 815 51188 6065 51141 19868 655 1251 107858 1064 27812 24899 13390 12698 21376 14974 31311 57917 2341 38644 21757 1307 15636 12496 2729 14020 1747 7236 15144 1859 12258 6978 6813 654 7769 4072 44748 13613 20608 19062 32472 11415 1179 20328 2671 35693 13858 799 1238 803 3436 8114
internal_value=0 -0.00686914 0.00786069 0.0115652 -0.00297645 -0.0125641 0.00157603 0.00819717 -0.00653394 -0.0153098 0.0171005 -0.0173282 0.00139143 -0.00980169 0.0124208 0.0155044 0.0209214 0.00513267 0.00471211 -0.00783224 -0.0115908 -0.00476213 0.00223185 -0.00209433 -0.0169971 0.00427878 -0.00194084 0.00937386 0.0152884 -0.0070277 0.000537405 0.00769319 0.0160815 0.00446453 -0.00842356 -0.0104902 -0.00598935 -0.0126642 0.0126397 0.0280527 -0.0121067 -0.00446809 -0.0228404 0.0128805 -0.0314595 0.0329599 0.0188863 -0.00125402 0.00550447 0.00218448 -0.00650635 0.0104211 0.00529089 -0.00891428 -0.00226221 0.0177734 0.00533668 -0.00751641 -0.0109581 0.029182 -0.000707023 -0.00574385 -0.0200809 -0.0276308 -0.0191559 -0.0216993 -0.010095 -0.0169646 0.0079213 0.00227352 -0.00842525 -0.00524548 0.0215268 0.0193066 0.0056385 0.0152265 0.0133472 0.00994386 0.00336031 0.0155306 0.0178133 0.0137993 -0.016122 0.00545387 -0.0080213 0.0214557 -0.00602601 -0.0102202 0.0350782 0.0242116 0.0212227 -0.00556117 -0.00739177 0.0116441 -0.00470496 0.00673682 -0.0201393 -0.0187005 -0.0202923 -0.0294662 0.0130463 0.0136418 0.00532194 -0.0174433 -0.0135632 -0.00145339 -0.0335967 -0.0217088 0.0217645 0.0133042 -0.0112825 -0.0155244 -0.0194864 -0.00828502 7.6485e-05 0.0101879 0.0197605 0.00291483 0.0300428 0.0169155 0.0329766 0.00713626 -0.0202457 0.0298424 -0.000748538 0.0104228
internal_weight=0 446883 401842 252819 265443 181439 149023 157182 146293 134208 95637.6 103787 119150 90365.6 75644.1 83472.5 27238.4 93817.1 61020.1 70946.8 33650.4 47230.9 55712.1 58130.3 19418.8 81537.5 22057.3 38105 16194.8 37919.9 47911.8 41514.4 41710.3 9311.05 30421.3 48889.6 7615.96 35916.1 7800.28 12165.1 18683.5 55206.2 11270.7 56234.1 884.954 8216.13 28260.7 55927.4 32451.7 19585.8 5570.23 36195.6 13146.6 8148.05 50703.4 17153.4 73921.5 21789.5 14443.9 11043.6 21172.3 31857.1 70136.6 7655.32 62481.3 33987.9 26090.5 6813.43 33933.7 40033.8 3691.64 31350.9 4805.06 28007.5 14015.6 3553.8 23049.1 14312.1 36342.1 9062.69 5826.95 15466.3 28493.4 5478.38 36096.3 21737.9 21265.7 11091.8 6238.51 15514.3 11569.1 49727.8 35249.2 10901.6 6416.09 740.713 29570.7 25662 22538.1 4187.07 15153.6 14952.4 4222.1 6514.62 17528 10173.8 5640.93 1866.7 4804.28 8213.5 14251.3 6577.65 9825.58 7878.04 8534.7 13449.7 3147.44 6826.38 2609.71 10730.3 3945.19 481.937 575.48 1218.66 1022.67 6994.84
internal_count=3395164 1787595 1607569 1011439 1061814 725781 596130 628799 585187 536850 382640 415163 476627 361472 302624 333959 108984 375297 244096 283794 134605 188931 222863 232531 77678 326175 88232 152434 64791 151685 191659 166069 166876 37246 121687 195562 30466 143667 31204 48681 74735 220833 45085 224975 3540 32879 113066 223715 129815 78347 22282 144796 52590 32593 202818 68628 295709 87160 57777 44193 84692 127432 280558 30623 249935 135957 104364 27255 135748 160145 14767 125407 19228 112053 56065 14216 92206 57253 145378 36254 23310 61876 113978 21915 144390 86970 85064 44368 24965 62071 46285 198918 141001 43612 25665 2963 118287 102651 90155 16749 60625 59820 16891 26059 70113 40696 22565 7467 19219 32857 57006 26311 39303 31514 34141 53810 12594 27306 10440 42929 15786 1928 2302 4875 4091 27982
is_linear=0
shrinkage=0.1


Tree=2
num_leaves=127
num_cat=0
split_feature=28 32 32 10 10 22 28 39 26 33 43 19 43 38 26 39 33 17 32 42 46 10 37 18 22 31 38 39 37 43 28 37 43 40 37 10 33 37 39 22 45 43 29 27 37 42 35 37 37 37 46 45 43 34 38 38 45 36 34 23 34 40 40 26 37 22 43 37 43 33 43 38 46 38 26 41 38 33 4 37 42 43 46 45 25 26 25 31 36 19 10 46 46 17 46 40 2 31 39 37 22 34 28 38 34 45 45 31 23 26 45 41 34 34 46 43 35 18 23 46 43 46 43 37 23 39
split_gain=4230.06 1133.42 810.068 403.06 402.275 229.497 186.817 167.554 144.937 129.275 125.484 117.517 115.901 112.362 104.849 95.3874 97.7149 91.5656 89.9407 82.3511 78.6649 72.2929 69.9657 67.8503 67.1681 65.8052 64.0236 63.4678 61.9761 61.6825 74.093 60.894 58.2228 57.556 57.3117 56.7161 56.1755 56.0793 77.4854 53.3664 52.2978 52.0661 51.9688 51.18 50.0758 49.4813 49.3711 48.5833 46.1718 46.0421 45.8974 45.1874 44.9862 44.5954 44.3145 54.7426 56.3019 44.9917 44.2097 54.3005 42.7867 56.6989 42.2641 42.0452 42.0235 41.9873 63.2914 50.1526 41.891 41.7972 41.5368 41.5355 48.4884 41.1107 41.1016 41.08 41.0218 40.9811 40.7845 40.1108 43.4563 53.3951 48.8386 49.2814 39.9556 39.7234 50.9406 39.5178 50.5824 39.445 39.3692 46.5426 58.5082 39.1437 38.8431 38.3153 38.2943 38.2077 38.0937 38.0687 46.5369 44.0402 37.6513 36.8543 36.5742 36.3094 46.0243 36.1236 37.0051 36.0263 35.6439 37.3057 35.5433 35.4094 35.8259 46.1577 36.0184 36.646 35.6327 35.4025 36.5769 44.6238 37.1959 44.9699 35.2788 40.278
threshold=-0.00060741303605027486 -0.00039483886212110514 -9.1590773081406937e-05 40.674987792968757 62.209720611572273 59.555343627929695 0.0014551046187989416 5.5000000000000009 0.2358411252498627 -0.0017982971621677277 0.32500000298023229 -0.0001917778863571584 -0.24499999731779096 16.500000000000004 0.69904503226280224 5.5000000000000009 0.0020235989941284065 0.00085123593453317891 0.00039482281135860836 1.0000000180025095e-35 -32.499999999999993 81.588836669921889 5.9666664600372323 -0.0016087665571831165 38.312473297119148 -0.013761956710368393 2.5000000000000004 5.5000000000000009 1.4333333373069765 0.16499999910593036 0.0020342193311080341 4.0000001192092904 0.22500000149011615 2.5000000000000004 0.96666666865348827 68.44311904907228 -0.0035787660162895914 6.7000000476837167 5.5000000000000009 75.398803710937514 63.500000000000007 0.13499999791383746 0.0084713120013475435 -0.0016683756257407365 6.8333332538604745 1.3750000000000002 -0.00015169999824138356 5.2666666507720956 3.6666667461395268 5.5666668415069589 -6.4999999999999991 60.500000000000007 0.56499999761581432 -0.70502609014511097 9.5000000000000018 13.500000000000002 12.500000000000002 -3.8255000617937178e-05 0.69287884235382091 -0.0013957133633084593 2.3030365705490117 1.5000000000000002 1.5000000000000002 0.6657036840915681 0.80000001192092907 54.232686996459968 0.94500002264976513 1.3666666746139529 -1.0249999761581419 0.0027780181262642149 0.10500000044703485 18.500000000000004 -1.4999999999999998 3.5000000000000004 0.41099773347377783 4.0950000286102304 6.5000000000000009 -0.0018502130988053975 -0.0077776508405804625 3.8666666746139531 -0.34499999880790705 0.19500000029802325 -8.4999999999999982 53.500000000000007 0.050033723935484893 0.11877169832587244 0.03242150321602822 0.00039637874579057103 5.9709998822654604e-05 -0.00081923164543695737 54.911334991455085 -1.0000000180025095e-35 -18.499999999999996 0.0074748722836375245 -1.4999999999999998 2.5000000000000004 0.0042402176186442384 -0.020208627916872498 1.0000000180025095e-35 5.7666666507720956 60.219568252563484 4.3096413612365732 -0.0020511029288172718 18.500000000000004 1.7212465405464175 25.500000000000004 9.5000000000000018 0.0012460240977816286 0.0028271744959056382 0.18159182369709018 28.500000000000004 4.0850000381469735 -0.66008689999580372 3.8423854112625127 -1.4999999999999998 -0.1950000002980232 4.8914998842519715e-05 0.0015380921540781858 -0.00013720682181883601 -21.499999999999996 0.53499999642372142 -11.499999999999998 0.46500000357627874 7.4666664600372323 -9.0611451014410691e-05 1.0000000180025095e-35
decision_type=2 2 2 2 2 2 2 2 2 2 2 2 2 2 2 2 2 2 2 2 2 2 2 2 2 2 2 2 2 2 2 2 2 2 2 2 2 2 2 2 2 2 2 2 2 2 2 2 2 2 2 2 2 2 2 2 2 2 2 2 2 2 2 2 2 2 2 2 2 2 2 2 2 2 2 2 2 2 2 2 2 2 2 2 2 2 2 2 2 2 2 2 2 2 2 2 2 2 2 2 2 2 2 2 2 2 2 2 2 2 2 2 2 2 2 2 2 2 2 2 2 2 2 2 2 2
left_child=2 3 11 7 5 19 13 9 29 12 18 26 24 21 35 16 63 28 33 52 -20 34 42 40 68 -9 107 -16 45 30 -5 43 71 85 87 74 -21 38 48 89 -12 58 53 -30 -15 -7 -10 -26 50 79 75 60 -4 -22 57 -56 -57 -11 -27 -60 61 -18 96 -6 -19 67 -67 -63 -2 -44 77 -31 -73 -69 -13 -25 -49 94 -72 103 81 -81 83 -83 -77 86 -8 124 -89 -28 91 92 -24 -51 -48 -32 102 109 -62 100 -33 -101 -38 113 -41 106 -94 108 -1 -52 111 -17 -34 114 -14 118 -117 -118 -116 -39 122 -122 123 -121 -3 -126
right_child=1 6 4 8 15 17 10 25 46 54 23 14 49 44 27 110 51 64 20 36 22 -23 90 37 47 41 39 -29 31 32 95 99 112 -35 -36 -37 62 119 -40 104 -42 -43 69 -45 -46 -47 70 76 -50 93 97 -53 -54 -55 55 56 -58 -59 59 -61 98 65 -64 -65 -66 66 -68 73 -70 -71 78 72 -74 -75 -76 84 -78 -79 -80 80 -82 82 -84 -85 -86 -87 -88 88 -90 -91 -92 -93 105 -95 -96 -97 -98 -99 -100 101 -102 -103 -104 -105 -106 -107 -108 -109 -110 -111 -112 -113 -114 -115 115 116 117 -119 -120 120 121 -123 -124 -125 125 -127
leaf_value=0.011257399086473061 -0.022757860790904694 -0.013569085001560838 -0.0012631923121440441 0.0054979529958131632 -0.0070053485064164034 -0.01907063827355893 0.025726786521575808 -0.0018734236646190403 -0.010981895856555887 -0.0055724732510386192 -0.024241521183010883 0.0087001241847360668 0.0097791185946690673 0.0051549547678926486 -0.0055401276858243666 -0.041599007616975756 -0.026600003270066258 -0.020296003724458441 -0.034141023909230843 0.010584378435743006 0.012656278852829614 0.048376006138442784 0.031553533552980247 -0.022627620312300631 0.021670031010689639 0.029456411545632097 0.0098240825062966223 -0.017036408750457817 -0.012867697762523916 -0.01167993411941309 0.017302236681892638 -0.00012556760169818126 0.017310842251762177 0.0013805121666018883 -0.0029153286589748365 -0.01244767737845459 -0.021867272240988639 -0.04101691038964405 0.016735013830917946 0.017598974789682038 0.0056570272657596593 0.019545074767667821 0.012228210868347808 -0.0025297514297807611 -0.0055106341751149064 -0.043467784871837521 0.0040300171185440031 -0.0050580037807549496 0.0050527644840250097 0.0066994646849012594 0.0076668414898163582 -0.014099393664428143 -0.0092280561904030806 0.00065898207275973803 0.019715194195632658 -0.031032867275821569 0.0094058515348635768 0.0075524821775748447 0.0064896662460978798 0.070150404326463897 -0.033263031529496723 -0.032770943546158143 -0.0062857684789936925 -0.015015415846138032 -0.0035359678678873567 -0.02226985106637477 0.034527739063067706 0.018057592527457807 0.028855826262874737 0.00038005617222751733 -0.006681865099145496 -0.017002315107551062 0.041701766192396669 -0.0098586599854437532 -0.00027444283120175826 -0.0069845066015589638 0.01483962803161161 0.0037620105265156346 0.0031833101347903468 0.028109279839259923 0.025646139678406166 -0.056340736187516699 0.010998653228665637 0.016126323077182609 0.042840449705848917 0.011405698104519536 -0.011182039178887602 -0.021220801663095309 0.0069833692729978376 0.0019647878537239075 -0.011471465913046371 0.0070828159648059722 -0.049772011464639172 0.039394288019722244 0.014267295253391266 0.0099844886243052738 0.012677740272905906 0.0015144026448136129 -0.0039387285618249805 -0.013200396945116405 -0.021493856440266176 0.021821453901248285 -0.010964249346936041 -0.0020682134291707742 0.064873457675386215 -0.014588558342969966 0.01433276096280724 -0.01325116783436666 -0.033513822043878948 -0.046514381153160117 -0.022129859345974889 -0.014443688865260991 0.0067900101374035781 -0.0096218562127063489 0.0062959177681987779 0.011764180862115503 -0.012880416206224527 0.026920277363068193 -0.056847572275340957 -0.027301136200226558 0.028269089728473341 -0.020666074352800105 0.015298787775989942 0.013689961712244439 0.019038792207422828 -0.0046672114143805603
leaf_weight=1345.1360635906458 159.8601305782795 3318.969157859683 45757.282393738627 11034.769350618124 14571.106989175081 9519.4613839536905 4184.344321206212 863.55399122834206 2179.1302763074636 3299.3758272528648 2086.8762548863888 6116.0959955751896 7539.7614280283451 24694.619438663125 35354.036687031388 2117.1736423820257 12671.591386094689 1687.1443566083908 534.68298423290253 1428.4519058763981 3820.0110100954771 263.71065154671669 378.21839088201523 2095.4124070852995 9978.3967590332031 7373.710395142436 8545.9200908988714 5556.9942463487387 10998.979435101151 2550.3130266964436 22414.370392903686 1115.6429679840803 3714.3958816975355 4163.5777100324631 68537.116657614708 3312.3053513914347 4730.0128945112228 337.47651328146458 3132.2931357175112 769.13175816833973 812.93557868897915 6058.1367063224316 16560.044478848577 8481.7133738398552 5357.0349694937468 910.85211120545864 5992.4827970862389 1359.343491345644 9946.7857838571072 11743.585280776024 195.73941791057587 17705.259972989559 8391.7525884062052 16399.289565935731 6183.0002453476191 353.6470814794302 13016.824025154114 12532.415131360292 175.56172123551369 565.78897579014301 538.3787901699543 826.37341739237309 17030.501413553953 11908.794488191605 13207.286660045385 10448.702312111855 199.94799046218395 615.17026683688164 9631.5073283910751 3630.1555981785059 5149.2060699611902 236.70379054546356 346.92025224864483 3702.4930941015482 30809.499693349004 1503.2110649347305 4357.5770466923714 23462.744838237762 22512.620571747422 762.43262934684753 5692.730707526207 287.92672508955002 635.83533816039562 139.2177367657423 180.24606451392174 11333.50256831944 410.63881613314152 4317.0111903846264 745.71698468923569 25265.760016709566 3187.8720514476299 5951.3814927190542 127.23982240259647 377.97421170771122 9715.0934528112411 10510.177060723305 535.21190892159939 8369.0782798230648 2500.3938442468643 16663.848388463259 11789.479885131121 366.97066220641136 9586.5542697012424 1550.1169425994158 207.88472728431225 3319.9296758323908 934.90652970969677 3422.701653778553 213.98157051205635 328.98311975598335 8830.9446505457163 664.74135664105415 23699.774822041392 610.92726284265518 285.06961262226105 3015.359546110034 241.452582269907 5521.9575400352478 130.18254202604294 668.18410407006741 204.73573687672615 2074.8278535604477 1057.4217494130135 446.46013379096985 892.43407727777958 3640.2163840383291
leaf_count=5381 640 13277 183041 44150 58291 38084 16743 3455 8718 13202 8348 24467 30169 98788 141423 8472 50698 6749 2139 5714 15282 1055 1513 8382 39939 29528 34190 22231 44004 10203 89704 4463 14860 16658 274167 13250 18922 1350 12533 3077 3252 24256 66252 33929 21430 3644 23974 5440 39790 46991 783 70836 33569 65605 24741 1415 52086 50146 703 2266 2154 3306 68126 47643 52831 41805 800 2461 38568 14523 20599 947 1388 14812 123245 6013 17440 93864 90060 3051 22780 1152 2544 557 721 45345 1643 17269 2983 101072 12753 23808 509 1514 38868 42060 2141 33478 10003 66664 47164 1468 38349 6203 832 13281 3740 13692 856 1316 35336 2660 94816 2445 1141 12066 966 22097 521 2673 819 8300 4230 1786 3570 14562
internal_value=0 0.00616444 -0.00807183 0.0106623 -0.0113274 -0.00838154 0.000893851 0.0150889 0.00713255 0.0136007 0.00385217 -0.00135442 0.0162817 -0.00197473 -0.00353686 -0.0168006 -0.0155058 -0.0124505 0.00612527 -0.00490428 0.00402835 -0.00389754 0.00440413 -0.00124153 0.0215135 0.024927 0.00309869 -0.00710168 -0.0141966 0.010191 0.0125895 -0.0127182 0.00673941 0.0118491 -0.00406678 8.76e-05 -0.00881659 0.000146446 0.00199437 0.00461701 -0.0158597 0.02656 0.0065092 -0.00836665 0.0032537 -0.0212012 0.00383057 0.0174588 -4.68793e-05 0.0128214 -0.00404959 -0.0181416 -0.00249755 0.00292562 0.00875008 0.0119344 0.00833625 0.00481722 0.0317968 0.0550747 -0.0204133 -0.0216175 -0.00968583 -0.0106077 -0.00543444 -0.0176196 -0.0212034 -0.010201 0.0280131 0.0100979 0.00431354 -0.00617269 0.0178928 -0.00588122 0.00121204 -0.0132822 0.0101085 0.00640855 0.00134692 0.0151631 0.021341 0.00791483 -0.00656983 -0.0327218 -0.0016498 0.0145855 0.0224284 -0.0101776 -0.0170665 0.00395123 -0.00171582 0.00118753 -0.00618282 0.00771895 0.0103617 0.0149663 -0.0135847 -0.000126784 -0.00913411 -0.01555 -0.0196466 -0.0124458 -0.0145665 0.012705 0.0276578 -0.00943986 0.00665333 -0.00750397 0.00511276 -0.0263029 -0.0252394 -0.0351102 0.0082155 0.0140253 0.0148886 0.0190787 0.0206197 0.0252529 -0.0134997 -0.00979013 -0.00742284 -0.016271 0.00186325 -0.0108825 -0.00573565 2.664e-07
internal_weight=0 478105 370422 257962 249502 162201 220143 114443 143519 99406.5 108376 120919 64021.2 111767 81148.9 87301.1 75688.2 74741.4 74935.8 87459.8 54843.7 81715.2 54309 33440.7 25486.7 15036.8 39770.5 40911 59846.9 74507.4 43959.3 49416.6 30548.1 20092.1 81451.5 40237.9 33310.7 30540.9 25751.7 34788.7 2899.81 14173.2 40409.5 19480.7 30051.7 10430.3 69011.3 15695.3 22619.5 38534.5 12672.7 49208.3 54149 20219.3 35385.3 19553.5 13370.5 15831.8 8115.06 741.351 31503.1 28464.3 31882.3 26479.9 14894.4 15792.7 10648.7 5144.04 9791.37 20190.2 66832.1 3133.94 583.624 4317.66 36925.6 3778.87 5716.92 39170.3 27661.8 26413 7518.14 1825.41 1062.98 427.144 1683.46 15928.5 4594.98 12914.3 5062.73 33811.7 13899.5 10711.7 4760.29 12121.6 15707.6 32924.5 14851.8 8893.8 3038.77 29935.9 12905.1 17030.8 14316.6 18894.8 977.016 4382.08 1062.15 4981.82 1559.12 524.723 11612.9 2781.91 27414.2 17344.7 16733.8 9194.02 8778.77 5763.41 415.252 4789.11 4451.63 2279.56 2172.07 1114.64 7851.62 4532.65
internal_count=3394757 1912902 1481855 1032233 998139 648862 880669 458022 574211 397814 433568 483716 256224 447101 324616 349277 302809 299000 299794 349862 219405 326883 217266 133774 102027 60208 159100 163654 239420 298128 175914 197692 122214 80389 325828 160962 133252 122174 103016 139171 11600 56753 161662 77933 120218 41728 276083 62819 90483 154197 50693 196875 216610 80887 141590 78242 53501 63348 32497 2969 126039 113882 127538 105934 59580 63184 42605 20579 39208 80775 267365 12538 2335 17273 147712 15116 22880 156706 110659 105692 30084 7304 4253 1709 6734 63731 18386 51661 20252 135262 55604 42851 19043 48505 62842 131764 59412 35577 12157 119759 51627 68132 57271 75608 3909 17530 4249 19929 6237 2099 46468 11132 109676 69405 66960 36791 35129 23063 1662 19158 17808 9119 8689 4459 31409 18132
is_linear=0
shrinkage=0.1


Tree=3
num_leaves=127
num_cat=0
split_feature=28 18 10 15 26 10 28 22 39 5 39 41 10 7 37 37 26 37 22 5 25 22 38 38 39 45 38 31 0 17 38 38 39 39 45 7 22 5 37 17 13 44 31 37 5 14 38 39 44 38 46 37 25 26 37 38 37 33 38 31 26 46 8 41 37 37 8 46 45 37 38 46 45 5 37 38 14 37 44 37 45 37 14 10 45 37 45 44 8 22 8 44 38 38 46 44 39 28 9 44 45 7 8 45 4 46 44 2 45 4 44 37 37 44 30 3 9 30 35 45 36 39 46 46 44 41
split_gain=3406.4 796.836 613.264 200.685 254.522 198.356 182.212 136.804 133.828 131.313 104.092 99.4055 98.7131 91.908 89.3514 83.3685 81.8162 101.58 80.9513 79.5211 75.6521 77.2998 73.8549 100.005 68.3826 68.3444 66.9893 64.4948 62.4266 62.1357 61.4661 138.933 61.319 59.454 59.0175 58.8863 58.5016 69.8084 58.4428 57.5726 55.9308 55.7767 52.7887 52.3298 52.1824 52.1686 51.9172 48.9085 48.8953 61.6031 47.4529 53.0806 48.7113 47.0028 46.6801 54.0927 52.2989 53.8751 50.9324 46.5447 46.4972 46.071 54.0862 45.9423 45.7099 67.0821 51.7068 52.5114 46.3126 45.692 45.4774 53.9747 44.5615 43.9026 43.5849 45.3252 42.7736 42.6766 46.8467 42.6647 42.5645 42.3937 42.1312 41.4404 41.3681 51.5467 43.1704 41.2098 41.1749 40.8457 40.786 41.3323 39.8467 39.1168 40.2264 38.8407 38.661 38.6031 38.4018 38.3356 38.2694 38.2597 37.8805 37.8588 37.1161 36.8649 40.8997 38.4116 38.3456 43.2793 38.2901 36.8012 36.7773 36.7722 36.5605 36.5089 36.4883 43.8547 36.3048 35.6557 35.4352 35.3298 35.1424 50.3091 34.8438 38.9649
threshold=-0.00060741303605027486 0.0017265800852328541 60.602697372436531 0.16670469194650653 0.76448172330856334 32.040199279785163 0.0014989721821621063 54.792716979980476 5.5000000000000009 0.0010737096890807154 5.5000000000000009 4.0950000286102304 66.923969268798842 0.00030079024145379668 0.56666666269302379 2.1666667461395268 0.16786696761846545 6.5666668415069589 59.555343627929695 -0.052035424858331673 0.051132330670952804 40.031225204467781 19.500000000000004 5.5000000000000009 5.5000000000000009 19.500000000000004 1.0000000180025095e-35 0.003111521946266294 -0.0016234008944593368 7.592958718305455e-05 13.500000000000002 19.500000000000004 5.5000000000000009 1.5000000000000002 56.500000000000007 0.0006053858669474722 66.827743530273452 -0.0047612569760531178 0.39999999105930334 0.00056940026115626108 0.00020804727682843807 -0.39499999582767481 0.0093202916905283945 7.8333332538604745 0.014611416030675175 0.0054454721976071605 1.5000000000000002 5.5000000000000009 0.10500000044703485 22.500000000000004 4.5000000000000009 0.90000000596046459 0.032055865973234184 0.69904503226280224 6.8999998569488534 16.500000000000004 2.0999999046325688 0.00097966496832668803 3.5000000000000004 -0.019054821692407128 0.71328106522560131 9.5000000000000018 0.00047653073852416133 4.1050000190734872 5.7000000476837167 2.0000000000000004 0.0024209719849750404 -20.499999999999996 49.500000000000007 0.26666666567325598 20.500000000000004 1.5000000000000002 55.500000000000007 -0.011782758869230745 3.9000000953674321 16.500000000000004 0.0020311189582571392 4.9333331584930429 -0.43500000238418574 7.8333332538604745 12.500000000000002 7.866666555404664 0.0030436884844675664 63.898448944091804 53.500000000000007 6.866666555404664 29.500000000000004 -0.39499999582767481 0.0011863425024785104 35.066152572631843 0.0006048851355444641 0.034999999217689044 16.500000000000004 19.500000000000004 -32.499999999999993 0.085000000894069686 1.5000000000000002 -3.0991006497060873e-05 0.0014118217513896527 1.0000000180025095e-35 76.500000000000014 0.0013575905468314888 0.0028809653595089917 22.500000000000004 0.009560911916196348 1.0000000180025095e-35 0.28499999642372137 -0.0015014779637567697 72.500000000000014 -0.025095339864492413 -0.054999999701976769 2.6333333253860478 1.3999999761581423 0.63499999046325695 -0.00016287210019072515 -0.0078311455436050875 0.0043865698389709004 -0.005492772674188017 0.00045775000762660062 75.500000000000014 2.8614999791898302e-05 4.5000000000000009 14.500000000000002 -3.4999999999999996 0.36500000953674322 3.8649998903274541
decision_type=2 2 2 2 2 2 2 2 2 2 2 2 2 2 2 2 2 2 2 2 2 2 2 2 2 2 2 2 2 2 2 2 2 2 2 2 2 2 2 2 2 2 2 2 2 2 2 2 2 2 2 2 2 2 2 2 2 2 2 2 2 2 2 2 2 2 2 2 2 2 2 2 2 2 2 2 2 2 2 2 2 2 2 2 2 2 2 2 2 2 2 2 2 2 2 2 2 2 2 2 2 2 2 2 2 2 2 2 2 2 2 2 2 2 2 2 2 2 2 2 2 2 2 2 2 2
left_child=2 6 3 46 11 10 9 12 13 24 25 15 99 -8 -6 114 17 38 29 41 21 22 23 45 54 -3 -11 32 89 48 79 47 113 -14 70 44 37 59 122 61 69 -18 -38 -25 -10 101 -1 -32 121 -50 52 -52 93 64 55 56 57 -2 73 -13 100 124 111 -35 65 112 67 -67 80 -26 83 -72 -60 -58 75 -29 -39 105 -79 -20 -66 -33 -83 -22 85 -24 -87 98 -49 -27 -17 -92 -44 94 -40 -34 103 -71 -23 -4 -30 -15 118 -43 -82 106 107 -54 110 -110 -107 -63 -21 -9 -5 -69 117 -19 -53 -95 -77 -16 123 -7 125 -28
right_child=1 5 7 4 14 16 8 27 35 26 -12 36 33 20 18 90 19 116 30 53 34 87 84 43 40 28 39 74 60 -31 31 81 95 63 -36 -37 42 76 50 -41 -42 96 92 -45 -46 -47 -48 88 49 -51 51 102 77 -55 -56 -57 58 -59 72 -61 -62 62 -64 -65 68 66 -68 115 -70 97 71 -73 -74 -75 -76 120 -78 78 -80 -81 104 82 -84 -85 -86 86 -88 -89 -90 -91 91 -93 -94 119 -96 -97 -98 -99 -100 -101 -102 -103 -104 -105 -106 108 -108 -109 109 -111 -112 -113 -114 -115 -116 -117 -118 -119 -120 -121 -122 -123 -124 -125 -126 -127
leaf_value=-0.010523906124751795 0.0001527196776088159 0.00026674189604891473 -0.0090812748235985889 -0.00016150282982745279 -0.01893735946201321 0.012140938933838401 0.018733963923023275 -0.017698107046918363 0.024119864341501328 -0.015972764748730515 0.031394034661010664 -0.015505887716314155 -0.0061273382990488564 0.011352961819296349 -0.0075283454187463949 -0.012368098990893759 0.015678064046919762 -0.0065003779966205074 -0.013129123365866633 0.0086570667289576474 -0.0098004198193085059 0.010930083682447113 0.01792608681511328 0.0035402793771425103 -0.018298678545100814 0.03743633697136161 0.0023866282984113052 -0.012705655373545652 0.01658455859022195 0.00075695605279922282 0.00087718053911155832 -0.0138303388652222 -0.036939539655683348 -0.025206940132606211 0.0068668736069003302 0.0081529996922967696 -0.038254999073756506 -0.0087995228925114143 -0.0262382448720835 0.0047367277810693468 -0.011703948696947727 -0.046842737260043378 0.0095899564774223067 -0.023499201707051245 0.0033800660023595541 0.026318985484819271 0.0043806258975402313 -0.021789854172871988 0.0011101359948807287 -0.045510757743338605 -0.0019703675644451852 0.020751586602639881 0.011046226824964218 -0.0014981692908238667 -0.0047214276059447981 0.0074872037168713119 0.020663271478755602 -0.012086190801930623 -0.0016279797539975026 0.0051256892667844419 -0.00037940904377938212 -0.035051030078249515 -0.0031873948990967524 -0.013784739427505242 -0.013360416458932697 -0.0047093769635950383 -0.011553530621602406 0.02372690185439907 -0.0011464586184173101 0.0037287936507882377 0.024265117155210833 -0.02135978326919134 0.0066940587430070978 0.0036485902769411958 -0.016370680627836635 0.0028991918689938272 -0.00094813662331704157 -0.015046362657698528 0.023954113362224669 0.015654190670234734 0.010089579474025499 -0.094621397950729533 -0.025191031072445743 -0.038359019597335016 0.027174431209790809 -0.034913061314578303 0.0079709792226608095 0.00070986315113705407 0.013002383656858097 0.020232310025057994 -0.00017523397003913274 -0.017491033991082431 0.04012899801323358 0.028671423844356669 0.012742225863851526 -0.019161766777011102 -0.0016390965401750766 0.013825389526744234 -0.0091393597875574148 -0.002096633758809344 -0.00015393930163934549 -0.030045254955943047 0.061368028703675165 -0.011089104853623702 0.036654853011391098 0.001654184300253199 0.04602332821449763 -0.0050274899765942347 0.043655914252820727 -0.022951508163696243 -0.027210132694351116 -0.012684302807704712 -0.0023378660387630354 0.01199800214699627 -0.017124852879341606 0.013877144737502588 0.032156975402334191 0.0066701485557805699 -0.012600522878003737 -0.02420353898299623 -0.015886374601430608 -0.018126103294643453 -0.0071501225764073646 0.03860256609992839 0.0064959937346361256 -0.0041111756832650833
leaf_weight=2542.8691589683294 11873.22817209363 2771.5127648413181 15326.899854660034 1520.8817095458508 7913.0663911551237 1099.4182212799788 4187.8007910102606 26872.238057509065 6314.009796127677 3513.0679427981377 4554.3715458661318 1147.416275575757 6637.3864689171314 7713.7516166418791 9731.8153786808252 4063.5441684126854 1444.8914434909821 3593.0985256880522 36318.122517436743 10554.45840151608 6030.4690781831741 7354.4405615925789 2681.6765170693398 27704.117670610547 563.33562874794006 1953.6944660544395 11847.692712008953 13278.723172515631 23893.661641702056 15191.8090711236 15802.475242048502 11612.801527366042 2849.5977942198515 5114.5387328267097 3373.4293127655983 8631.2588126212358 154.981046885252 8712.4386102855206 268.38095413148403 11322.073868006468 1304.7899529486895 375.88969928026199 999.62742544710636 734.71675403416157 1501.6775316148996 2667.0307166427374 28879.193845063448 1764.3841456770897 6831.0160195529461 295.6958075761795 1160.4334269016981 10152.701263621449 3728.8655720502138 4719.8820378929377 10007.944925054908 16950.05970056355 2819.508591786027 5159.6763757169247 17570.912378102541 23255.524656608701 1954.6538687944412 1046.591252848506 5053.1832654029131 11304.792665153742 711.50166377425194 1283.2738800942898 761.39939743280411 4870.2928315550089 7740.7460882514715 5535.9135981053114 784.07262659072876 387.403245896101 10151.769758045673 3281.4664181172848 19124.716773509979 4010.8050930351019 34083.989541113377 366.77746877074242 1921.6376250982285 522.38326576352119 6158.7966541796923 126.16897916793823 284.41819617152214 554.85051403939724 2629.8672821223736 385.80356073379517 599.53254133462906 44449.374774634838 421.38479694724083 4699.810487985611 19282.034281477332 1484.6288308054209 746.1681345552206 2274.9373257905245 19504.985610231757 2160.8533795773983 5370.5065159797668 11985.179996013641 1095.4217825084925 16125.514074206352 1448.7159713506699 229.89684347808361 222.58699046075344 1396.2620265781879 575.04289032518864 813.08487878739834 248.35389448702335 2472.5392686873674 262.04026111960411 155.4059165418148 1057.0836790651083 2475.8458338826895 4274.2718520760536 423.55778259038925 7718.896182641387 16553.393508955836 437.67237997055054 8530.3451473712921 337.21538029611111 135.10920991003513 1339.4595027565956 4648.1122301518917 286.2623526006937 2073.5717819780111 4490.0506484657526 41748.184780135751
leaf_count=10173 47501 11094 61322 6084 31662 4401 16762 107544 25281 14055 18255 4590 26558 30871 38932 16256 5782 14380 145310 42237 24128 29428 10732 110864 2254 7829 47397 53143 95667 60772 63222 46463 11412 20468 13497 34540 620 34853 1074 45299 5220 1504 3999 2940 6011 10673 115535 7060 27327 1183 4646 40647 14925 18885 40037 67813 11280 20641 70294 93031 7822 4187 20215 45235 2847 5135 3047 19491 30975 22147 3137 1550 40613 13128 76534 16050 136346 1468 7691 2090 24646 505 1138 2220 10524 1544 2399 177843 1686 18819 77134 5939 2985 9108 78092 8651 21490 47958 4383 64515 5801 920 891 5587 2301 3255 994 9894 1049 622 4231 9905 17105 1695 30879 66248 1752 34146 1350 541 5360 18597 1146 8302 17963 167017
internal_value=0 0.00559077 -0.00718385 -0.00428955 -0.00538227 0.011107 0.00256796 -0.0129009 0.00541627 0.000495727 0.0171344 -0.00180292 -0.00914383 0.00419529 -0.00869529 -0.00622353 0.00916165 0.011806 -0.00791261 0.00674248 0.00363863 0.00452384 0.00755345 0.00593286 0.00297783 0.0153659 -0.00246476 -0.0158239 0.0165985 -0.0041389 -0.00998419 -0.00662467 -0.0191039 -0.0141141 -0.00417503 0.0138469 0.000376669 -0.00011269 0.0138802 -0.00185624 0.00829134 -0.00224053 0.0176773 0.00284171 0.020135 0.0142178 0.00317446 -0.00106208 -0.00759722 -0.000824221 0.012919 0.018345 0.0109791 0.00806787 0.00165385 0.00259481 0.00096422 -0.00355474 0.00323988 0.0041556 0.0144815 -0.00297601 -0.00981795 -0.0173427 0.00891207 0.010753 0.0140798 0.0149394 0.00426952 0.009734 -0.00897715 0.00917711 0.00141947 0.0115118 -0.0130173 -0.00957464 -0.00254651 0.00554665 0.0177033 -0.012721 0.0099004 -0.0149469 -0.0465262 -0.0122066 0.0176034 0.0107393 -0.00882006 0.0019268 -0.0150824 0.025284 -0.00320597 -0.00141316 0.0226426 0.0136792 0.0122131 -0.0292725 -0.00586529 0.0106353 0.00832832 -0.00550028 0.0156277 0.0101549 0.0205456 -0.0186728 0.0123581 0.00236269 0.00623113 0.00463753 -0.00854409 0.0188595 -0.0146609 -0.0193299 0.00548786 -0.0172373 -0.0143327 0.0161163 0.00379078 0.00276672 0.0196794 0.0257072 -0.00180385 -0.0109539 0.0264064 0.0294338 -0.00196589 -0.0026748
internal_weight=0 477881 370625 246056 214634 169170 308711 124569 130011 178700 41276.4 103170 54509.1 113564 111464 34070 127893 61102.5 103551 66790.6 109376 98245.6 45346.4 39049.5 97203.8 36722 81496.7 70060 33950.5 36698.4 66852.1 30011.6 32306.2 23056.7 11130.2 16446.9 69100.1 67199.4 48541.4 77983.6 19389.2 8587.55 1900.78 28438.8 7815.69 10610.7 31422.1 17988.2 21506.6 7126.71 45082.1 11872.9 33209.2 58203.1 77814.6 67806.6 50856.6 17032.9 33823.7 24402.9 27297 66661.5 8575.62 16419.3 53483.2 38297.1 23468.4 22707 15186.1 18084.4 7756.8 1171.48 27722.7 6100.98 37753.7 18629 42796.4 11025.8 2288.42 36840.5 7445.34 12023.4 410.587 6585.32 6296.88 3667.01 985.336 52899.2 2185.77 6653.5 24830.2 20766.7 1745.8 22183.4 19773.4 5010.45 7142.66 17521.1 8449.86 31452.4 25342.4 7943.65 10712.5 1772.15 6733.84 8737.37 6449.76 6201.4 2287.61 417.446 1870.17 3522.44 14828.7 27295.8 9239.78 21423.7 12561.1 12123.4 10489.9 2410.05 5350.26 14379.9 3459.25 3172.99 58085.9 53595.9
internal_count=3395201 1912343 1482858 984371 858663 677172 1235171 498487 520247 714924 165287 412716 218098 454415 445947 136292 511885 244605 414285 267280 437653 393121 181467 156268 388886 147032 326038 280389 135938 146811 267474 120074 129302 92261 44532 65832 276424 268820 194327 311983 77579 34363 7604 113804 31292 42464 125708 71968 86039 28510 180478 47534 132944 232917 311307 271270 203457 68142 135315 97621 109290 266684 34307 65703 214032 153263 93921 90874 60769 72359 31035 4687 110907 24408 151087 74553 171199 44129 9159 147400 29794 48106 1643 26348 25199 14675 3943 211654 8746 26648 99329 83073 6984 88815 79166 20063 28581 70105 33811 125837 101468 31791 42888 7091 26947 34970 25813 24819 9157 1671 7486 14092 59342 109239 36963 85739 50278 48526 41997 9649 21410 57529 13849 12703 232377 214414
is_linear=0
shrinkage=0.1


Tree=4
num_leaves=127
num_cat=0
split_feature=28 32 32 27 43 10 38 37 15 30 42 5 1 33 28 44 46 38 43 9 38 38 26 15 28 10 37 20 38 37 32 40 27 39 44 38 39 39 37 20 26 1 38 40 30 38 37 38 19 39 37 46 31 7 5 9 16 13 41 45 28 38 37 38 30 46 41 34 44 37 1 44 43 46 24 43 39 42 30 45 44 43 44 38 45 33 31 46 38 38 10 34 30 38 5 37 39 20 27 43 32 5 30 7 44 42 28 5 34 24 34 37 16 24 44 32 28 5 37 36 13 43 43 23 34 28
split_gain=2828.73 821.373 508.898 350.072 242.918 173.223 146.489 142.358 127.406 119.37 116.943 117.749 113.85 97.9917 93.5458 90.1167 88.6559 81.9857 80.7664 79.4724 75.7528 75.1062 71.2869 64.6796 64.0637 61.3476 60.5078 60.2849 60.668 57.6891 56.86 56.699 80.3357 63.1016 56.0394 55.8523 65.0251 55.3406 53.921 52.902 52.2702 51.6882 51.6487 51.5507 51.1738 63.9899 69.8273 67.3422 78.616 50.1281 49.965 58.7629 49.3001 49.0311 48.6789 48.644 80.8873 45.7341 45.5387 45.4154 48.2594 45.2504 44.6244 44.1626 44.1353 43.9389 46.9323 43.5957 42.8177 42.3405 41.6593 45.563 41.594 41.4101 41.3845 41.1729 40.7814 40.6357 49.9727 44.9213 59.9664 45.9733 42.3111 52.4523 40.7398 40.3825 40.3074 39.9648 39.8883 56.0592 39.7868 38.945 38.6434 41.7367 37.9376 47.5147 39.4743 37.8628 37.6515 37.4772 36.8282 38.4984 36.7727 36.2204 36.0811 58.359 43.4148 36.2158 36.0803 36.0063 36.0032 35.893 35.7161 58.8506 42.9431 35.6278 37.8864 35.5898 35.4765 35.4648 35.4364 34.8677 47.5565 34.8335 34.8144 38.6698
threshold=0.00072680055745877336 -3.4439572118571953e-05 0.0001417882012901828 -0.0022552926093339916 -0.24499999731779096 33.493869781494148 16.500000000000004 7.866666555404664 0.23061691969633105 0.0002447591105010361 0.49500000476837164 -0.0073189570102840653 -0.00076541336602531363 -0.0009422283328603952 0.0035471926676109438 -1.0000000180025095e-35 4.5000000000000009 22.500000000000004 0.33500000834465032 7.9210461990442141e-05 1.5000000000000002 6.5000000000000009 0.72420334815979015 0.92710325121879589 -0.00078539035166613747 36.207365036010749 2.0999999046325688 -0.0014763605431653557 12.500000000000002 7.7333333492279062 -0.0026571662165224548 1.5000000000000002 -0.0042348799761384717 5.5000000000000009 0.044999999925494201 8.5000000000000018 1.0000000180025095e-35 3.5000000000000004 3.9333333969116215 -0.0012034156825393436 0.35746741294860845 0.0012075477279722693 13.500000000000002 2.5000000000000004 -0.0013650955515913663 5.5000000000000009 0.39999999105930334 16.500000000000004 5.0626042138901546e-05 3.5000000000000004 1.5666666626930239 -23.499999999999996 0.000296519763651304 0.0010739266290329399 -0.03490162827074527 0.0001214141411765013 -4.047835318488068e-06 -0.00087216284009627987 5.2049999237060556 9.5000000000000018 -0.0080036735162138922 20.500000000000004 7.8333332538604745 20.500000000000004 0.0049472397658973941 22.500000000000004 4.9500000476837167 1.3451988697052004 -0.30500000715255732 0.66666665673255932 -0.00040427051135338837 0.41499999165534979 0.37500000000000006 -5.4999999999999991 0.012305524665862324 0.39499999582767492 5.5000000000000009 1.0049999952316286 -0.006294052116572856 13.500000000000002 -0.085000000894069658 -0.1649999991059303 1.0000000180025095e-35 7.5000000000000009 33.500000000000007 -0.0043695741333067408 -0.0010216713999398051 -1.4999999999999998 13.500000000000002 11.500000000000002 62.396203994750984 0.019045297056436542 -0.0011144976015202699 15.500000000000002 -0.0057524307630956164 7.2000000476837167 4.5000000000000009 0.00061179164913482975 -0.00016863468772498888 0.30500000715255743 -0.0022404288174584504 0.020838322117924694 -0.00065085821552202095 0.00030608639644924557 -0.31499999761581415 -1.0000000180025095e-35 0.012535331305116417 -0.0081454059109091741 -0.67736098170280445 0.0012750065652653577 -0.71722242236137379 5.7666666507720956 4.2391986880829799e-06 0.00099177507217973492 -0.1950000002980232 0.0020329175749793653 -0.00053598018712364126 -0.046536451205611222 6.0333335399627694 -3.2975000067381181e-05 -0.00028359633870422835 0.53499999642372142 0.40500000119209295 -0.0054269058164209119 2.4421311616897587 -0.0046445787884294978
decision_type=2 2 2 2 2 2 2 2 2 2 2 2 2 2 2 2 2 2 2 2 2 2 2 2 2 2 2 2 2 2 2 2 2 2 2 2 2 2 2 2 2 2 2 2 2 2 2 2 2 2 2 2 2 2 2 2 2 2 2 2 2 2 2 2 2 2 2 2 2 2 2 2 2 2 2 2 2 2 2 2 2 2 2 2 2 2 2 2 2 2 2 2 2 2 2 2 2 2 2 2 2 2 2 2 2 2 2 2 2 2 2 2 2 2 2 2 2 2 2 2 2 2 2 2 2 2
left_child=1 8 4 12 5 35 10 22 19 29 11 21 57 74 30 26 25 85 23 -1 -21 86 64 44 -12 76 65 28 41 55 40 33 108 67 38 36 -2 59 69 91 92 -18 -37 -16 45 46 52 48 -47 54 87 -52 -4 70 -32 56 -10 75 -56 60 -28 102 121 -24 94 66 -11 88 -53 -29 -13 97 -41 -68 -14 -3 -6 79 -79 80 -27 84 -82 -84 -81 -17 -5 -48 89 -15 -39 -20 -7 -94 95 -8 -97 112 -9 -96 101 -75 -40 -99 -30 110 107 -107 -33 -51 -106 -87 -72 114 -114 116 -65 -78 -92 -38 -22 122 -19 -83 125 -59
right_child=2 3 18 6 16 14 7 98 9 15 24 53 13 31 43 17 27 62 39 20 120 -23 63 -25 -26 77 37 34 104 -31 49 32 -34 -35 -36 42 119 90 61 72 -42 -43 -44 -45 -46 47 50 -49 -50 109 51 68 -54 -55 58 -57 -58 124 -60 -61 -62 -63 -64 115 -66 -67 73 -69 -70 -71 71 -73 -74 100 -76 -77 117 78 -80 81 82 123 83 -85 -86 111 -88 -89 -90 -91 118 -93 93 -95 99 96 -98 103 -100 -101 -102 -103 -104 -105 105 106 -108 -109 -110 -111 -112 -113 113 -115 -116 -117 -118 -119 -120 -121 -122 -123 -124 -125 -126 -127
leaf_value=-0.024383320781019041 0.03978821742028861 0.0024735300187305187 0.052991448952925839 0.0095268947023220835 0.007647594315510097 0.0041208343922310743 0.010736983869280091 -0.048507189415838099 0.030527344122952688 -0.016272128753804221 -0.015517046922584141 -0.0042864377264147926 -0.0056362058822071234 -0.018422273815305798 0.018253833432634422 0.010147776357176501 0.023761250010007642 -0.013684399867428948 0.010369065352176972 -0.0083875968017065282 0.011338298047377394 -0.0043671443246932192 -5.3266332199722511e-05 -0.0079656475962330744 -0.0069622367093402932 0.0018749912103860639 0.074981947864151965 0.030275805601978924 -0.00037232236377502423 -0.017784530687384097 -0.013008280132543681 -0.0063506456626306849 -0.0078946415742091377 -0.029589710294957407 0.0023211215649639335 0.035203135322006869 0.00046818062445802116 -0.0068872645722925941 0.03788232625468483 -0.019265543638035135 0.010621993851053089 0.0055196384582476771 0.021300407972313622 0.010306941538300019 0.00051102955327856237 0.0066045743404755863 0.013731411325552986 0.0091557346195274628 -0.005685700377687123 0.037837101373157656 -0.038901826524617135 0.028747580182926166 -0.013254789667224702 0.0017645687425825345 0.012651323016817553 0.0032728363416102907 -0.0080494575168063558 -0.010921127996463425 0.0031660877000351815 -0.0010843192819739765 -0.00069031106860817381 0.0033779663999169724 -0.048065274644174039 -0.014869000287268447 0.045387540992210935 0.031737255811513168 -0.021558945165645865 -0.0086370242577517766 0.011335024544682226 -1.4491889182627038e-05 -0.0060467493069296741 0.00030454155924526519 -0.00397523178492262 -0.03614384333755901 0.017691442433634283 0.04116014996820698 -0.0055639199480221786 -0.012809084300338523 0.018833813334925079 0.023441541335578117 -0.029855389465582173 0.034567689220430985 -0.031376636636592688 0.03352989491411057 -0.014238346517431178 -0.0015916670495863463 -0.0030846249638778796 -0.013530438301574403 -0.013546497526000505 -0.035148718580243009 -0.036093300977845168 -0.0029111010557711335 -0.020729505558238628 0.0057968124467295519 0.0031734219528139068 -0.026495447009375912 0.017552849468660647 -0.027097483385017718 -0.0085741875483111348 -0.0067711713473361445 0.013359769200630917 0.015757484553271701 0.014264693012023719 -0.01285095701486913 0.042574426393693153 0.0275990748216772 0.04449596865756824 0.007466477939489834 -0.016795200699847343 0.013220273871787803 0.0019418407129563103 0.00475218491736722 -0.074139104849339263 -0.011397737512057287 -0.023176854175790001 0.00016039994470610567 0.010269939880025966 0.023405723969446651 -0.0016143745114066234 0.016221103431892061 0.0049586177432561019 -0.043765591821142653 0.032056467075697814 0.0041071190709067824 0.0047091830229472886 -0.00052364646135581706
leaf_weight=885.39112874865532 954.8271376490593 1354.5771149098873 640.81205339729786 9240.1121450215578 24422.872396782041 2427.6129363775253 8294.6551416814327 764.04170341789722 1644.9449177384377 9304.025000706315 20065.481413662434 19816.192987158895 8697.1500793099403 13826.177281588316 21212.478341221809 4226.8164000958204 7915.0961643606424 1432.8257109969854 4492.3165432810783 3413.5700199306011 13276.295228764415 15050.710715696216 12527.567160323262 4907.2548633217812 15527.790243908763 3415.5355730950832 163.2335963845253 546.12554940581322 2815.890565559268 1236.8121893554926 1171.4413441717625 3761.816768810153 24674.090066239238 3661.3735590875149 11506.979603797197 3993.6161378324032 1944.5585144162178 13083.509726256132 1657.343107432127 1937.3373706638813 3465.9230224937201 1932.6097557246685 8075.4585606008768 13268.804223835468 27968.614593982697 9988.7081624567509 882.86459872126579 14058.406176328659 10866.66040366888 617.17821781337261 205.61524049937725 1818.9926586747169 136.21724170446396 5491.5720854252577 10229.597878232598 39016.629140660167 811.7656005769968 13618.225296363235 10018.83774484694 19747.734350204468 174.23235893249512 970.87734085321426 411.84585574269295 6722.5914721339941 248.21800424158573 225.71994006633759 779.84278194606304 6866.8070541024208 6314.8237113952637 2977.2463936805725 17598.972309291363 4032.8218962848186 21780.590779259801 364.20536358654499 833.36595031619072 345.20753349363804 494.98894980549812 595.54325667023659 3081.6663309931755 329.29697631299496 1333.3332722336054 378.03804206848145 227.21225020289421 275.4354925006628 2231.1035873293877 36575.344284594059 3491.992397531867 1375.5551946759224 13937.882684722543 2343.3350791037083 916.36545312404633 4343.1234779208899 2039.031825274229 836.478256046772 14228.394910082221 656.96015074849129 294.7183039188385 2074.1277773529291 341.71081666648388 5165.341318488121 1569.9929542392492 235.22068147361279 1094.7038626223803 12783.495763927698 231.02621510624886 1634.5852589607239 659.69767645001411 1970.8060712367296 27381.891889005899 15941.498381942511 3887.8305982798338 11794.87934872508 259.68110311031342 6237.5593338608742 455.16379380226135 3091.3111120611429 658.19575750827789 2959.9232530891895 442.54120874404907 5391.8459194600582 25295.676134198904 293.16895595192909 270.15849725902081 54278.693366214633 2359.6219942569733 4851.1914031356573
leaf_count=3543 3827 5419 2565 36968 97788 9719 33186 3058 6581 37223 80294 79277 34805 55357 84980 16910 31703 5733 17974 13657 53126 60211 50123 19634 62118 13667 653 2186 11278 4948 4688 15060 98757 14672 46059 16013 7794 52343 6634 7751 13873 7737 32380 53141 111901 39966 3533 56259 43474 2472 823 7280 545 21969 40948 156091 3248 54491 40098 79000 697 3886 1649 26901 993 903 3120 27488 25272 11917 70412 16136 87139 1457 3335 1381 1983 2384 12340 1318 5335 1513 909 1102 8931 146322 13971 5505 55791 9383 3667 17377 8163 3349 56922 2628 1179 8302 1367 20664 6281 941 4382 51154 925 6546 2643 7892 109622 63820 15567 47186 1039 24954 1821 12369 2633 11878 1771 21613 101217 1173 1081 217215 9441 19407
internal_value=0 -0.00475687 0.00698729 -0.00788764 0.00962492 0.0133118 -0.00510398 -0.00066219 0.000477404 -0.000941007 -0.00688552 -0.00507901 -0.0118974 -0.0132697 0.0112444 -0.00279933 0.00682613 -5.17183e-05 0.00142923 0.00526561 0.00589085 0.000414985 9.44252e-05 0.00315343 -0.011785 0.00515152 -0.00601447 0.0107821 0.0144558 0.00349754 0.0083299 -0.0142255 -0.0121568 -0.0170671 0.00665908 0.0215597 0.0152406 -0.00385756 0.0135477 -0.00276374 0.00107191 0.0201813 0.0259008 0.0151958 0.00388823 0.0059288 0.0124427 0.00380657 0.000200744 0.0100057 0.0103212 0.0138944 0.0413781 -0.00729922 0.00681143 0.00413221 0.0177805 -0.00544171 0.00795807 -0.000462706 0.0359127 0.0219395 -0.0180952 -0.00405963 0.00340171 -0.0119823 -0.0127877 -0.0158271 0.0152291 0.00468053 -0.00808607 -0.00981929 -0.00522418 -0.00179541 -0.00359639 0.0103304 0.00908613 0.00349324 0.0137091 0.00289188 -0.0059596 0.00370429 -0.0205345 0.00419014 -0.00939228 0.000774349 0.00606797 -0.0028732 -0.0174669 -0.0208463 -0.00857881 0.0038411 -0.00516968 -0.0130131 0.00303783 0.00830884 -0.0128545 -0.0108553 -0.0361667 0.000524772 0.005309 -0.0157773 0.0284878 -0.0148398 0.00942146 0.0127109 0.0209097 0.016594 -0.0155336 0.0141378 0.00422092 -4.47449e-05 -0.00844402 -0.0145124 -0.0416899 -0.00885236 -0.0126272 0.0192552 -0.0248649 0.0120457 0.00715447 -0.0119118 -0.00642815 0.0043178 -0.00672882 -0.00819012
internal_weight=0 501225 347132 313632 235414 101589 185119 52993.7 187593 144722 132126 96532.4 128513 105984 81228.9 102012 133824 55005 111718 42870.9 41985.5 27782.8 51888 79164.5 35593.3 94023.6 47006.6 39800.8 21047.5 42710.2 46747.6 96453.4 55817.8 40635.6 18753.3 20360.3 8291.23 34527.6 7246.3 32553.4 8769.05 9847.71 12069.1 34481.3 74257.3 46288.7 11374.9 34913.8 20855.4 37978.6 10597.9 8339.43 777.029 68749.6 21419.9 41473.3 2456.71 22528.8 20248.4 20085.2 337.466 3722.92 2408 22999.7 28888.3 12479 12253.3 36974.2 8133.82 3523.37 63258 43441.8 23717.9 2949.26 9530.52 1699.78 27877.8 66145.9 3677.21 62468.6 5251.52 57217.1 1835.98 502.648 2560.4 52597 12732.1 2258.42 30107.4 16169.5 14442.4 8835.44 5303.12 2875.51 28640.1 9246.33 951.678 39409 1105.75 19393.7 2169.42 599.426 2752.05 14857.6 11199.8 8383.95 4265.09 3605.39 31143.7 16558.7 4118.86 48370.2 24551.4 6952.4 714.845 10472.1 7380.79 3454.91 1358.91 7336.4 38572 1996.15 1702.98 54656.7 20829 18469.4
internal_count=3395173 2005579 1389594 1255058 942596 406878 740649 212023 750521 578978 528626 386214 514409 424270 325251 408110 535718 220054 446998 171543 168000 111150 207598 316757 142412 376363 188056 159355 84291 170868 187130 386130 223439 162691 75064 81627 33234 138131 29005 130241 35104 39440 48393 138121 297123 185222 45523 139699 83440 152026 42413 33375 3110 275064 85734 165920 9829 90139 81046 80350 1350 14902 9636 92026 115572 49925 49022 148019 32552 14103 253095 173818 94890 11799 38140 6800 111649 264714 14724 249990 21013 228977 7346 2011 10249 210418 50939 9038 120531 64740 57781 35351 21231 11512 114579 36993 3807 157682 4425 77586 8679 2398 11016 59456 44851 33573 17081 14438 124682 66292 16492 193508 98226 27814 2860 41903 29534 13861 5438 29407 154343 7987 6814 218728 83339 73898
is_linear=0
shrinkage=0.1


Tree=5
num_leaves=127
num_cat=0
split_feature=28 32 32 10 10 22 38 22 43 43 44 45 28 17 18 15 38 19 38 39 22 37 44 38 10 5 37 45 39 26 8 37 43 45 10 38 38 46 38 39 29 43 16 44 44 39 42 37 37 37 38 46 44 44 42 34 38 45 37 38 37 4 43 22 45 5 44 40 25 17 39 19 22 5 38 44 41 34 14 39 40 39 37 37 43 38 32 29 3 32 37 37 5 28 22 38 37 38 43 43 22 46 16 45 16 29 10 38 44 5 46 44 8 22 36 46 37 5 45 10 46 39 46 37 41 34
split_gain=2306.34 688.358 471.911 245.79 234.004 157.586 147.969 100.257 111.434 96.5913 94.1726 84.9559 82.5626 81.5547 78.028 68.8685 66.8801 66.1964 83.0848 63.193 62.6957 61.6484 61.4326 58.2999 58.0632 57.5471 55.3172 55.1745 54.5048 54.4742 54.4522 52.1735 50.2357 50.7795 50.1221 49.4543 57.6882 50.6205 49.2165 66.2687 61.9596 50.3938 49.1528 49.8044 50.3361 48.975 57.1809 48.5222 46.7801 46.3576 45.8097 61.6209 45.6822 45.5202 45.3299 44.7854 44.6958 44.2467 49.7522 50.2448 50.4906 44.1624 43.6787 45.3851 46.495 44.5429 63.0999 43.5997 58.336 45.4424 52.4765 52.924 43.4276 43.3187 42.3823 41.9716 41.6942 42.9367 41.6005 41.3415 41.3486 40.4983 40.3935 48.3389 40.2661 39.9281 65.8384 39.6459 38.9046 38.7554 38.7145 41.7527 38.479 38.3135 51.437 38.2882 49.0312 44.6187 49.8258 43.1105 43.082 37.9169 38.3013 43.6743 37.8424 37.7522 37.456 37.0751 36.9493 36.9365 40.8381 36.828 45.1575 44.3056 36.8009 36.7319 36.6192 36.4499 36.0349 35.6503 35.5715 35.5616 35.5321 35.3738 36.0074 34.817
threshold=-0.00060741303605027486 -0.00039483886212110514 -9.1590773081406937e-05 64.126647949218764 36.663791656494148 59.555343627929695 16.500000000000004 42.064247131347663 0.14500000327825549 -0.24499999731779096 -1.0000000180025095e-35 41.500000000000007 0.0014989721821621063 0.0010854346910491588 0.0044945606496185073 0.15058241784572604 22.500000000000004 0.00059060571948066365 11.500000000000002 5.5000000000000009 39.853988647460945 5.2333333492279062 0.60500001907348644 4.5000000000000009 57.491888046264656 -0.00046684821427334095 2.0666666030883794 9.5000000000000018 1.0000000180025095e-35 0.28269457817077642 0.00098435982363298557 1.5000000000000002 0.22500000149011615 25.500000000000004 78.544921875000014 15.500000000000002 9.5000000000000018 -1.4999999999999998 13.500000000000002 5.5000000000000009 0.062659781426191344 -0.20499999821186063 3.9297063267440542e-05 -0.39499999582767481 -0.5649999976158141 5.5000000000000009 1.3750000000000002 7.8333332538604745 0.733333319425583 0.49999998509883886 1.5000000000000002 2.5000000000000004 -0.54500001668930043 -0.03499999921768903 0.25499999523162847 -0.20235092192888257 2.5000000000000004 11.500000000000002 6.0333335399627694 8.5000000000000018 2.0666666030883794 -0.024052161723375317 0.30500000715255743 48.237516403198249 37.500000000000007 0.00066594328382052492 -0.085000000894069658 2.5000000000000004 0.0099587556906044501 -0.00029156806704122568 5.5000000000000009 -0.00021642104547936467 48.237516403198249 -0.010498603805899618 6.5000000000000009 0.35500000417232519 3.8750000000000004 -0.97512748837470997 0.005114045226946474 1.0000000180025095e-35 1.5000000000000002 3.5000000000000004 4.0333335399627694 7.6000001430511483 -0.44499999284744257 11.500000000000002 0.000438754796050489 0.0058205649256706246 -0.0050002068746834985 -0.0023407345870509739 6.866666555404664 6.1000001430511483 0.034203473478555686 -0.0048767221160233012 65.107086181640639 22.500000000000004 7.8333332538604745 13.500000000000002 0.24499999731779101 -0.80500000715255726 64.808784484863295 6.5000000000000009 -0.00015045794134493915 73.500000000000014 -0.00041839759796857828 -0.00064265640685334791 68.861747741699233 10.500000000000002 0.22500000149011615 -0.0040480708703398696 1.0000000180025095e-35 0.37500000000000006 0.00029927538707852369 42.064247131347663 -9.5150003289745638e-06 -2.4999999999999996 7.8333332538604745 0.016151428222656253 14.500000000000002 66.297378540039077 -7.4999999999999991 5.5000000000000009 -4.4999999999999991 0.53333333134651195 2.3249999284744267 -0.96145513653755177
decision_type=2 2 2 2 2 2 2 2 2 2 2 2 2 2 2 2 2 2 2 2 2 2 2 2 2 2 2 2 2 2 2 2 2 2 2 2 2 2 2 2 2 2 2 2 2 2 2 2 2 2 2 2 2 2 2 2 2 2 2 2 2 2 2 2 2 2 2 2 2 2 2 2 2 2 2 2 2 2 2 2 2 2 2 2 2 2 2 2 2 2 2 2 2 2 2 2 2 2 2 2 2 2 2 2 2 2 2 2 2 2 2 2 2 2 2 2 2 2 2 2 2 2 2 2 2 2
left_child=2 4 10 5 9 22 12 8 23 14 15 30 25 31 21 -1 93 19 61 20 28 56 24 49 48 85 -17 -28 -14 101 -5 53 33 35 111 36 -10 -38 39 42 41 -40 -11 44 -44 -26 -47 118 84 -6 51 81 -33 -7 55 -30 -2 58 59 60 -34 123 63 106 -65 66 82 68 69 -52 76 -72 -13 -46 79 92 -71 -78 -63 -23 115 105 -64 -84 -4 -3 -87 -70 -66 -69 91 -67 -43 94 -12 96 97 98 100 -97 -54 102 -25 -104 -61 -9 -8 -96 -31 110 -45 112 113 -27 -56 -81 -18 -74 -15 -29 -22 -68 -60 -19 -125 -59
right_child=1 6 3 11 7 13 62 50 32 38 16 72 17 47 -16 26 116 18 -20 -21 120 74 -24 29 45 34 27 119 54 108 -32 52 57 -35 -36 -37 37 -39 40 -41 -42 75 43 109 73 46 -48 -49 -50 -51 67 -53 95 -55 114 -57 -58 125 122 104 -62 78 65 64 88 90 121 89 87 70 71 -73 117 -75 -76 -77 77 -79 -80 80 -82 -83 83 -85 -86 86 -88 -89 -90 -91 -92 -93 -94 -95 107 99 -98 -99 -100 -101 -102 -103 103 -105 -106 -107 -108 -109 -110 -111 -112 -113 -114 -115 -116 -117 -118 -119 -120 -121 -122 -123 -124 124 -126 -127
leaf_value=0.0057216497417093984 0.0062286149311765217 0.0010794666354957674 -0.028072570706545535 -0.02218017460782562 0.040497490446009803 -0.024012258575931249 0.0091202501136004796 -0.026456477670209051 -0.011205071471772507 -0.006427709586381905 -0.0064699343816084307 -0.0032137419029898378 0.017729706186384274 -0.023448551376128456 0.02377110987909499 -0.010770387612513817 -0.0085944397248507321 0.02847799179351683 -0.018211602949012168 0.010922159695209531 -0.007651160694284973 0.03117267030436879 0.015711258848529908 0.0061548839015699471 -0.0055464054839736059 0.0092427163834021397 0.029997817760535381 -0.0027239957946710511 0.0085374988297826204 -0.0059072635907102457 -0.012753664580550349 0.00096703601871205806 0.060660272434862272 0.0019581256759079492 0.041495905056257276 0.0065827078180899102 -0.02600283896533569 -0.09294919265199382 -0.030162546995722711 0.026251678660551576 0.060577649560101893 0.0028063310890121557 0.0048686008473878229 -0.0007960713664473013 0.050008031368727238 -0.012100218672316643 -0.045308622306694427 0.039531583408113455 -0.0011865818860791362 0.01662427018124351 -0.0067763280957943723 0.0085064055073788593 -0.011659889731822635 -0.01189112208815723 0.024441974905458328 -0.0038260127474855931 0.020400883868300038 0.028256154475470932 0.053973349285846017 -0.063474453478336676 -0.023712134411013098 -0.0127220159203318 -0.019363179504182954 0.010186076867449085 0.01611773435217603 -0.005806532711262081 0.0063144418948181368 -0.0032771615110108532 0.0097904505015932054 0.011564927459645716 0.027627780083621468 0.0064275278816996895 -0.014619598408289681 0.020483058383888701 0.010698821433014106 0.023000363441290771 -0.022308845295969357 0.00051196826595467204 0.010278748233177306 -0.024754394680543912 -0.027975045060885911 0.00049125940558175033 0.0083932228163150491 -0.046687458493672493 -0.0064290503805454263 0.0045898907924061651 -0.012133277878964836 0.0015504352694620702 -0.0039173867006376028 0.005016616011010183 -0.022126102588630299 0.019226917179134384 0.019885707412329576 0.0038583919406276917 -0.003824261467549449 0.0320943360775863 0.011858448906216519 -0.0068697428000793846 -0.0075620803465244113 -0.024771839372313833 -0.021565543743641339 0.017976058191725843 0.015572891093744379 -0.0017086643775619231 -0.017905564846550578 -0.0054137068986595911 -0.016720521770183065 0.011257606392499904 0.021558888434536128 0.014866693655176214 0.012821723042418727 0.0035349617298848779 -0.0053427142755447339 -0.016038594832582319 0.0060978531212638482 0.016827696086989776 -0.040363151345767651 -0.008212432448687924 -0.0013613773041627811 -0.014602613216830658 0.00022728035177303044 0.024841597355446384 -0.013680212430042081 -0.035675901207078017 -0.0060709170727470813 0.0060803525933318574
leaf_weight=6585.3970820754766 2830.4561293721199 30714.019272312522 1126.768831834197 14517.658903181553 901.78684096038342 5246.9267595112324 28059.279238149524 1685.466343075037 524.34018452465534 1573.1409425288439 9614.5413734465837 6280.5632631480694 3091.9591519385576 796.31576243042946 11014.665390610695 12981.851001352072 2305.3762100487947 193.60690550506115 3713.4661068469286 7626.5511355549097 7196.3086592406034 256.51861515641212 1576.9311436861753 14703.017382785678 35284.341352418065 763.96527417004108 494.73732814192772 33279.240754425526 4357.1566812396049 3065.5111754536629 10603.816074773669 3690.3274224698544 126.96380567550659 2839.8428637981415 221.10409297049046 440.80041092634201 222.68719403445721 229.19179645180702 398.36471407115459 3092.0224652886391 202.89346607029438 14276.151182189584 959.97755536437035 4839.4377053827047 843.23341542482376 5841.4304589927197 569.01591065526009 275.46460282802582 50919.03441222012 8297.8329184502363 4516.1944613158703 3238.8847689628601 9576.9250540882349 7565.7790360897779 1483.4893908947706 8944.4852779954672 10408.197317957878 725.42436435818672 170.9465457201004 296.42225596308708 160.69938904047012 989.43199327588081 1503.0743899345398 4621.4401241540909 1080.5381961017847 4951.3021079003811 6585.0037814080715 11305.849411591887 33421.649443611503 3308.8814191371202 1641.7915467321873 4164.0998697578907 23457.360057860613 1210.010482609272 5130.653208270669 1312.1505368500948 878.72701990604401 13348.844151929021 3831.0912104696035 323.18309460580349 835.14252325892448 2753.7787725180387 1600.1579424291849 176.94942171871662 3624.8721375316381 3671.547331020236 6561.2801736742258 7075.1310963183641 9406.7521003186703 11230.934422656894 1210.0042810440063 769.85119840502739 1453.4007858335972 45944.360756441951 2803.2755475789309 140.34996278584003 1014.2340306192636 21104.092073827982 10724.244865313172 2659.2452213466167 8107.7602812349796 6882.9645064771175 12135.144925996661 1662.7565598785877 473.09652857482433 1725.3292960673571 572.37512993812561 3894.1775492876768 582.92835609614849 7693.0662053078413 4041.0419047772884 3527.7240512669086 30025.645199298859 7483.7099167853594 4161.2655443251133 619.94258606433868 430.60671205818653 14286.787276536226 10201.557504341006 2734.1466234475374 28142.824912592769 1229.4357377588749 142.21630072593689 634.48590233922005 1165.4768720418215 29475.25286385417
leaf_count=26354 11347 122878 4509 58165 3614 21015 112305 6744 2098 6301 38465 25140 12375 3186 44234 51944 9226 775 14858 30535 28793 1028 6309 58898 141197 3057 1980 133136 17437 12271 42480 14774 508 11367 885 1764 891 917 1596 12421 814 57196 3846 19381 3380 23387 2279 1102 203715 33249 18070 12962 38337 30293 5939 35794 41744 2904 684 1186 643 3959 6014 18491 4324 19809 26348 45252 133761 13243 6576 16666 93957 4848 20568 5259 3516 53416 15331 1295 3346 11020 6403 708 14504 14689 26248 28315 37636 44948 4841 3080 5822 183811 11216 562 4059 84471 42934 10648 32462 27581 48627 6662 1893 6904 2290 15581 2333 30812 16193 14113 120118 29943 16659 2484 1726 57222 40813 10943 112610 4921 569 2539 4664 117979
internal_value=0 0.00450933 -0.00600475 -0.00849318 0.00801819 -0.00654688 0.000404651 0.00611778 0.00866506 0.012797 -0.000882869 -0.013561 -0.00121332 -0.00981456 0.0169884 -0.00388544 0.00170775 0.00117873 -0.00617757 0.0023701 0.00123337 0.0133269 -0.00386836 0.0118031 -0.00418547 -0.00339095 -0.00516381 -0.00317018 0.00541924 0.0101152 -0.0182012 -0.0110887 0.00444059 -0.00575695 -0.00599066 -0.0212187 -0.0337721 -0.0599578 0.00965363 0.012577 0.00563514 0.00499595 0.0105788 0.0119447 0.0237709 -0.00700724 -0.0150479 -0.00192233 -0.0020721 0.0189644 0.00398286 -0.00266156 -0.00979293 -0.0168548 0.00341024 0.000223845 0.0173708 0.00581557 -0.0117592 -0.0221297 0.0135267 0.000380596 0.0045566 0.00626372 0.00182942 0.00041418 0.00434324 0.00467028 0.00592786 0.00240567 0.00418217 0.0124225 -0.0109132 0.0326085 0.00585549 0.00581781 0.00145399 -0.000897497 0.00555775 -0.00635682 -0.0117705 -0.00852924 -0.00729689 0.00290875 -0.0115614 -0.000722963 -0.00613299 0.00835085 -0.00185311 0.000855942 -0.00587502 -0.00243798 0.00438445 0.00238023 -0.00178315 -0.0105375 -0.00990682 -0.0103527 -0.01294 -0.021921 -0.0162013 0.0113148 0.00970613 0.0134903 -0.0354589 -0.0158121 0.00860367 0.00494496 -0.00151887 0.00979459 0.00540067 -0.00624183 -0.00714298 -0.0136968 0.0109188 0.00257866 -0.0135944 -0.0121944 -0.00296063 -0.00362582 -0.00137705 0.0092293 0.0232499 -0.0121379 -0.0165067 0.00661302
internal_weight=0 477936 370260 249192 257669 180046 220267 184355 84059.8 73313.7 121068 69146.2 158501 81103.2 31418.8 56075.4 64992.3 75531.6 10527.6 65004 57377.5 20404.1 98942.4 48231.9 97365.5 82969 49490 36508.1 22038.4 39032.3 25121.5 69829.9 35827.9 4256.86 42022.1 1417.02 976.219 451.879 41894.9 24251.9 17643 17440.1 21159.9 19586.8 3013.22 41694.8 6410.45 11273.3 55670.7 9199.62 100296 9403.46 57017.2 12812.7 18946.4 13301.6 13238.7 31571 1370.34 1057.18 287.663 6814.09 61766.2 43740.4 15108.7 18025.8 11094.6 90892.1 68355.3 27858.5 23342.3 5805.89 44024.7 2053.24 7165.44 17041.7 17536.5 14227.6 4820.52 2034.79 1778.27 6164.57 3280.18 1777.11 4751.64 40946.8 10232.8 40496.8 10487.3 22536.8 6931.16 5721.15 15729.6 62256.4 16312 53326.9 50527.3 49513 28408.9 2799.6 17684.7 35383.9 28500.9 13797.9 769.519 3410.8 28631.7 6697.45 3648.44 16573.5 8880.48 41801 38273.3 8247.68 5644.75 943.126 2735.98 37744.1 10997.9 36013.4 35339.1 7814.44 313.163 1993.57 1799.96 30200.7
internal_count=3395217 1913315 1481902 997520 1031946 720556 881369 738031 336638 293915 484382 276964 634199 324656 126046 224357 260025 302268 42126 260142 229607 81812 395900 193235 389591 331931 198003 146059 88204 156372 100645 279555 143403 17037 168116 5670 3906 1808 167869 97182 70687 69873 84761 78460 12074 166863 25666 45101 222728 36863 401393 37630 228247 51308 75829 53231 53091 126366 5483 4230 1151 27268 247170 175046 60451 72124 44394 363763 273563 111487 93417 23242 176319 8228 28721 68277 70175 56932 19290 8153 7125 24668 13125 7111 19013 163815 40937 162076 41960 90200 27730 22889 63018 249073 65262 213473 202263 198204 113733 11210 70799 141768 114187 55289 3079 13648 114595 26797 14604 66386 35574 167231 153118 33000 22598 3779 10952 151179 43999 144079 141403 31269 1253 7978 7203 120883
is_linear=0
shrinkage=0.1


Tree=6
num_leaves=127
num_cat=0
split_feature=28 32 32 10 10 22 43 22 15 28 5 26 41 38 38 37 37 22 7 43 9 33 37 37 31 5 42 16 39 44 15 38 41 38 37 8 44 46 33 44 30 43 27 38 31 37 46 38 10 9 39 44 13 38 33 37 37 44 34 15 43 39 33 30 2 38 31 20 37 44 13 43 34 27 42 45 23 20 23 45 32 41 8 32 23 46 35 38 22 23 39 39 33 26 4 5 23 16 10 38 26 7 23 44 30 46 38 9 31 44 22 38 45 43 22 31 34 8 38 46 43 38 22 37 39 37
split_gain=1852.95 510.006 382.329 241.235 171.571 144.879 143.51 136.866 99.7323 99.0149 103.425 79.6348 75.7959 70.961 135.611 81.134 70.8046 70.4176 69.0348 66.7074 66.1882 65.2746 62.7023 61.1454 61.0845 61.0524 63.8486 57.6095 57.4399 52.8902 52.2249 50.0962 49.696 49.448 68.1254 51.6287 49.1751 47.919 47.5123 46.933 46.8755 46.75 45.1663 44.9472 57.6222 66.2927 44.5798 44.2825 71.671 44.2332 43.1277 43.0427 105.984 54.7225 43.2042 48.1885 42.5438 43.6828 42.3641 42.102 41.3035 41.1415 40.7441 39.5332 39.4458 40.4401 53.7987 44.7942 39.1553 38.6938 38.6559 44.575 38.1153 38.0362 37.6467 37.6188 36.9119 39.9457 39.7799 49.6986 44.5043 36.6662 36.0341 48.4102 37.1638 35.8847 35.7464 35.7094 39.2623 37.1502 35.3719 42.1491 41.6395 35.2698 40.0558 39.7696 40.8772 34.8989 34.8162 34.7139 38.2725 34.6108 37.9059 47.3346 34.0096 33.7732 34.1077 33.6835 33.4463 33.313 32.9507 32.9417 37.5387 34.4081 32.7559 32.6405 32.633 32.4183 48.5919 48.3588 41.446 36.9973 34.7598 32.1863 34.4572 32.0507
threshold=0.00061759309028275322 -9.1590773081406937e-05 0.0001417882012901828 58.585962295532234 29.775316238403324 55.61964416503907 0.10500000044703485 59.555343627929695 0.22285658121109012 0.0019826377974823122 -0.028298717923462387 0.66930106282234203 5.0750000476837167 16.500000000000004 8.5000000000000018 7.8333332538604745 7.7333333492279062 40.031225204467781 0.00052831310313195001 0.33500000834465032 0.00019600958330556753 0.00060649670194834482 7.6666667461395273 0.76666668057441723 0.0023209106875583534 -0.0042810896411538115 0.12999999709427359 0.0008230822568293662 5.5000000000000009 -0.70499998331069935 0.92710325121879589 1.5000000000000002 3.8649998903274541 17.500000000000004 5.2666666507720956 0.0012852674117311837 0.78000000119209301 -32.499999999999993 0.0065554075408726939 0.60500001907348644 -0.0012986657093279062 -0.014999999664723871 0.0016608973382972183 6.5000000000000009 0.000296519763651304 0.43333332240581518 -3.4999999999999996 16.500000000000004 54.415397644042976 0.00013878968456992882 5.5000000000000009 -0.29500000178813929 0.00030722658266313379 16.500000000000004 -0.0045742611400783053 3.5666666030883794 1.8333333730697634 -0.74500000476837147 2.9634131193161015 0.81445041298866283 0.37500000000000006 5.5000000000000009 0.003541814512573183 0.00051003365661017608 0.011426732409745457 19.500000000000004 0.0013042791397310796 -0.0019255787483416496 6.7333333492279062 1.0000000180025095e-35 -0.00031283913995139295 0.61500000953674328 -0.62306982278823841 0.0037693490739911799 0.24499999731779101 30.500000000000004 7.5130323239136501e-05 -0.0014763605431653557 -0.0003765020082937553 23.500000000000004 -0.003579977084882557 4.1050000190734872 0.0011289464309811594 -0.0038667718181386586 -0.0054269058164209119 -16.499999999999996 0.00014997499965829777 1.5000000000000002 46.725776672363288 -0.0023367662215605374 5.5000000000000009 1.0000000180025095e-35 -0.0016427992959506808 0.7571186125278474 0.028352686204016212 0.00046902189205866312 0.002085670363157988 4.4058775529265411e-05 29.210427284240726 13.500000000000002 0.70610246062278759 0.00024436606327071791 5.2062570830457851e-05 -0.63499999046325672 -3.6022587664774612e-05 5.5000000000000009 1.5000000000000002 0.0017220092122443023 0.014454671181738378 0.45499999821186071 42.338527679443366 13.500000000000002 22.500000000000004 -0.34499999880790705 75.398803710937514 -0.001080525806173682 -0.25791910290718073 0.00093890965217724453 9.5000000000000018 1.0000000180025095e-35 0.2650000005960465 8.5000000000000018 48.028869628906257 6.7333333492279062 4.5000000000000009 0.33333332836627966
decision_type=2 2 2 2 2 2 2 2 2 2 2 2 2 2 2 2 2 2 2 2 2 2 2 2 2 2 2 2 2 2 2 2 2 2 2 2 2 2 2 2 2 2 2 2 2 2 2 2 2 2 2 2 2 2 2 2 2 2 2 2 2 2 2 2 2 2 2 2 2 2 2 2 2 2 2 2 2 2 2 2 2 2 2 2 2 2 2 2 2 2 2 2 2 2 2 2 2 2 2 2 2 2 2 2 2 2 2 2 2 2 2 2 2 2 2 2 2 2 2 2 2 2 2 2 2 2
left_child=1 8 4 7 41 13 9 25 20 101 17 16 18 14 39 59 81 22 86 30 -1 -16 -11 32 50 26 70 93 69 -8 37 -22 108 34 -14 74 49 -4 51 63 43 73 -20 44 45 110 -44 48 -45 97 104 52 53 54 68 61 -28 -58 62 -15 -21 72 -26 125 65 67 -67 -62 117 -13 -3 107 -56 -2 -35 116 78 -78 80 -80 -74 -10 -53 84 -84 -61 -12 88 -51 -89 91 -36 -93 94 -25 96 105 -27 -42 100 123 -6 103 -103 -7 106 -95 -72 -9 -94 -39 112 -50 -113 -33 -97 -32 119 121 120 -31 122 -119 -100 -125 -5
right_child=2 3 19 5 6 24 29 23 11 10 12 28 33 15 21 -17 -18 -19 42 60 31 -23 -24 27 58 36 56 -29 -30 38 75 114 -34 35 90 -37 -38 40 -40 -41 98 -43 46 47 -46 -47 -48 -49 111 87 -52 82 -54 -55 55 -57 57 -59 -60 85 64 -63 -64 -65 -66 66 -68 -69 -70 -71 71 -73 76 -75 -76 -77 77 -79 79 -81 -82 -83 83 -85 -86 -87 -88 89 -90 -91 -92 92 109 95 -96 115 -98 -99 99 -101 -102 102 -104 -105 -106 -107 -108 -109 -110 -111 -112 113 -114 -115 -116 -117 -118 118 -120 -121 -122 -123 -124 124 -126 -127
leaf_value=-0.011332417403084067 0.012700599624246078 0.013968350855865765 -0.024749326764865236 -0.016022400790709844 0.01350083810787632 -0.058883833218903982 -0.054143481348117695 -0.039712045127387734 -0.0015898302932619843 0.01012017172757573 0.031309695615303446 -0.0051710284117049083 0.011722835940112225 0.0060307135666295185 -0.0078505009050628387 -0.044519655567844492 -0.016648177590024446 -0.00392803288446143 0.0064896242575467715 -0.014460789194879371 -0.0065529071682860736 -0.018821735776674255 -0.020801811129804462 -0.0041753922735537291 -0.0074987815382680616 -0.0067513547061446091 -0.01237741966052173 0.00035897193171007219 -0.01120499714198544 -0.024048903509439858 -0.0041660479485270269 0.0065635788683087032 -0.0114381400246141 0.016372215066410078 0.019171543561546017 -0.00082099154477025644 0.045828969153351731 0.055037345458889643 -0.013410729286662457 0.025827335102470608 0.014608701551335205 0.011090577462838071 0.0084085919325622271 0.0041148186685300604 -0.0030792812517745553 0.011248474157235691 0.020211249268750474 0.0074569972422204398 -0.026103809315419408 0.027641488437061035 -0.02546379914542661 0.0045741743483358865 -0.0082973555383637314 0.0026653081301384759 0.015974245572231236 0.018292687245474577 0.036141528544995756 -0.001764074506356632 0.00080371745249352064 -0.023459537756514746 0.0070212690241692232 0.029581435561454258 -0.013967111420186551 -0.012653911358811068 -0.040590339256403714 0.012710671862220597 -0.011857857593129665 -0.0048653987085350917 0.0017918858885536534 0.00016582225780689046 0.0052218192426787303 -0.0095234524468635236 -0.050302718107826022 0.023569371500847432 0.034048401087552416 -0.0017804803373554217 0.048523432535390099 -0.0066510256902966502 -0.09220912223939251 -0.02122659930414704 0.0027311157419061599 0.0032524107356236387 0.032251694781299932 -0.0054579322292301197 0.0030357189406052965 -0.0023449294527199097 -0.012939176706332553 0.035575745728213981 -0.01420510562079739 -0.002783487934615715 0.022170295330193098 0.00038700306325814261 -0.023804757665324722 -0.029724021355721247 0.019536074495984629 -0.045547524512379943 -0.02069044819545398 -0.028497527178665362 -0.00093498298381726312 0.0038032435996951165 -0.022020394134642098 0.028366821913772079 0.0086096929258865414 0.0007979837712035298 -0.014278899229199317 -0.011952238160177684 0.0036154286918090948 -0.0090302937433552003 -0.0074309332840958343 0.022969571155270863 0.0060830939968877541 -0.031813642639107138 0.0009831820653101286 -0.0067134327321573348 0.030277669423878502 -0.010696635276223686 -0.03329129007967542 0.035968174183366584 0.051953241286252005 0.03685714562102109 0.017166916615335193 -0.021076011031297789 -0.0087434127929495106 -0.0062528539494477939 -0.03973551137171747 -0.0016118472136499953
leaf_weight=2381.0164411664009 5202.5300755500793 3415.6168326288462 617.81881113350391 1661.022898927331 4226.2306962907314 172.23883004486561 156.62753267586231 1270.1722322553396 22457.033812433481 14802.76244816184 3871.390000551939 25737.985200822353 17299.434523299336 6630.4968822449446 9416.253199338913 428.42048797011375 2144.9590758532286 6108.5391138643026 4829.3557532131672 2853.8752916455269 2977.1733555197716 12787.196808159351 686.16348700225353 6400.3341340571642 17067.159261882305 1793.2439896464348 4188.908871948719 10066.862086981535 8471.7579936236143 372.49185335636139 690.81125915050507 32829.085628420115 4425.4258443713188 4468.6346718370914 932.60784669220448 1297.7639334052801 198.98792599141598 540.41611866652966 1538.9301113933325 526.23632003366947 1550.3461296409369 13260.302175164223 4199.1607617735863 13930.225829333067 2656.2526091039181 9863.4917929917574 13452.336288124323 14401.561217471957 608.89848090708256 236.91422022879124 4367.6866132318974 51897.11395829916 3183.0069112181664 4850.6843153089285 796.53618822991848 3592.855888441205 310.43685454130173 14710.877971470356 3181.0045137256384 855.9293360710144 3707.5586112588644 456.66775883734226 22677.842344149947 4730.1820097714663 261.0560218244791 3701.3396915346384 1173.9702841639519 21878.220578461885 769.42490722239017 28772.317376434803 20780.975067481399 2694.3494316190481 193.77962881326675 8448.90114800632 1649.7178709208965 3588.6211256086826 195.52151824533939 398.98239956796169 138.62002208828926 341.97638490796089 862.58671554923058 51497.385716870427 454.81210698187351 9791.8435125648975 10195.88324585557 13501.418310508132 191.60528922080994 253.71779850125313 4181.2037786394358 51623.520037561655 725.61966909468174 5868.7559143453836 1310.3279383182526 322.04827515780926 801.67718416452408 271.23652899265289 1262.3380961716175 1254.0796951800585 14547.842551603913 10245.034908354282 1053.9018276631832 640.66732159256935 11457.046537384391 22318.31246201694 22610.867506191134 2307.0999544709921 6504.9162277579308 1802.0887433886528 429.48787672817707 172.28470973670483 184.41260880231857 1048.2884749770164 3202.8910837322474 1140.1341133862734 592.99467721581459 29172.632460296154 868.14554104208946 1035.8445081859827 922.79895840585232 688.89251689612865 707.17752474546432 171.53043170273304 208.9486183822155 992.89121820032597 445.15424259006977 21794.035712659359
leaf_count=9530 20882 13665 2473 6650 16932 690 627 5091 89846 59361 15532 102980 69360 26535 37690 1716 8583 24472 19352 11419 11912 51210 2750 25612 68367 7176 16762 40280 33909 1492 2764 131396 17724 17912 3737 5201 796 2168 6159 2106 6205 53176 16837 55742 10629 39490 53961 57656 2436 948 17533 207793 12741 19423 3189 14389 1242 58858 12738 3427 14835 1831 90892 18947 1045 14813 4697 87533 3081 115111 83142 10780 776 33968 6615 14359 783 1597 555 1369 3453 206037 1822 39194 40821 54053 768 1015 16733 206535 2911 23516 5247 1290 3208 1086 5055 5019 58203 40997 4216 2566 45877 89356 90616 9236 26041 7210 1721 690 739 4195 12813 4563 2375 116802 3474 4150 3696 2761 2832 687 837 3972 1781 87243
internal_value=0 -0.00394018 0.00552722 -0.00636946 0.00779329 -0.00940832 0.00684873 -0.00383396 0.000336049 0.00913262 0.011102 -0.000914347 0.0132297 -0.00626883 -0.00830023 -0.00143938 0.00126253 0.00516443 0.017227 0.000802488 0.00482047 -0.0141689 0.00875032 -0.00752521 -0.0126488 -0.00166156 0.000996025 -0.00650683 -0.00354461 0.00391839 0.00233696 0.00587709 -0.0170204 0.0100835 0.00805053 0.0172956 -0.00379967 0.00298865 0.00401538 -0.00376178 0.00321292 0.0153195 0.015059 0.00514114 0.0100898 0.0133934 0.0174035 0.00323206 0.000179159 -0.00396608 -0.0163612 0.00430615 0.00842625 0.0116127 0.0152739 0.0102267 -0.00346583 -0.000980701 -0.0103008 -0.000559989 -0.00295313 0.00166452 -0.0111895 -0.00431423 -0.00188415 -0.00155243 0.00679459 -0.00314294 0.0224947 -0.00235406 0.00398327 0.00263404 -0.00268956 0.0194273 0.0211383 -0.00741496 -0.00966429 0.0114948 -0.0178487 -0.0417003 -0.0069974 0.00178201 0.00317341 -0.000382679 0.00428332 -0.0036037 0.029223 -0.00333088 -0.0119612 -0.00259588 0.000999293 -0.000855142 -0.00339576 -0.00797609 -0.001536 -0.00914027 -0.00382323 -0.0157007 3.14461e-05 -0.000796846 -0.00356261 0.00496044 0.0039117 0.00156729 -0.0146161 -0.00149216 0.00204271 0.00408453 -0.0315549 -0.0183694 0.0425823 -0.00895796 -0.00334372 -0.0187368 0.00698433 -0.0110177 -0.0203852 0.0263726 0.0340973 0.0161559 0.00294723 0.0224633 0.028463 -0.00234575 -0.0166176 -0.00263236
internal_weight=0 490949 357097 313087 241344 142408 214432 170679 177862 120509 81866.5 139081 60269 72331.2 50914.9 21416.3 76099.4 21597.5 26543.8 115753 38780.3 22203.5 15488.9 63234.2 70076.8 107445 47903.3 57109.1 62982.1 93923.5 82177.1 36399.3 6125.09 33725.1 26309 7416.12 59541.7 77029.6 93766.9 28711.5 76411.7 26911.7 22480.9 47576.6 13244.6 10588.3 17651.5 34332 19930.4 59342.7 27150.8 92228 19888.3 16705.3 11854.6 6977.53 19210.2 15021.3 42926 20987.8 33576 3384.67 39745 28185.2 30722.1 30461.1 4875.31 25585.8 4877.11 54510.3 28693 25277.4 2928 13651.4 6118.35 5147.58 2131.47 594.504 1536.96 480.596 1056.37 73954.4 72339.7 20442.5 10650.7 14357.3 4063 56295.4 4418.12 51877.2 9009.6 8283.98 7351.37 47042.3 7202.01 39840.3 10396.4 3047.32 28835.2 27284.8 17039.8 38642.3 34416 22959 22783.1 9134.06 6826.96 22583.1 1699.66 1482.61 724.829 6000.21 3811.79 2188.42 33422.1 29443.9 1558.96 4107.68 2339.12 1768.56 1079.67 1416.32 1244.79 15985.9 1438.05 23455.1
internal_count=3395373 1965119 1430254 1253440 967037 570413 859011 683027 711679 482953 328222 556466 241639 289577 203846 85731 304466 86583 106450 463217 155213 88900 62111 253146 280836 429881 191659 228610 252000 376058 328875 145683 24536 135189 105461 29728 238222 308278 375431 114946 305805 108026 90150 190431 53026 42397 70798 137405 79749 237426 108839 369272 79642 66901 47478 27942 76862 60100 171997 84015 134342 13553 159259 112840 122923 121878 19510 102368 19536 218091 114797 101132 11722 54850 24527 20597 8533 2380 6153 1924 4229 295883 289630 81837 42643 57480 16300 225231 17681 207550 36101 33190 29453 188330 28820 159510 41622 12195 115374 109169 68172 154731 137799 91922 91306 36567 27331 90352 6812 5937 2907 24007 15249 8758 133771 117888 6238 16455 9370 7085 4324 5674 4987 63956 5753 93893
is_linear=0
shrinkage=0.1


Tree=7
num_leaves=127
num_cat=0
split_feature=20 18 10 22 5 10 22 24 15 24 38 34 37 32 22 37 13 31 23 46 23 42 23 5 41 42 32 36 7 37 38 38 37 41 22 0 38 37 23 34 37 37 16 30 41 42 34 26 17 42 16 4 42 5 31 4 25 34 46 42 38 32 6 22 13 4 2 22 31 5 38 15 25 25 46 17 33 33 42 32 37 35 37 37 34 37 29 4 37 23 33 4 29 8 29 37 38 37 38 41 42 38 11 22 46 5 41 5 19 31 38 37 36 23 13 38 38 23 41 26 3 33 37 25 14 26
split_gain=1535.52 379.596 242.257 196.117 175.316 157.523 145.075 91.9447 91.8952 89.98 78.5142 73.9378 73.7384 69.7953 68.3848 66.1506 61.0707 59.7437 58.5447 56.9532 56.8563 56.3839 89.4569 55.3057 54.6097 54.2323 55.08 53.1936 51.5153 50.971 48.7551 64.6239 50.0493 62.1011 48.6568 48.1637 47.9755 47.6503 47.4711 47.1613 46.9437 46.1984 45.5203 49.1659 45.1537 42.9471 41.8347 41.5352 40.6358 40.339 39.2454 39.2401 51.8895 41.072 52.9505 39.2269 38.7163 38.3759 38.372 39.3227 38.2205 50.5848 37.8009 37.7473 39.9217 36.8704 36.7595 36.4063 36.1325 35.5248 38.5132 35.4991 49.4563 35.3788 43.0433 35.2365 35.7449 34.9615 59.3818 49.1444 44.7068 35.2031 34.9139 44.5457 34.8171 42.5623 34.7921 34.5399 34.5177 34.2041 37.3525 33.3203 34.3971 33.2754 33.1953 33.1889 33.1689 36.9809 32.9455 35.1919 50.24 41.2808 35.897 32.7163 32.5767 32.5593 32.447 32.1818 48.5645 32.0383 31.4515 31.4039 46.1741 43.5094 31.3968 31.2109 59.6322 35.6541 33.7697 31.1017 31.0653 41.0912 36.1756 31.5993 35.3567 31.0504
threshold=-0.00030394342320505524 -0.0013808424700982867 33.149122238159187 44.647867202758796 0.001500022364780307 69.801807403564467 58.785404205322273 0.0016885908553376796 0.92163413763046276 0.0047541253734380015 1.5000000000000002 2.5887047052383427 0.80000001192092907 -0.00018822660786099729 52.377553939819343 7.0333335399627694 -0.00087216284009627987 0.011265576817095281 0.00067573701380752038 -3.4999999999999996 0.0030426345765590672 0.75499999523162853 -0.0016126533155329523 -0.038987440988421433 4.2249999046325692 -1.0000000180025095e-35 0.00055306102149188529 0.00018665999959921467 0.0010739266290329399 1.6999999880790713 19.500000000000004 12.500000000000002 6.7666666507720956 2.3249999284744267 53.244689941406257 -0.00029912513855379069 13.500000000000002 7.866666555404664 -0.00092884103651158501 -0.061770446598529809 0.63333332538604747 0.46666665375232702 1.0000000180025095e-35 -0.0012986657093279062 3.8649998903274541 1.0049999952316286 -0.43609525263309473 0.79169070720672619 -0.00037734827492386097 0.24499999731779101 0.00013737285189563411 0.0024258081102743749 0.24499999731779101 -0.0054973463993519536 0.00070211256388574849 -0.017068530432879921 0.047862883657217033 -0.02760650776326656 -32.499999999999993 -1.0000000180025095e-35 11.500000000000002 -1.0000000180025095e-35 0.00099787616636604092 59.874536514282234 -0.00023035535559756679 0.015511897392570974 -0.00066008634166792024 59.555343627929695 -0.00040648167487233872 0.0023447568528354172 4.5000000000000009 0.505211502313614 0.0096002761274576204 0.0077707644086331138 -7.4999999999999991 -7.7686741860816242e-05 -0.00073364880518056441 -0.0052548423409461966 0.50499999523162853 -0.0023407345870509739 5.4333331584930429 0.00017171500076074156 4.5000000000000009 3.8666666746139531 -0.53187158703804005 7.866666555404664 0.019911263138055805 -0.024052161723375317 7.3333332538604745 0.00028650854073930537 0.0047744675539433965 -0.019977496936917302 0.0024899903219193224 0.00051335187163203966 0.0030602905899286274 7.8333332538604745 22.500000000000004 7.8333332538604745 6.5000000000000009 1.2050000131130221 0.25499999523162847 12.500000000000002 -0.00024142843176377934 27.190228462219242 -32.499999999999993 -0.042897764593362801 3.7350000143051152 -0.012743161991238592 0.00064376348746009182 -0.0070984300691634408 13.500000000000002 2.5333333015441899 -2.188000053138239e-05 0.0005436690989881755 -0.00017028665752150116 16.500000000000004 9.5000000000000018 -0.0010918583720922468 5.2049999237060556 0.23985618352890017 -0.0029185403836891051 -0.00077210486051626493 7.7000000476837167 0.030097106471657756 0.0067111491225659856 0.28269457817077642
decision_type=2 2 2 2 2 2 2 2 2 2 2 2 2 2 2 2 2 2 2 2 2 2 2 2 2 2 2 2 2 2 2 2 2 2 2 2 2 2 2 2 2 2 2 2 2 2 2 2 2 2 2 2 2 2 2 2 2 2 2 2 2 2 2 2 2 2 2 2 2 2 2 2 2 2 2 2 2 2 2 2 2 2 2 2 2 2 2 2 2 2 2 2 2 2 2 2 2 2 2 2 2 2 2 2 2 2 2 2 2 2 2 2 2 2 2 2 2 2 2 2 2 2 2 2 2 2
left_child=2 5 35 8 12 6 9 67 13 24 19 16 34 21 37 20 -8 28 46 -5 44 30 57 39 -2 56 42 -13 63 -22 31 41 -32 -34 -3 103 -18 -9 -35 -24 87 62 43 -27 71 82 -11 -19 -33 50 95 53 -53 86 60 -25 -12 91 59 -43 -55 -62 -4 84 -65 107 110 -6 -17 -7 -71 73 94 74 -14 -57 -77 78 -60 -79 -81 109 83 -44 85 -16 119 -15 -50 90 -72 106 -93 -51 -73 115 -38 -98 -45 100 101 -100 -103 -1 -42 -70 -23 108 -20 -82 -54 -86 113 -113 -90 116 118 -118 -26 -46 -48 122 -122 -123 -125 -111
right_child=1 4 3 10 7 69 11 14 -10 18 25 27 15 40 17 68 36 47 65 -21 29 22 23 55 49 26 -28 -29 -30 -31 32 48 33 38 -36 -37 96 -39 -40 -41 104 58 45 98 51 -47 120 -49 88 93 -52 52 66 54 -56 75 -58 -59 77 -61 61 -63 -64 64 -66 -67 -68 -69 105 70 89 72 -74 -75 -76 76 -78 79 -80 80 81 -83 -84 -85 111 -87 -88 -89 114 -91 -92 92 -94 -95 -96 -97 97 -99 99 -101 -102 102 -104 -105 -106 -107 -108 -109 -110 125 -112 112 -114 -115 -116 -117 117 -119 -120 -121 121 123 -124 124 -126 -127
leaf_value=0.026637012197310614 -0.012886453430684961 -0.0015191243353815595 0.012268205846983467 -0.015376778201648275 -0.008769644066044073 -0.016995993017662765 0.011099974870331583 0.00083927082271176116 -0.0031935315683724362 0.0047281969416453472 -0.0031982618236865625 0.0023175860693184073 0.059635518787511534 -0.0047262064008477683 -0.0074551186138817338 -0.0068881245840193344 -0.013019091707766762 0.0051333782767270259 0.0050846937382544172 -0.0014107194671204787 -0.06376581114407158 0.049508766996740207 -0.0080996935420917446 0.044131073410123831 0.0065426636712605877 0.016637466172385953 -0.0017729903785627537 -0.051644106528303646 0.0028413469748626002 -0.009453121787353665 0.017327472625313683 -0.0033404454472083737 -0.021071585909289075 -0.0068397460262382319 -0.01385274119780356 0.0079041294907946941 -0.0064285890125103376 -0.024573814215448256 0.018612555774461918 0.020438107378025566 -0.027162364444937987 -0.034531630261692925 0.0059931913970433896 -0.0042263732542082459 0.014707740249890492 0.013713051741038937 -0.014064407702093305 -0.0047959787679620787 0.0065206802831309129 -0.023081941252335782 0.011029333390239501 0.0036320545235830324 -0.004472506937430531 -0.0046300349639815074 0.012707811036113551 0.011555693083083136 0.01126993217990821 -0.006915812128990827 0.01374860988456568 0.014950915167886398 0.014106053955773796 -0.0016068625405328222 0.034891713998837871 -0.0023655975522935196 -0.012039218197762904 -0.012856486245713745 -0.0099282636636691506 -0.021361949163032259 -0.045550975516202241 -0.0017466899192002472 -0.013380822339850291 -0.019399897868624387 -0.00034360801188082881 0.00060746679987222127 0.0099545427900833445 0.029348894548717742 0.0052658177939647706 -0.00071454360056586147 -0.0043617051925072528 0.012061077365792754 -0.020645059372926114 -0.044211081846085493 0.0017524805535510863 0.019720129405988791 -0.0075418676193555346 -0.046903459484555064 -0.0045601456066201021 0.020241013224870708 -0.027828541429438181 -0.0079845799980089362 -0.029698992274149013 0.032298705239004376 -0.024331862684962458 -0.0071741673800138593 0.0034776644428764925 -0.036333422358744948 -0.012755704781576477 -0.043569279756009049 0.013678064404372381 0.0043045600229793769 -0.023789613067290907 -0.012697778476466234 0.017504442566860939 0.013077272304566344 0.0027255395659183204 0.0039854837457626077 0.0030560442184639639 -0.0091318604287278123 -0.0068955975391089318 0.0017720513656151228 0.019334924644103881 0.017111721001565102 -0.002403368699797966 -0.012378124694648522 -0.00011383331429445979 0.0042377131833880128 -0.0583316651631983 -0.012497938800752506 -0.0071215519160635361 0.0068418846702822641 0.0078199204824536302 0.00088507116748426135 -0.029624705022696658 -0.015368951544724141 -0.0023824791533303986 0.034256850470971677
leaf_weight=1895.9212413132191 11576.450796231627 9632.5982545018196 1994.7470743656158 4362.254436314106 11405.425252631307 13540.518147572875 1337.6913923323154 42360.543229281902 9090.903117030859 18158.140593186021 23272.065123826265 6699.1516533344984 191.15419335663319 704.86724002659321 16295.769647523761 12085.970249146223 34537.352927699685 9597.2027745991945 7365.4659586846828 8831.0709695667028 208.91105216741562 375.0232874751091 1235.135462269187 775.95541664958 3821.7337255179882 2149.0007296949625 18535.419038057327 187.79981419444084 6196.1544090509415 999.37485034763813 9107.0238707065582 7563.1957913339138 795.33813905715942 1102.9871265441179 4788.7986986190081 23537.11338584125 26656.458067342639 750.89930945634842 2183.2581128031015 1090.2446718662977 368.64705814421177 417.00649021565914 14113.708758533001 8932.0655190199614 5967.6611735671759 7122.0523593872786 1823.2656003683805 7509.0311812609434 19740.162855163217 1729.8576922565699 2005.3368269056082 21246.061550095677 1405.4279706031084 9544.5237381011248 3799.8896353393793 2776.1592683792114 2009.2273935973644 2328.5812890827656 16363.120501101017 261.18581016361713 3373.913753375411 5216.7310599833727 1172.7702570110559 5543.3572782874107 18515.062646865845 4853.7074950933456 5890.6228546798229 2874.6492218226194 135.95332838594913 4124.7741396725178 5601.3680255711079 2875.6212919950485 7946.0547388643026 13879.050993695855 1988.6747842133045 4076.7390047907829 726.05937173962593 7544.14316226542 2035.7608477175236 11767.569938436151 545.707185536623 179.05276414752007 15743.009095907211 2839.7146752178669 6696.2289914637804 278.17513658106327 2309.7366441637278 2590.3199801892042 524.89820837974548 7747.0724499672651 1871.3840786665678 165.72192789614201 304.01496261358261 5482.1152497380972 813.71811528503895 307.28928479552269 2412.1877827197313 464.48683662712574 1480.1301210522652 24301.414188802242 1094.8524160981178 2156.937904432416 481.35547262430191 28939.576113179326 33915.86458145082 5521.4295077770948 251.01042376458645 6154.0378566980362 6258.9627416282892 2253.1442042589188 916.93255120515823 2564.3757085055113 10387.328194439411 621.57908925414085 1847.3732733726501 4234.4370522946119 175.89273855090141 4838.0046664923429 3433.6694361716509 31884.275977939367 6284.6741791218519 10341.246652171016 269.05561585724354 3343.9815239161253 5619.6550036817789 338.44096079468727
leaf_count=7625 46364 38552 7998 17459 45656 54287 5355 169504 36396 72678 93141 26827 765 2823 65210 48365 138435 38404 29476 35349 836 1504 4952 3117 15301 8605 74165 752 24795 3999 36505 30290 3184 4420 19173 94464 106786 3006 8747 4375 1476 1669 56517 35747 23893 28535 7298 30055 79120 6929 8025 85016 5624 38197 15206 11141 8041 9343 65591 1046 13505 20877 4703 22187 74130 19435 23575 11516 544 16538 22451 11510 31799 55544 7959 16385 2914 30228 8159 47159 2185 717 63035 11373 26797 1114 9246 10373 2103 31071 7505 665 1220 21947 3256 1231 9668 1863 5924 97260 4381 8632 1926 116172 135780 22099 1007 24636 25062 9027 3669 10261 41563 2487 7400 16951 704 19372 13747 127598 25153 41397 1077 13383 22495 1355
internal_value=0 -0.00348992 0.00519219 0.00402872 -0.00116146 -0.00670237 -0.0055419 -0.00369577 0.00654798 -0.00322237 0.00130619 -0.00900945 0.00118975 0.00718317 -0.00284235 0.00189979 -0.0100472 -0.00450067 -0.00111462 -0.00602847 0.00273946 0.00854231 0.0144108 0.0189202 -0.00717234 0.00208513 0.00314124 0.000846108 -0.00584561 -0.0188437 0.00759889 0.00660738 0.0132034 0.00400159 -0.00561465 0.0113107 -0.0104887 0.000396635 0.0100698 0.00528013 0.0034999 0.00900172 0.00427396 0.00191762 0.00295815 0.0066763 0.000998202 0.000774742 0.00298688 -0.00463092 -0.00219367 0.00402836 0.00102265 0.00545429 0.00197432 0.0227166 -0.0020484 0.000346157 0.00811744 -0.0154749 -0.000274684 0.00456427 0.0206445 -0.00672942 -0.0098103 -0.00504655 -0.00572759 -0.0113045 -0.00380069 -0.0130675 -0.0103177 -0.000579913 -0.00478602 0.00246761 0.0143112 0.0205241 0.0257082 0.00850744 0.0117448 0.00587515 0.00917096 -0.00108423 0.00514353 0.00829247 -0.00471764 -0.00811721 0.00735494 0.0149003 0.00515103 -0.0126405 -0.0174673 0.0157783 -0.00435275 -0.0109898 -0.014354 -0.00377101 -0.00752951 -0.0177311 0.00109485 0.00270522 -0.00475004 0.000311492 -0.0071874 0.013911 0.00240417 0.00279507 0.0308834 -0.00312997 -0.000418964 0.00137713 0.00492733 -0.00193787 0.000826795 0.0113583 -0.0062461 -0.00316471 -0.00571947 -0.0141058 7.59797e-05 0.008082 -0.00144852 -0.000558982 0.00628268 -0.00288163 -0.00722722 0.00601431
internal_weight=0 507476 340309 285936 294219 213257 180372 141596 148512 108077 137424 72295.1 152623 139421 127316 138202 65408.2 84204.3 70472.2 13193.3 120458 101842 14104.6 10680.3 37604.8 124231 98949.7 6886.95 67098 1208.29 87736.9 74548.3 13188.6 4081.58 14421.4 54372.6 64070.5 43111.4 3286.25 2325.38 37579.7 44872.6 80414.2 40595.8 119250 39818.5 45840 17106.2 29675.6 26028.3 18816.4 91555.8 29459 62096.7 21935.1 8354.91 25281.3 3424.35 41705.1 678.192 18135.2 8590.64 3167.52 60901.9 24058.4 24632.2 8212.98 14280.1 17743.4 32885.1 19344.6 27694.3 11635.4 16058.9 2179.83 7578.96 4802.8 41026.9 18398.9 22628.1 15083.9 3316.35 32696.4 16953.4 36843.5 16573.9 40161.7 3295.19 22112.4 15219.8 7472.75 1095.77 469.737 7211.97 3689.34 16811 29533.1 2876.67 38446.8 29514.7 5213.28 4118.42 2638.29 30835.5 34284.5 5657.38 626.034 19778.5 13624.4 3137.29 2322.36 20269.5 13573.3 3185.95 2372.27 16503.7 12269.3 5013.9 7255.4 37851.9 27681.9 25858.6 6553.73 19304.9 8963.64 2591.59
internal_count=3395119 2031691 1363428 1145167 1177492 854199 722347 566685 595077 432661 550090 289686 610807 558681 509513 553082 262107 337003 282090 52808 482074 408229 56623 42884 150571 497282 396100 27579 268544 4835 351606 298750 52856 16351 57725 218261 256752 172510 13167 9327 150452 179837 321935 162475 477239 159460 183481 68459 118913 104207 75331 366406 117884 248522 87785 33557 101182 13739 167136 2715 72579 34382 12701 243749 96317 98609 32868 57172 71008 131852 77565 110833 46565 64268 8724 30440 19299 164421 73750 90671 60443 13284 130925 67890 147432 66324 160737 13196 88623 61027 29956 4396 1885 28876 14766 67306 118317 11531 153870 118123 20863 16482 10558 123797 137256 22643 2511 79174 54538 12567 9293 81108 54311 12748 9503 66075 49124 20076 29048 151491 110803 103505 26230 77275 35878 10382
is_linear=0
shrinkage=0.1


Tree=8
num_leaves=127
num_cat=0
split_feature=20 18 28 43 22 32 13 32 37 16 37 16 39 28 37 8 45 8 43 33 42 7 37 31 41 43 39 43 37 41 31 44 19 28 14 32 16 37 44 23 41 43 37 43 26 21 13 31 30 2 45 42 10 21 37 44 25 22 18 37 22 44 44 30 45 13 32 6 22 18 45 44 37 32 17 41 0 22 22 37 21 16 22 32 33 17 45 37 28 39 23 37 31 43 10 3 31 37 45 8 31 11 8 22 31 11 45 39 43 39 23 13 43 44 30 45 39 43 45 36 44 14 44 43 30 45
split_gain=1278.97 345.563 246.64 159.663 156.972 128.041 119.367 102.8 90.7714 83.3118 83.1533 78.2286 97.9864 80.2751 73.2746 72.4611 70.2715 67.8392 64.0323 63.9954 62.6549 62.3624 51.8755 50.8805 66.4219 49.7793 49.4213 46.4817 46.2427 55.6363 55.1453 49.5614 46.2902 45.2417 49.2499 44.4711 46.0342 50.3664 44.3781 44.1613 44.1233 43.9544 43.9453 48.5535 53.5363 43.3012 43.1377 42.3674 42.0027 41.7463 41.6512 41.488 41.3159 40.2092 39.9605 42.2707 39.9539 39.9432 54.4331 39.7364 41.0797 39.6161 39.5614 39.4577 39.2382 39.1742 38.9852 38.3891 38.3296 38.1756 37.6609 37.6116 37.4803 37.0355 41.4258 37.5584 36.5044 36.3555 36.2526 35.5548 35.3096 35.0157 36.6729 34.6036 34.5344 36.7153 49.8385 40.7289 34.2986 34.009 44.0607 76.7259 41.0381 37.5958 33.5115 45.6259 33.3767 33.0628 32.8928 32.8066 32.6642 32.4865 32.0067 31.6774 31.5788 31.2489 31.098 34.4387 47.9025 34.0561 41.8444 31.464 31.03 30.9743 30.8309 40.3739 30.5507 32.0866 31.1197 30.5098 30.4599 30.378 32.0394 30.3065 30.0167 31.7817
threshold=-0.00023526454606326294 -0.0017139258561655877 0.0034672751789912586 0.13499999791383746 51.320438385009773 0.00039482281135860836 -0.00016331218648701903 0.00055306102149188529 0.49999998509883886 -7.3622937634354444e-05 7.8333332538604745 -0.00021289491996867579 5.5000000000000009 -9.7288444521836923e-05 6.2666666507720956 0.0010157207725569608 12.500000000000002 0.00089095815201289963 0.2950000017881394 0.0020235989941284065 1.0049999952316286 0.00047306022315751767 2.0666666030883794 -0.0070984300691634408 4.4500000476837167 0.61500000953674328 5.5000000000000009 -0.37499999999999994 7.8999998569488534 4.9500000476837167 -0.015957586467266079 0.25499999523162847 6.0580234276130802e-05 -0.0037901381729170676 0.014431805349886419 -9.1590773081406937e-05 0.00019990894361399117 7.866666555404664 -0.50499999523162831 -0.0029449814464896913 0.074999999254941954 -0.39499999582767481 6.866666555404664 -0.35500000417232508 -0.074353106319904314 6.6326899528503427 -0.00041112434701062733 -0.0063190588261932126 -0.00094667388475500036 -0.0036194763379171486 12.500000000000002 0.49500000476837164 27.094728469848636 0.15520545840263369 2.7000000476837163 -0.11499999836087225 0.0090600391849875467 43.793802261352546 0.0023855930194258694 7.6666667461395273 31.625284194946293 -0.31499999761581415 0.65999999642372142 -0.00062956512556411315 58.500000000000007 0.00048038089880719786 -0.0025475587463006373 0.0014498433447442951 42.064247131347663 0.00072438392089679848 60.500000000000007 -0.4849999994039535 6.7666666507720956 0.00041693494131322956 0.001526534208096564 2.7049999237060551 -0.00029912513855379069 61.905530929565437 53.349510192871101 1.3999999761581423 -0.42354409396648401 0.00010624177230056377 38.102104187011726 0.00039482281135860836 -0.0032678431598469611 -2.5953338990802873e-05 29.500000000000004 0.10000000149011613 -0.0041408161632716647 1.0000000180025095e-35 -0.0020552447531372304 5.8999998569488534 -0.014777038246393202 0.36500000953674322 43.883548736572273 -0.010830704588443039 -0.013761956710368393 4.5333335399627694 74.500000000000014 0.00066232369863428186 -0.0014239280717447398 0.00022425214410759511 0.0020968634635210042 37.664770126342781 0.012286849785596134 0.00030396413058042532 76.500000000000014 1.0000000180025095e-35 0.48499999940395361 3.5000000000000004 0.0025061507476493721 -0.00025250751059502358 -1.0249999761581419 0.024999999441206459 -0.0029945274582132693 43.500000000000007 2.5000000000000004 -0.77499997615814198 64.500000000000014 -0.00021898999693803486 0.65999999642372142 0.0091668954119086283 0.21499999612569812 -0.44499999284744257 -0.0041047674603760234 14.500000000000002
decision_type=2 2 2 2 2 2 2 2 2 2 2 2 2 2 2 2 2 2 2 2 2 2 2 2 2 2 2 2 2 2 2 2 2 2 2 2 2 2 2 2 2 2 2 2 2 2 2 2 2 2 2 2 2 2 2 2 2 2 2 2 2 2 2 2 2 2 2 2 2 2 2 2 2 2 2 2 2 2 2 2 2 2 2 2 2 2 2 2 2 2 2 2 2 2 2 2 2 2 2 2 2 2 2 2 2 2 2 2 2 2 2 2 2 2 2 2 2 2 2 2 2 2 2 2 2 2
left_child=2 5 7 14 10 46 50 11 27 19 62 48 20 -14 15 26 18 25 65 23 57 69 -23 24 39 35 -4 78 29 38 -31 42 -30 34 -11 98 37 51 41 -7 -18 100 49 59 -45 -17 -2 -24 53 -32 113 77 -42 -1 55 61 99 66 -59 60 -44 67 102 64 68 76 -13 -25 -48 -22 -28 -29 73 74 -40 -76 -5 119 -8 -20 -54 82 -15 -52 85 86 -82 -87 -26 -81 91 -91 97 -94 -33 -96 121 -92 -10 -50 -16 -85 112 -12 -80 -53 107 108 -21 110 -109 -112 -3 -6 -98 -116 118 -118 -51 -37 -58 122 -86 -104 -70 -126
right_child=1 4 3 16 6 9 8 -9 17 33 103 12 13 81 28 45 40 -19 79 106 21 22 47 54 88 -27 70 71 32 30 31 94 -34 -35 -36 36 -38 -39 72 -41 52 -43 43 44 -46 -47 63 -49 56 116 83 105 80 -55 -56 -57 120 58 -60 -61 -62 -63 -64 -65 -66 -67 -68 -69 124 -71 -72 -73 -74 -75 75 -77 -78 -79 104 89 84 -83 -84 101 96 87 -88 -89 -90 90 92 -93 93 -95 95 -97 114 -99 -100 -101 -102 -103 123 -105 -106 -107 -108 109 -110 -111 111 -113 -114 -115 115 -117 117 -119 -120 -121 -122 -123 -124 -125 125 -127
leaf_value=0.0072446696597586336 0.010033020421583308 -0.020513093205575886 0.014059393853902303 0.020392886707066481 -0.019515456143072651 -0.046620647990664413 -0.002684637729901844 -0.0030736812790157432 -0.00087371234017810217 -0.0087040037571994456 -0.049833647923727555 -0.0044796349896559775 -0.0045202280866094681 0.029585971967413156 0.047929154372224364 0.0082872828570031889 0.045768172463885148 0.001185028045001487 0.0096180887343563452 -0.023438459389738795 0.0084834919899413035 -0.0071518229113923986 -0.014988177827473109 1.4009396027702293e-05 -0.015613664802402389 -0.016705534642992903 0.036943938693546834 -0.038841558881896492 0.034056065093186323 0.025083359289431936 -0.0011118053405223555 0.017561204060350267 -0.015127080832546921 0.00022003259065965551 0.0020735054399315025 0.028498846993707357 -0.0017674795457037014 -0.031372751334521366 0.044281905353959761 -0.0034834508908109588 0.012684907642223809 -0.013920532313489024 0.038247718489837303 -0.043011828288168602 -0.0041106405151716098 0.044920663925973166 -0.0099199708969628913 0.012839438907979814 -0.0060861605746295282 -0.021788809924689453 0.0042192689708294142 -0.0089571932457742278 0.0085298382243081221 -0.0057190850830838138 -0.011432923557400889 0.0021405489643307068 -0.00047848171339668857 -0.00049063346789029387 0.0063420525324560193 -0.015677197721424604 0.0056215065845490785 -0.031763197906364692 0.020581466945604199 -0.0046367881696357388 0.011574545837443946 -0.02376239267105687 0.0085501385937150794 -0.051605362425297369 -0.036919308180986286 0.027507513503361974 0.015473078698341865 -0.0061691016838788144 0.0084396420759809843 0.0011674786904191498 -0.025955598291023164 0.027920450286167617 -0.0037000347532704044 -0.012127790035210199 -0.033229711547977762 0.0074655420456423531 -0.0094562935413369398 0.01787777332474574 0.0067424255920271658 -0.0041625052030272117 -0.015388060919924812 0.03815938097042286 0.0042541963492538836 0.0058795372223408946 0.019107522440654483 -0.028970369863497776 -0.041715132837379085 0.051981610080042477 -0.0089632238707910115 -0.069154791665768198 -0.05497937709463524 0.003939239242650612 0.010000221603233592 0.017787639381606792 -0.01420200508394737 -0.028240488406298975 -0.011140994159182 0.0029987770257967963 0.012871180849738977 -0.012703046345617273 0.016506185231685788 -0.019426940492660041 -0.0038186460426838905 -0.007895043589340461 -0.0049945900298972801 -0.014099740687528561 -0.001662998597579506 -0.026902393039097357 0.0017512617591338858 0.026676285899196572 0.0065167464628963639 -0.0092287876297413897 -0.05487366777177978 -0.0051937835742612076 -0.062506694458890996 -0.0043973125479843554 0.032525944268579972 0.0021452957016209824 -0.058193972890880422 -0.015506737285198427 0.038729206794239288 0.0048219760919336815
leaf_weight=11262.999129891396 2779.1564624905586 629.1101598739624 29036.04916253686 1180.3707939982414 1463.5243711024523 252.15600274503231 578.96852278709412 31907.316640481353 28681.874751493335 24369.10568253696 253.84906336665154 2725.6772967725992 2887.7834611684084 774.46358114480972 235.71921209990978 31652.050302103162 262.88308221101761 19066.805814027786 355.32031045854092 5468.2128077298403 1819.7885995805264 2554.5123197287321 610.97680254280567 1536.4280714690685 327.72772382199764 3698.5717369019985 1763.7963400781155 386.74285164475441 953.31450919806957 748.38998012244701 924.21284388005733 1614.6341425478458 239.42241974174976 13170.367519795895 5133.1547967791557 284.75281256437302 16568.482419297099 893.90729443728924 1011.894298568368 4034.0999595224857 5941.5439256876707 1256.9325621277094 521.0149597376585 466.77410750091076 1461.3022357076406 325.98359936475754 2998.9139169305563 5234.5188689380884 7368.1237566918135 369.22888514399529 22452.247170343995 9317.4472097605467 13251.081912398338 3037.8989439308643 14818.015407443047 5589.4085925370455 28916.18419291079 50252.406218707561 15182.03586384654 577.71904444694519 1488.3235695660114 805.32911875844002 1086.9480438828468 29577.861994832754 3311.7708746045828 474.36596375703812 14576.256117597222 158.98095923662186 151.43664579093456 2509.358155682683 1521.800801590085 3960.469624042511 4636.4987385869026 517.33375896513462 187.64712695777416 416.81324900686741 1345.9999738037586 6956.0436843037605 2324.1371319591999 281.01159815490246 3997.6968038678169 8858.4935566484928 7592.6104620099068 15015.02489118278 1329.5989082157612 397.20693361759186 7872.2209442853928 24527.933973550797 2157.1131023168564 483.59622132778168 220.84335646033287 154.48215298354626 128.39540675282478 541.02621774375439 159.78790858387947 740.68047891557217 2582.5836956501007 161.79740436375141 1979.4029027968645 735.09715643525124 155.28046888113022 10957.408692106605 466.92744685709476 2421.8713518977165 135.08011339604855 4107.5137134641409 4683.5837013870478 26766.643897086382 1896.5687175095081 25264.186790391803 647.98193335533142 2077.4051518887281 125910.6725525409 161.15372462570667 2738.7758955955505 4017.0550426691771 160.85206627845764 677.93237239122391 381.78199709951878 28488.891109377146 282.3606745749712 898.53514525294304 201.3315486907959 1939.6897543370724 313.85276848077774 2318.6366790980101
leaf_count=45112 11123 2518 116624 4729 5858 1010 2318 127676 114772 97655 1016 10922 11559 3111 946 127011 1053 76299 1423 21936 7289 10236 2448 6158 1313 14805 7103 1550 3823 3000 3713 6479 959 52722 20563 1140 66315 3584 4063 16153 23857 5045 2091 1873 5858 1314 12002 20979 29492 1480 89857 37317 53081 12167 59379 22394 115717 201160 60832 2317 5969 3227 4350 118412 13254 1899 58420 637 606 10070 6122 15860 18603 2071 753 1677 5390 27877 9314 1125 16004 35580 30431 60088 5323 1593 31520 98296 8635 1937 884 619 514 2166 640 2967 10341 648 7920 2942 624 43856 1869 9695 541 16463 18778 107317 7609 101366 2598 8337 503903 645 10973 16092 645 2717 1530 114050 1130 3598 806 7763 1256 9279
internal_value=0 -0.00340186 0.00446714 0.00742334 -0.00137711 -0.00687928 -0.00332237 0.00212775 -0.00494767 -0.00833248 0.00122437 0.00312047 0.00456586 0.0109093 0.0103944 0.0120357 0.00401242 -0.00428567 -0.00704785 -0.00995971 0.00322938 0.00976073 0.00473588 -0.00609583 0.00151996 -0.00531866 0.0153748 -0.0157079 0.00509229 0.00387531 -0.00105618 -0.00310585 0.0241834 -0.00465327 -0.0068288 -0.00488573 -0.00633628 -0.00784877 0.00990492 -0.00602117 0.00487866 -0.00481168 -0.00741635 -0.00151634 -0.0135284 0.00866072 -0.00200077 0.00993087 -0.000116897 -0.0180127 0.000815763 -0.00742098 0.00472002 0.00449082 -0.00834687 -0.00269441 -0.00188342 0.00222452 0.00109468 0.00743595 0.0140814 -0.013501 0.00158344 -0.00286556 0.00289488 0.00260564 0.00649748 -0.00482641 -0.00207587 0.0195106 0.0269992 -0.00907575 0.0134871 0.0244552 0.0319087 0.0111953 0.00755666 -0.00564015 -0.0251976 -0.0194991 0.00395443 0.013496 0.00885684 0.00134417 0.00270597 0.00421406 -0.000363391 0.00639395 0.0145281 -0.0247478 -0.0301038 -0.00937147 -0.042678 -0.05761 0.00894103 -0.00651586 -0.00200944 -0.0165547 -0.00173415 -0.00809593 0.0244702 -0.00114126 0.0014233 -0.0162257 -0.0304978 -0.0121605 -0.0116763 -0.0122687 -0.0186888 -0.0114052 -0.00909699 -0.0209015 0.00164057 -0.0149336 0.000706948 -0.00284564 -0.0278379 -0.0147208 -0.0424881 -0.00407176 -0.000159317 -0.0124507 -0.0210174 -0.0100009 0.006374 0.00886449
internal_weight=0 490796 356638 157549 310188 180608 177478 199089 127429 139156 132709 167182 115579 20113.4 84203.2 64299.7 73345.7 120044 5327.21 96483.8 95465.5 12729.2 8400.01 29679.3 6771.1 100977 32321.6 7385.4 19903.5 18710.8 10292.6 9544.24 1192.74 42672.6 29502.3 97278.3 66617 50048.6 8418.12 4286.26 68018.4 1647.93 7029.14 4515.13 1928.08 31978 41451.6 5845.5 51602.7 2514.01 50049.4 49154.6 67755.6 14300.9 22908.2 8090.15 37301.8 82736.4 65434.4 2587.06 2009.34 2500.74 130033 38672.5 9094.61 3000.74 17301.9 1695.41 5782.84 4329.15 3285.6 4347.21 6770.19 2133.69 1616.35 604.46 2526.37 35729.7 3038.19 2326.47 61814 17225.6 8367.07 48424.7 48562.9 36795.1 11869.9 24925.1 2484.84 1971.15 1690.14 638.078 1052.06 669.422 2515.1 900.468 11767.9 382.641 30661.3 8103.22 391 25972.4 128946 2675.72 2459.22 13425 66804.6 62121 7364.78 54756.2 29492 2725.39 126540 1624.68 9338.41 6755.83 1589.8 838.784 751.011 28773.6 29198.5 2429.47 1530.93 2406.62 2783.93 2632.49
internal_count=3394423 1965262 1429161 631888 1241543 723719 710429 797273 510125 557787 531114 669597 463037 80681 338017 258174 293871 480542 21334 386847 382356 51022 33663 118906 27111 404243 129849 29583 79843 75061 41279 38279 4782 170940 118218 389438 266746 200431 33782 17163 272537 6615 28193 18108 7731 128325 165932 23427 206560 10085 200304 196847 271484 57279 91795 32416 149281 331334 261992 10377 8060 10022 520403 154809 36397 12018 69342 6795 23143 17359 13225 17410 27167 8564 6493 2430 10119 143067 12173 9316 247627 69122 33542 193801 194546 147413 47524 99889 9948 7893 6768 2556 4212 2680 10086 3607 47133 1532 122692 32434 1570 103944 516053 10711 9855 53780 267941 249163 29545 219618 118252 10935 506421 6503 37406 27065 6372 3362 3010 115190 116847 9727 6129 9632 11141 10535
is_linear=0
shrinkage=0.1


Tree=9
num_leaves=127
num_cat=0
split_feature=20 28 28 17 43 38 37 39 38 5 37 38 40 38 38 38 37 37 8 8 46 44 2 24 37 43 41 37 38 27 28 24 44 41 27 12 26 38 43 24 34 45 43 45 39 37 37 44 39 3 26 5 29 37 46 45 34 19 43 44 8 43 46 43 34 43 31 12 44 38 31 46 31 43 43 43 31 44 24 43 25 16 44 39 5 46 5 45 37 46 22 45 15 22 37 25 36 8 46 45 15 38 44 45 45 8 37 46 37 38 43 37 41 39 25 23 2 8 5 44 39 33 12 44 26 37
split_gain=1046.09 260.751 197.261 134.882 127.572 104.108 97.9569 85.6152 81.6704 137.157 78.8926 88.3004 78.7518 77.5701 108.739 81.0347 147.375 97.8785 76.0172 72.4976 71.6671 68.8835 68.6501 67.2332 65.1717 63.7639 63.1122 64.6595 60.9779 60.3684 56.4364 76.7094 62.1092 55.7055 68.8808 54.268 53.327 52.9119 52.7673 52.3933 52.2752 52.2394 52.1198 51.4182 51.1194 59.5543 66.5641 58.0348 63.303 79.8554 53.9017 51.5992 51.2417 83.1903 50.9419 50.5505 55.2599 50.0559 49.5552 49.1962 52.4272 50.4844 54.9155 48.8298 69.572 56.7654 48.5885 46.9127 46.4741 45.3275 45.1268 44.6692 44.5308 44.4836 44.2596 43.9343 46.1904 44.0901 43.7195 43.4227 43.2619 58.1248 43.1375 42.9195 46.6884 42.425 42.3744 48.0018 42.1863 42.1463 49.0133 48.6174 41.8987 41.8553 41.7903 41.6028 40.9448 40.9021 40.8428 40.6651 56.742 40.0431 39.9124 49.1527 39.5179 39.4715 39.2287 39.0966 38.5626 38.1692 44.4158 50.4749 43.4828 38.6641 37.6571 37.1916 37.1101 36.941 36.8602 36.8457 36.6756 41.5614 42.6469 36.5135 36.4083 36.1773
threshold=-0.00020908027363475409 -0.0019989584106951948 0.002200915128923953 0.00026995633379556244 -0.24499999731779096 16.500000000000004 7.8333332538604745 5.5000000000000009 11.500000000000002 -0.0024545253254473205 5.2333333492279062 14.500000000000002 2.5000000000000004 13.500000000000002 11.500000000000002 20.500000000000004 7.8333332538604745 0.69999998807907116 0.00062364508630707871 0.0020968634635210042 -23.499999999999996 -0.4849999994039535 -0.00063665542984381307 0.0041189240291714677 2.1333333253860478 -0.26500000059604639 0.20500000566244128 5.5333335399627694 7.5000000000000009 0.0054360053036361941 -0.0051194601692259303 0.0052070477977395066 1.0000000180025095e-35 5.0750000476837167 0.0098827835172414797 7.6842876296723275e-05 0.29426172375679022 5.5000000000000009 -0.5649999976158141 0.0094866217114031332 -0.67736098170280445 71.500000000000014 -0.22500000149011609 8.5000000000000018 5.5000000000000009 3.8666666746139531 6.6333334445953378 0.10500000044703485 1.5000000000000002 -0.0051213931292295447 0.067389979958534255 0.01901559624820948 0.015435507986694576 0.49999998509883886 3.5000000000000004 25.500000000000004 1.651157081127167 -0.0014695606078021226 -0.31499999761581415 0.36500000953674322 0.00047247864131350076 0.33500000834465032 -23.499999999999996 0.41499999165534979 1.8890465497970583 0.7749999761581422 0.0068552999291569003 -0.00069636400439776469 0.014999999664723875 1.5000000000000002 -0.011650908272713421 -2.4999999999999996 -0.0036706061800941821 -0.95499998331069935 -1.0249999761581419 0.5249999761581422 -0.017311168834567067 -1.0000000180025095e-35 0.0024508540518581872 0.034999999217689044 0.017474046908319 -0.00012944105401402337 -0.054999999701976769 1.0000000180025095e-35 0.024339694529771808 -35.999999999999993 0.019463770091533664 53.500000000000007 7.866666555404664 -4.4999999999999991 38.724603652954109 76.500000000000014 0.72215914726257335 57.788536071777351 1.3666666746139529 0.029475484974682335 3.2104999263538054e-05 0.00098435982363298557 -20.499999999999996 65.500000000000014 0.75279852747917186 7.5000000000000009 0.16499999910593036 68.500000000000014 11.500000000000002 0.00083348553744144749 7.6666667461395273 1.5000000000000002 1.9333333373069765 4.5000000000000009 -0.42499999701976771 0.16666667163372043 4.0850000381469735 1.0000000180025095e-35 0.024386872537434105 -0.0038554918719455595 -0.0025424209889024492 0.00046815475798211997 -0.0065187877044081679 -0.33500000834465021 1.0000000180025095e-35 -0.015942697413265702 -0.0002204240299761295 -0.44499999284744257 0.72799509763717662 7.7000000476837167
decision_type=2 2 2 2 2 2 2 2 2 2 2 2 2 2 2 2 2 2 2 2 2 2 2 2 2 2 2 2 2 2 2 2 2 2 2 2 2 2 2 2 2 2 2 2 2 2 2 2 2 2 2 2 2 2 2 2 2 2 2 2 2 2 2 2 2 2 2 2 2 2 2 2 2 2 2 2 2 2 2 2 2 2 2 2 2 2 2 2 2 2 2 2 2 2 2 2 2 2 2 2 2 2 2 2 2 2 2 2 2 2 2 2 2 2 2 2 2 2 2 2 2 2 2 2 2 2
left_child=2 3 12 7 10 8 59 13 9 19 18 33 25 14 30 17 20 42 -4 24 -17 37 105 66 36 28 27 -16 67 89 -2 32 117 38 88 -24 68 55 -12 74 -19 96 -15 -11 45 47 123 51 79 50 -50 120 86 -54 -55 56 -6 -39 -43 60 94 62 -62 69 65 -65 82 71 119 -5 -57 -1 -69 118 -31 77 -77 -48 -45 85 81 125 -9 84 -74 -49 87 92 -35 91 -91 -20 -46 95 -7 -60 -22 -40 -21 100 -75 -89 -81 -104 -79 -10 -59 -64 -88 110 113 -112 -113 -38 -18 -106 -67 -32 -37 -3 121 -23 -123 -47 -125 -30
right_child=1 5 4 63 21 6 -8 23 22 43 11 -13 -14 15 26 16 114 40 29 98 41 44 35 -25 -26 -27 -28 -29 80 39 31 -33 -34 34 -36 73 109 57 97 -41 -42 58 -44 78 52 46 75 48 49 -51 -52 -53 53 54 -56 70 -58 106 93 -61 61 -63 107 64 -66 116 -68 72 -70 -71 -72 -73 83 99 -76 76 -78 104 -80 102 -82 -83 -84 -85 -86 -87 108 101 -90 90 -92 -93 -94 -95 -96 -97 -98 -99 -100 -101 -102 -103 103 -105 115 -107 -108 -109 -110 -111 111 112 -114 -115 -116 -117 -118 -119 -120 -121 -122 122 -124 124 -126 -127
leaf_value=-0.037009173888877804 -0.0092959190572273788 0.013265524272029519 0.01809745175913741 -0.014470251357635383 0.016638237613611762 -0.028496577497763537 -0.020685108293252912 -0.030597500647727136 0.005517569626134599 -0.065824147320827212 0.017753767253694003 0.011055969466702216 -0.0030416293475448086 -0.027301649202230657 -0.008850182303974042 -0.038567645361210177 -0.060111525823305971 0.0093146344552279617 0.0015273545850231207 -0.068324825711784831 -0.010995378193489135 -0.034493106299007918 -0.001427174809284911 -0.0074874892705737873 0.0055589248877502663 0.00038336528930665365 -0.018422812797357201 0.039264752266413461 0.00042681843614271735 -0.035915921946492117 -0.020749037989122868 0.003518003330626586 -0.0024752449394537424 -0.0081382536478030992 0.026896270978216542 0.058662283257694181 0.020609672686021981 0.024011153796414775 0.0076064988148853612 0.0053425640088300454 -0.001099356802661617 0.017056479405265328 -0.0061476598623219879 -0.0070304163690441375 0.026607630284709589 0.029824434268673386 -0.0057255771392251339 -0.031700546186236016 0.026625918749047517 -2.4766303713004327e-05 0.0085106678713965968 0.0067611335779204189 0.057786644219039202 -0.013674679927210271 0.021800138808144895 0.069353748769375459 -0.047256140812059845 0.0061138057778303261 0.017836548679490215 0.012217457736855246 0.035479797950915902 -0.0010235850061114291 0.0085551422390377132 0.0057166286126185163 0.025821192243993193 0.006918336288141029 0.0076436931803799376 0.016950406252752362 0.018018630718465972 -0.0016433122518529208 0.026903342047166254 -0.0034672758953532092 0.014611894614947364 -0.009107518763110365 0.020665009413023672 0.027139803552173603 -0.0093110366643009007 0.058009366725553214 -0.0017837077126690401 0.010463306093670386 0.013664829699485402 0.0086935714197601977 -0.015860938830204969 -0.0017804053441963401 -0.04776549120174587 0.024119428324473668 0.022894274352123357 0.026624621876800147 0.03112787300172451 0.014728886322415792 0.0049880196640440938 -0.047127956204151979 -0.0059788256945600806 -0.020416991277774688 -0.0017013651843345958 -0.027413981984545456 0.0010808336974890038 -0.014499916168173262 -0.012586441760507692 -0.0041550286159020948 -0.020791739656228207 -9.6049833457164614e-05 -0.019731253114590539 0.0017766176881223459 0.037563746528790416 -0.0061112245391340154 -0.024628356615966338 0.0015329662799731143 -0.0078638272147562669 -0.0090471445092636712 0.038393868695720125 -0.0096165099272645313 0.010340630542736982 -0.016060876979936082 -0.021358301108317167 0.0050755792463587201 -0.018255157515859367 -0.0085293218794975766 -0.002324889631892551 -0.010491713400631405 -0.0058936961313026948 0.013388574753391023 -0.017022354392062188 0.0074378755296760418 -0.027624956416026542 -0.033219107970825383
leaf_weight=607.65564854443073 35546.809045478702 1069.4547017812729 12966.21765306592 2994.425596922636 961.26506131887436 606.25962094962597 1771.0131492316723 2893.493575155735 7212.1048730313778 133.68020035326481 2747.8671377003193 13152.066799491644 31946.858232870698 1982.4691309332848 1077.0060714334249 682.32158200442791 644.70760214328766 5453.1541038453579 6801.5943989008665 142.42607794702053 12050.443597018719 245.83415780961514 9264.4071414023638 12072.306259125471 40173.171355322003 65489.95779967308 12093.399385780096 377.09293124079704 9670.3614558577538 140.65303473174572 3211.6661330461502 10504.930053412914 18216.124691590667 8876.6089545041323 644.42677162587643 165.6177446693182 337.00280971825123 1555.1094089150429 2233.1425520479679 3677.3533030897379 41524.963590323925 1779.0170165002346 2823.578508913517 25355.543863967061 3899.2697802335024 723.86224654316902 3644.9331735372543 161.60934542119503 2787.4685619175434 5804.7907768338919 3998.9153318554163 4952.3703315407038 213.81327916681767 2165.9070066809654 497.83711184561253 314.59002543985844 157.54226949810982 6806.2020398974419 890.1012719720602 5485.4351241439581 625.17546232044697 14101.306100338697 18572.853845819831 9218.0577315241098 1358.7192991822958 841.01862294971943 658.07125377655029 1803.8185915797949 2306.7966277897358 34450.065146967769 1227.6984381079674 1145.5085608065128 2656.4431489557028 11283.305628150702 8094.533543497324 371.04893411695957 5511.6596490591764 151.51816420257092 42506.453983768821 1049.0097508728504 8352.6278737932444 19479.373299390078 6336.1300223171711 14305.12789773941 125.66904929280281 864.56456969678402 557.74779193103313 754.39629024267197 282.31446669995785 8774.0524696409702 12560.147423550487 211.76114608347416 438.99394968152046 1004.003584459424 14576.575768992305 263.27276240289211 3660.4577483832836 1338.7053347527981 1708.0695742815733 6463.2481189668179 6580.1054327338934 2185.7881517261267 2685.9714692533016 1758.0251966863871 368.35440415143967 4903.3421364426613 442.0412392616272 13834.307330906391 1514.2602887451649 8051.1124333739281 441.1825188845396 1724.5418459922075 2975.2887883931398 1958.3002943694592 410.33422210812569 8118.4786232560873 1928.2722531855106 10769.908521622419 246.75124567747116 1675.7262489944696 22100.113482370973 2680.4078665971756 556.95326875150204 32564.653144821525 298.8645536005497 330.49554820358753
leaf_count=2433 142586 4282 52139 11995 3856 2427 7098 11634 28865 535 11038 52807 127884 7952 4319 2734 2593 21839 27291 571 48289 985 37077 48426 160785 262173 48491 1512 38710 565 12884 42056 72985 35594 2596 663 1349 6246 8973 14777 166374 7128 11323 101516 15670 2904 14604 648 11181 23253 16027 19844 858 8682 2000 1262 632 27279 3564 21956 2502 56432 74336 36896 5439 3366 2640 7225 9235 137894 4927 4587 10640 45159 32606 1486 22073 607 170117 4202 33441 78069 25435 57286 503 3468 2239 3032 1132 35245 50393 849 1759 4025 58350 1054 14669 5376 6837 25869 26356 8778 10762 7045 1476 19623 1771 55372 6080 32222 1766 6902 11907 7839 1648 32521 7719 43159 988 6709 88559 10744 2230 130522 1197 1323
internal_value=0 -0.00302523 0.00407354 -0.00538769 0.00609237 -0.000744642 0.00253197 -0.00662935 -0.00203492 -0.000757075 0.00914486 0.0049752 0.00138555 -0.00584851 -0.00778449 -0.00341966 -0.00859835 -0.00128108 0.0114382 0.00262193 -0.00670718 0.00407917 -0.00565239 -0.0124951 0.00321623 0.00252645 -0.0160561 0.00362751 0.00492655 0.00929355 -0.00635241 -0.00390215 -0.00632307 1.49293e-05 -0.00470447 -0.00795537 -0.00136587 0.0114669 0.00733582 0.015267 0.000109485 -0.00560071 -0.0148736 -0.00386611 0.00333379 0.00259723 0.00497085 0.00012285 0.00444472 0.00858606 0.0159514 -0.00258193 0.00944168 -0.00222745 -0.00704466 0.0238233 0.0076411 0.00773172 0.00470075 0.0031384 0.00233922 0.00398544 0.00612376 -0.000817963 0.00437563 0.00194486 -0.018609 0.000555067 0.00755565 -0.00266908 0.0355622 -0.0150931 0.00200728 -0.0104001 0.0196986 9.43417e-05 -0.00701192 0.00349767 -0.00374406 -0.00355389 0.00731193 0.00551197 -0.0204809 0.0004298 0.0117943 0.0153285 0.0130328 0.0166246 -0.00692792 0.00678333 0.00899412 5.82569e-05 0.0233102 -0.00548803 -0.00277131 0.00750752 -0.00818176 -0.000678842 -0.0168764 -0.0109522 -0.0134115 0.00675997 -0.00708139 -0.0112228 0.0073894 0.000811185 0.00423896 0.00555744 0.000415708 -0.00427605 0.000889485 0.00605347 0.00301762 -0.0106768 -0.0450394 0.00648566 -0.0106101 -0.0113363 0.0221691 -0.00123648 -0.00439055 0.0051466 0.0081567 0.00760835 0.00711901 -0.000685069
internal_weight=0 483967 363507 237716 207593 246251 69572.9 186926 176678 130559 82501.4 29275.1 155914 164966 91796.9 73168.8 21384.7 51784.2 53226.3 62563.1 20329.6 125092 46118.9 21960 60712.6 123967 13547.5 1454.1 58477.1 40260.1 78249.4 42702.6 32197.7 16123.1 9803.35 34003.4 20539.4 11464.4 6319.72 11912.5 46978.1 19647.3 4806.05 67995.7 113627 101399 51753.4 49646 19110.4 12591.2 6786.38 30535.7 12228 2877.56 2663.74 2661.1 1118.81 8803.35 3936.39 67801.9 62316.5 47133.6 33032.3 50790.6 13346.1 11987.3 9887.69 20644.2 5051.98 37444.5 1542.29 1753.16 18891.1 24739 8235.19 18166 5882.71 12283.3 67862 6519.18 37832.9 29480.2 9229.62 17087.2 2782.11 1026.17 9350.46 7278.45 9158.92 28347.6 21334.2 7013.36 4338.26 2157.38 15182.8 1153.37 15710.9 3571.85 1850.5 24326.7 17863.4 2940.18 5493.01 4444 8638.35 12115.4 7248.24 32407.2 2072.01 15487.4 7436.32 5141.01 4699.83 2295.3 1055.04 8486.83 2769.29 13981.6 412.369 2745.18 25583.3 3483.2 3237.36 33587.4 32863.5 10000.9
internal_count=3395337 1938273 1457064 952628 832790 985645 278473 749319 707172 522572 331381 117516 624274 661184 367992 293192 85704 207488 213865 250404 81463 501409 184600 88135 242996 496390 54322 5831 234217 161726 313670 171084 129028 64709 39322 136112 82211 45973 25387 47948 188213 78729 19275 272168 455436 406338 207390 198948 76586 50461 27208 122362 49098 11540 10682 10677 4488 35296 15771 271375 249419 188642 132210 203309 53420 47981 39709 82674 20226 149889 6189 7020 75654 99035 33171 72767 23559 49208 271633 26125 151543 118102 37069 68429 11143 4116 37558 29239 36726 113778 85638 28140 17429 8643 60777 4618 62958 14349 7408 97384 71515 11810 22009 17807 34604 48488 29050 129708 8319 61985 29763 20575 18809 9188 4241 33997 11085 56043 1651 10991 102518 13959 12974 134623 131719 40033
is_linear=0
shrinkage=0.1


Tree=10
num_leaves=127
num_cat=0
split_feature=32 28 10 30 40 39 38 38 37 43 10 16 43 37 38 37 30 39 38 42 9 16 5 43 44 22 44 46 9 43 38 44 38 38 19 42 46 22 16 33 45 40 43 43 33 44 38 38 37 5 44 37 43 24 34 37 26 10 10 46 8 43 37 27 5 43 37 37 46 46 46 33 9 10 36 45 8 6 25 37 26 39 39 43 10 44 35 38 5 9 46 38 42 24 18 5 16 25 22 37 37 8 44 37 45 38 42 45 38 39 38 38 5 37 46 35 37 32 37 6 46 33 44 38 44 26
split_gain=849.133 301.171 256.336 189.282 101.776 99.5513 91.0791 79.0211 79.3828 74.0151 71.6612 66.5739 66.4668 80.6564 87.4375 86.7329 71.5064 72.1798 66.2289 68.8235 62.959 88.3899 61.2377 58.5523 58.0813 57.8295 56.1288 56.0803 55.5367 51.9773 51.7257 50.3043 49.2113 75.7995 51.438 48.7228 47.8652 47.8185 46.91 47.1079 45.8816 44.3809 43.828 46.1561 45.1803 43.5062 43.4647 111.058 57.2907 57.9015 44.4296 44.3345 43.3353 43.3126 43.2893 42.7633 46.8502 46.3599 42.5364 42.1317 41.0988 40.6334 40.1975 40.1339 40.115 39.0081 80.0676 61.7908 52.3886 41.5143 40.1878 38.4917 38.452 38.3687 37.9558 37.2347 37.215 37.1893 36.518 36.2411 35.6151 35.5629 35.4494 35.2579 35.0122 34.975 34.6891 34.5216 51.1683 37.4622 35.1449 35.6465 43.077 42.9992 39.5526 34.467 41.3772 34.4243 34.3781 65.811 36.2627 36.149 37.4058 35.9825 34.2834 57.3251 47.8571 34.884 57.4229 42.9991 41.5187 34.2022 45.3885 39.5606 39.0242 38.1151 44.9539 34.0924 33.967 38.7913 42.059 33.707 33.6759 33.6378 38.5409 37.6066
threshold=6.3413775933440788e-05 0.0015436795656569304 62.396203994750984 -0.0002787340927170589 2.5000000000000004 5.5000000000000009 1.5000000000000002 22.500000000000004 7.8333332538604745 0.53499999642372142 40.845472335815437 4.8570855142315856e-05 -0.27500000596046442 5.2333333492279062 20.500000000000004 2.0666666030883794 -0.0023788237012922759 1.0000000180025095e-35 14.500000000000002 0.25499999523162847 0.0001214141411765013 8.3905656538263446e-06 -0.0013448967947624622 0.33500000834465032 0.63499999046325695 56.851587295532234 1.0000000180025095e-35 -1.4999999999999998 4.9799706175690524e-05 0.064999999478459372 7.5000000000000009 -0.12499999627470969 17.500000000000004 5.5000000000000009 0.00010733133603935131 1.0000000180025095e-35 2.5000000000000004 48.890987396240241 0.00042065390152856713 0.00023978010722203183 41.500000000000007 1.5000000000000002 0.65999999642372142 -0.84999999403953541 0.0036974452668800954 -0.71999999880790699 16.500000000000004 9.5000000000000018 7.7333333492279062 -0.036429909989237778 -0.18500000238418576 6.0666668415069589 1.0349999666213991 0.0045586235355585822 3.8423854112625127 6.3333332538604745 0.6657036840915681 63.219238281250007 50.204769134521491 10.500000000000002 0.00089593805023469042 -0.44499999284744257 7.5000000000000009 0.00074943146319128584 -0.023312935605645176 0.044999999925494201 3.5000000000000004 3.5333333015441899 -2.4999999999999996 1.0000000180025095e-35 -18.499999999999996 0.010213608853518965 0.00024154051061486828 49.725973129272468 -0.00033720000647008414 14.500000000000002 0.0017088613240048291 6.7727101850323393e-05 0.03627301752567292 7.8333332538604745 0.39797323942184454 1.5000000000000002 3.5000000000000004 0.35500000417232519 32.040199279785163 -0.13499999791383741 0.00041115000203717505 19.500000000000004 0.0039729995187371978 0.0034802048467099671 -1.4999999999999998 10.500000000000002 -0.44499999284744257 0.0023081600666046147 0.00037228604196570819 0.00087899144273251306 4.2391986880829799e-06 0.0099587556906044501 43.012815475463874 0.3666666597127915 1.5000000000000002 0.0021565359784290199 -0.044999999925494187 1.3000000119209292 13.500000000000002 1.0000000180025095e-35 -0.34499999880790705 21.500000000000004 18.500000000000004 3.5000000000000004 17.500000000000004 16.500000000000004 0.013515866361558439 1.166666626930237 10.500000000000002 0.00020754499564645815 2.7999999523162846 -0.00039483886212110514 3.4333333969116215 0.0010141877573914828 -1.4999999999999998 -0.0029091240139678116 -0.58499997854232777 10.500000000000002 -1.0000000180025095e-35 0.19511327892541888
decision_type=2 2 2 2 2 2 2 2 2 2 2 2 2 2 2 2 2 2 2 2 2 2 2 2 2 2 2 2 2 2 2 2 2 2 2 2 2 2 2 2 2 2 2 2 2 2 2 2 2 2 2 2 2 2 2 2 2 2 2 2 2 2 2 2 2 2 2 2 2 2 2 2 2 2 2 2 2 2 2 2 2 2 2 2 2 2 2 2 2 2 2 2 2 2 2 2 2 2 2 2 2 2 2 2 2 2 2 2 2 2 2 2 2 2 2 2 2 2 2 2 2 2 2 2 2 2
left_child=1 6 3 23 5 12 27 10 9 -9 28 -6 13 15 16 -3 -15 -18 19 22 21 37 30 32 40 -21 55 86 95 41 64 -16 33 98 -35 71 104 -12 39 73 60 63 43 -30 -44 -27 47 74 49 -48 -51 -49 -11 -37 -38 57 -57 -22 122 61 -4 85 -52 -10 76 67 68 69 82 -34 -68 -13 80 -20 -42 -59 -5 -76 -78 -74 -24 -33 -67 97 -7 -53 -1 90 89 -89 -85 93 94 -92 -93 96 -8 -25 99 -2 -101 -102 -103 -100 105 -14 -107 108 109 110 -106 112 -28 -113 115 -115 -117 -114 -36 120 -120 -72 -29 -108 125 -125
right_child=2 4 24 18 11 84 7 8 29 52 20 35 36 14 31 -17 17 -19 38 25 26 -23 72 83 -26 45 111 58 42 -31 -32 81 65 34 118 53 54 -39 -40 -41 46 -43 44 -45 -46 -47 48 51 -50 50 62 59 -54 -55 -56 56 -58 75 -60 -61 -62 -63 -64 -65 -66 66 70 -69 -70 -71 121 -73 79 -75 77 -77 78 -79 -80 -81 -82 -83 -84 87 -86 -87 -88 88 -90 -91 91 92 -94 -95 -96 -97 -98 -99 103 100 101 102 -104 -105 107 106 123 -109 -110 -111 -112 113 117 114 -116 116 -118 -119 119 -121 -122 -123 -124 124 -126 -127
leaf_value=-0.013160926852420325 0.041784965930622586 0.0067751998843918236 -0.014141242200192791 0.011847213509689758 -0.0015288721540476797 0.025363214901190465 0.032800193222302342 0.00064736962816610286 -0.036557654566294749 -0.031708272955949128 0.034079845091236731 0.0028681355646931516 0.056481689688673398 0.011340700524610562 0.0037121806842495687 0.01752783803611439 0.019674700781099744 -0.0086680153481433885 -0.0055267676555818624 -0.0050032164300884054 -0.001519706985062705 -0.016397702015296441 -0.057325817869204404 -0.057750442763745496 0.012075553691481625 0.024527901559672736 0.003122530145859316 0.035314273626773675 -0.0077947008541304971 -0.0055849456339101319 -0.0047651972386320417 0.0098208964539001249 0.022836394981764339 0.0021206783890899152 -0.00045136439264085434 0.020938015882674525 0.008734970040671473 0.0089371034397629622 0.0027443766610574707 -0.0048980638070864543 0.038429051970876107 -0.064482796753697808 -0.017000871950859614 0.0078244903090733363 0.019092156781642139 -0.014380400340514979 0.01804122884876928 -0.017734599329125585 -0.031986063087030746 0.0090333408906322146 -0.006071461002909468 -0.0072730895290092322 0.025962905637314772 0.0070838243210214827 -0.0140566567836803 0.0083581207383725681 -0.0031637998710279331 0.018685531790001399 0.0052639918129343969 0.013788906613792876 -0.007328516744546331 -0.0044276445063071044 0.025830657269460589 0.027322756770984433 -0.00041442335177630164 -0.0618609217748766 0.054979687276094473 0.00024859019130422542 0.0060315829978062835 0.0039072851757839247 0.0060300409839935112 -0.038096134587473719 -0.0056500026341076903 0.0056184203909419601 0.031748165476171569 -0.012862809577761645 -0.055369224378849259 -0.0047259207243227153 0.00010322703319930994 0.019176574209445768 -0.014356504532189819 0.032984648083342852 -0.0063207365178214155 -0.0064405870607970248 0.012966970852165034 -0.044743850421503362 0.03581246760538051 0.013408964718594705 -0.0097620738699265505 -0.033155615855436735 -0.019622487233833839 0.0005924064510144148 -0.0070985682352932974 0.0070490599291077316 0.050686172984220505 -0.043470498111311963 -0.021485748544677843 -0.011286744846910935 -0.0068830421484155583 -0.0043845508433829538 0.013268732995967182 0.023800900169263478 -0.032261603472856386 0.0053341369595707889 0.017575682121531822 -0.032419235016011093 -0.012464713204111431 0.0026556307116534649 0.036056961287073461 -0.0068167164823539385 -0.035949060464398157 0.030045705002896373 -0.00070910007717299092 0.0079786443865062645 -0.0049401935158312135 0.017620229894429261 -0.015049910301076042 -0.011090907107905043 -0.021323309776485506 0.00046988165953765172 -0.0066109532268721991 0.025159614238304234 -0.0081875088610560039 0.014091780354635632 0.040553748887537405 -0.013153926561746826
leaf_weight=7738.3864433914423 622.67111203074455 13679.030724301934 18011.570441618562 5925.3435479104519 23433.265060380101 2798.9356101155281 205.93236508965492 7398.4439899623394 450.44647468626499 1155.500608921051 1496.976983204484 19540.895715400577 147.45434722304344 3652.7067626565695 2111.2701452672482 16611.194200828671 1018.0803345739841 7651.8059916049242 4615.5043720155954 15490.741736233234 59659.62266087532 778.98125505447388 209.79129756987095 176.88773268461227 1473.5539441555738 292.92708466947079 40333.617090031505 183.34169706702232 1999.7991057485342 694.30662018060684 15303.312574163079 1072.0149595737457 2444.0163190215826 23850.271425038576 10871.26262049377 2957.6875659376383 27027.743644803762 1529.0976074635983 19686.241480797529 36540.110404625535 209.28288550674915 451.39867617189884 1471.320048481226 35084.478647261858 453.78380800783634 15194.389339387417 1439.5253675580025 11787.205724701285 625.24295967817307 2634.1806182414293 13449.387038990855 451.98406687378883 146.85317616164684 9519.6894171535969 859.8676593452692 8591.4740499705076 5989.2565599679947 400.95666028559208 5317.6000646948814 860.60022093355656 17418.273325830698 2735.4024986326694 406.91647061705589 125.82224479317665 11564.634594067931 228.96964292228222 317.75159502029419 11797.17667530477 1134.7064591348171 2202.936293721199 1471.0329655557871 232.10537485778332 48411.065525397658 9338.8412289619446 282.62019784748554 5586.4057600200176 157.35852687060833 25674.565164402127 482.72122000157833 595.21563935279846 2394.8066480904818 1736.2964963018894 230.71611140668392 14325.83302628994 12252.357353404164 554.94181551039219 147.38963063061237 3991.6763757914305 1574.8076031953096 180.59201766550541 656.69938233494759 417.8464620411396 6644.2371379435062 7597.7451501786709 253.08783739805222 341.71690358221531 441.26179726421833 1617.952645868063 3107.968484133482 1835.6975526064634 6870.2510825991631 178.05227786302567 358.922996789217 10746.044194698334 2500.1268196851015 635.09891985356808 2009.8645343184471 35704.995577424765 805.07045497000217 1476.4303595274687 153.83953973650932 641.39761601388454 17805.395194470882 18575.191929891706 3464.3471754193306 578.71096628904343 1547.2254805266857 3846.3881085067987 3023.3160779029131 3646.8181113451719 5438.3372483104467 2463.9295885413885 6054.6867551654577 1015.3859370946884 272.51699291169643 1011.0371612906456
leaf_count=30982 2507 55026 72348 23721 93953 11327 825 29618 1809 4626 5994 78451 591 14675 8494 66824 4091 30707 18471 62019 238769 3118 840 708 5908 1174 161409 734 8014 2786 61268 4308 9788 95474 43511 11902 108411 6121 78797 146381 840 1811 5894 140577 1817 60925 5768 47323 2514 10563 53921 1814 588 38265 3452 34383 23971 1606 21285 3454 69923 10977 1632 504 46299 917 1273 47246 4544 8823 5892 930 193922 37384 1132 22376 630 102992 1933 2383 9595 6975 924 57329 49258 2227 590 15981 6302 723 2628 1672 26588 30404 1013 1370 1768 6475 12440 7354 27534 713 1439 43008 10024 2543 8053 143099 3227 5918 617 2567 71247 74337 13864 2316 6192 15394 12099 14597 21764 9864 24236 4069 1093 4049
internal_value=0 0.00317424 -0.00315945 -0.00177551 0.0061294 0.00760195 0.000818259 0.0013949 -0.00710475 -0.00322231 0.00181511 0.00252751 0.00664904 0.00956404 0.0041042 0.012672 -0.000395314 -0.00533981 -0.00382112 -0.00528792 0.000922985 0.0136421 -0.00381797 0.00114823 -0.00762806 -0.00932337 0.000633218 -0.00574405 0.00562523 -0.026722 -0.000483952 0.0153746 0.00249446 0.00120032 -0.00113248 0.0054749 0.00476697 0.021375 -0.00139623 -0.00301053 -0.0079288 -0.0410025 0.00621851 0.00698221 -0.00849305 -0.0136445 -0.00626889 -0.00802988 -0.00223006 -0.00119243 -0.00287142 -0.0144845 -0.0252053 0.0103679 0.00803223 -0.0012735 0.00362532 -0.00236157 -0.00130728 -0.00616177 -0.0107919 -0.0107497 -0.0051346 -0.02261 0.00312978 0.0065903 0.0136056 0.00409585 -0.00550586 0.0138629 0.0207707 0.00238728 -0.00597773 0.00193207 -0.00398681 -0.0107501 0.00937271 -0.00432879 -0.0135342 -0.00534847 -0.0178175 0.0241424 -0.0339853 -0.00219028 0.0152722 -0.0279242 -0.0122456 -0.00150162 0.00559645 0.0113935 -0.00286615 0.00042274 -0.00466004 0.00492715 0.0194886 -0.017778 -0.00421237 -0.0158659 0.005806 0.0103174 0.00819753 0.0113157 -0.0136722 0.00259337 0.00277579 -0.00495983 -0.00679235 0.0037449 0.011625 0.00686293 0.0144731 0.00239572 0.0011399 0.00553367 0.00488307 0.006527 -0.00615662 -0.0025534 -0.00450889 -0.00815182 -0.0118676 0.0180083 -0.00690895 -0.00301506 0.00524636 0.000498162
internal_weight=0 432574 414496 316481 191887 136203 240688 221246 10422.8 8700.8 210823 55683.6 121152 47532.4 17242.2 30290.2 12322.6 8669.89 186203 116022 170825 3805.06 85044.2 130278 98015.3 30978.1 167020 19441.4 39998.3 1721.97 33433.4 4919.58 92840.8 70549.6 46830 32250.4 73619.4 3026.07 70180.7 50494.5 96541.7 1027.67 39009.4 37084.3 1925.1 15487.3 61111.9 42556.6 18555.3 17930 16490.5 16390.1 1302.35 12477.4 27887.6 80227.7 14580.7 65647 11555.6 4602.93 35429.8 3742.33 13856.3 576.269 18130.1 22291.2 5847.11 16444.1 1594.39 4646.95 4252.71 19773 51610.9 13954.3 26166.5 5987.36 6565.42 25957.2 640.08 49006.3 2604.6 2808.31 459.686 37437.4 15051.3 1006.93 7885.78 35642.5 5747.08 4172.27 29895.4 15569.6 7315.17 8254.44 670.934 988.911 647.194 1794.84 23719.6 9865.6 9242.92 7407.23 536.975 13854 45731.8 5091.36 4943.9 40640.5 4935.47 4130.4 2653.97 86792.3 61985.4 24806.9 24165.5 20701.1 2125.94 21651.8 22979.7 12108.5 8461.65 3934.96 6238.03 4308.8 2298.94 2026.42
internal_count=3394442 1733830 1660612 1267276 770332 546831 963498 885671 41742 34832 843929 223501 486246 191100 69250 121850 49473 34798 745742 464709 683664 15233 340591 521534 393336 124118 668431 77827 160265 6910 133851 19777 371711 282440 187445 129548 295146 12115 281033 202236 387428 4124 156302 148591 7711 62099 245157 170759 74398 71884 66116 65795 5214 50167 111863 321105 58354 262751 46255 18472 142271 15018 55553 2313 72583 89271 23414 65857 6385 18611 17029 79381 206740 55855 104964 23982 26284 104124 2563 196305 10435 11283 1841 149823 60585 4041 31572 142640 23006 16704 119634 62305 29273 33032 2685 3963 2593 7183 94995 39547 37040 29686 2152 55448 183283 20398 19807 162885 19786 16559 10641 347326 248050 99276 96709 82845 8508 86641 91971 48460 33863 15756 24970 17264 9211 8118
is_linear=0
shrinkage=0.1


Tree=11
num_leaves=127
num_cat=0
split_feature=32 10 26 30 10 19 33 37 37 38 38 8 46 38 16 16 42 46 39 45 39 37 31 42 35 45 38 38 5 33 46 9 43 37 17 43 39 31 46 46 34 5 39 22 42 8 38 46 33 45 45 46 5 45 43 23 19 38 8 24 26 12 5 23 46 23 41 42 5 23 24 26 43 43 6 43 43 37 11 37 42 46 41 24 22 34 37 33 31 39 38 42 38 46 31 16 45 12 10 5 31 11 32 43 37 42 42 29 23 37 39 5 34 45 34 37 7 33 7 34 33 37 34 35 21 30
split_gain=718.328 207.928 197.495 136.388 84.3346 84.0857 81.8889 74.9623 63.1086 69.7665 67.005 62.0773 60.7747 51.373 50.6636 47.6327 51.8493 47.3991 47.0846 46.6022 46.5883 60.5391 45.2108 42.729 41.7481 46.8104 39.6654 60.7014 52.8322 52.1441 50.0625 49.3 48.2762 43.8623 39.5255 39.287 39.2396 42.22 38.8846 38.8781 38.4787 38.4715 37.7225 37.4621 42.2267 49.6749 42.2917 41.4279 39.9022 41.4377 41.2511 37.3523 42.0646 38.7898 36.9949 39.7652 37.7822 36.9205 50.7184 40.4851 36.8627 36.5063 36.4791 57.5381 48.4022 42.9521 36.6959 36.3649 36.2578 36.2109 37.8167 36.0869 35.486 50.4679 35.4163 35.353 35.7588 35.8433 35.2705 34.9955 39.1079 34.6173 34.2524 33.4445 33.7939 33.2131 41.2489 34.3272 33.1075 32.9436 95.191 62.0364 44.6951 35.9599 41.9065 35.5262 36.0137 47.0136 32.9101 34.8703 32.8574 36.8892 32.6012 32.4106 32.3501 32.2213 32.0591 33.0623 31.7487 31.3838 31.3735 31.3628 31.2017 37.3853 31.1271 31.0688 30.985 30.9076 30.6331 46.9698 30.4965 40.0982 35.4999 30.4677 30.2503 36.6714
threshold=-1.0000000180025095e-35 57.068986892700202 0.44778665900230413 -0.0002787340927170589 36.207365036010749 -0.00015074303519213569 0.0016157720237970354 0.80000001192092907 7.2333333492279062 16.500000000000004 5.5000000000000009 0.00051335187163203966 2.5000000000000004 1.5000000000000002 -0.00012944105401402337 -0.00021289491996867579 0.014999999664723875 6.5000000000000009 5.5000000000000009 12.500000000000002 5.5000000000000009 2.5666666030883794 -0.0026900598313659425 1.3750000000000002 9.7450001703691686e-06 39.500000000000007 14.500000000000002 21.500000000000004 0.0062751134391874084 -0.0062174680642783633 11.500000000000002 0.00024154051061486828 -0.36500000953674311 7.5000000000000009 0.00043243903201073414 0.82999998331069957 5.5000000000000009 -0.0051228294614702454 3.5000000000000004 -26.499999999999996 -0.70502609014511097 -0.024325159378349778 1.5000000000000002 39.853988647460945 0.014999999664723875 0.00163876946317032 19.500000000000004 7.5000000000000009 -0.0078616668470203859 22.500000000000004 30.500000000000004 15.500000000000002 0.00066594328382052492 51.500000000000007 0.64499998092651378 -0.00032764425850473339 -0.0016134907491505144 11.500000000000002 0.00011947981693083422 0.0017735610017552974 0.032495161518454559 -0.0012041463050991295 0.0062751134391874084 0.0010931831202469768 -7.4999999999999991 -0.0006439627322833984 3.8750000000000004 0.25499999523162847 -0.065899264067411409 0.002004550071433187 0.011896998621523382 -0.028507233597338196 0.51499998569488536 -0.38499999046325678 0.00026057717332150793 -0.79500001668930043 -0.5349999964237212 6.7333333492279062 -0.00013225189468357709 7.4333331584930429 -1.0000000180025095e-35 -16.499999999999996 0.57999999821186077 0.0012750065652653577 48.890987396240241 0.30362515151500707 6.7333333492279062 1.0000000180025095e-35 0.0057341444771736869 1.0000000180025095e-35 18.500000000000004 0.014999999664723875 19.500000000000004 3.5000000000000004 -0.0018527361098676918 0.0015172362327575686 44.500000000000007 -0.001284085039515048 21.760101318359379 -0.042897764593362801 0.0059882642235606917 7.6142634497955455e-05 -0.0085354587063193304 -0.64499998092651356 6.866666555404664 1.7450000047683718 1.9950000047683718 0.01380785694345832 -0.00046286478755064303 7.5333335399627694 5.5000000000000009 0.014611416030675175 0.51170146465301525 49.500000000000007 -1.0246571302413938 4.6666667461395273 0.0032090934691950683 -0.0052548423409461966 0.00066331875859759759 -0.036239303648471825 -0.0011661613243632016 2.7333333492279057 -0.34082069993019098 -0.00013118999777361748 0.58635011315345775 -0.00097470713080838312
decision_type=2 2 2 2 2 2 2 2 2 2 2 2 2 2 2 2 2 2 2 2 2 2 2 2 2 2 2 2 2 2 2 2 2 2 2 2 2 2 2 2 2 2 2 2 2 2 2 2 2 2 2 2 2 2 2 2 2 2 2 2 2 2 2 2 2 2 2 2 2 2 2 2 2 2 2 2 2 2 2 2 2 2 2 2 2 2 2 2 2 2 2 2 2 2 2 2 2 2 2 2 2 2 2 2 2 2 2 2 2 2 2 2 2 2 2 2 2 2 2 2 2 2 2 2 2 2
left_child=2 3 4 40 19 13 8 67 9 10 17 82 15 -4 69 79 60 24 -12 -1 83 38 42 115 -3 72 28 30 35 -29 33 -30 34 -28 -31 57 78 -38 81 -10 -2 -19 68 44 46 109 48 -47 50 -50 61 102 -53 -54 56 71 -42 58 -9 74 -17 -14 64 105 66 -66 -24 123 -15 70 -13 -56 73 -26 -59 -61 -77 -78 89 124 -81 -22 -8 84 -7 86 -73 -87 -40 90 91 -21 95 -92 -95 -91 -97 -98 -94 -100 101 -20 -45 -35 116 -64 -58 -108 -104 111 120 -46 -68 -114 -41 -11 -44 -85 -55 -120 -18 -122 -123 -5 125 -6
right_child=1 6 5 7 12 20 11 26 39 23 18 14 43 22 -16 16 110 41 100 36 21 -23 62 -25 25 -27 27 29 31 32 -32 -33 -34 103 -36 -37 37 -39 88 114 54 -43 104 51 45 47 -48 -49 49 -51 -52 52 53 118 55 -57 106 59 -60 75 -62 -63 63 -65 65 -67 112 -69 -70 -71 -72 85 -74 -75 -76 76 77 -79 -80 80 -82 -83 -84 117 -86 87 -88 -89 -90 92 93 -93 98 94 -96 96 97 -99 99 -101 -102 -103 108 -105 -106 -107 107 -109 -110 -111 -112 -113 113 -115 -116 -117 -118 -119 119 -121 121 122 -124 -125 -126 -127
leaf_value=-0.0073286273555262689 0.0059345980382728113 0.0074354627478257001 -0.0048940031211761187 0.031792107928764218 0.0040075558197019334 0.045050253634770783 -0.034649041103846305 -0.039027358184002367 0.041592662493468047 0.0077326480596595377 -0.0053219360134950343 -0.0073164561909144638 -0.027966933491798324 -0.035512239244056207 -0.0022405624265705052 0.0080512999557406494 0.0087174276461015106 0.030265455989171249 0.0094583900502343311 0.013407505952012422 0.011363352360465959 -0.0025453376566767763 0.0024935090789365913 -0.012706229126715396 -0.025907994601074624 -0.00089212192410793683 0.0021805918795051627 0.035955237396324578 -0.02595543496761429 -0.0054018208992754309 -0.0089915880105840805 -0.0057358704190373956 -0.011654908762936371 -0.009065280389779112 0.014606390705486944 -0.02091518517390176 -0.00086891678411271048 0.02014821654669105 -0.011126256335501974 -0.044088886855857407 0.013551320767778166 0.0053201938725721785 0.003026741689628003 -0.013852579337632049 0.017597378393225178 -0.020162530203729739 0.017730613499045835 0.022124024713748858 0.053885343195243685 -0.00046044812295764766 0.01502064040781078 0.0054104013061253217 0.0060828255795836736 -0.02661651502611985 0.034380930986598494 0.0056518174546459632 0.00082351520540535888 -0.0047799446311291328 0.0010957282720715663 0.018128017252063727 0.00019362046127691785 0.016340009528686934 0.00060998617738907334 0.0092547786377534785 -0.035399413328400325 0.0053119628695700036 0.021979006289513697 -0.017656821702260208 -0.00638363360116595 -0.01397134727502434 0.0064107155809950385 -0.0029382503805326448 -0.031440257394954318 0.0017071920001977968 0.028064465294185277 -0.027814926247108226 -0.0099022995655986996 0.016813862577586713 -0.016938761332036943 0.010712346550734442 -0.015878331448430965 -0.026133644658891023 -0.011885457246827122 0.0064979164771981615 0.0068680787917719853 -0.037087853572999964 -0.041106147210014592 0.00099005764599316404 0.024933175161567702 0.0038433933874453471 -0.015559584045640597 0.036485061745934161 0.042329029683448927 0.044724926104177873 -0.010213139138889122 0.0037331887994768425 0.02692400038243109 0.004052555615875704 -0.0037950250676898182 0.017742149183631737 0.011413249369242368 -0.021117969598459307 0.010135004899084102 0.020980944735268653 -0.011024209247648013 -0.044787725816274902 0.010766045421374588 0.064294871899277461 0.0035125588185956555 -0.0067304062514471604 0.015032006239861282 0.043207566231797258 0.024178301007654373 -0.029538828720695822 -0.011494297353111693 -0.00055493518161613467 0.050571567925389319 -0.0015976296347594314 0.01437724090239253 -0.032745376889284521 -0.0077062273423931073 0.013605451016157935 -0.0022439677318930955 -0.0074067444472443403 -0.0055144525283169835 -0.0026695414492879034
leaf_weight=1809.7862153500319 17931.043119475245 3541.8359411656857 8414.3511294573545 202.34024995565414 25621.935273855925 262.02239388227463 688.20445054769516 318.0513576567173 133.45717225968838 10625.046546563506 25714.295656695962 52342.301640152931 459.51138639450073 483.20028822124004 23156.059974491596 7453.2720689624548 15004.595353215933 749.1652362793684 435.3038135766983 3338.9253864884377 269.9536537528038 10174.872916564345 1829.1475572437048 1625.4607442170382 1062.9201002269983 8831.619889318943 30869.582473367453 289.08613595366478 1247.9181543439627 2906.3354902118444 3732.4830707758665 35795.405268505216 7962.4878754764795 432.82626459002495 1495.3038537055254 998.47419618070126 1169.1535741090775 5237.9570124447346 1130.8796112835407 305.98075540363789 2478.0186692476273 3537.9081096351147 9221.2525461763144 822.69714850187302 6575.8758452385664 675.32582066953182 2770.7737630903721 352.66776315867901 142.46369710564613 9247.0398726910353 4415.3762066066265 3371.4891068339348 996.32783372700214 1427.3992475420237 157.89097766578197 1743.959605500102 77434.884808644652 731.20036369562149 33362.961361497641 460.13419005274773 30007.12881308794 312.38135506212711 32018.113459557295 9474.1751814186573 262.00761669874191 23771.286136522889 4252.045139119029 4239.6128090620041 3695.7303362488747 8061.7475613951683 2086.8973770439625 2217.1636889725924 908.79830633103848 1753.6064960509539 595.83699998259544 1025.0255030691624 6401.8285769820213 544.92588523030281 562.87156845629215 709.38650190830231 2510.5673414170742 2798.8482695966959 16730.167990282178 5061.0988930165768 2009.8236176371574 952.89664176106453 324.60419927537441 315.01934278011322 328.60324147343636 24273.85037535429 1176.4026300758123 1788.9451270550489 427.50188729166985 258.86524647474289 299.47341965138912 2963.3509786725044 2412.3202470242977 1432.4115764945745 945.67000682651997 3666.1551450192928 405.80003675818443 4216.9067253917456 12594.817732989788 2105.0868982821703 1765.5605149418116 157.1090662330389 499.37105849385262 150.06113687157631 17024.345110610127 489.09970466792583 4549.7600910961628 515.67634655535221 247.13544851541519 272.33215889334679 6899.1240673065186 7876.9096027463675 139.13899293541908 69162.654741480947 570.01621064543724 336.33182500302792 3164.7326179742813 3080.7115670889616 2610.8336965143681 9897.3655931353569 6515.8448643535376 12114.339437127113
leaf_count=7262 71794 14191 33707 811 102723 1049 2768 1275 535 42550 103042 210148 1842 1935 92856 29905 60260 3001 1743 13424 1081 40743 7329 6512 4261 35377 123562 1157 5000 11641 14939 143362 31885 1733 5985 3997 4717 21204 4529 1227 9932 14173 36945 3299 26452 2708 11124 1417 571 37091 17728 13512 3993 5717 632 6979 310058 2928 133557 1842 120210 1252 128283 37939 1051 95256 17034 17009 14803 32407 8372 8873 3641 7029 2386 4104 25626 2181 2256 2840 10057 11211 67211 20256 8045 3814 1299 1261 1316 97606 4735 7221 1725 1042 1205 11935 9740 5769 3807 14744 1628 16920 50484 8426 7071 630 2000 602 68204 1963 18277 2075 990 1091 27655 31551 557 276801 2284 1348 12682 12343 10464 39657 26119 48495
internal_value=0 -0.00291454 0.00291118 -0.00104251 0.00488601 0.000503765 -0.00548855 -0.0030191 -0.00305788 -0.00214887 -0.00411114 -0.00734281 0.00384478 0.00256943 -0.00623603 0.00246001 0.00420032 0.000335294 -0.00705679 0.0084352 -0.00167071 -0.00682604 0.00328642 0.00283867 -0.00215302 -0.00485756 -0.00226922 -4.55964e-05 -0.00362806 -0.00602743 0.00199236 -0.00641703 -0.00700903 0.00321955 0.00139527 -0.00130321 0.00900631 0.0163131 -0.0164446 -0.0118879 0.00171955 0.00967937 -0.00165103 0.00633217 0.00924693 0.0149726 0.0064056 -0.00565553 0.00425292 0.000364122 0.0112921 0.0042953 -0.00246343 -0.0104352 0.000843498 -0.00693366 0.00139487 -0.000852427 0.000716844 -0.00626845 0.00175702 -0.0100361 0.00433185 0.00240521 0.00695127 0.00486813 0.0145361 -0.00988419 -0.00975171 -0.00771656 -0.00679014 -0.0124656 -0.0142584 -0.00871442 0.00996713 -0.00882364 -0.0103793 -0.0078066 0.00793125 4.52026e-05 -0.0100202 -0.0228351 -0.0127849 -0.000679803 0.0112718 -0.0144072 -0.0078126 -0.0276272 -0.00300746 0.00825692 0.0146083 0.0214585 0.00705023 -0.00564071 0.0152581 0.00563385 0.0120176 0.0184029 0.0157863 0.0133259 -0.0158765 -0.018257 0.00578319 0.0158567 0.0013916 0.000388313 0.00100908 0.0231347 0.00632859 0.0177699 0.00742191 0.0194597 0.0191526 -0.00398304 -0.0128785 0.00420434 0.00373348 -0.00104562 -0.0174871 -0.00310924 0.00597083 0.00131745 0.00633498 -0.00662142 0.000777596 0.00186403
internal_weight=0 431509 415408 249819 228206 187201 181690 145614 78624.1 71285.6 51158.2 103065 176443 96002.6 85647 113343 65871 20385.9 30772.3 51763.6 91198.8 14703.2 87588.2 20127.4 16098.8 12556.9 131275 49793.2 81481.8 12653.2 37140 37043.3 12364.1 33407.5 4401.64 44438.4 49953.9 6407.11 4528.28 7338.56 104205 4287.07 15304.9 63099.6 25956.2 8608.65 17347.5 1027.99 14576.8 9389.5 5187.27 37143.4 6701.56 3330.08 86273.9 5711.53 80562.3 43440 33681 9758.95 37460.4 771.893 72283.4 41649.4 30634 24033.3 6600.66 14339.3 4178.93 62490.9 54429.2 3967.57 3725.32 2816.53 1327.04 8431.91 7971.78 6946.75 43546.7 47472.1 3219.95 3068.8 17418.4 76495.6 2271.85 3809.68 2541.77 1267.92 1459.48 42983.9 6862.61 5127.87 36121.3 1734.74 558.339 31081.9 6808.08 3844.73 5039.33 4611.83 5058.01 4652.21 30441.9 2537.91 11126 32175.2 78084.3 649.432 29619.2 7580.65 28410.6 7091.55 4771.51 519.468 7205.1 18502 9360.39 74223.8 2333.75 906.348 23860.9 8856.28 5691.55 10099.7 44252.1 37736.3
internal_count=3394588 1729105 1665483 1000307 915831 749652 728798 583063 315036 285619 205006 413762 707439 384621 343783 454375 264141 81673 123333 208392 365031 58880 350914 80613 64499 50308 525586 199328 326258 50668 148660 148362 49511 133721 17626 177896 201130 25921 18137 29417 417244 17174 61311 253064 104223 34615 69608 4125 58484 37662 20822 148841 26854 13342 345450 22858 322592 173899 134832 39067 150115 3094 289603 166852 122751 96307 26444 57477 16738 250927 218520 15879 14931 11290 5314 33753 31911 27807 175209 190234 12897 12292 69979 306151 9094 15247 10172 5075 5845 172953 27627 20645 145326 6982 2247 125050 27444 15509 20276 18551 20291 18663 121987 10159 44573 128913 312660 2602 118688 30490 114026 28527 19115 2081 28882 74101 37502 297057 9349 3632 95749 35489 22807 40468 177337 151218
is_linear=0
shrinkage=0.1


Tree=12
num_leaves=127
num_cat=0
split_feature=33 27 10 22 17 34 15 39 37 30 37 37 39 43 38 29 25 22 15 40 45 38 38 37 37 4 29 30 37 46 46 46 37 37 37 44 42 34 44 44 39 0 4 44 26 39 38 13 15 34 22 41 5 26 39 17 44 25 8 45 46 38 37 44 46 44 38 26 30 20 5 44 37 33 5 37 7 45 44 43 42 26 29 34 43 46 7 0 22 34 4 38 35 43 46 43 11 26 44 35 38 5 44 5 43 37 38 37 38 37 46 41 39 46 34 5 7 44 22 35 45 29 38 45 44 37
split_gain=587.874 201.207 152.385 81.5211 88.9686 79.561 77.8109 73.8206 67.5264 61.5296 57.2601 56.5118 56.1224 57.9246 55.2967 57.7747 54.1953 53.9544 64.4351 54.4242 53.548 53.309 70.1283 66.4124 53.4047 51.7839 51.4919 48.2947 48.2212 48.0365 47.9906 47.5882 47.49 61.6617 46.0779 45.3656 45.0277 44.8749 44.69 44.6687 44.35 42.195 41.4094 40.7102 59.9454 39.8499 39.1115 41.3402 38.8453 38.5338 57.1581 38.8586 48.583 47.0916 39.39 39.0339 49.6223 52.1607 47.0793 39.1927 37.5596 42.5548 38.5364 37.0174 37.0069 44.8819 36.9773 44.8855 39.0609 41.0024 36.3398 36.0798 41.8804 35.9154 39.1611 35.4911 35.281 39.5164 35.2079 34.9928 39.1736 35.1556 34.7357 34.9317 34.733 34.384 33.9303 40.8834 35.5011 33.4626 39.229 38.3053 36.6368 32.8275 32.7114 32.5394 32.4929 33.5922 32.3637 43.1681 32.286 32.2176 38.4287 62.0635 41.6491 41.1519 36.5496 36.3188 50.5401 36.3866 38.5429 32.1864 43.9975 32.1371 32.0848 32.3325 32.0116 31.9485 47.9705 46.4386 53.32 33.7772 33.0473 57.8948 49.7103 39.1882
threshold=-0.0009422283328603952 -0.0022552926093339916 37.705144882202156 53.667047500610359 0.0004209456237731502 2.4421311616897587 0.93282562494277965 5.5000000000000009 7.866666555404664 -0.0012349873431958256 7.7999999523162851 1.5000000000000002 5.5000000000000009 0.33500000834465032 1.0000000180025095e-35 -0.016984743066132065 0.083013307303190245 58.785404205322273 0.87492480874061596 1.5000000000000002 64.500000000000014 19.500000000000004 11.500000000000002 7.6000001430511483 0.63333332538604747 -0.063022214919328676 -0.009905742481350897 -0.0022677674423903223 6.2999999523162851 -4.4999999999999991 2.5000000000000004 -23.499999999999996 6.7666666507720956 7.8999998569488534 4.8333332538604745 -0.51499998569488514 -0.24499999731779096 0.13469997048377993 1.0000000180025095e-35 0.095000002533197417 4.5000000000000009 -0.00029912513855379069 -0.034678071737289422 -0.23499999940395352 0.66930106282234203 2.5000000000000004 21.500000000000004 -0.00015613427967764434 0.11963240057229997 -0.33039844036102289 43.146217346191413 4.9500000476837167 0.0099641680717468279 0.82344812154769909 3.5000000000000004 7.592958718305455e-05 -0.63499999046325672 0.014185559004545214 0.00051335187163203966 8.5000000000000018 -1.4999999999999998 1.0000000180025095e-35 0.86666667461395275 -0.29500000178813929 -1.4999999999999998 0.19500000029802325 2.5000000000000004 0.20738434046506884 -0.0050586275756359092 -0.0010953524615615604 -0.0029046577401459213 -0.014999999664723871 7.0666668415069589 -0.015942697413265702 -0.025948972441256043 0.46666665375232702 0.0025689714821055536 12.500000000000002 -0.1649999991059303 0.53499999642372142 0.25499999523162847 0.79169070720672619 0.011266903486102821 -1.0246571302413938 -1.0000000180025095e-35 -1.4999999999999998 9.7198815637966631e-05 1.0000000180025095e-35 53.129436492919929 0.1694300398230553 0.015511897392570974 17.500000000000004 -6.4649998421373303e-06 0.53499999642372142 -23.499999999999996 -0.55500000715255726 0.00080818499554879974 0.13909576833248141 0.20499999821186068 6.4410000049974783e-05 3.5000000000000004 0.049235073849558837 1.0000000180025095e-35 0.0065545130055397758 -0.7250000238418578 0.43333332240581518 22.500000000000004 4.866666555404664 17.500000000000004 5.6666667461395273 -11.499999999999998 4.9500000476837167 1.0000000180025095e-35 -10.499999999999998 0.532107174396515 0.074203729629516615 0.00074205637793056678 0.15500000119209292 43.793802261352546 9.8265001724939807e-05 32.500000000000007 0.0078829093836247938 18.500000000000004 14.500000000000002 -0.13499999791383741 5.2333333492279062
decision_type=2 2 2 2 2 2 2 2 2 2 2 2 2 2 2 2 2 2 2 2 2 2 2 2 2 2 2 2 2 2 2 2 2 2 2 2 2 2 2 2 2 2 2 2 2 2 2 2 2 2 2 2 2 2 2 2 2 2 2 2 2 2 2 2 2 2 2 2 2 2 2 2 2 2 2 2 2 2 2 2 2 2 2 2 2 2 2 2 2 2 2 2 2 2 2 2 2 2 2 2 2 2 2 2 2 2 2 2 2 2 2 2 2 2 2 2 2 2 2 2 2 2 2 2 2 2
left_child=2 5 8 10 7 17 9 101 12 21 49 26 25 114 15 -11 43 18 89 -20 96 22 24 27 35 -1 -9 -24 36 -26 -25 -7 94 45 -29 -4 38 -19 73 -39 -30 100 -42 44 -16 64 47 93 -6 50 66 55 53 54 -53 58 57 -57 -52 -58 61 -51 -62 -13 65 70 67 95 -69 -70 -34 -66 -73 -27 -75 -71 77 -37 113 80 81 -28 83 -12 86 -85 87 -56 -88 90 91 -2 -91 -44 -23 -3 97 -8 -61 -100 -38 102 105 104 -104 116 -105 108 -107 110 -109 -33 -113 -45 115 -14 -5 119 -119 120 122 -122 123 124 -63 -124
right_child=1 3 6 4 48 31 20 11 -10 14 82 63 13 -15 16 -17 -18 37 19 -21 -22 32 23 30 29 28 79 34 40 -31 -32 111 33 -35 -36 76 41 39 -40 -41 42 -43 46 78 -46 -47 -48 -49 -50 60 51 52 -54 -55 84 56 59 -59 -60 98 62 117 -64 -65 71 -67 -68 68 69 75 -72 72 -74 74 -76 -77 -78 -79 -80 -81 -82 -83 -84 85 -86 -87 88 -89 -90 92 -92 -93 -94 -95 -96 -97 -98 -99 99 -101 -102 -103 103 106 -106 107 -108 109 -110 -111 -112 112 -114 -115 -116 -117 -118 118 -120 -121 121 -123 125 -125 -126 -127
leaf_value=0.032457108962887476 -0.0011783238389442546 0.075537065462736919 0.04347801211149957 -0.029459217964838233 0.0031545900969794705 0.04226430105144096 -0.010989445204689779 0.012582973389269867 0.031766680442353479 -0.0424835309386421 -0.043773373902380119 -0.018567029456233914 0.018331104645364183 0.0024929881599235976 0.0065259543714959751 -0.0054608040963697521 0.018329912951059648 -0.010605983925870782 -0.013044940284002255 -0.0041459412440722487 0.0038969414688188883 0.04332796945299873 -0.00081548468678989579 -0.025839193439585406 -0.00022621117642134632 -0.05789862468725343 -4.3111416127139062e-05 0.011997048128131344 0.0029768853362394832 0.0068028634686870398 0.0023813914467185645 0.0055076711656892059 -0.031038917363396163 0.035729781472423054 -0.00065752530975412963 0.061369170899265135 0.0042009084015764333 -0.0028190784177380287 0.0032576039274029426 -0.010599785916356243 0.041996704078430286 0.004963462119030735 -0.025512332460440879 -0.044631988366725446 -0.0051087097111065264 0.0065880729612444152 0.0058468233411187766 -0.0035786719983263316 -0.0018766599657174844 0.013685208799332722 -0.0081892090178951726 0.00222401569654287 -0.0032671128811067028 -0.020967839242381707 -0.031847084758348736 0.038881645360286828 -0.04784937348144136 -0.0057166296716835733 -7.162508718338324e-05 0.0026270318396124171 -0.0066565850682374266 -0.0025027282269150077 0.001939262070457427 -0.0054832667121290776 -0.017413474869639831 -0.068432662516273474 0.0050387193799771076 -0.044088679499115761 0.067276414130064341 0.045324704406742085 0.015604831964148195 -0.024117247613862622 0.030736892322573491 0.018065630012817989 -0.023262752603371351 0.00048899596181308956 -0.023871252470599551 0.01238335519825523 0.00065719074386358378 -0.060675303263924479 -0.043539810297507406 -0.029472807180028468 -0.031224705410496406 0.0077122656317841062 -0.021497530789008533 -0.012084735111741206 0.013175076088691876 0.027752139776935653 -0.0092463314830893567 0.0043067403633486219 -0.01123789371273845 0.006806426514145693 -0.0092801167756153945 -0.067914020594630017 0.012021815653559621 0.026847756268961267 -0.014716703039497757 -0.0010061203453489386 -0.019451404446234687 0.00072224040652813328 0.013422595433527335 0.003836339550235201 -0.021617143391054944 -0.0048283997431595588 0.0030072863650514371 -0.0052858637261156008 -0.026056982586289298 -0.048600347202612505 0.0078345323343076891 -0.0063583579287220075 -0.014677498355848088 -0.034190590790166668 -0.0015855643722755067 -0.0068825866462778182 0.038215799863068674 -0.028433865421317067 0.0049101841779593614 0.014375554698904475 -0.0045893547229242599 -0.0019085099592463777 -0.011537092157757806 -0.026968169693617025 0.03544285971921303 -0.0017414102379456045 -0.058309697043088062 -0.0088640449635657911
leaf_weight=719.966771453619 20540.782783761621 176.84398004412651 508.64384195208549 1246.2179286777973 27559.277043417096 299.15031296014786 4760.302928507328 359.48992948234081 1101.3220225870609 457.07212863862514 241.3169229477644 2625.3873007744551 5008.1857155263424 2821.4935306608677 25159.586607992649 5416.4642450064421 1904.2755419611931 32960.801260352135 11477.736524939537 17128.005781501532 8093.283369988203 343.55067607760429 28679.083603307605 1596.6972020119429 13750.406127884984 185.5749773979187 787.985541254282 6965.4774859249592 10722.836237102747 33189.798183485866 967.86451660096645 7341.8279668390751 490.63041840493679 485.43161278963089 4902.6188256293535 170.53677421808243 4919.9057012200356 22240.223820194602 6910.9101754873991 11041.652737125754 136.58469857275486 20298.652385562658 838.93522258102894 241.57615084946156 5374.370232373476 2720.1011746227741 678.77122578024864 706.00381752848625 34626.71569827199 1325.4247636497021 11933.184445902705 13041.777688294649 8293.4308770149946 656.92948603630066 377.90363770723343 707.75673840939999 163.6129274815321 416.61254376173019 17804.198288291693 25417.659442037344 6036.4608868658543 280.48499289155006 38347.539530158043 12262.751628950238 658.18768511712551 200.84258648753166 19470.14771309495 129.69938704371452 127.78352040052414 211.38027793169022 253.24561966955662 193.56794756650925 495.40598401427269 335.06231705844402 726.19466663897038 1071.5131738334894 257.86882261931896 4793.7448958456516 85605.917804002762 287.82088130712509 697.12306398153305 837.11538855731487 689.75408624112606 1421.0153302103281 342.3841590732336 2292.9796452075243 11767.046043053269 165.50485455989838 751.26772378385067 2556.4707946926355 2799.5538123697042 8491.954346254468 8872.4304565638304 233.38140101730824 11716.907275632024 613.20691810548306 3362.9696151763201 11543.942661345005 1648.1421530842781 2975.9627913981676 16628.385993808508 6043.8283817470074 711.58245857059956 18252.370380803943 19776.100891277194 14515.704521536827 848.75123408436775 376.22508603334427 3680.263260692358 9361.2529408335686 3051.8143478035927 485.3771701157093 2809.0383484512568 3393.2357869297266 822.61346171796322 152.3392815887928 346.30073407292366 2023.1247886866331 3914.1390946358442 11395.474240019917 3803.4233590364456 2262.2118817865849 438.1684684753418 3446.4324828237295 370.38610148429871 366.67673389613628
leaf_count=2906 82316 710 2046 5007 110374 1200 19069 1442 4427 1831 968 10536 20258 11384 100801 21693 7624 132406 46101 68733 32410 1378 114998 6396 55117 744 3159 27938 43077 133148 3878 29440 1966 1946 19652 685 19804 89324 27735 44333 550 81642 3370 967 21519 10905 2726 2832 138629 5310 47780 52217 33209 2630 1514 2836 655 1669 71265 101815 24183 1123 153600 49165 2639 805 78038 520 513 848 1015 776 1986 1343 2912 4293 1035 19253 342782 1155 2804 3364 2763 5695 1371 9189 47125 663 3008 10244 11223 34010 35554 936 47037 2461 13482 46224 6600 11919 66949 24200 2852 73106 79203 58176 3408 1507 14732 37507 12228 1948 11263 13596 3338 615 1390 8105 15670 45639 15230 9061 1755 13804 1483 1469
internal_value=0 -0.00219803 0.00317023 -0.000903984 -0.00259396 -0.00528174 0.00206376 -0.00450161 0.00719011 0.00264149 0.000454169 -0.0103028 0.00681855 0.0143044 0.00113495 -0.00834187 0.00159241 -0.00593187 -0.00403426 -0.00771657 -0.00294953 0.00433692 0.00340838 0.000417559 0.0058564 0.00578937 -0.0228988 0.00140464 0.00548615 0.0047438 -0.0151888 0.00292907 0.00940234 0.0016992 0.00676954 0.0149696 0.00691023 -0.00799059 0.000113793 -0.00540042 0.00013861 0.00823515 -0.0115955 0.0013263 0.0044781 -0.00159681 -0.0145745 -0.0223692 0.000353064 0.000719213 0.00183911 0.000793995 0.00343025 0.00547964 0.00613661 -0.000734053 0.00172909 0.0223566 -0.00332909 0.00096125 -0.00107033 -0.00382768 0.000770181 -0.00779047 -0.011311 -0.0264851 0.00646356 0.0183678 0.00842863 0.0132571 -0.0151595 -0.000669868 0.0153256 -0.0173116 -0.0102145 0.0078765 0.0121928 0.0140662 0.000247904 -0.0277859 -0.0237095 -0.0152028 -0.0105168 -0.00690567 0.00994343 -0.00451018 0.0107676 -0.0136951 0.0118295 -0.0015994 6.70728e-05 0.00115718 -0.00624094 -0.0347407 0.0129136 0.0377463 -0.00576693 -0.00392092 0.00122708 -0.00646813 0.0113171 -0.00317702 -0.00376438 -0.00167107 0.00215203 -0.00630819 -0.00577168 -0.00550245 -0.00263217 -0.00958613 -0.0184005 0.00182274 -0.00638937 -0.00939148 0.0198743 0.0169506 -0.0219854 -0.00464788 0.00187294 -0.0063791 -0.011024 -0.0172922 -0.00326816 -0.00690716 -0.0342604 0.0152572
internal_weight=0 504218 342601 355173 158254 149045 268654 96068.1 73947.1 240893 196919 17857.7 72845.8 8804.63 127552 5873.54 121679 138110 71866.9 28605.7 27760.5 113341 95782.7 43111.7 52671 64041.2 2969.53 40547.2 63321.2 46940.2 2564.56 10935.4 17557.9 5497.41 11868.1 5730.79 50004.7 66242.7 8157.74 33281.9 13316.5 41846.9 2593.68 119775 30534 5011.98 2457.09 1778.32 62186 192274 118264 96463.4 35396.2 27102.8 26445.9 61067.1 31329.7 1124.37 29737.4 30205.4 74009.9 29625.9 44384 14888.1 2291.88 944.719 21800.6 2330.43 1540.38 1410.68 743.876 1347.16 688.974 1246.83 1061.26 1282.89 5222.15 4964.28 89240.7 2610.04 2322.22 1625.1 4645.07 3955.31 13404.1 3713.99 13061.7 543.408 12518.3 43261.2 31832.3 29032.7 11428.9 1072.32 12060.5 790.051 19667.2 16304.2 30041.8 4624.1 21548.3 78210.4 72166.6 39588.8 20487.7 32577.8 19101.1 30985.3 18196 12789.3 3428.04 10636.2 3294.42 3634.81 5983.14 5160.52 1592.52 28300.5 5937.26 22363.3 10967.8 6065.64 4902.15 4097.3 650.871 804.845
internal_count=3394890 2020745 1374145 1422650 633944 598095 1076597 384941 297548 965412 788706 71625 293121 35595 510813 23524 487289 554244 288181 114834 111185 454599 384146 172862 211284 257526 11924 162588 254620 188265 10274 43851 70453 22038 47590 23019 201129 266063 32734 133657 53491 168395 10414 479665 122320 20092 9864 7138 249003 770091 473659 386276 141737 108528 105898 244539 125494 4505 119045 120989 296432 118649 177783 59701 9187 3786 87383 9345 6174 5654 2981 5401 2762 4999 4255 5141 20973 19938 357345 10482 9327 6523 18615 15852 53681 14884 52310 2177 50133 173347 127549 116326 45798 4306 48415 3171 78775 65293 120334 18519 86753 313316 289116 158569 82055 130547 76514 124150 72908 51242 13735 42651 13211 14563 24211 20873 6397 113339 23775 89564 43925 24291 19634 16410 2606 3224
is_linear=0
shrinkage=0.1


Tree=13
num_leaves=127
num_cat=0
split_feature=32 27 26 8 43 18 14 15 16 39 32 26 8 4 45 38 38 18 37 22 46 45 0 45 21 25 38 38 25 46 42 39 42 39 29 43 39 31 33 30 37 5 11 34 37 45 5 9 0 12 9 9 22 31 37 25 4 25 42 43 39 26 8 32 37 23 22 35 37 37 38 37 46 46 27 1 12 45 15 5 43 42 13 43 3 25 43 34 29 37 4 26 39 42 39 39 23 43 31 37 34 25 34 30 15 22 26 31 37 4 32 22 4 43 5 43 23 24 39 46 37 31 46 39 29 38
split_gain=512.34 153.028 148.627 118.257 91.2479 86.1836 73.0448 72.0895 71.9819 64.0494 61.3831 58.8731 55.701 50.9328 48.0888 47.482 85.5196 65.0642 52.0527 75.3131 56.257 46.1691 47.4185 45.5268 55.1214 55.34 44.7605 46.38 51.4846 44.0369 43.7538 54.4139 51.2807 43.4913 46.3774 42.5136 45.0988 42.6934 42.2934 42.1462 42.0086 42.0016 50.8706 41.5408 41.2947 39.5109 47.4923 43.727 43.1153 39.4351 39.2439 39.2045 38.8368 38.7203 47.3288 39.9802 38.2703 40.5621 38.0809 36.4308 34.8025 34.7194 34.683 42.8279 46.335 41.6685 36.8936 34.3685 33.7056 47.6595 38.2203 34.3425 57.0167 46.7643 41.7531 33.6674 33.0158 32.7334 52.4173 42.4389 32.4761 34.6799 32.4549 38.4905 33.5854 40.2512 37.0514 34.0668 32.2959 32.2477 53.2182 32.8751 51.271 32.2468 33.9137 32.2109 31.4952 31.3238 32.4724 31.1812 34.4746 31.1771 45.9023 31.1754 31.0241 30.8309 30.8716 30.6366 30.2075 43.4892 32.7692 33.8628 30.6103 36.4406 35.3067 30.1681 29.9321 29.7874 29.6678 33.4621 38.9528 29.6441 29.4524 29.4367 30.2253 29.4023
threshold=0.0001417882012901828 -0.0033352253958582874 0.44778665900230413 0.00051335187163203966 0.7749999761581422 -0.00087810104014351953 0.0073796566575765618 0.1586648225784302 -0.00021289491996867579 5.5000000000000009 -0.0017723774653859434 0.11391078680753709 0.0017631750088185074 -0.063022214919328676 49.500000000000007 16.500000000000004 11.500000000000002 0.003711484139785171 6.7333333492279062 46.497102737426765 -26.499999999999996 44.500000000000007 1.6893438441911716e-05 61.500000000000007 0.49333305656909948 0.010509882587939503 1.5000000000000002 22.500000000000004 0.051132330670952804 -1.4999999999999998 0.75499999523162853 4.5000000000000009 -0.24499999731779096 5.5000000000000009 -0.0022893734276294704 -0.54500001668930043 2.5000000000000004 -0.014238668605685232 0.0018651855643838646 -0.0031522581120952959 6.8333332538604745 -0.068662788718938814 -0.00053722929442301382 2.9634131193161015 7.7999999523162851 49.500000000000007 1.0000000180025095e-35 0.00024154051061486828 8.3543591244961152e-06 -0.0014270166866481302 0.00055131368571892392 0.0001214141411765013 41.632396697998054 -0.0063190588261932126 3.8333332538604741 0.0075861276127398023 0.0031889135716483001 0.027475451119244102 -0.014999999664723871 0.54500001668930065 1.0000000180025095e-35 0.032495161518454559 0.0020968634635210042 0.0037210055161267523 2.2333333492279057 0.00067573701380752038 39.853988647460945 -1.1735000043699982e-05 7.5000000000000009 7.7333333492279062 22.500000000000004 3.3666666746139531 -18.499999999999996 -25.499999999999996 0.00054758475744165491 -7.8388238762272508e-05 0.00044605805305764085 33.500000000000007 0.77204233407974254 -0.037230899557471268 -0.75499999523162831 0.25499999523162847 -0.00097784266108646967 0.38499999046325689 0.0046559220645576724 0.056755913421511657 -0.71500000357627858 4.3096413612365732 -0.0032905815169215198 7.8333332538604745 -0.0020113537320867176 0.65810751914978038 3.5000000000000004 0.49500000476837164 5.5000000000000009 1.5000000000000002 0.00089068524539470683 -0.71500000357627858 -0.00040648167487233872 5.366666555404664 -0.97512748837470997 0.027744170278310779 1.2902254462242129 -0.00094667388475500036 0.76839017868042003 48.028869628906257 0.9918479621410371 -0.0215668361634016 4.0000001192092904 -0.005727900192141532 0.00027499075804371392 30.660890579223636 0.0024258081102743749 1.0950000286102297 -0.032737784087657922 0.86500000953674328 0.0011736903688870373 0.0040073066484183082 3.5000000000000004 -16.499999999999996 0.53333333134651195 -0.0039536342956125728 8.5000000000000018 4.5000000000000009 -0.00657512224279344 8.5000000000000018
decision_type=2 2 2 2 2 2 2 2 2 2 2 2 2 2 2 2 2 2 2 2 2 2 2 2 2 2 2 2 2 2 2 2 2 2 2 2 2 2 2 2 2 2 2 2 2 2 2 2 2 2 2 2 2 2 2 2 2 2 2 2 2 2 2 2 2 2 2 2 2 2 2 2 2 2 2 2 2 2 2 2 2 2 2 2 2 2 2 2 2 2 2 2 2 2 2 2 2 2 2 2 2 2 2 2 2 2 2 2 2 2 2 2 2 2 2 2 2 2 2 2 2 2 2 2 2 2
left_child=2 6 8 5 15 93 101 10 23 11 -4 13 49 -10 41 16 21 18 38 30 -21 22 62 24 25 -1 29 89 44 118 32 76 52 68 -35 36 75 -37 61 -7 50 -11 88 -38 59 -41 -47 48 -48 -13 56 -12 -20 54 -23 -55 57 -17 -36 -29 -56 -18 63 64 66 -66 -5 -16 71 -70 -71 72 74 -73 121 -15 -32 79 -79 -51 105 -82 83 -8 86 87 -84 -86 -43 91 -91 -28 -93 -3 -95 -31 -81 98 -94 100 -58 -2 -103 -25 -92 -40 -107 -67 109 -75 -110 -112 113 -113 -114 -61 -109 -102 119 120 -9 -6 -89 -53 -125 -126
right_child=1 3 7 4 33 39 82 26 9 14 51 12 -14 35 67 40 17 -19 19 20 -22 53 -24 103 -26 -27 27 28 -30 95 31 -33 -34 34 58 37 43 -39 80 45 -42 42 -44 -45 -46 46 47 -49 -50 77 -52 123 -54 55 60 -57 99 -59 -60 115 -62 -63 -64 -65 65 107 -68 -69 69 70 -72 73 -74 108 -76 -77 -78 78 -80 96 81 -83 84 -85 85 -87 -88 122 -90 90 104 92 97 94 -96 -97 -98 -99 -100 -101 117 102 -104 -105 -106 106 -108 116 110 -111 111 112 114 -115 -116 -117 -118 -119 -120 -121 -122 -123 -124 124 125 -127
leaf_value=-0.0053149217689692843 -0.0077415664965909741 -0.0075068431853022397 0.0081403126543620596 0.01205453326543772 0.013739990576408187 0.050641917715642609 0.0026210650353756422 -0.042188779354047835 0.032933116540297201 -0.011854457192316602 -0.018384995079835858 0.012105837431852975 -0.0065074241960697554 0.027127694889494649 -0.012504080470132252 0.017180420179913013 -0.02598591939084572 0.0094367364230573646 0.031077431820295161 0.073454573036701623 0.0057036508557421839 0.011945858110218751 -0.0056874778260992019 0.0072095656074343852 -0.0073351143080229511 0.0031820512702622639 0.0017092529056154443 -0.0035668056612652276 0.020696858631580203 0.0095643763069237272 0.050144036491566395 -0.036480594625093517 -0.020200670766753019 -0.011927422517652107 -0.018340917253592774 0.015698941907626007 0.0089498890202313192 0.0043252631407935194 0.046474606155796225 0.00032765253014261243 -0.0034719085814296727 -0.0036670590463419163 0.011154687047143935 -0.025149690526516996 -0.027207167176763455 -0.0012589109075809065 -0.023708272374467362 -0.0056106710325805114 -0.0028768782435989286 -0.0051832811728786754 0.0022762014467690985 -0.00066169928279615755 -0.017351666256458037 0.016571724489664194 0.034766843570559418 0.00058833960457303433 0.047106879426806081 -0.027362676863277188 0.027404238416368423 -0.038864881391100746 -0.003096171605501579 -0.0038278840428032155 -0.017050346742714023 0.011421740468695832 0.006718817331668985 -0.050663830377308761 -0.0089528696594717416 0.0071572415364270356 -0.054649593916143005 0.028552308233093678 -0.041256248498430431 0.039943638634906187 -0.011342681291748454 -0.017815784792369522 -0.0733603094854509 0.0089113594350150472 -0.0049291592380120257 0.00083530578874611578 0.01506734631111864 0.0073751196832926892 -0.010350835395051779 -0.022845920501077931 -0.028408368520919526 0.042358506453637049 -0.0047961472409587362 -0.012506268438996488 0.003404819693884579 0.0034413942719749868 0.028540966937406605 -0.05070553224587037 0.023902202189216629 0.00080171615048930966 -0.0305572307467761 -0.012334958815803574 -0.031807070468030101 -0.0055561646006425641 0.04619637429806478 -0.0035109102652565319 -0.007509045023065021 -0.014362642669422941 -0.0024995740066776281 -0.01652181115579859 0.001651372282669102 -0.00032686221178647624 -0.0044596250974072221 -0.013633002261261441 0.041903044152500957 -0.013948560277796946 0.028683478096729911 0.027495888160527976 -0.059245458646298092 -0.0060755608519900148 -0.062567528492856239 0.038187069976218721 -0.015063272201830669 0.015215108911650517 0.0068313531506477331 0.030829888794073942 -0.005059477072858953 -0.025231503357110271 0.021467084776798883 -0.044751719034167241 0.037001730326668626 -0.0064362098305161559 0.0011473585847522657 0.014561065839306551
leaf_weight=9871.0338082611561 25753.572627291083 21098.680447980762 18870.078210860491 957.49366219341755 144.61583495140076 148.26286825537682 1238.8272999078035 133.21333964169025 752.16833636164665 570.85008557140827 1028.3011427670717 4977.4121690541506 5994.6253506541252 2703.1383906602859 966.19107863306999 4718.7900171279907 736.45995397865772 3079.7904785573483 387.31040844321251 124.91479553282261 6499.5870890468359 8111.3320393562317 18333.121454536915 18210.397808462381 8920.285161703825 34296.956058189273 59976.036109924316 4448.2084529548883 565.03187590837479 1932.289473593235 311.13789127767086 160.04342141747475 2901.3019939213991 890.32213716208935 226.31132876873016 3626.224317252636 3945.3344414532185 36724.163553163409 160.29608336091042 24480.978635087609 10866.344076275826 343.26444555819035 7352.2224293202162 392.82464930415154 1235.9848890453577 17390.728565782309 3111.2060000300407 12377.628689691424 1459.7220499366522 2892.7409310638905 50580.594516009092 19085.566330462694 289.25583483278751 1621.4197610169649 257.72377380728722 44956.03513430059 200.98187083005905 213.69519187510014 928.93972337245941 542.4914964735508 4181.4844765514135 17766.720631405711 1021.7302048653364 3855.7333241701126 9836.920120254159 151.32289731502533 6588.5690801739693 11138.041676744819 398.00699108839035 175.24960711598396 141.95973297953606 230.24233298003674 4348.5974126905203 335.30334587395191 268.95682734251022 1624.2040211111307 167.42918598651886 50451.910865291953 2727.7736359089613 19320.188258305192 8443.1770054101944 3014.2585165500641 385.56469406187534 303.46593697369099 32585.438963621855 6714.9132343381643 7248.6517979502678 1554.5862352699041 3346.3423598408699 125.58519725501537 1461.6681458950043 42855.028255224228 871.74145011603832 5292.8118844479322 1076.3244500756264 5200.9413890689611 211.26512794196606 28186.054888635874 2045.9087576121092 924.74837455153465 1497.4969538152218 9969.0422329753637 1615.0270790010691 7857.0711160451174 523.93042224645615 505.72087571024895 124.79390424489975 1519.0503550171852 221.27205775678158 575.1480800807476 139.36636996269226 2826.2862895280123 173.86604717373848 199.10235029459 1562.4571077972651 127.36993585526943 1275.007540628314 326.6388548463583 2263.622177913785 2381.4076924324036 345.3323038816452 216.15447914600372 314.38047002255917 1491.724599480629 2697.4694215804338 4145.3910325467587
leaf_count=39548 103526 84709 75728 3841 579 594 4961 534 3040 2292 4121 20030 24055 10929 3886 18896 2949 12334 1551 500 26027 32492 73471 73058 35771 137524 240113 17811 2264 7736 1246 641 11618 3574 907 14582 15914 147699 642 98059 43538 1386 29550 1591 4973 69625 12473 49566 5851 11602 202572 76476 1158 6494 1032 180066 805 856 3721 2174 16744 71149 4095 15448 39397 606 26400 44858 1594 702 569 922 17413 1342 1077 6541 671 202359 10922 77517 33831 12087 1547 1215 130947 26961 29076 6234 13556 503 5851 171537 3491 21275 4341 20825 847 112864 8197 3705 5999 40021 6482 31456 2098 2028 501 6085 886 2303 558 11315 696 797 6261 510 5107 1308 9072 9541 1384 866 1260 5978 10821 16637
internal_value=0 -0.00263048 0.00229442 -0.00160807 -0.000425946 -0.00476278 -0.00632804 0.000301012 0.00398221 0.00520208 0.00371798 0.00436777 0.00279227 0.00710848 0.00999835 7.96633e-05 -0.000935804 -0.00458814 -0.00562664 0.000331536 0.00698119 0.00065339 -0.00181787 0.0015155 -0.000165016 0.00128308 -0.000740633 -0.000243417 -0.00823014 -0.00654022 -0.0101157 0.0139959 -0.0144194 -0.00824971 0.00522439 0.0067122 0.0130673 0.0053474 -0.00772711 -0.00260769 0.00223774 0.0145956 0.015963 0.00586214 -0.0108025 -0.00274191 -0.00493024 -0.00869735 -0.0170558 0.0034841 0.00329898 0.000784612 0.0103723 0.0024731 0.00740291 0.00114474 0.00986209 0.0152506 0.0184429 -0.00684082 -0.000897987 -0.00470981 0.000996643 0.00175909 -7.36472e-05 0.00359461 -0.00628731 0.00558782 -0.0105549 -0.0316042 -0.0026889 -0.00921567 -0.0154152 -0.00428785 -0.0435379 0.0202905 0.0308764 0.00291648 0.00156532 0.00612082 -0.0122853 -0.0136381 -0.00384246 0.0104399 -0.00429382 -0.00542347 0.0017981 -0.00404308 0.0255445 0.000162775 0.0124256 -3.05205e-05 -0.00144137 -0.00938938 -0.0156256 -0.00146023 0.00779504 -0.00453192 -0.0143954 0.000851881 0.00779943 -0.00967958 -0.0139881 0.00493799 0.0164185 0.00731458 -0.00264109 -0.00683957 -0.00597594 0.0108084 -0.00895921 -0.0106587 -0.00923664 -0.00316261 -0.0198201 -0.0285819 -0.0044661 0.00346857 -0.0136128 -0.0203826 0.00374712 -0.0213051 0.00908661 0.0015035 0.00646166 0.00927336
internal_weight=0 404790 441757 317107 230671 86436.3 87683.5 202540 239217 160061 47318.5 136344 86575.9 49768.1 23716.9 216668 147339 44672.2 41592.4 10841 6624.5 102667 43538.9 79155.7 53088.3 44168 155222 142965 6919.09 12256.8 4216.48 638.61 3577.87 14002.2 2045.57 49015.9 8665.5 40350.4 30751.4 58968.5 69329.3 11612.7 11041.8 4338.16 6354.05 58820.3 34339.3 16948.6 4570.93 80581.3 58462.9 28448.5 676.566 59128 12550.5 46577.5 7882.35 4932.49 1155.25 5118.07 4439.21 18503.2 25205.8 24184.1 20328.4 12782.3 7546.06 12104.2 11956.6 715.216 317.209 11241.4 4978.32 6263.04 629.727 4327.34 478.567 75603.9 53179.7 22424.2 12248.2 11457.4 50345.8 1542.29 48803.5 41169.3 7634.22 34454.4 3689.61 136046 2111.18 133935 73958.7 27467.8 6369.14 7133.23 19531.5 31103.7 2917.65 2949.87 2025.12 37337.6 11584.1 26067.5 1985.6 790.811 630.515 2945.38 6032.8 910.451 5122.35 4901.08 4761.71 3025.39 1736.32 669.861 2794.06 1824.14 5123.58 2859.95 478.546 360.77 1868.97 27420.2 8334.59 6842.86
internal_count=3394447 1622695 1771752 1270465 923972 346493 352230 811239 960513 643156 189761 547628 347332 200296 95528 867890 590211 178933 166599 43412 26527 411278 174450 317357 212843 177072 621478 572386 27732 49092 16885 2558 14327 56082 8202 197256 34975 162281 123187 236168 277679 46784 44492 17505 25468 235574 137515 67890 18324 323277 234141 114033 2709 236828 50268 186560 31569 19752 4628 20495 17776 74098 100979 96884 81436 51195 30241 48744 47880 2865 1271 45015 19935 25080 2522 17470 1917 303247 213281 89966 49089 45918 202201 6176 196025 165402 30623 138441 14942 544654 8452 536202 296089 110325 25616 28561 78364 124552 11688 11817 8112 150029 46503 104514 7949 3171 2529 11798 24158 3645 20513 19627 19069 12112 6957 2684 11192 7307 20531 11459 1918 1445 7494 109912 33436 27458
is_linear=0
shrinkage=0.1


Tree=14
num_leaves=127
num_cat=0
split_feature=32 22 15 16 30 15 45 38 39 6 39 33 39 45 43 37 43 31 44 23 25 44 38 38 34 7 16 38 38 39 5 45 39 31 19 45 31 35 21 37 2 8 28 23 33 22 38 43 44 34 37 34 31 31 5 41 38 23 23 8 38 23 29 5 33 44 38 38 37 43 19 7 5 33 37 45 36 34 45 26 45 43 34 37 5 21 45 44 43 43 39 22 23 45 26 23 43 5 17 44 30 38 31 45 5 5 37 37 31 22 17 35 23 32 43 45 26 7 41 37 39 45 4 41 38 44
split_gain=446.528 181.806 109.632 99.4022 88.9732 85.0561 113.165 83.6506 69.4109 59.5749 59.4942 66.4537 76.118 57.1022 65.7289 56.6697 55.7729 54.8821 53.0337 51.9659 51.2882 49.9948 51.0751 86.3786 45.7374 44.9151 56.7648 43.3134 76.1836 63.0469 44.0179 43.2608 42.1208 55.9224 41.8069 41.1835 41.0342 40.4582 39.8463 51.8226 38.7981 38.7644 43.4818 38.7226 45.3258 38.1148 46.9364 38.0431 42.6429 37.6613 37.5038 39.7811 37.3439 37.279 36.8606 36.492 39.979 39.6183 36.4395 38.0281 42.4026 39.4789 36.3756 39.5931 36.2679 36.0382 39.9208 57.3746 61.6409 42.4593 41.1676 38.1409 35.7539 35.5019 35.3779 35.3486 39.5812 35.2611 34.8631 34.8153 34.7958 34.6678 41.7063 34.4077 34.3771 51.2649 35.4482 37.5437 41.7753 39.7204 35.0849 35.0189 34.0847 33.8109 33.7881 33.7744 33.7068 33.2061 33.1909 33.1329 32.5476 32.5378 38.7796 40.0087 33.873 32.1527 36.5577 32.064 31.991 40.0132 31.8769 38.2288 40.9122 31.767 31.5623 31.3604 31.5931 31.2675 43.0844 31.1723 49.5208 55.9723 30.9426 30.8015 32.2209 46.9808
threshold=-0.00041562500700820232 53.244689941406257 0.22285658121109012 0.00019990894361399117 8.6574513261439292e-05 0.75659775733947765 40.500000000000007 1.5000000000000002 5.5000000000000009 9.4379029178526266e-05 5.5000000000000009 0.0031039286404848103 1.0000000180025095e-35 32.500000000000007 0.94500002264976513 0.49999998509883886 0.42499999701976782 0.0082288468256592768 0.085000000894069686 -0.0038554918719455595 0.046838203445076949 0.63499999046325695 16.500000000000004 9.5000000000000018 1.3451988697052004 9.7198815637966631e-05 4.2391986880829799e-06 13.500000000000002 9.5000000000000018 1.0000000180025095e-35 0.12666945159435275 30.500000000000004 1.5000000000000002 0.0051256255246698865 -2.0098959794268009e-05 20.500000000000004 0.0013042791397310796 5.9899999541812583e-05 -0.11625500023365019 7.7333333492279062 -0.0013065619859844444 0.00045092591608408844 -0.0031643145484849806 -0.0006439627322833984 0.00048655607679393148 43.012815475463874 13.500000000000002 -0.34499999880790705 -1.0000000180025095e-35 -0.74255430698394764 5.4666664600372323 0.35062465071678167 0.0064144462812691936 0.00091600281302817177 0.03338280692696572 4.0950000286102304 22.500000000000004 0.00038004318776074802 -0.0017787085962481795 0.0011289464309811594 22.500000000000004 0.002004550071433187 -0.005848934641107916 -0.050599278882145875 -0.0028446475043892856 0.51499998569488536 13.500000000000002 18.500000000000004 7.866666555404664 0.13499999791383746 0.0011358431656844916 0.00092899356968700897 -0.036429909989237778 -0.0072359999176114789 0.76666668057441723 64.500000000000014 8.561499998904766e-05 -0.27546390891075129 48.500000000000007 0.40678431093692785 66.500000000000014 0.33500000834465032 0.66783031821250927 6.0666668415069589 -0.0042810896411538115 -0.35440577566623682 58.500000000000007 0.18500000238418582 -0.80500000715255726 0.17500000447034839 3.5000000000000004 47.703189849853523 0.0021701495861634616 78.500000000000014 0.76448172330856334 0.0005436690989881755 0.54500001668930065 -0.075247108936309801 0.00020184117602184418 -0.57499998807907093 0.00055051504750736069 13.500000000000002 -0.0013655295479111371 71.500000000000014 0.0025731503264978532 -0.027672574855387207 0.20000000298023227 7.7999999523162851 -0.020208627916872498 38.724603652954109 0.0036315359175205235 3.093499981332571e-05 -0.0038554918719455595 0.004159158095717431 -1.0249999761581419 25.500000000000004 1.0205469131469729 0.00054620183072984229 2.3249999284744267 2.0333333015441899 3.5000000000000004 30.500000000000004 0.0007494786405004562 3.7350000143051152 7.5000000000000009 -0.29500000178813929
decision_type=2 2 2 2 2 2 2 2 2 2 2 2 2 2 2 2 2 2 2 2 2 2 2 2 2 2 2 2 2 2 2 2 2 2 2 2 2 2 2 2 2 2 2 2 2 2 2 2 2 2 2 2 2 2 2 2 2 2 2 2 2 2 2 2 2 2 2 2 2 2 2 2 2 2 2 2 2 2 2 2 2 2 2 2 2 2 2 2 2 2 2 2 2 2 2 2 2 2 2 2 2 2 2 2 2 2 2 2 2 2 2 2 2 2 2 2 2 2 2 2 2 2 2 2 2 2
left_child=2 5 8 10 38 13 58 53 19 -8 11 15 16 14 20 93 -13 18 34 -1 45 22 23 -11 35 26 -15 28 29 36 32 96 33 -31 -12 100 72 -28 108 114 47 -24 -43 -25 -45 49 -47 -29 54 -2 51 97 84 -5 -49 119 73 -58 -7 60 -60 -61 -10 -64 -38 66 69 70 71 75 -68 -69 -21 -57 -9 -17 95 -62 -65 -16 -46 82 -80 -18 85 -27 87 88 -87 -89 -86 -92 -33 -3 -59 -77 -26 -30 -88 -37 -14 -75 104 -104 -103 -20 -107 -44 -4 -110 111 -22 -113 -94 -40 116 -98 -48 -119 -6 121 -121 -51 124 125 -111
right_child=1 3 4 7 55 6 9 74 62 21 17 12 24 25 79 65 83 -19 105 27 110 -23 41 43 31 52 37 40 50 30 -32 92 -34 -35 -36 99 64 -39 39 -41 -42 42 107 44 80 46 117 48 -50 122 -52 -53 -54 -55 -56 56 57 94 59 61 77 -63 63 78 -66 -67 67 68 -70 -71 -72 -73 -74 101 -76 76 -78 -79 81 -81 -82 -83 -84 -85 90 86 98 89 -90 -91 91 -93 113 -95 -96 -97 115 -99 -100 -101 -102 102 103 -105 -106 106 -108 -109 109 123 -112 112 -114 -115 -116 -117 -118 118 -120 120 -122 -123 -124 -125 -126 -127
leaf_value=0.022311372174818125 0.023625049235982468 -0.015761734334156657 -0.004707746880304349 0.00030308842302447181 -0.0083931623330086077 -0.017065175325494338 0.025488394291274221 -0.0079424686458691943 -0.00084986623706142172 0.0010478390205976855 -0.0056270641529175894 -0.020114474190433385 0.011291341525228081 0.0052562030796954769 -0.068168465872550404 -0.0094341110647866277 -0.010052284397618075 0.0015862368696962226 0.01605204765153892 -0.007321856233595065 0.0016196505095570921 0.020454575972457197 -0.007834368067642053 -0.016350708153843194 0.0055682684613250957 0.0051268407414033308 -0.0082772848919682538 0.0073955258561983553 -0.015431590525375788 -0.0089610357319171944 -0.040107124770091117 0.00018086375103869631 0.0039450410328872301 0.012227380565791174 -0.019829662386399164 0.0061881606330897454 0.020939638044229242 -0.056904313798388478 -0.035345238643027931 -0.016275786826342672 -0.0058292535440116686 -0.006035996353814372 0.0093837728097447386 0.00067791036926088759 -0.020075622382761952 0.00051910183250443529 0.016413551793349811 -0.0068155237823405617 0.0040308112434514288 0.0087047763896142393 1.6763939977090208e-05 0.023314625943423133 0.010061773610989143 -0.016728512747331718 0.011372263247169586 0.010503182005671905 -0.022689980409387585 0.012984625435154273 -0.007463900020120204 0.0024065577060529367 -0.019074788400688311 -0.022560012979079128 -0.0034689154363678463 0.021007195658984897 -0.0045989180016990016 0.0097598286694931154 0.0094609380035460405 -0.0043618263563819787 -0.043582035581882485 6.7521730022778467e-05 -0.011175658986240783 0.01005901883977987 0.022807085673660996 -0.0012448367234142656 0.00072098116960773052 0.00075062353816556264 0.01962946713208305 -0.069085951743469778 0.012204985004466972 -0.0021899794256306708 -0.0024114431228497643 -0.0014345952520958679 0.04936946811136092 0.015289970027670609 -0.0043646107053188854 0.0053489126585570708 0.0067649001228225958 0.0010565583004516839 -0.0079657904971968552 0.029806218530606089 0.0051193354975096221 -0.003071775232145124 0.0055639980119298821 0.036468349098723561 -0.015456603239777454 -0.01722734645079586 0.012671012623720125 0.011755299034616536 -0.001420039983778678 -0.006503556332494111 -0.019055677275420065 -0.00160399097570694 0.0076835178144380283 -0.0026883334966127837 -0.027092726591945632 -0.055010264474757903 -0.0067062480307787933 -0.023679210029425173 0.0084122530003806362 0.020709264062486479 0.018088220328679547 -0.044273269342733512 -0.010018730673952656 -0.026076559663034488 0.00175864714462893 -0.005414665220032127 0.068877036203208022 0.012633249442099953 -0.0012795858578311167 0.0060667602514382496 -0.0068862085298105813 -0.0079908659478471374 -0.019750594256681339 0.0022161993981237018 0.0038730755194278325 0.0010562700765525737
leaf_weight=1579.6290619969368 1711.2564708292484 3775.8747242242098 3582.8779089152813 1789.368622303009 9063.6203720718622 3440.7748838663101 908.97551183402538 5095.2669404149055 2055.0348967015743 23183.361017271876 2710.0073887556791 6666.5063267350197 389.62801422178745 554.73503497242928 191.55092270672321 15919.506607085466 1928.0460084378719 3427.565265327692 614.6975432485342 446.05937914550304 2700.873240172863 1134.6355898678303 2399.4483892172575 4594.1951167583466 2439.920416533947 23481.244105249643 285.62343966960907 12137.366386279464 468.80138796567917 5890.9353533685207 247.47462621331215 5152.4161620885134 28825.807214185596 1579.6439502835274 8811.5819215774536 2172.9905771613121 794.87233528494835 426.72939620912075 230.36327667534351 1682.0069723129272 6041.614933475852 2498.4002274721861 11205.306992024183 5667.0515633076429 2669.1197844296694 20285.377598181367 3452.0879697501659 8690.3031968176365 14350.833711907268 11794.763591632247 2446.0798786580563 3164.0107196420431 3718.2496888935566 4560.7321018725634 1278.1957937031984 3812.0942008048296 1431.3032864183187 910.9812995493412 20566.8699606359 6649.8101638555527 556.51107603311539 700.02861127257347 1252.2713127434254 5568.717873737216 1850.9299532473087 2660.5093390494585 8404.6341288685799 10890.153496026993 365.26660904288292 14341.321913853288 1092.3070366382599 2205.4762003421783 3366.5910955220461 38872.269527971745 62921.608948737383 4237.5317046791315 836.65694712102413 188.81372745335102 4257.3688535839319 137.30510851740837 1915.4455486088991 1831.9768094569445 325.00907027721405 741.91217555105686 28754.167209848762 2836.5321071743965 9010.5878865420818 3450.3505202680826 13922.679858356714 558.32274436950684 10432.111293911934 10445.333752095699 448.76694066822529 128.14736087620258 771.40834556519985 1387.0157140940428 164.85395938158035 10778.203609868884 11005.719544678926 38510.996234476566 3802.6526321917772 4035.0630923509598 15710.368565231562 4872.643645003438 598.7500895857811 160.09659975767136 7340.400694578886 301.19930745661259 23645.316740646958 3429.4224977493286 567.25019663572311 410.05233351886272 2329.3001840412617 1083.2660850584507 47900.028490453959 158.81239815056324 254.23292502760887 4171.2603187859058 4772.3954558372498 10443.273182436824 10108.823750779033 3886.4116470068693 394.9409008026123 43653.579958602786 8779.668855831027 1884.9104315936565
leaf_count=6378 6864 15169 14362 7174 36309 13790 3641 20437 8254 92871 10865 26815 1565 2222 768 63877 7750 13763 2470 1794 10819 4544 9611 18412 9804 94037 1145 48901 1884 23676 993 20686 115755 6336 35515 8738 3200 1712 924 6743 24232 10020 44871 22702 10718 81215 13826 34888 57606 47288 9834 12742 14887 18295 5130 15269 5739 3650 82458 26663 2232 2813 5041 22538 7423 10661 33674 43643 1476 57508 4384 8838 13542 155598 252001 16986 3354 757 17209 550 7690 7382 1326 2982 115129 11367 36087 13825 55778 2236 41798 41817 1803 514 3098 5563 662 43324 44096 154766 15296 16150 62884 19502 2396 645 29490 1211 95032 13757 2274 1643 9330 4353 192269 638 1021 16703 19112 41807 40481 15556 1582 174973 35207 7556
internal_value=0 -0.001888 0.00276012 -0.00395259 0.00152583 -8.34055e-05 -0.00260046 -0.000952784 0.00523749 9.43182e-05 -0.00540855 -0.00457907 -0.00687942 0.00121438 0.00394694 -0.0023596 -0.0152232 -0.0100896 -0.0121276 0.00431205 0.00422563 -0.000321074 -0.000754131 -0.00276597 -0.0054521 -1.96806e-06 -0.0187289 0.00403428 0.00576757 0.00353394 0.00192425 0.000773723 0.00221083 -0.00448077 -0.0164891 -0.00679812 0.0126421 -0.0374069 0.00322376 0.00097809 0.00159292 0.00390978 0.00592189 -0.00872164 -0.00530272 0.00534712 0.00348155 0.00282293 0.000540825 0.00973307 0.0114655 0.0134088 0.00019978 -0.0119292 -0.00448342 -0.000663878 0.000619536 -0.0104605 -0.00734128 -0.00617396 -0.00831302 2.86397e-05 0.0115282 0.0134502 0.00307357 -0.00162766 -0.00213532 0.00113571 -0.00306332 -0.00418029 0.00708738 -0.00193317 0.0192822 0.00112763 7.19865e-05 -0.00690224 -0.000664068 -0.0317442 0.0152183 -0.0406209 -0.0126955 0.0101925 0.0148409 -0.00301033 -0.000122172 0.00140458 -0.000738488 -0.00363281 -0.00571225 0.00506077 -0.00209909 0.00102119 -0.00371295 -0.0140473 -5.62306e-05 -0.00368275 0.0107117 0.0106221 0.00226451 -0.00582567 -0.0162352 0.000569957 0.0033675 0.00522818 -0.00489747 -0.00593533 -0.00773729 0.0085183 0.00454017 0.00494726 -0.00447043 -0.00682261 -0.0151463 -0.0168083 0.00158106 0.0324274 0.0467676 0.00832955 0.00520927 -0.00338435 -0.00152671 0.00225413 0.00778284 0.00352848 0.00759303 0.0137387
internal_weight=0 487971 358533 227591 239305 260381 88579.9 74367 119228 56477.1 153224 130159 63915 171801 52918.4 66244.4 9336.46 23064.3 19636.8 103937 52589.6 55568.2 54433.5 38029.2 54578.5 118882 1267.09 102358 59859.4 43002.3 36543.9 9702.27 36296.4 7470.58 11521.6 44876.3 6458.45 712.353 134788 49812.4 42498.3 16404.4 14004.9 14845.8 10251.6 46582.1 32681.1 36456.7 24319.3 13901 16857.1 14411 117615 6350.1 9968.5 104517 71014.9 3113.69 32102.8 28662 21312.2 7349.84 15290.4 13235.3 2645.8 62340.4 59679.9 22957.8 13460.9 36722 9496.94 13095.6 3812.65 67901.2 68016.9 22380.7 6461.2 745.325 11983.1 328.856 4584.57 6414.35 4582.38 2669.96 113897 64265.4 40784.2 20767.9 16759.2 4008.67 49631.6 20877.4 6684.45 3904.02 1682.39 5624.55 3017.82 11247 20016.3 40684 4192.28 64089.1 25216.8 20583 4633.81 8115.19 7500.5 11506.5 84975.8 81392.9 6007.48 5440.23 2739.35 1532.03 48130.4 577.899 419.087 12395.7 8943.66 33502.1 24438.5 14329.7 12189.7 57747.6 14094 5314.33
internal_count=3394945 1956295 1438650 913181 959262 1043114 355004 297907 479388 226291 615274 522526 256879 688110 211974 265647 37547 92748 78985 417638 210656 222650 218106 152393 219332 476136 5079 411260 240503 172719 146760 38967 145767 30012 46380 180365 25959 2857 540823 199936 170757 65713 56102 59522 41110 186590 130856 146525 97624 55734 67784 57950 471057 25469 40018 418439 284286 12487 128713 114923 85447 29476 61750 53496 10623 249964 239303 92015 53957 147288 38058 52481 15336 271799 272438 89780 25903 2989 48455 1318 18408 25917 18535 10732 456170 257426 163389 83206 67145 16061 198744 83615 26842 15683 6748 22549 12125 45208 80183 163504 16861 256530 100932 82386 18546 32605 30135 46082 340887 326525 24066 21792 10973 6156 193193 2321 1683 49641 35815 134153 97844 57363 48870 231493 56520 21313
is_linear=0
shrinkage=0.1


Tree=15
num_leaves=127
num_cat=0
split_feature=32 18 10 45 26 40 29 37 32 42 14 38 37 44 19 3 40 34 2 40 25 34 38 38 38 38 3 38 37 45 37 44 8 45 38 38 37 37 44 23 38 9 5 38 38 37 26 13 45 28 5 31 38 42 37 5 31 25 4 26 13 13 44 32 35 34 44 42 37 37 4 38 35 42 44 44 26 4 37 10 45 25 5 25 42 44 31 23 36 35 10 4 31 44 37 45 44 7 25 5 44 25 34 37 0 23 32 11 10 41 44 37 38 1 28 5 24 15 42 18 42 38 25 3 44 23
split_gain=330.562 134.281 114.776 82.1948 69.2166 60.4156 59.6316 78.7036 59.3341 55.1374 53.7493 52.7905 52.0061 51.9382 47.8483 58.1089 46.842 47.8227 45.9439 44.9838 46.9526 43.6619 41.5974 40.5639 40.5502 39.8655 41.6957 39.3848 53.6568 46.2417 39.0442 46.3123 37.6008 37.1146 35.4632 38.4843 59.2801 34.7685 34.9757 34.6207 40.6905 34.5323 42.2061 34.2318 56.8104 74.9454 35.2829 33.9322 33.6716 33.2367 33.2075 32.996 34.7774 42.085 32.9792 40.2098 32.9633 38.6628 36.3032 32.9424 32.7406 32.7008 32.7615 32.3638 32.1098 33.1512 31.6174 31.4992 32.675 31.3843 31.1337 32.3118 31.068 30.6013 32.5052 32.0674 30.6009 32.6819 30.5979 30.5156 30.3773 38.81 30.2806 74.5259 48.8309 38.668 38.3826 34.0816 32.8488 41.5046 31.7247 31.0203 30.1772 30.024 29.7529 37.103 32.7511 29.604 29.4941 29.32 39.4676 35.2987 34.3451 29.9399 29.3092 29.2705 29.3496 29.1245 31.5695 33.051 39.496 28.9114 28.8075 28.7645 28.7131 28.5912 44.8729 31.2008 32.1551 30.3781 29.783 33.6692 34.7566 29.4939 28.5794 28.5671
threshold=0.000438754796050489 0.0024443733273074035 60.422666549682624 19.500000000000004 0.5081162452697755 2.5000000000000004 0.002767471363767982 0.49999998509883886 -0.001420059415977448 1.3750000000000002 0.0080224005505442637 1.5000000000000002 0.10000000149011613 -0.22500000149011609 -0.00015654778690077362 0.00031359589775092905 1.5000000000000002 2.9634131193161015 0.00089862366439774643 2.5000000000000004 0.0047102016396820554 -0.40210853517055506 6.5000000000000009 16.500000000000004 14.500000000000002 13.500000000000002 -0.010069958399981259 19.500000000000004 7.866666555404664 78.500000000000014 0.59999999403953563 -0.044999999925494187 0.00096131590544246148 71.500000000000014 13.500000000000002 22.500000000000004 7.8333332538604745 7.2999999523162851 0.57999998331069957 -0.0008341050415765493 11.500000000000002 0.0016483370563946667 -0.039904490113258355 5.5000000000000009 16.500000000000004 7.6666667461395273 0.65810751914978038 0.00012126244473620319 27.500000000000004 -0.0036203565541654821 0.023323112167418007 -0.0026900598313659425 19.500000000000004 0.62500000000000011 0.33333332836627966 0.022293277084827427 0.00060065343859605502 0.02887711022049189 0.0044459435157477864 0.26333835721015936 -0.00079432144411839534 0.00027185294311493641 -0.83000001311302174 0.008459252770990135 3.9700000797893162e-06 3.1882972717285161 -1.0000000180025095e-35 1.0049999952316286 0.43333332240581518 1.9666666984558108 0.015945991501212124 3.5000000000000004 -2.8149999707238745e-05 -1.0000000180025095e-35 0.2950000017881394 -0.61500000953674305 0.76448172330856334 0.012075525242835285 6.2999999523162851 68.861747741699233 29.500000000000004 0.0099587556906044501 0.0021269571734592323 0.015061099082231523 0.25499999523162847 -0.14500000327825543 -0.009094103239476679 -0.0006589587137568741 6.3150000642053791e-06 8.0550003076496085e-06 50.697610855102546 -0.0021905152825638648 0.0028925539227202539 0.34499999880790716 4.0000001192092904 22.500000000000004 -0.044999999925494187 0.00076780052040703606 0.0064929246436804542 0.016530943103134636 0.64499998092651378 0.031391000375151641 -0.7487502098083495 6.3333332538604745 -0.00012087407230865209 -0.00046286478755064303 -0.0023407345870509739 7.6142634497955455e-05 62.00517654418946 5.2049999237060556 -0.36500000953674311 0.83333334326744091 1.0000000180025095e-35 -0.00089464706252329041 -0.0045380173251032821 0.0039729995187371978 0.0016885908553376796 0.44951063394546514 1.0049999952316286 0.003711484139785171 -1.0000000180025095e-35 2.5000000000000004 0.077618129551410689 0.00035650368954520678 0.46500000357627874 -0.00060094648506492365
decision_type=2 2 2 2 2 2 2 2 2 2 2 2 2 2 2 2 2 2 2 2 2 2 2 2 2 2 2 2 2 2 2 2 2 2 2 2 2 2 2 2 2 2 2 2 2 2 2 2 2 2 2 2 2 2 2 2 2 2 2 2 2 2 2 2 2 2 2 2 2 2 2 2 2 2 2 2 2 2 2 2 2 2 2 2 2 2 2 2 2 2 2 2 2 2 2 2 2 2 2 2 2 2 2 2 2 2 2 2 2 2 2 2 2 2 2 2 2 2 2 2 2 2 2 2 2 2
left_child=1 4 6 10 5 13 7 9 19 54 -3 56 -8 18 15 -13 17 -4 32 20 -5 22 -14 -15 39 26 104 29 47 -26 31 -12 67 -28 125 -36 76 38 50 92 59 -10 -43 49 99 46 -46 72 -34 -18 61 -17 -53 -54 -2 98 57 73 -58 124 63 62 -22 -23 65 -63 -7 68 -1 105 -32 -72 78 74 80 -75 77 -37 -29 82 -6 -82 85 84 88 87 94 -25 -84 -90 -86 -92 -9 -77 96 -96 -87 -79 -56 100 103 102 -101 -45 -21 106 -70 108 109 -71 -111 -59 -94 -30 -20 117 -117 -61 -119 120 -118 122 -122 -123 -41 -16
right_child=2 3 16 8 11 66 12 24 41 -11 30 14 21 23 34 51 43 -19 114 25 37 60 -24 79 27 -27 33 28 113 -31 70 -33 48 -35 35 36 -38 -39 -40 40 -42 42 -44 44 45 -47 -48 -49 -50 -51 -52 52 53 -55 55 -57 58 111 -60 115 -62 64 -64 -65 -66 -67 -68 -69 69 107 71 -73 -74 75 -76 93 -78 97 -80 -81 81 -83 83 -85 90 86 -88 -89 89 -91 91 -93 112 -95 95 -97 -98 -99 -100 101 -102 -103 -104 -105 -106 -107 -108 -109 -110 110 -112 -113 -114 -115 -116 116 119 118 -120 -121 121 123 -124 -125 -126 -127
leaf_value=0.026468684095423602 -0.0039370404914801744 0.0058579665273168352 -0.007677408447267187 0.069247734173251932 -0.0041382062948017188 -0.0047008421179520529 0.022561881301663742 -0.0093984629901724872 0.0029839272414010432 -0.03367602546641732 0.038491592170698898 -0.0011064593306657114 0.0086192323769184922 0.00066252358400492638 0.0091436620613139143 -0.0018742390001722075 -0.0030644765469159006 0.0067470152320555357 -0.034893231672114791 0.020042793865558232 -0.035845401385285344 0.0036451849018723087 0.00096212299208500165 0.019963938482518744 0.0036929973113072711 -0.00029425416787363668 0.0061901932159761893 0.015025431100566623 0.0023825689790272341 -0.015644700984698012 -0.0083848640993643159 -0.022036728606838946 0.0076485649300346839 -0.0089666148141450287 0.0015800808899629 -0.001398351775956861 -0.032412473820308055 0.00049661527421096053 0.033628336265827952 -0.012112726741058592 -0.0078842071348531589 0.0069581926024937756 -0.013392226139148398 -0.013473208957990871 0.0062175345848386699 -0.032697425271485642 -0.0029212021627579507 0.0070079189004576097 -0.0087922372357883399 0.0064478767390705634 0.015061945576631564 0.0080603294940666155 -0.0059072236904701286 0.016495209969467 0.0034190011203782465 -0.0008724220950527199 -0.020061349398846573 0.00032867594784690438 -0.0059820264821564577 0.0042818308799318248 -0.0015260111443877763 -0.0059971015356427423 0.0090546852119958859 0.032877567643785847 0.003960321496177986 -0.050226318082700949 0.0011122260457888426 0.013905955554035183 -0.023792270167422878 0.011262670012274913 -0.076298114049389187 -0.020535829834926675 -0.0046181850674077846 0.044918481305337855 -0.022784273906081662 -0.0056861906885792707 -0.014608006021767367 0.06374719496523748 -0.0060629169886111979 -0.018123103213038803 -0.0041168591258634686 0.055560132968845238 -0.0031961958815542972 0.012972452906244051 0.021834135005225686 0.019914160028402877 0.011242036137317857 -0.019933153598120812 -0.070025193424313459 -0.014624776316654726 0.023705967591128113 -0.023124851067672071 -0.021975719352990142 0.030319647911729111 0.051398173577848184 0.0043613819658924911 -0.014467594564388928 0.0090499709976867761 -0.029214568063207505 0.02292112299042447 0.038970340934841655 -0.011999859485260316 -0.0013052960084188128 -0.0041270472328788109 0.0061975302270254945 -0.010209997159574821 0.020332085186447517 -0.0061298767407770806 0.048440188012145287 -0.043218692981946881 0.0020608763220969903 -0.043099327274607573 0.0055846163664013135 -0.036601908202802527 0.0008581164555032765 -0.025162711245616261 -0.0097622479547356828 -0.00088379278789879579 -0.014583560324600129 0.023603284646571396 -0.010275277578626793 -0.0057547071118445956 0.038184308601650042 0.0023123267096279046 -0.060407746048055377 -0.0036948476445413472
leaf_weight=789.16342154145241 5732.6749258190393 3990.125851675868 54253.695083916187 127.2215451002121 223.91301493346691 17672.790968447924 1095.2164917737246 1893.9283981621265 14496.335275053978 963.89185364544392 355.53567208349705 33183.590598091483 10842.368489980698 86532.718456730247 1790.1861009597778 6000.4408559650183 8383.0267406255007 2400.1451938450336 230.00730276107788 3249.0473807901144 163.31317955255508 1328.6478529274464 20526.05343966186 284.32315807044506 28412.904437586665 13675.874185070395 7674.9650142937899 1714.9517201930285 261.50777640938759 1292.8546680510044 5990.9683452695608 196.14943192899227 2666.3674536049366 2046.335554972291 38386.701795697212 2119.2316450327635 819.50323598086834 4989.4611077159643 582.90308411419392 1809.8754222542048 18577.759036839008 1497.6471718400717 3189.6173768788576 10987.64291973412 7678.4102678000927 678.59857840836048 9392.32615467906 3892.3263983130455 2338.0269232094288 6537.8514454960823 7469.3499025255442 21773.937903776765 3963.4786650687456 1063.5940763503313 325.44749322533607 1095.0940228253603 2759.5803782790899 271.92301335930824 5444.8766479641199 11337.83571113646 53003.095684707165 660.5530990511179 32884.279886379838 529.73141883313656 3471.9289090037346 227.94420769810677 19883.564387515187 9754.9496575295925 189.89009143412113 8678.3973444253206 127.22942078113556 567.08633650839329 18735.671949014068 142.9611369818449 158.14794237911701 3537.2943305075169 1424.8873105943203 155.30222053825855 1148.9998689889908 568.15293614566326 149.08101435005665 405.08773337304592 4338.4782056957483 3716.0908309370279 1037.7444046288729 333.77599033713341 14241.778971403837 867.02824746072292 145.58642356097698 1900.839351952076 217.62204742431641 404.06623989343643 395.82977002859116 247.81681905686855 184.59565326571465 1832.2315486967564 1630.4096878170967 272.70466907322407 1858.6362766474485 651.50553295016289 162.5309434235096 2990.0844323784113 5747.740651756525 4981.5215397775173 2888.1039641499519 2058.6323058158159 731.2730638384819 1310.195619136095 206.103370398283 227.69239521026611 1251.3759851902723 351.39031857252121 9059.8042206764221 685.13124266266823 9634.7011281400919 979.08641532063484 6640.0641469657421 13441.905561849475 1963.5222046226263 410.20033571124077 5632.0003073513508 6777.9647577702999 152.00009846687317 13678.251765012741 131.42950166761875 54398.743770003319
leaf_count=3168 23013 16023 218157 516 897 70857 4394 7580 58310 3881 1429 132942 43431 346977 7167 24021 33732 9633 922 13116 658 5325 82199 1143 113784 55025 30884 6870 1049 5176 24045 788 10693 8226 153707 8487 3316 20057 2351 7243 74460 6016 12814 44190 30767 2736 37760 15590 9381 26203 30057 87174 15871 4259 1306 4395 11058 1090 21827 45395 212302 2654 132544 2122 13967 917 79684 39234 763 34838 510 2273 75053 573 633 14173 5718 622 4605 2276 597 1622 17390 14900 4169 1338 57163 3483 585 7621 872 1618 1586 992 740 7352 6535 1092 7460 2619 652 12029 23122 20024 11624 8260 2935 5247 826 915 5026 1408 36266 2763 38622 3932 26612 53861 7876 1642 22592 27140 611 54865 526 217884
internal_value=0 0.00158653 -0.00240875 0.00464977 0.00068348 0.00198262 -0.00119153 -0.00234459 0.00556677 -0.0109437 -0.00346036 -0.000737659 0.000907961 0.00283808 -0.000243545 0.00184396 -0.00501951 -0.00706632 0.00594966 0.00676298 0.00857377 0.000632931 0.00360877 0.00178365 -0.00176896 0.00366203 0.00707382 0.000352704 -0.00245475 0.00285138 -0.00859804 0.016971 0.00788495 0.00299968 -0.00162976 0.000525306 -0.00792471 0.00842077 0.00929048 -0.00305145 -0.00377178 0.000571366 -0.00688998 -0.00302679 -0.00445104 -0.000106175 0.0011894 -0.00158662 -3.2492e-05 0.00110353 0.00897436 0.00482875 0.00632947 -0.00116747 -0.00851231 -0.0165108 -0.00670482 -0.000705339 -0.0107176 -0.0025582 -0.00106858 0.00775883 0.0088328 0.0119779 -0.000380754 -0.0173441 -0.00162321 0.0094574 0.00664731 0.00557983 -0.0107081 -0.030754 -0.00313539 0.00229934 0.0185458 -0.00157289 -0.00287255 0.00369208 0.00656491 0.00484377 0.0269462 0.039506 0.00526287 0.0012601 -0.00415043 0.00769262 0.00881557 -0.0100807 -0.00812239 -0.0185661 0.0111323 -0.00673172 0.00212315 -0.00332884 0.000135067 0.00866655 -0.00862507 0.0288968 -0.0243519 -0.00747281 -0.0100587 -0.00303002 0.00116119 -0.0105577 0.0135273 -0.00358019 0.0112362 0.00791798 0.00969396 0.00890776 -0.0049096 -0.0241537 0.00443089 -0.0258325 2.45316e-05 -0.00215016 -0.00406248 0.000300326 -0.00262992 -0.00344191 -0.00377931 -0.00226534 -0.00900179 -0.000360605 -0.0153824 -0.00328581
internal_weight=0 485425 361172 110522 374903 195859 246327 159002 99294.9 9975.74 11227.1 179044 87325.1 158302 165352 65985 114845 56653.8 40066.8 80111.3 50577 86229.9 31368.4 118235 149026 29534.3 15858.5 56144.3 26438.6 29705.8 7236.97 551.685 30202.1 9721.3 99367.3 43178.3 4791.63 50449.7 45460.3 92881.5 81531.9 19183.6 4687.26 58191.2 43270.4 17749.3 17070.7 25491.9 5004.39 14920.9 44877.4 32801.5 26801 5027.07 9011.85 3279.18 13692.1 5487.62 8204.46 62954.1 54861.5 37408 33047.6 1858.38 4360.43 888.497 37556.4 25197.7 15442.7 14653.6 6685.28 694.316 21599.6 4864.3 936.23 3928.07 3972.13 2547.24 2863.95 31702.7 778.082 554.169 31134.6 11760.4 8044.34 19374.1 18222.8 1151.35 6384.9 2046.43 1659.43 621.688 11349.6 3785.11 3981.01 2016.83 1964.19 428.007 2184.08 25521 16131.7 9389.33 6399.25 15969.2 6137.15 2979.8 921.163 11673.8 10363.6 10157.5 1479.07 623.313 9455.63 946.639 9864.71 61012.8 34269.6 26743.3 15405.4 33290.5 32880.3 26240.2 5784 20456.2 1941.3 56188.9
internal_count=3395996 1947467 1448529 444804 1502663 785533 986905 637132 399736 40055 45068 717130 349773 634992 662260 264267 461624 227790 160830 322596 203721 345379 125630 474162 597077 118875 63850 224890 105930 118960 29045 2217 121286 39110 397993 172942 19235 203205 183148 372187 326755 77140 18830 233834 173899 71263 68527 102118 20074 59935 180797 131325 107304 20130 36174 13161 54870 21985 32885 252295 219749 150740 133202 7447 17538 3571 150541 101212 61978 58810 26828 2783 86528 19487 3749 15738 15919 10201 11475 127185 3116 2219 124909 47155 32255 77754 73128 4626 25596 8206 6659 2490 45432 15165 15965 8092 7873 1714 8766 102636 64866 37770 25741 64214 24740 11958 3698 46852 41605 40779 5941 2498 37852 3812 39544 244526 137394 107132 61737 133462 131820 105208 23203 82005 7769 225051
is_linear=0
shrinkage=0.1


Tree=16
num_leaves=127
num_cat=0
split_feature=33 27 10 13 43 22 23 41 43 25 38 13 34 40 20 43 5 23 23 44 27 43 37 2 32 8 38 16 5 23 43 24 38 38 37 43 41 8 38 6 37 37 33 26 37 44 44 22 44 43 44 44 43 37 23 38 25 34 15 31 44 9 32 44 22 38 44 43 31 5 43 31 37 43 44 38 37 43 38 44 26 22 41 14 41 31 26 32 15 38 43 43 9 43 38 32 25 34 43 34 40 4 31 31 22 38 44 44 44 38 33 38 25 4 41 41 20 9 26 43 8 44 38 14 28 41
split_gain=279.448 108.24 98.689 64.2224 56.4024 62.3802 65.7038 71.4827 58.0277 54.8909 54.6803 51.6251 50.0325 49.6793 47.5146 46.0022 45.0801 58.6417 56.5147 52.1805 53.1695 53.03 54.9904 48.2005 62.2387 58.5562 41.9365 41.1171 39.3526 47.8353 47.0938 42.2541 38.62 40.9469 37.7025 41.2458 37.3982 69.0309 67.7998 58.6695 39.1455 74.6117 65.3719 49.7321 57.0394 43.8425 39.145 38.6068 38.6004 38.315 66.2936 38.1162 37.2119 53.8473 42.2777 44.1225 37.2074 37.0601 36.9081 36.1042 41.5599 35.9258 35.6856 35.306 35.1662 34.0133 38.3983 33.765 46.0044 33.4269 38.0192 53.807 49.3572 48.0164 52.719 33.271 43.4667 46.9229 32.9519 32.9247 32.6279 32.5681 48.9209 49.039 42.7282 43.3046 32.7097 33.7767 35.355 37.2643 32.5114 42.059 35.448 33.2695 47.6634 37.6377 46.924 39.5907 33.2298 32.3838 32.3973 46.4631 42.5338 39.7869 34.3575 32.2111 34.1442 32.203 51.4796 32.0981 31.8576 33.0041 31.7938 31.4378 31.3986 86.7308 48.9496 44.3501 44.215 45.0276 31.2613 31.1669 34.3206 30.9055 30.5912 30.5853
threshold=-0.0010251549538224933 -0.0020704515045508738 32.040199279785163 -0.00068604815169237543 0.32500000298023229 38.102104187011726 -0.0014366816030815242 4.4500000476837167 0.37500000000000006 0.01114570163190365 9.5000000000000018 0.00019900698680430653 6.1961514949798593 2.5000000000000004 -0.00040463471668772394 0.39499999582767492 0.0010737096890807154 0.0015606305096298458 -0.00052224393584765483 1.0000000180025095e-35 0.00057157763512805115 -0.46500000357627863 0.83333334326744091 0.00027868810866493737 0.002716278657317162 0.00095549781690351676 22.500000000000004 -3.1081654014997178e-05 0.0019188403966836633 -0.002457527094520628 0.7749999761581422 0.0067542230244725951 21.500000000000004 20.500000000000004 3.1333333253860478 -0.7849999964237212 4.2249999046325692 0.0015951882232911887 14.500000000000002 0.0017447259160690012 7.3333332538604745 5.5333335399627694 -0.0072359999176114789 0.36145220696926122 6.6666667461395273 -0.044999999925494187 -0.31499999761581415 26.28244781494141 -0.17500000447034833 0.55500000715255748 0.044999999925494201 -0.4549999982118606 -0.42499999701976771 0.26666666567325598 0.0025061507476493721 16.500000000000004 0.13626060634851458 -0.33039844036102289 1.0032987594604494 -0.0021886172471567984 0.14500000327825549 0.00019600958330556753 -0.0014503152924589811 -0.36500000953674311 37.882881164550788 22.500000000000004 0.095000002533197417 -0.25499999523162836 0.012286849785596134 -0.03490162827074527 0.43500000238418585 -0.0079945875331759435 6.3333332538604745 0.44499999284744268 0.27500000596046453 1.5000000000000002 4.5000000000000009 0.27500000596046453 9.5000000000000018 -0.1950000002980232 0.59199005365371715 59.389471054077156 3.7350000143051152 0.0026148754404857759 4.5750000476837167 0.011265576817095281 0.93978780508041393 -0.00051010082825087 0.37005767226219183 2.5000000000000004 0.034999999217689044 -0.1950000002980232 0.0013447410892695191 -0.70499998331069935 16.500000000000004 -0.001233037677593529 0.024804613552987579 0.30362515151500707 -0.35500000417232508 2.9634131193161015 1.5000000000000002 0.016383884474635128 0.0015388506581075492 0.015642167069017891 37.664770126342781 12.500000000000002 -0.35500000417232508 -0.36500000953674311 -0.29500000178813929 22.500000000000004 0.00019839301967294889 4.5000000000000009 0.0058424489106982955 -0.022208692505955693 0.20500000566244128 3.8649998903274541 -0.0023117929231375452 0.0037092203274369244 0.067389979958534255 0.5249999761581422 0.0015371979097835722 0.22500000149011615 13.500000000000002 0.0094149401411414164 -0.014907891396433113 5.0750000476837167
decision_type=2 2 2 2 2 2 2 2 2 2 2 2 2 2 2 2 2 2 2 2 2 2 2 2 2 2 2 2 2 2 2 2 2 2 2 2 2 2 2 2 2 2 2 2 2 2 2 2 2 2 2 2 2 2 2 2 2 2 2 2 2 2 2 2 2 2 2 2 2 2 2 2 2 2 2 2 2 2 2 2 2 2 2 2 2 2 2 2 2 2 2 2 2 2 2 2 2 2 2 2 2 2 2 2 2 2 2 2 2 2 2 2 2 2 2 2 2 2 2 2 2 2 2 2 2 2
left_child=2 3 67 15 5 6 7 11 -6 27 34 -4 14 56 36 -2 19 18 -18 23 21 22 59 25 26 -3 -25 61 29 -16 65 63 33 120 -9 -36 38 69 39 47 41 49 46 44 45 62 51 -10 -49 114 107 -42 53 -5 55 123 75 -22 79 -21 -61 -7 -43 -30 -47 -31 -67 -1 -69 -38 71 -71 -73 -72 121 -11 -77 -78 -59 -8 -35 86 109 84 -84 -86 87 88 89 -20 91 93 -93 105 95 98 -97 -98 -95 100 124 104 -103 -104 -102 -12 -107 -51 -109 -83 111 -24 -65 -48 116 117 -40 -116 119 -117 -23 -75 -123 -55 -54 -29
right_child=1 16 4 52 8 9 58 10 12 13 90 -13 -14 -15 28 -17 17 -19 81 20 57 32 110 24 -26 -27 -28 125 31 30 -32 -33 -34 80 35 -37 37 -39 40 -41 42 43 -44 -45 -46 64 113 48 -50 50 -52 -53 99 54 -56 -57 -58 78 -60 60 -62 -63 -64 112 -66 66 -68 68 -70 70 73 72 -74 74 -76 76 77 -79 -80 -81 -82 82 83 -85 85 -87 -88 -89 -90 -91 -92 92 -94 94 -96 96 97 -99 -100 -101 101 102 103 -105 -106 106 -108 108 -110 -111 -112 -113 -114 -115 115 118 -118 -119 -120 -121 -122 122 -124 -125 -126 -127
leaf_value=0.011396115430924256 0.0020188190584972143 0.0026622436407453256 0.0024163069171877867 -0.029715038948247244 -0.0071964250843059244 0.010806858083369092 0.013895530847624557 0.02515595698288672 -0.019599370114060145 -0.002367386467725361 0.026726501755738621 -0.012310343648943137 -0.040447189380519152 -2.5040450332581427e-05 -0.033668971126499615 0.023676535358278145 0.0017142898136044472 0.007149943378414631 -0.0086346004629394221 -0.0014294806348802557 0.0019400066447972611 0.0059932692558375281 0.028407905288008607 -0.005312400393437498 0.0067941592016456265 -0.0040883116362242676 -0.025481148443379276 0.005384946861319153 0.0056715980200172473 0.0038900661906134341 -0.010081987763559327 0.0052108636667987807 -0.0036801059889958279 0.032898449698484884 -0.04418037829444766 0.010102912120172267 0.014733882042203345 0.025545377398481256 0.02910814198048213 0.019226188423478285 -0.053439411893052818 0.00014412515322937184 -0.0012783076087145536 -0.0067595971265614306 0.0023496334970547982 0.10793619363036298 -0.014831826429139376 0.0082377297579805959 -0.001342729443608228 -0.017502042014195345 0.029827757850426906 0.011494722629258162 0.0036334881683935619 -0.010237407514645733 -0.019375895361476284 0.00017955211895214992 0.042194582690824885 -0.012994939244563221 -0.0078707770843292005 -0.07222397123250579 -0.01997717468767592 -0.0049736209221811359 0.051265006566625429 -0.036631162844490257 0.04145726770434735 0.0069436217547583882 0.068823316645774554 0.0035482163388167519 0.023323770014192932 -0.04570290959578846 -0.030514380848845831 0.012793682165030391 0.056418587595719306 0.0021136395648511299 -0.014859259355692378 0.0076366368834791939 0.0013977638134545518 0.020573963776673612 -0.0018122355627557846 0.0068609816722099261 0.0087917471549079328 -0.014262525966810527 -0.0016259612669613335 -0.000695601100272583 -0.015087007829051364 0.015102741047742844 0.011798952666921894 -0.0036462906842024238 -0.0034724173825155351 0.0049909161781909695 0.016752566894338055 -0.064259973471942275 -0.011628796197572133 0.021694679603342842 0.019860780163421746 -0.069325202397963387 -0.039644215797579957 0.0067792975430496826 -0.010143453643704283 0.0046365643725830132 -0.018962640916548069 -0.014529310477304481 1.5787720557240854e-05 -0.010803660096793836 -3.1614682049449592e-05 0.015077636236339854 -0.026250406547728467 0.022757777446433248 -0.0088184086450499976 0.015883270768836385 -0.0031981949401509399 0.0034086727719222273 -0.011244075827549244 -0.071683636276323903 -0.11003588009600336 0.019715844449343413 -0.020549376476015686 -0.03096869610700528 -0.005217510800598661 -0.046047293982916654 -0.0083543778643091794 0.0052165750192614763 0.032879421880711572 0.00021342409592023156 -0.006096183010349825 -0.0016741148138630282
leaf_weight=13210.062728479505 4326.8533939123154 41709.674182251096 4512.1005266308784 1016.419250652194 10959.046131744981 1536.4689519554377 9117.6189429610968 2116.0333873778582 806.01382799446583 6663.8886482566595 195.25944525003433 5038.5937817394733 296.4528664201498 38194.722847387195 390.68831399083138 1268.1913173496723 32316.634465649724 7274.3226953446865 2292.6969956308603 471.79627865552902 14425.691421702504 43112.282335430384 665.45143865048885 25015.469851464033 4336.2624411582947 18571.011774435639 1075.2560138851404 11887.631244763732 1166.4689227044582 8979.2270789146423 2578.3415749520063 2115.6094631254673 4362.499445065856 988.26962055265903 157.13019187748432 1281.9934493303299 2504.7444635331631 1565.3667905032635 346.02838079631329 2162.0904541909695 150.33414767682552 324.9389092028141 979.83735957741737 1006.6614513397217 831.56561630964279 130.41566640138626 131.29967199265957 7402.718804821372 9737.3265102207661 1676.8841508477926 561.04719364643097 226.74641238152981 3466.3670847266912 14371.07305753231 2287.5285416096449 9757.4734285026789 260.65840004384518 4001.3706451356411 1389.0188305974007 228.24306011199951 457.27145092189312 23630.732337996364 235.5304054915905 530.17414063215256 204.10117556154728 235.03825995326042 174.90421789884567 18064.026984363794 1258.3075039982796 129.39861288666725 467.08500877022743 1338.3104802668095 321.68583495914936 14411.915451601148 1688.5593577772379 31697.253962635994 27700.861980438232 1337.6453329473734 7716.837184458971 24618.810273841023 1300.0115907937288 6892.2449198365211 5445.5671365708113 21160.410391658545 7378.7178417593241 507.83326430618763 1716.8734311312437 54675.444980576634 13300.322441205382 16117.768548995256 1214.3811201453209 145.88564562797546 1042.0043998062611 808.35181158781052 1718.9429350942373 145.27874450385571 268.11170339584351 583.50887939333916 551.45206168293953 5053.7202766388655 978.65285550057888 4657.2988396584988 10139.94907361269 5112.5158626288176 46971.768480494618 256.26968891918659 908.93009543418884 729.77484709024429 1765.1934849321842 372.28182862699032 8035.7653441876173 2558.5440918654203 7093.9476824402809 375.25521937012672 155.04079332947731 124.94947572052479 465.62945334613323 130.78483857214451 1464.8761330991983 624.4064294397831 1574.0527266860008 1180.3404244482517 723.35439474880695 3523.4182107448578 47687.651771232486 12690.12906254828
leaf_count=53566 17337 167203 18139 4094 43920 6157 36755 8523 3232 26733 785 20223 1189 153126 1567 5081 129473 29141 9191 1890 57849 172634 2666 100262 17374 74421 4312 47746 4674 35958 10328 8474 17481 3960 632 5155 10045 6276 1388 8671 602 1306 3925 4031 3332 524 526 29699 39025 6722 2248 908 13952 57784 9196 39165 1045 16038 5567 916 1835 94695 945 2123 819 942 701 72795 5067 519 1872 5365 1289 57769 6769 127122 111065 5359 30940 99042 5205 27644 21855 84814 29621 2034 6890 219064 53242 64642 4877 586 4184 3256 6919 583 1075 2339 2219 20265 3922 18732 40762 20542 188542 1030 3657 2925 7076 1495 32194 10249 28408 1503 621 501 1865 524 5869 2505 6303 4731 2899 14167 191689 50914
internal_value=0 -0.00144839 0.00226563 -0.00359766 0.00170415 0.00260127 0.00546106 0.00102794 -0.000368931 0.00157076 0.00637674 -0.00535293 0.000558919 0.00285831 0.000710222 0.00692783 -0.000462221 -0.00163379 -0.00202777 0.000636986 0.00234438 0.00390174 -0.00196251 -0.00105517 -0.00429979 0.000582562 -0.0061436 -0.00116909 -0.00309896 0.000764708 0.00188882 -0.00747702 0.00532014 0.00615599 0.0166633 0.00417601 0.00226275 0.00523241 5.6476e-05 0.00366411 -0.00568208 -0.0033682 -0.0190649 0.0109061 0.021206 0.0387261 -0.038788 0.00178923 0.00279503 -0.00821798 -0.00244507 -0.0143932 -0.00397754 -0.00707924 -0.00631078 -0.00522996 0.00448598 -0.00145335 0.0081044 -0.0227199 -0.0373728 -0.00401022 0.0216271 -0.0105306 0.0673749 0.0051761 0.0333449 0.00749981 0.00483604 0.00383567 0.00248837 0.0164062 0.0212476 0.00114009 0.0019613 0.00434015 0.00507609 0.00228111 -0.00563075 0.00876214 0.019203 -0.00295901 -0.00525934 -0.00368853 -0.00843882 -0.013143 -0.00186876 -0.0021404 0.000456048 0.0032941 0.00171119 -0.00104635 -0.0180925 0.00267854 0.00719839 -0.00203737 -0.0167969 -0.007836 0.00878311 -0.00320365 -0.00353657 -0.00210409 -0.00616487 -0.00361081 -0.000417991 -0.010862 -0.0171609 -0.00678524 0.000417583 -0.0127177 0.000170996 0.00856866 -0.0130095 -0.0569476 -0.0164683 -0.0220163 0.000620764 -0.0738572 -0.0153244 -0.0350818 0.00548788 0.00370212 0.0157277 -0.00817964 -0.00543687 0.00174017
internal_weight=0 510676 335802 160619 303270 211670 56069.7 20944.2 91600.1 155600 11393.5 9550.69 80641.1 105855 80344.6 5595.04 350057 169451 162177 180606 89898.1 63754.2 12417.1 90707.7 30427 60280.7 26090.7 49745 23264.4 12358.2 11967.5 10906.2 51337.1 46974.6 3555.16 1439.12 57080.2 24330.8 32749.5 20108.1 12641.3 10777.8 1863.47 2733.21 1726.55 894.986 883.635 17946.1 17140 8044.62 4732.9 377.081 155024 30955.9 29939.5 27652 67660.3 26143.9 35125.4 1157.31 685.515 25167.2 560.469 8790.59 334.517 9389.17 409.942 32532.4 19322.3 22765.4 20260.6 1789.39 1660 18471.3 18004.2 67399.6 60735.8 29038.5 11718.2 33736.4 2288.28 129860 41757.1 34492.5 13332.1 7886.55 88103.1 86386.2 31710.8 18410.5 7838.38 6624 1187.89 5436.11 4075.65 2356.7 996.899 851.621 1359.8 124068 119014 67860.2 19909.8 15252.5 47950.4 1360.46 1165.2 4171.85 2494.97 7264.53 11259.8 3224 7624.12 506.555 3311.72 2500.06 811.658 285.826 2214.23 749.356 44686.3 16315.6 1903.69 17894.5 51154 24577.8
internal_count=3396114 2048068 1348046 645230 1216618 849508 225546 84182 367110 623962 45820 38362 323190 424450 322001 22418 1402838 679106 649965 723732 360160 255333 49750 363572 121948 241624 104574 199512 93175 49496 47929 43679 205583 188102 14310 5787 228826 97534 131292 80627 50665 43201 7464 10957 6926 3594 3539 71956 68724 32244 18971 1510 622812 124406 120312 111116 271324 104827 141364 4641 2751 100852 2251 35205 1343 37601 1643 131428 77862 91258 81213 7173 6654 74040 72168 270279 243546 116424 46978 135797 9165 520492 167463 138324 53510 31655 353029 346139 127075 73833 31510 26633 4770 21863 16391 9472 3997 3414 5475 498406 478141 272500 80036 61304 192464 5472 4687 16723 10001 29139 45109 12915 30531 2029 13273 10020 3253 1145 8875 3006 178937 65399 7630 71951 205641 98660
is_linear=0
shrinkage=0.1


Tree=17
num_leaves=127
num_cat=0
split_feature=32 30 22 15 15 40 9 40 45 17 1 25 39 32 38 38 38 12 9 0 16 40 3 39 40 39 37 28 11 38 5 10 46 29 27 34 30 13 22 26 37 46 45 4 22 37 7 24 45 22 37 10 37 39 15 25 37 27 3 23 5 5 36 35 24 38 38 24 25 32 37 9 8 38 8 37 37 45 29 25 40 37 37 38 46 45 30 40 36 5 38 19 30 46 26 29 25 34 37 10 34 37 28 25 46 6 29 32 45 35 46 9 46 35 23 8 45 37 28 37 45 37 38 12 46 23
split_gain=257.733 101.171 90.3563 75.6646 75.392 63.3066 63.0261 70.1376 61.253 60.7577 60.3729 54.1419 54.1071 52.9994 47.2228 48.2966 46.1716 42.3703 41.7272 166.361 65.0853 41.2824 45.2605 40.7337 49.3325 51.2115 39.878 45.3846 38.7772 38.4379 45.8107 41.3885 39.8574 36.7679 39.0705 35.9852 42.9831 34.6054 34.4347 38.4715 34.2762 34.0575 59.3401 34.0413 34.6056 33.705 33.5883 33.2142 32.0549 31.897 30.5073 30.2304 30.2219 30.1568 31.5769 30.0018 29.9141 29.8952 41.6946 29.1853 28.9421 28.5274 28.4689 28.4611 28.3288 28.288 28.1019 39.1246 43.6334 27.6581 33.8677 29.7662 38.4088 28.3257 27.6273 27.534 30.4476 27.4961 37.6147 27.4098 27.3932 27.3174 27.0027 26.8463 27.2464 26.4208 26.2602 28.7383 31.8763 26.1753 26.0751 32.1288 26.5709 25.796 25.694 50.7955 38.8911 36.9432 35.6394 35.5549 28.6322 26.3358 25.6774 31.3104 33.4989 25.6484 26.4611 26.142 25.5225 32.4459 27.7383 35.744 29.3693 27.596 26.8863 25.4521 25.4206 53.7021 35.974 27.8691 27.6661 29.6793 26.1986 29.4535 33.3285 25.3912
threshold=0.00055306102149188529 -0.00091978171258233477 58.785404205322273 0.20691782236099246 0.78747099637985241 2.5000000000000004 0.0001214141411765013 1.5000000000000002 33.500000000000007 0.0023492783075198535 -0.00076541336602531363 0.0079547632485628145 4.5000000000000009 0.0019914095755666499 9.5000000000000018 13.500000000000002 22.500000000000004 -8.8510434579802663e-05 0.0001214141411765013 3.3834003261290495e-06 4.2391986880829799e-06 1.5000000000000002 0.0031660485547035937 1.0000000180025095e-35 2.5000000000000004 4.5000000000000009 7.866666555404664 0.00087646278552711021 -0.00010126054985448717 13.500000000000002 0.00046902189205866312 66.297378540039077 -28.499999999999996 -0.0090206204913556558 -0.0055256399791687718 -0.416569173336029 0.0032293364638462667 -0.00097784266108646967 67.213981628417983 0.49923725426197058 0.49999998509883886 -32.499999999999993 35.500000000000007 -0.063022214919328676 19.066002845764164 0.13333333656191829 9.7198815637966631e-05 0.00067555208806879829 8.5000000000000018 62.545404434204109 6.7000000476837167 35.235685348510749 7.2333333492279062 1.0000000180025095e-35 0.11091217771172525 0.016082205809652809 1.8666666746139529 -0.001002509845420718 0.0035998806124553089 0.0015168153331615033 -0.053578931838273995 0.0042288319673389205 1.11700001070858e-05 0.00039257999742403632 0.0084568164311349409 11.500000000000002 1.0000000180025095e-35 0.0073385627474635848 0.018410046584904197 -0.0023407345870509739 0.83333334326744091 0.0010754729155451062 0.0011689351522363724 20.500000000000004 0.0024209719849750404 5.5000000000000009 6.9333331584930429 61.500000000000007 0.033641535788774497 0.070192590355873122 1.5000000000000002 0.23333333432674411 7.7999999523162851 1.0000000180025095e-35 -37.499999999999993 78.500000000000014 0.00015540507592959332 2.5000000000000004 -0.0001265099999727681 0.018586332909762863 10.500000000000002 -0.0042081819847226134 -0.0021137640578672286 13.500000000000002 0.31804926693439489 -0.0014674338744953273 0.077618129551410689 -0.46906046569347376 4.1333334445953378 66.297378540039077 6.1961514949798593 7.8333332538604745 0.0059919797349721202 0.02547506429255009 24.500000000000004 0.00048881032853387307 -0.028485391288995739 0.0031640522647649054 19.500000000000004 9.9965000117663308e-05 1.5000000000000002 0.00010111935625900516 5.5000000000000009 0.0001416199957020581 5.987041913613212e-05 0.00071255303919315349 51.500000000000007 2.0999999046325688 0.0035471926676109438 1.0000000000000002 70.500000000000014 1.2666666507720949 1.0000000180025095e-35 -0.00017357159958919508 3.5000000000000004 -0.0011994926608167587
decision_type=2 2 2 2 2 2 2 2 2 2 2 2 2 2 2 2 2 2 2 2 2 2 2 2 2 2 2 2 2 2 2 2 2 2 2 2 2 2 2 2 2 2 2 2 2 2 2 2 2 2 2 2 2 2 2 2 2 2 2 2 2 2 2 2 2 2 2 2 2 2 2 2 2 2 2 2 2 2 2 2 2 2 2 2 2 2 2 2 2 2 2 2 2 2 2 2 2 2 2 2 2 2 2 2 2 2 2 2 2 2 2 2 2 2 2 2 2 2 2 2 2 2 2 2 2 2
left_child=1 5 4 6 13 41 17 8 11 12 82 -8 60 -2 23 51 18 -3 19 20 -5 22 125 -9 25 59 63 80 -22 30 31 116 61 -12 -35 36 45 -37 39 55 89 42 62 -43 53 -15 -30 -21 -47 52 -33 -16 -14 -45 -55 -13 -49 58 -32 75 -10 -31 -1 79 -56 -64 67 68 81 71 -71 72 93 -72 94 -25 -77 -23 -79 108 -28 -59 -4 -50 -85 -24 -17 88 -88 -36 92 -92 -7 -34 96 97 99 -96 -98 100 -46 102 103 -97 -105 107 -107 -39 109 -18 111 -110 -112 -113 -114 -11 118 119 122 -118 -121 -122 123 -20 -125 -6
right_child=2 3 10 16 21 90 7 14 9 115 33 38 49 35 15 86 26 -19 29 47 28 77 85 24 -26 -27 27 -29 46 32 57 50 69 34 40 37 -38 105 -40 -41 -42 43 -44 44 74 48 -48 56 83 -51 -52 -53 -54 54 64 -57 -58 66 -60 -61 -62 -63 65 -65 -66 -67 -68 -69 -70 70 73 -73 -74 -75 -76 76 -78 78 -80 -81 -82 -83 -84 84 -86 -87 87 -89 -90 -91 91 -93 -94 -95 95 101 98 -99 -100 -101 -102 -103 -104 104 -106 106 -108 -109 110 -111 112 113 114 -115 -116 -117 117 -119 -120 120 121 -123 -124 124 -126 -127
leaf_value=0.016802489859429334 -0.0015566760869554544 0.0037526791008304292 -0.0014001361645631422 0.0051923737365901093 -0.012269995596390205 0.00565170579603929 0.02072882709723961 0.0074229977895841209 -0.033961485621372842 0.034750934341668156 -0.0044787441869355432 0.021502468648098225 0.012342553864960738 0.035895297065864008 0.018015607615425675 -0.0065179353341212401 -0.0094229221823066665 -0.020740811378531624 -0.00353614627952601 0.047975222026591019 0.0093994786088004347 -0.0032625611137595567 -0.012039315159431442 -0.014804095951783253 0.00032222142636917833 -0.00012278742381269052 -0.018067316382148181 0.014425802531899068 -0.049202883327363854 0.0023028598277125998 0.0041876494672456995 -0.015010717788337603 -0.0030153151141035579 -0.024914047932437965 -0.028446398240840293 0.018629060279249404 -0.01752941769012294 0.0025863769197661942 0.02731297288828187 0.0018504980551352697 -0.0072828144184390268 0.022801513331555775 -0.051385679404231437 0.0281159584521905 0.006226581768259052 -0.031345501319684083 -0.016014842389426454 0.043263333902579922 -0.011167377932561234 -0.0098380327371482973 0.018545518076162625 0.0047939893074402393 -0.0074061870280877524 0.018136131929667797 -0.023766017095614031 0.0017189225209170965 0.015178809859892546 -0.034849511199341481 -0.0041295545379756984 0.0053924832447631681 4.1807201326905491e-07 0.028920970030739873 -0.032585424933481301 0.031495990887851565 0.013781331334488412 0.013205811348061196 -0.003848949562846881 -0.042526540737149815 0.01101068748408604 -0.0059238463520549269 0.0041451992476563291 0.0006399033252722341 -0.02976123714651498 -0.00097411862703797921 -0.005597406632815328 -0.043972110624482252 -0.011238394923816682 0.0015228952758772696 0.041421804079144434 0.032948450246151582 -0.049072029289892308 -0.010122598591311363 0.016481119488817322 -0.026007998060692858 0.0065674030354798841 0.0076592736471015393 0.036016025314052173 -0.0023998230652194676 0.0054927808173783768 0.010845056055733139 0.02220359140229802 -0.0021034082284095055 -0.0017289713785408928 -0.024011075737161838 -0.0010781568958453311 0.0029957201383970272 -0.03774236856211452 0.040489379464007512 0.010699457578026809 -0.0084974491193157888 -0.012863914739002122 -0.042586748609547739 0.01658790466285693 -0.0077826890860467225 -0.05979636283939304 0.041142625470405217 -0.00085082009261875638 0.018688280267098942 0.041483284483503302 -0.065640897631454392 -0.023754257524121528 -0.00016146225121324066 0.010707282303207643 -0.035132127421543397 -0.013523667797638278 0.012215870361435474 0.0025167615966925363 0.005990864339892682 0.017758066095876227 -0.0023307901906262892 -0.040336450413908757 -0.011033407211553693 -0.0022540494337269833 0.011874418286479269 0.055831016778870174 -0.0023353490891583092
leaf_weight=515.22873748838902 84465.135166987777 1137.4861778914928 30295.45754916966 3512.6650809645653 2921.9416110515594 13809.688665762544 4173.8757324516773 2843.2586005926132 253.76388421654701 692.62938462197781 46688.619272857904 2236.0502089560032 7855.9472441524267 364.42395360767841 2852.5196035057306 4292.8948533833027 287.32330185174942 1862.9171657413244 847.71677303314209 559.16290077567101 454.23790015280247 27293.762838125229 11847.039964854717 3472.7199517041445 7341.6965346932411 2809.7223929315805 683.91092309355736 270.93260063230991 391.4957013875246 742.12719762325287 11313.802258059382 2498.9344655424356 6405.4736320674419 1485.0462740361691 1253.5471892356873 1028.6137481480837 821.7829508036375 4031.2049390524626 810.40538977086544 7318.813494771719 23242.764607444406 1051.7546508014202 286.91967602074146 205.49301199615002 97581.153214484453 236.89966525137424 1379.4084378480911 475.41668903827667 920.02036726474762 855.69540958106518 303.87581872940063 4391.8371543437243 859.69283276796341 287.43737301230431 1301.8294446915388 1166.404551923275 1875.23019336164 577.46649624407291 12899.328205138445 529.8518133610487 22439.571503505111 880.14330840110779 362.31729589402676 213.82607366144657 237.61882826685905 214.94027318060398 48366.977166324854 396.81030923128128 802.90050879120827 4916.0856168568134 39473.185512036085 13625.159453868866 683.50858321785927 14883.582060039043 2424.7259803116322 789.85457773506641 443.83376768231392 13514.888213321567 240.48919036984444 182.19478252530098 488.50737456977367 1974.3018668591976 868.74024726450443 259.46664103865623 24623.658630639315 722.40705069899559 362.71344068646431 6027.3482742607594 6032.5471304059029 196.06823581457138 554.99074557423592 26946.37472859025 7541.3421051502228 644.0148618966341 366.02788344025612 4224.1148308515549 390.85766658186913 514.12690007686615 248.39535205066204 1703.7962185293436 792.01075135171413 156.92770235240459 738.28811931610107 3616.5747844278812 128.21094100177288 150.57190708816051 43542.469615608454 1344.6001634299755 197.53915336728096 159.73614528775215 1300.6919571012259 4418.3487591892481 737.14942665398121 237.79659210145473 1208.8841560930014 1813.3668416887522 3856.7543640583754 20218.306939989328 1000.6299380511045 2459.9985697716475 467.17040726542473 1328.7062802016735 28579.007109120488 753.57092732191086 223.69538639485836 21519.898661404848
leaf_count=2067 338319 4572 121452 14086 11711 55544 16793 11416 1017 2796 187882 9005 31593 1462 11515 17280 1152 7475 3397 2244 1824 109568 47704 13937 29475 11303 2768 1086 1572 2972 45346 10034 25669 5996 5069 4123 3293 16150 3248 29357 93543 4244 1150 827 392570 949 5530 1907 3687 3428 1220 17616 3455 1164 5237 4692 7518 2316 51720 2124 90010 3525 1454 857 955 863 193715 1591 3219 19706 158093 54576 2737 59618 9737 3167 1780 54212 964 730 1977 7913 3482 1039 98620 2903 1455 24190 24215 792 2253 108268 30284 2581 1467 16931 1568 2061 997 6825 3199 629 2968 14491 514 603 174448 5388 792 640 5214 17712 2954 953 4848 7304 15450 80965 4022 9853 1871 5321 114477 3023 896 86325
internal_value=0 0.00142969 -0.002124 0.000431013 -0.00105645 0.00344761 0.00280925 0.00327111 0.00578634 0.00344513 -0.0045853 0.0109696 0.00228015 0.000175049 0.000261934 0.00318023 -0.000516366 -0.0114551 -0.000221562 0.00659289 -0.00328437 -0.00360887 -0.00603075 -0.00357341 -0.00560527 -0.0110139 -0.00703783 -0.0224617 -0.016666 -0.000488059 -0.00150275 0.000503834 0.00122507 -0.00616076 -0.00916071 0.00206671 0.00499301 0.000476366 0.00743722 0.00593484 -0.00821327 0.00470686 -0.0109136 0.00489266 0.00472875 0.00569398 -0.0233518 0.0260697 0.00527132 0.00858575 -0.0113726 0.0100001 0.0103946 -0.00820416 -0.0122895 0.0147204 0.0208589 -0.00314675 -0.000243266 -0.016858 -0.000379354 0.0167442 -0.000284376 -0.00454864 -0.0179705 -0.0155352 -0.00449564 -0.0128333 -0.00932104 0.00091283 0.0020246 -0.00217253 -0.00712791 0.00274346 0.0049616 -0.019363 -0.0321958 -0.00142523 0.00222046 -0.00543152 -0.0309859 -0.0157183 -0.000901674 0.0056075 0.00622773 -0.0109072 0.000224557 0.00255457 0.00722394 -0.023132 0.000422765 -0.00161288 0.0030448 -0.00493341 0.00519338 0.000290088 0.00566777 0.0232028 -0.0189193 0.00582482 0.00607288 -0.00198501 -0.00125325 -0.00290617 -0.00956349 9.58367e-05 -0.000706105 0.0066138 -0.00624962 -0.0295098 -0.00496589 -0.000179889 -0.0121207 -0.00194747 -0.00434508 0.0184443 0.00106108 0.00323299 -0.000898261 -0.00364017 -0.0092197 -0.0186562 -0.00151226 0.010104 0.021936 -0.003523
internal_weight=0 502026 343880 335825 239849 166201 95667.4 92667 50476.2 34770.7 104030 15705.5 32264.7 161789 42190.8 23959.9 240158 3000.4 229771 8647.62 5737.81 78060.4 37011.3 18230.9 15387.7 8045.98 10386.8 1443.35 2225.14 221123 138870 62538.4 82253.3 72866 26177.4 77323.7 27226.3 50097.5 11531.7 10721.3 24692.4 117349 1379.41 115969 114918 26404.5 1770.9 2909.81 26040 9571.34 2802.81 7244.36 8715.64 2032.38 1826.89 3402.45 2350.65 76331.6 24213.1 5236.26 22693.3 1622.27 1092.49 8943.49 1539.45 577.258 52118.5 3751.48 3354.67 80631 59272.9 21358.2 7733 54356.8 112885 4706.41 1233.69 41049.1 13755.4 8729.66 1172.42 2551.77 31164.2 25803.1 24883.1 12569.4 16715.5 12422.6 6395.26 1449.62 48852.4 27501.4 21351 7049.49 110460 9744.27 100716 880.155 639.253 100077 98373.2 8864.12 8707.19 7968.9 3744.79 49068.8 43693 5375.81 8547.47 447.059 8100.41 4853.68 3246.73 4656.15 1946.03 2506 59735.6 28330.9 31404.6 8112.63 4255.88 1795.88 30404 1824.98 977.266 24441.8
internal_count=3394359 2014675 1379684 1346408 961468 668267 384218 372171 202698 139603 418216 63095 129503 648081 169473 96271 962190 12047 920507 34681 23012 313387 148643 73202 61786 32311 41683 5831 8926 885826 556349 250529 329477 293282 105400 309762 109050 200712 46302 43054 99404 471918 5534 466384 462140 105757 7102 11669 104295 38476 11254 29131 35048 8183 7356 13697 9425 305820 97066 21008 91027 6497 4384 35852 6192 2317 208754 15039 13448 322980 237417 85563 30987 217711 453957 18884 4947 164744 55176 34995 4745 10229 124934 103346 99659 50607 67140 49860 25670 5861 196349 110521 85828 28250 444220 39061 405159 3528 2565 402594 395769 35533 34904 31936 15005 196589 175051 21538 34265 1792 32473 19457 13016 18665 7802 10100 239275 113460 125815 32495 17045 7192 121793 7316 3919 98036
is_linear=0
shrinkage=0.1


Tree=18
num_leaves=127
num_cat=0
split_feature=32 22 38 10 19 38 44 40 11 37 16 38 35 12 32 45 38 44 39 38 34 39 31 37 25 45 30 32 44 23 39 44 26 37 39 39 39 44 44 30 37 45 44 37 43 45 40 40 45 14 29 38 30 45 43 43 38 21 44 38 8 8 45 14 32 43 43 38 34 38 44 37 37 44 43 37 45 37 31 35 31 34 37 37 11 6 44 4 26 4 27 29 8 37 18 30 31 38 37 29 25 26 16 37 43 44 24 43 8 22 34 43 43 2 26 43 44 43 39 30 22 37 35 37 32 45
split_gain=207.06 84.8257 71.2557 68.5158 64.8236 88.2653 59.0091 51.2892 59.1332 50.9543 47.277 47.8617 43.7367 43.6244 43.5525 43.4543 43.4416 43.113 42.6304 41.9588 41.8846 40.8377 43.3461 45.0677 40.2292 98.4365 47.748 44.369 44.1252 46.0493 39.8457 78.2656 49.4472 44.0656 39.7288 57.6182 83.5964 50.6928 44.3973 43.8195 39.9384 69.1105 46.052 39.3035 39.0456 38.2194 38.0905 51.0078 49.0019 41.0061 37.5786 37.2965 41.4374 37.0121 36.9582 36.0302 35.9293 35.7194 35.6144 35.5485 44.1733 35.2051 35.1996 35.3666 34.8745 34.6191 45.6202 34.5668 34.524 34.092 33.8403 36.4146 36.4888 43.3494 35.1576 33.6273 33.4355 33.1203 33.1029 39.5585 32.9113 36.3342 32.8739 39.1231 47.5006 32.5791 31.839 31.7276 31.6997 31.5566 31.5445 31.4175 31.5304 31.3701 31.2367 31.0897 40.1631 36.1145 37.9314 37.2012 36.2404 35.7561 43.2628 36.6477 31.031 36.2444 31.0109 38.9744 34.4896 44.1325 30.8138 30.437 30.0872 30.0703 30.0595 48.9384 46.0708 42.937 30.5204 39.7715 38.8415 33.6644 30.0092 29.8776 29.8257 47.1524
threshold=-0.00039483886212110514 55.61964416503907 16.500000000000004 40.674987792968757 0.0001344067859463394 8.5000000000000018 -0.36500000953674311 1.5000000000000002 -0.0016256378730759022 6.8333332538604745 0.00027725214022211736 1.5000000000000002 6.0989999838056981e-05 0.00034887711808551108 -0.0079924152232706529 12.500000000000002 6.5000000000000009 -0.66500002145767201 5.5000000000000009 13.500000000000002 0.95801541209220897 5.5000000000000009 0.0082288468256592768 4.2999999523162851 0.025022150017321113 12.500000000000002 -0.00056517624761909236 0.0015555337886326017 -0.31499999761581415 -0.001977790729142725 1.0000000180025095e-35 -0.21499999612569806 1.1612361669540407 0.23333333432674411 5.5000000000000009 1.0000000180025095e-35 1.5000000000000002 -0.24499999731779096 0.11499999836087228 -0.010065339505672453 3.8666666746139531 25.500000000000004 0.16499999910593036 6.0666668415069589 0.42499999701976782 81.500000000000014 1.5000000000000002 2.5000000000000004 77.500000000000014 0.005807627923786641 -0.00014293970161816103 1.0000000180025095e-35 -0.00049868188216350962 35.500000000000007 0.64499998092651378 -0.74500000476837147 1.0000000180025095e-35 -0.38421516120433802 -0.39499999582767481 2.5000000000000004 0.00067427210160531114 0.0023208458442240958 82.500000000000014 0.015336267184466125 0.0091940024867653864 -0.95499998331069935 -0.42499999701976771 1.5000000000000002 0.219769261777401 17.500000000000004 0.064999999478459372 0.83333334326744091 2.6666667461395268 0.25499999523162847 0.54500001668930065 7.4333331584930429 14.500000000000002 7.8333332538604745 -0.0038622857537120576 9.2070000391686349e-05 -0.0013655295479111371 -0.096070148050785051 4.0333335399627694 3.1666667461395268 -4.1414137740503059e-05 0.0046507513616234073 0.39499999582767492 -0.021410194225609299 0.90969198942184459 -0.011792351957410572 -0.0046402013394981614 -0.0088152387179434282 0.00095549781690351676 5.2666666507720956 0.0013060779892839494 -0.0010020186891779301 0.0014794733724556865 5.5000000000000009 0.43333332240581518 0.0062520825304090985 0.024603441357612613 0.2358411252498627 -0.00082952069351449598 0.49999998509883886 -0.77499997615814198 -0.26500000059604639 0.0024508540518581872 -0.10000000149011611 0.0021565359784290199 35.352537155151374 -0.66008689999580372 0.19500000029802325 0.50499999523162853 -0.0070061751175671807 0.12888038158416751 -0.42499999701976771 0.30500000715255743 0.54500001668930065 4.5000000000000009 0.00049048342043533932 52.165813446044929 6.5333335399627694 -0.00025068000832106913 7.366666555404664 0.004673626273870469 32.500000000000007
decision_type=2 2 2 2 2 2 2 2 2 2 2 2 2 2 2 2 2 2 2 2 2 2 2 2 2 2 2 2 2 2 2 2 2 2 2 2 2 2 2 2 2 2 2 2 2 2 2 2 2 2 2 2 2 2 2 2 2 2 2 2 2 2 2 2 2 2 2 2 2 2 2 2 2 2 2 2 2 2 2 2 2 2 2 2 2 2 2 2 2 2 2 2 2 2 2 2 2 2 2 2 2 2 2 2 2 2 2 2 2 2 2 2 2 2 2 2 2 2 2 2 2 2 2 2 2 2
left_child=3 2 4 7 6 46 50 14 12 24 21 -12 -9 -7 -1 43 93 -11 65 58 -14 30 23 76 25 26 27 -4 29 61 31 57 33 -33 35 38 37 -37 53 -39 42 -42 56 64 -35 122 48 67 49 -6 -2 -41 124 59 -18 -24 -38 -3 111 60 -8 82 63 -43 -13 -15 91 90 -60 -31 110 -72 74 -74 -73 86 -23 -17 79 -27 81 -61 83 84 -26 -22 88 -68 -36 -50 -48 -67 -93 -10 -32 96 97 98 99 -5 -100 102 -99 -103 -30 -106 -69 108 109 -108 -46 -16 -34 -52 115 -107 117 -117 121 -120 -121 -116 -19 -112 125 -53
right_child=1 10 9 95 5 13 34 8 16 17 11 15 20 18 19 77 54 45 -20 -21 85 22 55 -25 28 78 -28 -29 104 69 94 32 112 44 75 36 40 39 -40 51 41 62 -44 -45 70 -47 47 -49 89 -51 113 52 -54 -55 -56 -57 -58 -59 68 80 -62 -63 -64 -65 -66 66 87 106 -70 -71 71 72 73 -75 -76 -77 -78 -79 -80 -81 -82 -83 -84 -85 -86 -87 -88 -89 -90 -91 -92 92 -94 -95 -96 -97 -98 101 100 -101 -102 103 -104 -105 105 114 107 -109 -110 -111 123 -113 -114 -115 118 116 -118 -119 119 120 -122 -123 -124 -125 -126 -127
leaf_value=-0.0046852741029616988 -0.0023698878843949368 -0.032501140075571387 0.11777327988607955 -0.0061882689327066856 -0.0060751352575571065 -0.0032868443635294662 0.00037078692131316824 -4.1216005087266537e-06 -0.0021793985419748209 -0.047448281624131533 -0.010495628830079052 -0.0130673525604213 0.0057377725229452309 0.025983002586364209 0.010204710285055292 0.00047669976110845325 0.0025511945302927465 0.040017331995298847 -0.020729037954608093 0.0031054847868149799 0.015629401953397928 -0.054354199767206547 -0.046550936116688459 -0.0054027875659889875 0.017425328387565393 0.0024891628875781599 0.020348154489041228 0.037311600355344969 -0.023006866031897846 -0.024219319180125928 -0.0023228305671205577 -0.033346680924812258 -0.033259488973132655 -0.0049935443170669187 0.0042553539362427699 -0.031490773266150469 -0.013842333580586084 0.035937803637579584 -0.0026592772374555568 -0.033590709114823064 0.010649678445045703 -0.0073530119166039382 0.0082466988236527174 -0.038788258009416814 0.039515349792148498 0.031600341813872987 -0.02687830812874157 -0.0022749980652013876 0.054997116732944634 0.0040105089883581161 0.035036700560648719 0.021240594951749615 -0.016239171163924426 0.013089186665981396 -0.012738380921092579 0.0040537119989802256 0.00037663158109264448 -0.013223557862902453 0.0053497486990059708 -0.024952788901382059 -0.056812941142797481 -0.070498648485012791 0.023607079418128722 0.029805725282064644 0.031483169402514811 0.021249479658422749 -0.021757691177491701 -0.008950618932638937 0.013562346016746883 0.00093594582531352334 0.043557651548197386 -0.064215908065993865 -0.0080764401920852789 0.040066940749775619 -0.0067278664699712554 -0.014091229914392187 -0.01519444540218152 0.017957772369289856 0.0023760844577586484 0.012607672323168714 0.014732218843672215 0.013802696531297554 0.00093033377290182423 -0.076900652686974325 -0.048468726750376979 0.052936626160304361 0.022156373914759407 -0.00466171468453802 -0.046349081435275163 0.0092390565245976993 0.00088589888013188847 -0.013077328815715911 -0.031491790969831922 -0.012837356853131749 -0.016462588686044641 -0.00011283185628497917 0.0073048845821741372 -0.0044704568469853814 0.0087813329029036297 0.03347708044623586 -0.0012877473605761569 -0.030887958583821103 0.0032779495287879956 -0.0036635512702883344 0.025687140622381262 0.047310738051777268 0.050733733246641766 0.0039610272987685418 -0.028740599266430807 0.014690295262323506 0.0051217657491475195 0.026021008991778772 0.0096998405021752471 0.0072548487961465128 -0.00348150421773742 -0.0069977837578735491 0.055870683764274148 0.042710582415416705 0.012994657719487651 -0.051730432216880673 0.0043756281628895407 0.023769362003138672 -0.0040803531121429096 0.046960180218040021 -0.030019884079666433 -0.0048040885620624007
leaf_weight=3818.9451700299978 4599.8007529079914 1363.723670989275 127.86632016301155 325.03616212308407 21375.592391073704 24519.805511966348 323.87093803286552 7785.4349322915077 9933.6558565944433 219.57148465514183 4486.0186525285244 1066.3240300118923 9305.6145980656147 300.24320641160011 3189.8524577766657 45010.130685716867 27525.132406547666 156.08738452196121 2859.4379152059555 23702.424977406859 3786.4007505476475 224.84390996396542 147.25500178337097 7534.8774574398994 196.62407998740673 7179.9490140676498 392.7671555429697 147.69364492595196 486.59128206968307 648.19782415032387 89350.665745273232 449.59873226284981 848.96613013744354 9739.6056691408157 13409.593520864844 1077.3278941810131 2007.3242837637663 215.47166375815868 6117.1183220893145 610.47397446632385 2734.0540584623814 19628.752018615603 7200.8263050764799 500.522600248456 409.22884415090084 315.8579143434763 478.73949192464352 14681.970505520701 170.11309446394444 4968.2258050143719 401.15348316729069 825.49665409326553 3732.4905739724636 5786.3440615385771 1677.2960477769375 3159.3620693385601 15494.972412064672 3256.1098685413599 22467.150220245123 592.8552021831274 231.75194619596004 152.92814415693283 386.36719596385956 259.5233575552702 210.37952537834644 202.41884173452854 1166.0340007692575 951.28642129898071 6628.981048732996 3191.0173573940992 150.1554271876812 195.94185994565487 1009.4443698972464 229.56260779500008 232.74075917899609 977.54190826416016 7200.983600050211 1110.5648565292358 34488.143378570676 8365.3732875734568 1364.3587542176247 408.65407483279705 460.65084758400917 160.18070505559444 246.60063120722771 249.49806554615498 1014.4179162085056 15726.785130500793 124.94122122228146 1321.6676429659128 2817.9061806797981 2853.3091145455837 1379.3555757254362 3825.0459675341845 1590.1642516851425 155427.35092455149 13411.212033838034 9440.040852651 7699.3475108444691 867.53561374545097 6672.0108943879604 517.86805626749992 30447.877233281732 10938.461199685931 654.23073302209377 349.14068143069744 363.78894403576851 5635.5337583869696 169.36407345533371 5132.0496577620506 1719.0532701313496 1967.0112815648317 201.77773128449917 13524.359526023269 10857.851258710027 1214.2217137515545 165.51687878370285 202.7908154129982 2905.9689923673868 199.00176383554935 324.74184857308865 473.07634977996349 13631.822833940387 189.50043374300003 371.37093333899975 4401.6418568342924
leaf_count=15425 18424 5483 513 1307 85697 98253 1298 31376 39985 880 18022 4275 37581 1206 12881 180342 110835 626 11502 95463 15312 909 592 30383 788 28781 1575 592 1950 2597 359193 1812 3426 39161 53755 4317 8047 864 24500 2448 10950 78592 28839 2006 1643 1266 1922 58845 682 19942 1611 3307 14942 23181 6737 12694 62063 13114 90417 2376 929 613 1547 1040 844 814 4679 3812 26719 12790 604 786 4053 922 935 3916 29039 4451 138193 33529 5464 1638 1847 642 988 1016 4066 63138 501 5296 11293 11468 5537 15367 6367 622466 53847 37888 30963 3498 26792 2075 122397 43834 2622 1402 1459 22583 679 20566 6909 7929 812 54206 43506 4871 664 813 11645 797 1301 1896 54656 762 1487 17630
internal_value=0 -0.00144391 -0.000419152 0.00171847 -0.00140031 -0.00314319 0.000330451 0.00360234 0.00162045 0.00197918 -0.00315276 -0.000618682 0.00595203 -0.00626844 0.00565846 0.000306372 -0.000509692 -0.00347779 -0.00925395 0.00634006 0.00942774 -0.00418017 -0.00856137 -0.0108515 0.00304129 0.00461224 0.0427366 0.0746477 -0.000438502 -0.00868422 -0.00345874 -0.00750048 -0.00407108 -0.0025352 -0.000735083 -0.00170275 -0.00310429 -0.0108651 0.00386997 -0.00867737 -0.00127693 -0.00427479 0.00151531 -0.0150375 -0.00153681 -0.00279324 -0.000505502 0.00195216 -0.00317463 -0.00417307 0.00546664 -0.00964436 -0.00807769 0.00845667 0.00167301 0.00180011 -0.00125413 -0.0189141 0.00857832 -0.000718555 -0.0234807 -0.0256346 -0.00628737 -0.00686813 -0.00572617 -0.00773684 -0.00821153 0.0059437 0.00722083 -0.00331117 0.00660396 -0.00361024 -0.00785714 0.000843542 -0.0330044 0.0038626 -0.0163801 0.000897636 0.00410299 0.00793422 0.00462713 -0.00913907 -0.0191866 -0.0345442 -0.0192367 0.0179357 0.00506892 -0.00584177 0.00378821 0.014457 -0.00314602 -0.0172377 -0.0190783 -0.00514241 -0.00257007 0.000712696 0.00231019 0.00130904 0.0055288 0.0226663 0.00410669 2.9912e-05 0.00144418 -0.00489419 0.00189939 0.00259804 0.00838947 0.00984914 0.0157064 0.0170761 0.014615 0.0162376 -0.0250099 0.00805516 0.0016931 0.0134237 0.00594744 0.000116056 0.000157964 0.00842303 -0.0169424 -0.00234376 -0.00358114 0.0092759 -0.00263648 -0.000690978
internal_weight=0 484398 302811 361609 214896 107074 107823 125862 64088.1 87914.5 181588 52383.9 21126.9 49007.4 61774.4 47897.9 42961.1 14323.3 24487.6 57955.4 13341.5 129204 18267.3 14960.7 73591.1 50701.8 668.327 275.56 22889.3 5056.2 110936 19995.4 15375.6 14324.8 89297.5 73771 58946.1 11234.3 14825 10156.9 47711.8 23008.7 24703.1 1777.23 13875.2 14103.8 58066.2 30230.6 27835.6 26343.8 18525.3 9941.47 9331 8707.83 29202.4 3306.62 17502.3 4619.83 34253 2921.49 555.623 1216.98 20274.6 19888.3 1276.7 21628.1 21327.9 15548.7 29096.1 3839.22 4135.63 1817.85 1667.69 1239.01 428.683 15526.5 7425.83 46120.7 50033.5 15545.3 2365.87 1001.51 1064.06 603.405 443.225 4035.9 14549 16892.8 13534.5 1491.78 3296.65 4435.08 4232.66 13758.7 90940.8 235747 80319.4 66908.2 15563.9 1192.57 14371.4 51344.2 39887.9 11456.3 17833.1 17346.5 12252 11300.7 5665.2 5495.84 2317.78 5156.86 1050.74 13925.5 16692.3 1931.67 1582.53 1417.01 14760.6 3429.71 523.744 11330.9 13787.9 1908.55 5598.51 5227.14
internal_count=3395303 1943193 1213654 1452110 861311 429373 431938 507043 258209 352343 729539 209940 85285 196597 248834 191918 172924 57428 98344 233409 53909 519599 73617 60331 294915 203183 2680 1105 91732 20265 445982 80422 61825 57587 357697 295459 236073 44995 59386 40678 191078 92129 98949 7125 55775 56548 232776 121159 111617 105639 74241 39814 37366 34886 117572 13286 70110 18597 137946 11705 2227 4878 81179 79632 5119 86842 85636 62314 117136 15387 16614 7300 6696 4975 1721 62238 29948 184793 200503 62310 9478 4014 4265 2418 1776 16328 58322 67817 54256 5978 13215 17819 17005 55352 365560 945067 322601 268754 62560 4805 57755 206194 160285 45909 71467 69517 49099 45287 22704 22025 9314 20810 4238 55817 66895 7750 6348 5684 59145 13743 2098 45402 55282 7671 22424 20937
is_linear=0
shrinkage=0.1


Tree=19
num_leaves=127
num_cat=0
split_feature=32 16 33 5 41 22 41 38 22 35 1 21 46 34 42 44 40 2 39 29 19 30 40 38 31 25 44 34 39 22 41 5 13 42 2 38 39 6 3 25 35 14 39 41 9 32 35 31 29 44 34 11 15 23 44 24 34 40 28 23 44 14 44 24 46 46 39 6 24 46 35 31 33 39 19 5 9 33 32 42 28 4 42 7 11 39 38 42 3 44 32 11 46 27 7 41 13 32 31 44 5 8 31 23 1 9 42 46 28 35 7 7 33 8 24 36 25 41 16 33 4 30 21 44 42 27
split_gain=178.164 79.5968 66.0273 70.2956 64.4701 63.5112 52.7289 49.3926 54.1446 45.1082 44.4103 52.416 43.3467 69.4133 43.5972 43.3061 43.1844 48.4774 53.0849 50.9951 41.7837 41.6743 40.9461 39.6633 42.7739 39.0306 48.3926 38.0995 37.6377 37.1528 37.1522 35.9449 42.0484 54.6287 35.4882 34.8162 35.9036 34.9166 34.1073 33.7443 33.5147 42.6184 35.5835 38.0588 33.5323 35.4213 35.399 33.4613 33.406 33.1039 38.6965 36.0126 32.8657 32.72 36.1764 37.9785 36.8268 38.1097 34.6144 32.5773 32.4768 32.4659 32.3758 32.2082 31.964 38.2657 33.1084 31.9471 31.85 35.2965 31.749 31.3193 31.0723 30.8853 48.3235 42.4339 38.908 30.7818 30.2176 29.9698 29.8378 29.8016 29.6581 52.5969 42.4923 55.1258 32.7395 30.0219 29.6246 29.2116 31.1438 29.0821 28.9791 28.9054 28.7495 34.4844 31.7004 40.6759 28.7043 28.2744 28.3732 32.9117 28.1506 28.0895 27.6858 27.2885 29.5479 27.1658 27.1491 27.0946 30.5064 27.0327 27.0231 28.9566 29.7399 40.8261 41.855 27.4818 27.2692 26.3201 27.7627 28.5694 26.2671 26.2212 26.2105 28.5431
threshold=0.00039482281135860836 0.00014835179172223437 0.0027780181262642149 -0.014455880038440226 4.0950000286102304 38.312473297119148 4.5750000476837167 1.5000000000000002 51.115934371948249 2.1384999854490164e-05 0.00092015598784200858 0.3933995813131333 2.5000000000000004 6.1961514949798593 -0.024999999441206452 -0.34499999880790705 2.5000000000000004 -0.00050007217214442779 5.5000000000000009 -0.0049158723559230557 -0.0042081819847226134 -0.00091978171258233477 1.5000000000000002 1.5000000000000002 0.00091600281302817177 0.01773173920810223 -0.61500000953674305 -0.28660921752452845 5.5000000000000009 49.000282287597663 0.20500000566244128 -0.039904490113258355 -0.00047059310600161547 1.0049999952316286 -0.0070061751175671807 17.500000000000004 3.5000000000000004 0.00032328242377843713 -0.005483748158439993 0.019587305374443535 -0.00039043500146362925 0.0089185768738389033 3.5000000000000004 5.0750000476837167 0.00020802137441933158 -0.00039483886212110514 6.0149998262204471e-06 -0.0070984300691634408 0.012776090763509275 -0.51499998569488514 -0.58677977323532093 -0.00079353558248840262 -0.02734461426734924 0.00030329385481309151 0.17500000447034839 0.0028432518010959034 -0.12692201882600782 1.5000000000000002 0.00099105952540412567 -0.00033719161001499737 -0.074999999254941926 0.0028986299876123671 -0.095000002533197389 0.0037272047484293584 18.500000000000004 7.5000000000000009 1.0000000180025095e-35 0.00054951870697550486 0.002908432157710195 -27.499999999999996 -0.00013118999777361748 -0.042986430227756493 0.00089460849994793545 5.5000000000000009 -9.6004925580928089e-05 -0.0070356086362153283 0.00018270575674250725 -0.0036600152961909767 -0.0018485797336325047 0.014999999664723875 0.0014122999855317178 -0.0017448560101911423 0.50499999523162853 0.00098035542760044358 0.00020327798847574743 5.5000000000000009 4.5000000000000009 1.3750000000000002 -0.0056130238808691493 -0.39499999582767481 0.0012514112750068309 -0.00028742525319103146 19.500000000000004 -0.0037863686447963114 0.0002841176610672847 5.0750000476837167 -0.00036586243368219579 -0.0024941992014646526 -0.00040648167487233872 0.30500000715255743 0.062975175678730025 0.001793503179214895 0.0045998417772352704 0.00064804716384969663 -0.00023208297352539373 0.00025162685778923338 0.24499999731779101 -3.4999999999999996 0.014972959645092489 2.1384999854490164e-05 0.0013299181009642782 0.00024436606327071791 -0.00085622642654925574 0.0031416382407769565 0.0019609997980296616 9.9109998700441806e-05 0.0038820732152089481 0.57999999821186077 1.7282601220358632e-05 -0.0033442263957113023 -0.0079742553643882257 -0.0025628218427300449 -0.24208416044712064 0.37500000000000006 0.74500000476837169 -0.0019845115020871158
decision_type=2 2 2 2 2 2 2 2 2 2 2 2 2 2 2 2 2 2 2 2 2 2 2 2 2 2 2 2 2 2 2 2 2 2 2 2 2 2 2 2 2 2 2 2 2 2 2 2 2 2 2 2 2 2 2 2 2 2 2 2 2 2 2 2 2 2 2 2 2 2 2 2 2 2 2 2 2 2 2 2 2 2 2 2 2 2 2 2 2 2 2 2 2 2 2 2 2 2 2 2 2 2 2 2 2 2 2 2 2 2 2 2 2 2 2 2 2 2 2 2 2 2 2 2 2 2
left_child=5 2 3 4 108 6 10 8 15 67 12 -12 -1 14 -14 22 17 18 31 27 -8 123 -7 24 93 26 -10 -20 -5 30 -30 49 59 38 -25 37 -37 81 -34 -27 -17 42 43 44 -42 46 -46 -11 78 50 -9 -52 -23 54 56 72 57 58 -28 -33 89 -4 -45 -48 65 -40 91 -6 -61 -70 -43 -13 -56 112 -75 76 -76 -32 -21 -78 -79 -35 84 -84 85 -36 -87 92 -38 -49 -91 -66 -85 -3 98 96 97 -96 -22 100 107 103 -44 -102 -86 -55 -107 -41 -2 110 -98 -67 113 114 115 116 -54 118 -114 120 121 -111 -121 -19 125 -51
right_child=1 23 61 28 9 7 20 16 25 47 11 71 13 -15 -16 40 -18 21 19 48 94 52 -24 34 -26 39 53 -29 29 -31 77 32 33 35 82 36 88 -39 64 99 41 70 102 62 45 -47 63 60 -50 124 51 -53 73 105 55 -57 -58 -59 -60 68 -62 -63 -64 -65 66 111 -68 -69 69 -71 -72 -73 -74 74 75 -77 79 80 -80 -81 -82 -83 83 87 104 86 -88 -89 -90 90 -92 -93 -94 -95 95 -97 109 -99 -100 -101 101 -103 -104 -105 -106 106 -108 -109 -110 119 -112 -113 117 -115 -116 -117 -118 -119 -120 122 -122 -123 -124 -125 -126 -127
leaf_value=0.0011268682988087256 -0.0022434438753617955 -0.020635647818859758 -0.0090537233124240966 -0.0019286637947781449 0.023021602492053435 0.021882962616883897 0.033718584372248388 0.053665963439754272 0.036282162383571896 0.0076201551175137886 0.00089569395348498967 0.028957354840205091 -0.0016133715138125272 -0.061220467199673147 0.012771672628992193 -0.046697879207403953 -0.00095544941769719967 0.0035603825721658268 -0.013665935744396488 0.018714707756351697 0.02481051087032865 -0.023750616698116712 -0.0005249937387792515 0.010369193563192129 -0.012012118273840123 0.017312727425496454 -0.028779418377872179 0.0080501620685159963 0.02967895605759284 -0.010493775330118811 -0.018967228972768799 -0.0004995162558898413 0.0059214814096028301 0.038184035119287127 -0.0042766663078887294 0.0095604065290516363 0.068938421083771281 0.0022942749128199917 -0.00017518093109180022 -0.013537480744360115 0.037216261168413027 -0.03364068106683666 3.3574520941129143e-05 0.035353641234271364 0.01002519773938787 -0.032688278876946801 -0.002524955568092424 0.016420588650250128 -0.012475683005764038 0.025693392144848965 0.031725051987220643 -0.024606600898803857 -0.0071321099661537102 0.031720822980500336 0.036714829803033887 -0.018482047908991932 -0.0071219157712782578 -0.049575153095567391 0.007764447414132865 0.049140418083995885 0.0018890348242677477 -0.0040202434392717489 -0.0023241993558379948 -0.02483664613040841 0.029180058110391656 0.039358919122951933 -0.013853429514880873 0.0078370845498616989 0.058463898349291249 0.010415213270087292 0.015036395354261461 -0.013586251283189478 -0.018896660488556205 0.0076955498750095677 0.026318017254329685 -0.0083246617693991647 0.0055238623657941511 -0.0037125290279721029 0.0085042088977591041 -0.011884183483858893 0.015633609195442658 0.0093529918508574676 0.0075005618115942148 0.0030711774325801831 0.0027656665676473254 0.026219510250093843 0.0035136011651277985 -0.0092362957517384547 0.024105523584035442 -0.0022197249278526929 -0.028635024227445117 -0.010912591147682171 -0.034250933561329251 0.0023732749107568565 0.0042611161848035107 0.0036596953609803308 0.043954357759288014 -0.048843943295838556 -0.0088478132595695338 0.018093959267561494 -0.02140297457509819 0.00018526796650367584 0.02184337303519511 -0.068461383416842117 -0.0027880242171634817 -0.00013477044513421062 -0.022160865591306741 0.0022579752721415347 -0.024308570410369559 0.015828035382525831 -0.011198858566212661 0.0055325410496647569 -0.0029422816654978787 0.046280703956783263 0.0013978942756078781 0.064417197279238891 0.014587206076634291 -7.0250585762024538e-05 -0.018351651526261815 0.015054265147876304 0.0022863776601024922 0.040456247592296019 -0.0071340469501447699 0.019116895258033881 -0.015812082761405135 -0.0042119451441530323
leaf_weight=23964.850740134716 13253.233292907476 603.04845078289509 15355.479140624404 87409.055431887507 2001.2253738939762 1686.2619310170412 560.32585088908672 204.1671609133482 198.61135442554951 7830.463510081172 10983.144957527518 180.21424598991871 2759.130751863122 140.97855772078037 8912.1459364742041 163.13325196504593 82247.300705373287 20010.713403627276 1743.7095127403736 3856.814830109477 1416.2721088975668 600.87829345464706 1579.1346267908812 3772.2304083406925 5220.2886892855167 793.68875320255756 1506.2642889171839 1505.3601689785719 378.15929232537746 11052.801318526268 962.11120499670506 2476.195532605052 12858.488658264279 510.19194784760475 34134.336426094174 2533.0303335338831 173.31234772503376 8551.5365001857281 60283.951370865107 1708.1722849309444 125.02334545552731 143.43127855658531 5400.8155778646469 249.09955847263336 669.28731995820999 921.24834369122982 1096.5370366275311 306.62405344843864 628.48792046308517 338.24310149252415 210.11625844240189 246.77762240171432 1234.2483708113432 186.02365477383137 311.1960267573595 677.45818655192852 946.36644367873669 727.17287872731686 313.06771911680698 234.88775639235973 7582.3557533472776 77428.08556213975 2700.0501255691051 1578.1721003055573 380.37200063467026 241.66388726234436 2809.6042918711901 4503.9033018350601 156.84414365887642 6058.829258993268 2036.2050971090794 4345.8718917071819 148.37594500184059 3213.2641226053238 601.13866357505322 14185.812150061131 2697.1737784147263 3464.5210034698248 11664.500288024545 1561.5452349036932 1035.4983657598495 1206.0389121174812 14437.680213481188 7047.9420451819897 40915.207392334938 736.13886494934559 4623.393550619483 3564.2620169371367 985.28676190972328 799.97972895205021 1009.6531638205051 345.04423986375332 214.37065428495407 5770.7989174872637 641.72262874245644 24991.594374746084 499.33285699784756 186.04985460639 308.57929757237434 504.11041900515556 358.07273933291435 378.22956371307373 664.64276410639286 196.42585423588753 11498.902126342058 1729.3930260241032 940.14231291413307 3003.0119763165712 582.11755605041981 3298.5601938813925 125.49252271652222 10553.009936690331 3919.8386799991131 152.68555043637753 27626.231439843774 134.48082540929317 3156.1284263432026 55038.584814995527 1624.3085352480412 909.38450527191162 1268.6166677474976 549.47875113785267 1290.9223243296146 1145.5233191847801 1973.1588537544012 5655.7904972732067
leaf_count=96469 53152 2422 61722 350575 8022 6776 2297 819 797 31394 44103 723 11090 569 35949 655 329854 80280 6999 15608 5710 2412 6349 15123 20972 3182 6045 6041 1517 44468 3857 9983 51724 2056 136686 10183 699 34388 241697 6857 501 576 21677 999 2684 3690 4398 1229 2532 1354 845 989 4948 747 1247 2715 3796 2917 1257 949 30396 311683 10830 6331 1527 969 11265 18055 630 24345 8190 17440 595 12892 2411 56899 10809 13888 46989 6263 4150 4842 57868 28250 163909 2951 18523 14291 3956 3207 4050 1382 859 23138 2601 100824 2014 752 1247 2020 1436 1518 2670 788 46123 6932 3774 12041 2334 13310 505 42313 15706 612 110630 539 12643 220479 6504 3660 5120 2222 5196 4595 7915 22690
internal_value=0 -0.00167281 -0.00277817 -0.00142392 0.00226636 0.00125489 0.00369314 0.000710529 -0.00295288 0.00539686 0.00163314 -0.00283625 0.00357061 0.00852849 0.009371 0.000565893 0.0010552 0.00165592 0.00297581 0.00782647 0.00662407 0.000321737 0.0110466 0.000286681 -0.00530055 -0.00752716 -0.0124371 -0.00360443 -0.00276377 -0.00708481 -0.000633319 0.00218498 0.00267098 0.0020919 0.000822292 0.00790123 0.0162301 0.0049067 0.00116481 -0.00209209 -0.00160735 -0.00113536 -0.00324405 -0.0079278 -0.0138298 -0.0153261 -0.0105429 0.00275773 0.0101262 -0.00403101 0.0174725 0.00129919 -0.000424186 -0.0137298 -0.0189221 -0.00342921 -0.0239655 -0.0302251 -0.022491 0.00925076 -0.00116809 -0.00485327 0.000858255 -0.0156896 0.000345075 0.000806656 -0.00893593 0.0125084 0.0129936 0.0116277 0.0118332 -0.0118923 0.0187603 -0.000302459 -0.00364808 -0.0055619 0.00250252 -0.00273193 0.0110414 -0.000859149 0.000739206 0.0179237 0.00051494 0.00354941 -0.000319195 -0.00279626 0.00663229 -0.00171961 0.030812 -0.0121215 -0.0169577 0.01011 0.00196949 0.000196333 0.00619625 0.00555289 0.0109481 -0.00767476 0.018789 -0.00459719 -0.00662394 -0.0225589 0.00242346 -0.038073 0.00154727 -0.00531126 -0.0078918 -0.00346911 -0.00317183 0.0128892 0.0328772 0.00628982 0.000499272 0.00283509 0.00262877 0.0101438 0.00848135 -0.000746228 -0.00745688 0.0111823 0.0151154 0.0193448 0.00203636 0.0044027 -0.00581523 -0.00252439
internal_weight=0 367494 234955 142172 37869.6 478507 87332.7 391174 33638.8 24034.2 51286.3 15509.2 35777.1 11812.3 11671.3 19013 357535 275288 138385 19398.9 36046.3 136903 3265.4 132539 11594.1 14625.8 7684.07 3249.07 104302 16893.1 5840.29 118987 110358 101432 120944 13959.4 3691.63 10267.8 87472.1 6941.71 15747.6 15584.5 13404.9 7339.42 4390.27 4265.24 3344 17529.1 16149.8 8628.25 661.061 456.894 115746 7485.46 4629.9 1137.03 3492.87 2546.5 1819.33 8926.76 9698.61 92783.6 2949.15 2674.71 74613.6 71078.6 3535.02 6505.13 6450.56 6215.67 2179.64 4526.09 459.572 115145 22258.9 19045.7 4859.86 5462.13 15521.3 4258.72 4500.02 1716.23 117172 25264.3 91908 39493.9 5359.53 10826.6 1158.6 2116.26 1809.63 725.416 7262.31 6373.85 35486 33761.2 8769.56 827.772 1724.85 6148.02 5643.91 932.728 6065.46 554.499 52414.1 2855.56 2669.54 4711.18 13835.4 7941.79 624.825 10794.7 92886.5 32303.8 32151.1 4524.86 4390.38 60582.7 5544.15 7316.96 5116.66 3848.04 2200.31 21156.2 7967.19 5994.03
internal_count=3395770 1474814 943699 570294 151839 1920956 351801 1569155 134990 96353 206343 62266 144077 47608 47039 76326 1434165 1104311 555689 78169 145458 548622 13125 531115 46532 58664 30822 13040 418455 67880 23412 477520 442908 407001 484583 56124 14838 41286 350877 27842 63201 62546 53780 29433 17604 17103 13413 70276 65129 34612 2653 1834 463747 30025 18572 4557 14015 10219 7302 35907 38882 373405 11829 10729 299153 284979 14174 26077 25924 24975 8766 18163 1842 461335 89274 76382 19483 21895 62597 17072 18038 6898 469460 101268 368192 158160 21474 43400 4655 8486 7257 2909 29109 25560 143161 136204 35380 3353 6957 24660 22640 3742 24347 2224 210032 11453 10706 18898 55486 32027 2519 43282 372061 129372 128760 18130 17591 242689 22210 29508 20652 15532 8856 84875 31959 24044
is_linear=0
shrinkage=0.1


Tree=20
num_leaves=127
num_cat=0
split_feature=32 1 10 33 39 8 45 22 45 39 45 37 14 5 44 18 1 6 1 43 22 5 34 46 42 44 46 28 14 24 44 35 45 38 46 45 45 31 46 31 42 24 19 37 22 33 30 40 26 21 22 5 38 44 2 43 6 30 44 43 33 25 43 5 37 25 3 42 44 37 39 43 31 45 37 45 43 44 46 31 31 3 46 6 35 5 44 37 37 30 3 24 30 40 46 6 25 30 44 37 26 30 43 43 8 38 37 24 18 43 33 31 37 33 24 8 30 39 40 17 43 44 43 38 32 40
split_gain=153.09 62.4842 62.056 60.2244 54.5571 53.2232 46.5609 40.8239 51.6958 50.14 43.5711 60.386 41.5064 40.6323 49.1832 40.2963 40.2629 40.2541 53.5773 39.3259 39.0209 45.6236 40.9327 49.719 45.0254 38.4244 39.018 37.9122 37.8373 36.4658 35.8814 35.0201 37.1929 34.0222 35.0595 33.8216 33.6631 33.2589 32.5887 32.4376 32.1218 60.1781 44.3153 39.5119 32.1037 31.8837 31.5531 46.0293 44.7914 38.4412 31.3229 34.0827 42.4519 35.2776 50.8531 34.2372 48.6712 35.1665 31.7659 31.5932 41.5165 34.5911 31.2144 31.0482 31.0377 38.403 31.5999 30.9113 30.9013 30.1373 29.9577 39.1963 35.779 38.8112 29.9544 33.9995 29.6629 29.3546 29.3414 29.0362 28.9146 28.8495 36.6812 28.7727 35.1635 32.1275 28.608 28.4603 37.7549 28.2442 28.1946 28.0353 27.9741 27.7291 27.6788 27.6491 27.5516 27.5399 36.6001 27.2716 26.7146 26.5146 26.5136 33.8965 35.8825 27.8611 33.9022 31.1667 29.0686 26.3603 34.1604 33.0019 28.7344 26.2547 26.4234 26.2173 26.1917 26.1701 26.0263 32.0818 26.0079 25.9052 39.8743 28.093 25.9887 25.8021
threshold=0.00039482281135860836 -0.00037971061829011882 40.998460769653327 0.0031039286404848103 5.5000000000000009 0.00080643466208130132 40.500000000000007 35.645624160766609 38.500000000000007 1.0000000180025095e-35 12.500000000000002 0.66666665673255932 0.0057119091507047423 -0.013756836298853157 -0.074999999254941926 0.00012770366447512063 -0.0076571446843445292 6.7727101850323393e-05 1.6388989024562765e-05 0.7749999761581422 34.43275451660157 -0.041900180280208581 0.92543888092041027 -10.499999999999998 -0.22500000149011609 -0.57499998807907093 1.0000000180025095e-35 -0.00053598018712364126 0.00062052693101577472 0.0040529884863644847 -0.064999999478459344 3.018499955942389e-05 52.500000000000007 16.500000000000004 -10.499999999999998 27.500000000000004 10.500000000000002 -0.0012519003939814863 8.5000000000000018 -0.030118425376713272 0.62500000000000011 0.0031266612932085995 -0.00093697101692669083 7.866666555404664 28.820291519165043 0.004204606171697379 -0.00089387630578130473 2.5000000000000004 0.15838818252086642 -0.10520601272583006 74.149360656738295 0.0090730604715645331 5.5000000000000009 -1.0000000180025095e-35 0.00077393994433805357 0.65999999642372142 0.00045762374065816408 -5.5414211601600975e-05 -0.69499999284744252 -0.7250000238418578 -0.0009422283328603952 0.0021628843387588863 0.80500000715255748 -0.025413342751562592 4.8999998569488534 0.0097848931327462214 -0.00085154996486380685 -0.014999999664723871 0.074999999254941954 7.866666555404664 1.0000000180025095e-35 0.054999999701976783 -0.0079945875331759435 55.500000000000007 0.23333333432674411 54.500000000000007 0.62500000000000011 -0.57499998807907093 24.500000000000004 -0.0215668361634016 0.0010217462549917402 -0.0056130238808691493 1.5000000000000002 0.00039424985880032187 -0.00010559499787632375 0.0032519929809495811 0.65999999642372142 0.16666667163372043 3.4333333969116215 0.001884779427200556 -0.0057526773307472459 0.010123633313924076 -0.0010556874913163481 1.0000000180025095e-35 -4.4999999999999991 0.00049258378567174088 0.019152669236063961 -0.0022677674423903223 -1.0000000180025095e-35 7.7666666507720956 -0.14079152047634122 -0.00047720155271235848 0.54500001668930065 0.38499999046325689 0.0010904307710006835 19.500000000000004 1.166666626930237 0.0046788621693849572 -0.00099784095073118784 0.25499999523162847 0.003245168831199408 0.018660820089280609 0.33333332836627966 -0.0041733519174158564 0.011539575178176166 0.00035985236172564333 0.0046051677782088527 2.5000000000000004 2.5000000000000004 -0.0055738689843565217 -0.37499999999999994 -0.1950000002980232 -0.86500000953674305 8.5000000000000018 -0.0011733473511412738 1.5000000000000002
decision_type=2 2 2 2 2 2 2 2 2 2 2 2 2 2 2 2 2 2 2 2 2 2 2 2 2 2 2 2 2 2 2 2 2 2 2 2 2 2 2 2 2 2 2 2 2 2 2 2 2 2 2 2 2 2 2 2 2 2 2 2 2 2 2 2 2 2 2 2 2 2 2 2 2 2 2 2 2 2 2 2 2 2 2 2 2 2 2 2 2 2 2 2 2 2 2 2 2 2 2 2 2 2 2 2 2 2 2 2 2 2 2 2 2 2 2 2 2 2 2 2 2 2 2 2 2 2
left_child=2 19 4 5 7 13 44 8 20 67 11 -9 -13 14 37 -6 -11 18 27 38 21 36 23 117 -25 100 97 -4 -12 83 -16 32 -32 62 -35 -36 -1 77 76 -8 42 -42 -30 45 -7 90 47 49 -48 78 51 53 58 54 59 102 -57 -58 -53 61 -61 -50 113 91 -33 66 -66 -10 -45 86 71 72 73 -5 75 -60 -2 -3 79 -19 -40 82 -37 84 -17 -86 89 -21 -89 115 -44 -43 94 -39 -65 -34 -74 98 120 -51 -24 -62 103 109 -105 106 107 -104 -107 -54 111 112 -111 -31 -115 -15 -114 -23 119 -46 -27 -63 -123 124 -124 -72
right_child=1 3 17 70 15 6 39 10 9 16 28 12 -14 69 30 29 -18 46 -20 87 -22 22 25 24 -26 26 -28 -29 40 33 31 64 95 34 35 81 -38 93 80 -41 41 63 43 68 118 -47 48 -49 50 99 -52 52 55 -55 -56 56 57 -59 74 60 101 121 -64 92 65 -67 -68 -69 -70 -71 125 -73 96 -75 -76 -77 -78 -79 -80 -81 -82 -83 -84 -85 85 -87 -88 88 -90 -91 -92 -93 -94 -95 -96 -97 -98 -99 -100 -101 -102 -103 105 104 -106 108 -108 -109 -110 110 -112 -113 116 114 -116 -117 -118 -119 -120 -121 -122 122 123 -125 -126 -127
leaf_value=0.052035108728781733 0.0011322243377244535 0.016835354078702524 -0.05164360520077152 -0.014191305283539977 -0.032967739450077076 -0.018272799856724871 0.030051221023445537 0.037714416355305022 0.0056555939335732408 0.032087816284235009 -0.019208861143022792 0.0069523693711046096 -0.019624148290966661 -0.0066494413546896482 0.044319861398569138 -0.034754483920004291 0.0060462353556532782 -0.0072376969924463595 0.031854469808393425 0.036687239945730137 0.017497729304064943 -0.042260198524182745 -0.085967079440987595 -0.031416750170724789 0.015987546475749039 0.025667533928830383 -0.030325268208855449 0.0062315269673512211 0.0041353628132732405 0.016308735593196021 0.0054560511099326914 0.0060217539456545038 0.040968008822818376 0.027839721270713047 0.0072720847701640296 -0.033534725704987473 0.0047905511169057616 -0.056036237234912717 0.00025251389975110316 0.0032373040221025601 0.016082635884025101 -0.0019504083348157613 0.0037709969756526151 0.001975349900512755 -0.028547585688814155 0.010354879482345668 -0.0077339598963964947 -0.0015110778252134882 0.042068562483795861 0.00081505610153734481 0.0093285842095423548 0.029026833682091271 -0.00072328977869733308 0.0024315213464553998 -0.005700309679311788 -0.017544732439203951 0.040588750756520499 0.0095248843087723817 -0.039743169876048423 0.0046414984362450661 -0.014034889886317022 0.007833554061382168 -0.025282765609133465 -0.007891321714557217 -0.025381452189635553 -0.016257626085436544 0.016590266656192034 0.03358328291656637 0.038640642457743797 -0.019562132933472656 -0.0060069851658218097 -0.0038302883992846512 -0.013472270813100538 0.047213577886355558 -0.0053967404884778924 0.00084005073653452039 0.013555413311612426 -0.00599410907995368 -0.010125293394713443 0.0059023750098606059 -0.0072399517734564947 -0.036364710770571872 0.010800747392761191 0.017159624852572285 0.013884518398582197 0.00042041282976259679 0.013735659549931235 -0.015951804590517968 -0.0015251544178503493 -0.011807349194972555 -0.0025104362495867991 -0.027088647633571734 0.0021063674856532676 -0.01373341498171597 0.018173594133943972 0.010324092749232572 -0.030400530741035915 -0.041979844703330299 0.034414422948746241 -0.016995042674163362 -0.022872291051176129 -0.0018974520667471018 -0.047815328142615382 0.0018928221415709199 0.017802090520638237 -0.050313842996803859 0.00022683434546286435 0.0019059859681716752 -0.012836339778306921 0.028478533181384703 0.0044996553982402125 0.020285578268011532 -0.016662057783335679 0.0045722861149030637 -0.037667779908792158 -0.0021162590202178032 -0.060157599937963296 -0.0028475488567917193 -0.0058479858479105612 0.0016933707663801631 -0.015912036761831432 -0.028998684867869707 -0.048437901440530229 0.01218047891561872 -0.0031322394517924409 -0.0022910983759751105
leaf_weight=159.47243785858154 102414.14521718025 653.81979164481163 132.01208488643169 243.85332830250263 242.29749320447445 1169.2802669554949 457.63425946235657 249.67208518087864 570.75857743620872 626.79277983307838 860.99908021092415 770.38441374897957 2477.4717968851328 17168.167921185493 233.65094332396984 192.14227779209614 11246.801166877151 1751.7654573917389 941.87931294739246 147.70772022008896 1118.6433195620775 332.41656543314457 129.46952165663242 231.0012521892786 1510.7883767187595 190.62250499427319 821.47854888439178 793.71351481974125 29858.370930656791 2435.3216082453728 2244.2478396743536 4457.7019175440073 660.81964981555939 249.79980692267418 635.9845465272665 318.16369530558586 2778.7503780275583 210.67695474624634 12058.372048616409 31876.686917006969 4237.435073196888 2875.1489934325218 8528.531552195549 469.72527821362019 358.74793843924999 2374.2954648584127 7896.4969630241394 30253.654716148973 255.84880247712135 27907.477142766118 3492.3430450111628 258.94259157776833 40998.049240082502 65139.44100420177 16280.236307561398 594.81575718522072 419.70430594682693 2767.3537835627794 542.76102584600449 10533.557190030813 1957.9406117200851 7278.5239790678024 287.39392001926899 492.97121666371822 227.82053977251053 1795.2513954788446 843.62953816354275 1296.7680176347494 450.13960443437099 1194.4086977988482 32975.622185021639 5515.5702174007893 3096.7367202788591 178.11614735424519 19147.644003108144 333.13832302391529 1958.7345116585493 4064.9304363876581 1255.9928847998381 42036.052023202181 8991.3674154132605 631.9847496598959 451.33346100151539 5150.1592507064342 4494.3317333757877 2926.0669815689325 945.28175857663155 3149.4660071134567 4278.128166526556 4124.6427655816078 44072.907000273466 524.59033180773258 8046.7499892711639 585.8200204372406 2347.4129525274038 531.05554524064064 1394.341264680028 157.04519528150558 276.75731474161148 887.0910926014185 139.31535421311855 22287.668027192354 308.34135031700134 6363.9741173535585 1824.031956627965 278.19469687342644 2871.6580655425787 213.26299245655537 808.22507448494434 134.55124789476395 1424.0670606046915 260.51583549380302 2887.0301604419947 2995.1852401942015 155.79805961251259 49664.335937812924 145.41730108857155 341.6064874380827 8351.5381517261267 15847.148092269897 713.53518611192703 507.31867378950119 157.76749220490456 1185.9452995210886 641.18634390830994 43123.961393371224
leaf_count=641 410428 2623 531 980 974 4689 1835 1003 2299 2572 3457 3090 9935 68983 937 778 45466 7024 3779 593 4516 1339 524 928 6109 777 3317 3184 120233 9883 8997 17873 2649 1007 2568 1288 11215 846 48311 127792 17091 11583 34309 1885 1445 9514 31672 121382 1027 112121 14000 1038 164225 260875 65255 2383 1681 11085 2182 42200 7843 29165 1158 1995 912 7197 3384 5264 1807 4817 132826 22217 12504 716 76706 1337 7849 16307 5047 168925 36033 2549 1835 20933 18175 11815 3789 12627 17143 16595 176900 2110 32393 2353 9507 2129 5625 636 1113 3556 563 89269 1235 25483 7304 1116 11497 854 3238 539 5705 1043 11560 12097 626 199250 582 1375 33494 63563 2871 2032 632 4751 2570 173494
internal_value=0 -0.00151216 0.00120223 -0.0024952 0.0028678 -0.00126766 0.00109083 0.00210819 0.00597088 0.00981659 0.00130313 -0.00967713 -0.0133203 -0.00279587 0.00168488 0.00757917 0.00742094 0.000423751 0.0150629 0.000218873 3.39264e-05 -0.00247637 -0.00843958 0.000776451 0.00970065 -0.0176085 -0.0131705 -0.00202169 0.00166839 0.00804871 0.00555071 0.00470889 0.0130379 0.00282806 -0.00751878 -0.0118538 0.00735476 -0.00602134 0.000641472 0.00361681 0.00184077 0.005617 0.00102504 -0.000636438 -0.0020839 -0.000980353 0.000339442 0.00177411 -0.000338761 0.00312015 -6.36958e-05 -0.000220784 -0.00180031 0.000812603 -0.00091374 -0.00050663 0.00871476 0.0136157 -0.00577394 0.000825467 -0.000600295 0.005771 0.00685721 0.00251294 0.000801469 -0.00731604 0.00766589 0.0250479 0.0199177 -0.00380787 -0.00459008 -0.00961643 -0.0161122 0.0117281 -0.00622398 -0.0243078 0.00136537 -0.00283091 0.00494444 0.0053767 -0.00294788 -0.0205331 -0.00753062 0.011387 0.0074816 0.00857525 -0.00354617 -0.00677801 -0.00764238 -0.0037764 -0.001492 -0.00582932 0.00511798 -0.0249227 0.0136498 0.0273142 -0.018728 -0.00263781 0.00259414 0.00026637 -0.0532641 -0.0028776 -0.00110259 -0.000489723 0.00543691 -0.00849553 -0.00403316 -0.0274863 -0.022433 -0.00154812 -0.00851835 -0.0139271 -0.0167414 0.00851069 0.00248376 -0.00328076 -0.0187478 -0.0222852 -0.00131308 0.00102393 -0.00714586 0.00482054 -0.00397897 0.00241579 -0.0120786 -0.00390127
internal_weight=0 367193 478600 234195 152445 147667 58061 131279 22642 13741.1 108637 3497.53 3247.86 89606.3 16509.4 21166 11873.6 326156 1867.6 132998 8900.9 7782.26 4844.04 2415.81 1741.79 2428.22 2159.44 925.726 105139 20923.7 10994.2 10760.5 3436.12 8160.97 2287.27 2037.47 2938.22 5515.25 125423 32334.3 104278 18524.3 85754 55895.6 25726.7 54975.7 324288 104092 220196 73838.4 212299 208807 82581.7 126225 61086 62299.2 3781.87 3187.06 20282.5 44805.8 34779.2 10026.6 5873.7 14286.9 7324.4 2866.7 1071.45 1867.53 919.865 73096.8 86528.2 10428.6 4913.05 421.969 20023.5 875.899 104373 4718.75 45043.8 43787.8 21049.7 1401.48 769.497 12762.7 7612.54 7420.4 71902.4 7575.3 7427.59 70957.1 52601.4 3399.74 10887.1 796.497 2840.38 1191.88 4491.08 1337.96 1180.92 28794.6 268.785 24245.6 58517.3 54037.6 8188.01 4479.68 3393.26 521.604 1086.42 45849.6 4851.58 3427.51 3167 5586.3 3150.98 66832.5 3032.45 674.023 24557.4 16205.9 904.158 9770.74 2492.22 1984.9 798.954 76099.6
internal_count=3395461 1473805 1921656 940821 614023 592459 232818 528337 91525 55601 436812 14028 13025 359641 66207 85686 48038 1307633 7494 532984 35924 31408 19552 9751 7037 9801 8714 3715 422784 84712 44078 43141 13775 33011 9247 8240 11856 22129 502621 129627 419327 74679 344648 224415 103191 220723 1300139 418055 882084 296673 850412 836412 330793 505619 244744 249530 15149 12766 81263 179489 139312 40177 23764 57588 29366 11493 4296 7563 3692 293434 348362 42042 19825 1696 80225 3519 418277 18930 180996 175949 84344 5672 3123 51701 30768 29990 288617 30363 29770 284828 211209 13693 43895 3199 11502 4778 18129 5397 4761 115677 1087 97112 234381 216441 32787 17940 13586 2089 4354 183654 19429 13724 12681 22606 12723 268233 12142 2714 98502 65008 3648 39150 9985 7953 3202 306320
is_linear=0
shrinkage=0.1


Tree=21
num_leaves=127
num_cat=0
split_feature=33 22 43 37 25 41 38 43 37 43 24 41 10 45 29 37 5 31 29 37 36 12 37 44 37 30 45 36 41 43 37 37 46 37 38 11 45 7 22 25 6 10 24 46 44 17 25 46 43 45 37 25 38 38 5 31 29 38 46 19 24 41 2 43 22 12 37 44 35 43 21 29 37 44 43 5 45 45 45 30 38 38 46 3 44 5 37 5 35 35 43 25 44 11 10 30 46 44 43 37 46 33 38 8 46 4 46 43 38 31 22 45 44 31 36 37 3 33 32 31 5 44 37 43 37 5
split_gain=138.6 61.8714 53.8038 55.6082 76.4966 56.8275 64.0042 51.8295 47.2436 56.7203 47.1298 45.4865 62.4223 47.4264 59.6412 51.7441 49.5842 60.0535 47.6444 45.3549 61.8912 58.8962 44.8443 53.4565 44.5433 48.7672 42.6722 42.3616 41.6498 47.4638 39.5301 88.3507 59.3484 51.9357 64.0837 54.0856 46.6066 63.4207 44.6827 44.4439 50.5865 58.8917 49.4726 40.9237 40.8152 38.5171 40.5527 38.5077 38.2394 76.053 52.8539 41.5455 38.1548 38.0355 40.8628 49.0322 39.9632 39.3487 40.2096 50.4879 37.8646 40.165 53.0355 37.7966 37.3822 37.2274 37.3192 51.5603 43.9116 37.6128 37.0464 36.7678 36.593 58.5654 47.7023 36.1566 36.1343 47.6236 35.8013 35.6066 35.0826 46.9861 36.3972 34.6992 34.6565 34.5227 34.5039 55.6258 35.1078 35.5232 34.2513 36.6416 34.2451 34.1644 34.1004 35.0519 34.0427 48.1905 43.4025 38.7009 45.2375 42.0057 40.4789 40.0928 38.173 36.9846 39.009 47.1372 54.9049 40.9078 39.3926 36.4694 35.7696 62.0062 38.5274 36.755 34.9804 34.9197 34.6018 38.3339 33.9458 33.4979 72.1591 61.1649 40.2457 43.9628
threshold=-0.0009422283328603952 59.555343627929695 0.32500000298023229 4.7666666507720956 0.024179356172680858 5.0750000476837167 14.500000000000002 0.37500000000000006 3.9333333969116215 -0.98500001430511464 0.0093451687134802359 4.1050000190734872 65.106437683105483 25.500000000000004 -0.0055643504019826642 7.6666667461395273 0.04117338918149472 -0.0058929445222020141 0.011266903486102821 3.6333333253860478 -5.4840000302647234e-05 -0.0014270166866481302 6.6333334445953378 0.23499999940395358 0.43333332240581518 0.0025275895604863767 30.500000000000004 0.00030515500111505395 2.7049999237060551 0.2950000017881394 2.0333333015441899 1.1999999880790713 -18.499999999999996 5.6666667461395273 19.500000000000004 0.00046236180060077464 35.500000000000007 0.00085646405932493519 52.483161926269538 0.030418390408158306 0.0010742027661763134 55.776277542114265 0.0037925707874819641 -14.499999999999998 -0.095000002533197389 -0.0023733543930575247 0.01114570163190365 30.500000000000004 0.86500000953674328 32.500000000000007 2.0000000000000004 0.018141162581741813 18.500000000000004 16.500000000000004 -0.034192875027656548 -0.012437874916940926 0.011851494666188957 11.500000000000002 30.500000000000004 4.9285840759694119e-06 0.0027959080180153255 4.4500000476837167 0.00047405333316419279 -0.024999999441206452 55.856054306030281 9.4135401013772948e-05 5.8333332538604745 0.30500000715255743 -8.5450001279241388e-06 -0.98500001430511464 0.23976084589958194 0.0070275482721626767 5.9666664600372323 -0.024999999441206452 0.10500000044703485 0.058886151760816581 39.500000000000007 29.500000000000004 86.500000000000014 -0.00035347700759302819 19.500000000000004 11.500000000000002 -6.4999999999999991 -0.0033500550780445333 0.24499999731779101 0.050687368959188468 3.8333332538604741 0.0068170682061463603 4.7654999434598728e-05 -7.131000165827571e-05 0.46500000357627874 0.023364203050732616 0.59499999880790722 0.00023814495216356593 30.321149826049808 -0.0012033171369694171 2.5000000000000004 0.27500000596046453 0.12499999627470972 2.2999999523162846 -25.499999999999996 0.014032209292054178 4.5000000000000009 0.0021565359784290199 22.500000000000004 0.0089551727287471312 -12.499999999999998 -0.36500000953674311 2.5000000000000004 -0.02310058660805225 59.094137191772468 31.500000000000004 -0.37499999999999994 0.0025976583128795032 -5.6699998367548679e-06 6.5666668415069589 0.012599552515894176 -1.0000000180025095e-35 -0.00027384216082282359 -0.002472509397193789 0.030492936260998253 0.044999999925494201 7.5333335399627694 0.41499999165534979 7.2999999523162851 -0.0042810896411538115
decision_type=2 2 2 2 2 2 2 2 2 2 2 2 2 2 2 2 2 2 2 2 2 2 2 2 2 2 2 2 2 2 2 2 2 2 2 2 2 2 2 2 2 2 2 2 2 2 2 2 2 2 2 2 2 2 2 2 2 2 2 2 2 2 2 2 2 2 2 2 2 2 2 2 2 2 2 2 2 2 2 2 2 2 2 2 2 2 2 2 2 2 2 2 2 2 2 2 2 2 2 2 2 2 2 2 2 2 2 2 2 2 2 2 2 2 2 2 2 2 2 2 2 2 2 2 2 2
left_child=2 11 3 8 5 -5 -7 -4 10 -10 45 12 30 14 -13 53 17 -16 75 21 -21 26 -22 121 -19 -26 120 70 63 78 31 -2 93 34 39 72 44 38 -38 40 41 -32 -43 -37 -36 -1 60 92 52 51 -51 -50 -23 57 56 -56 -55 96 65 -60 61 62 -47 64 -11 85 67 69 90 -67 -3 -63 74 -74 -35 -17 77 -12 94 -69 81 82 -65 -49 -25 -59 88 -88 89 -57 91 -68 -48 -33 -30 -96 99 111 104 103 102 105 -101 117 -99 106 -102 108 118 -110 116 -98 113 -111 115 -114 -109 -15 -108 -120 -9 123 -123 -24 125 -125
right_child=1 27 7 4 -6 6 -8 19 9 28 76 13 -14 15 16 18 -18 24 -20 20 22 48 23 84 25 -27 -28 -29 29 -31 33 32 -34 35 36 43 37 -39 -40 -41 -42 42 -44 -45 -46 46 47 83 49 50 -52 -53 -54 54 55 86 -58 58 59 -61 -62 71 -64 80 -66 66 68 79 -70 -71 -72 -73 73 -75 -76 -77 -78 -79 -80 -81 -82 -83 -84 -85 -86 -87 87 -89 -90 -91 -92 -93 -94 -95 95 -97 97 98 -100 100 101 -103 -104 -105 -106 -107 107 110 109 112 -112 -113 114 -115 -116 -117 -118 -119 119 -121 -122 122 -124 124 -126 -127
leaf_value=-0.0081924499355767438 0.00031659101293189239 -0.0037002665342220787 -0.0064569335212699558 0.0014747605535937961 0.0048426905465420739 -0.0079652077024832593 0.0010304916923669636 -0.006624517632605487 -0.041351259089686246 0.035077504941629714 -0.0039715282329914666 -0.0075502305783328658 -0.0088009264473323592 0.0035954193483638376 -0.00069528219035843667 -0.0059635846300315383 -0.021841701244239009 -0.022196399987152879 -0.030049174901246496 0.011066744873583521 0.0032836267264210097 -0.0015256886120135682 -0.049571048534664958 0.059011160367240523 0.024663549676313054 0.081680555375154937 0.014515796479665364 -0.019906501998009862 0.023647336752077221 -0.031604305951173549 0.0037192826612728563 -0.021755006796889395 -0.0098474720972825582 -0.032265962720392172 0.01054096425695421 0.022142256682893047 0.029425799089556143 -0.032705022125911858 -0.015281928149515251 -0.006311348250507904 0.013856792289242838 -0.015505685517609348 0.00032768188687805924 0.00083929576798936339 0.03149923686105182 0.020802300859106872 0.0046487486977339334 0.0077141875670303688 -0.0087554697333763962 0.0074522608738118229 -0.0196755439470097 -0.057263518007877101 -0.016072507857787126 0.016958923170045225 -0.014621977037583634 0.021876847282729223 0.002377055256848289 -0.00096555230737726486 0.056417884195629077 -0.0022332350561540242 -0.0028796761616175295 0.00055495294491564979 -0.0067305231052725515 -0.02421943135354027 -0.01137568989700307 0.030230874817763067 -0.0036157984660227308 0.018869242935521446 -0.0035388695967450024 -0.01249786525116383 -0.00013528252323097853 0.026854633532039048 -0.0015159316115537402 -0.015811047947016911 -0.0057649606877731088 0.033838920611208599 0.002188227615902406 -0.025820350668424332 -0.03283570051321303 -0.006091475880499843 0.027453605020580491 -0.012856135344430954 0.028119336185256302 0.057505603919517492 0.0097220157288586094 0.021063325501011483 0.0029062449104279246 -0.0056080616405206896 0.0070924507127116598 -0.0039066552919056908 0.05368154464799052 0.042431257147634537 0.020073124871823868 -0.070665530194734594 0.011884457752769136 0.002456145731576789 0.020600398325856879 0.004221669132919003 -0.011799790671031027 -0.052760236657281162 0.0097543019063059885 0.027365816965646567 -0.0061916357320979205 -0.028903950390271622 -0.01984397106924482 -0.0091517346824166977 0.0014565660521775902 -0.003549914973423655 0.044988130217487668 -0.022133462134416398 0.031974983539950652 0.0038750069175804238 0.0062782152161677644 0.048169044397874144 -0.00035574208640274687 0.028745531925698665 -0.054699154262145958 -0.0049037192296402287 0.054748439493176884 0.017580734696101597 0.027555792797548717 -0.02215783417454556 0.0041193972289989 0.018392252434741425 -0.0072403201248804581 -0.0038076485622006774
leaf_weight=2729.3140251934528 14870.448109507561 100425.20182201266 12331.071287751198 35102.109779447317 28613.762410148978 19488.790725260973 13311.728152573109 2326.0076012015343 232.39869168400764 1402.9457059800625 5202.1311765313148 1661.0066228210926 12237.132459655404 6167.4542476385832 1318.6543025970459 8516.1450208425522 349.97444048523903 190.3808980435133 824.0273175239563 7235.0111834406853 28377.414410635829 30883.398090571165 257.27044650912285 167.55182719230652 2821.0424703061581 158.43442592024803 3439.1711060404778 1439.6059367060661 1205.416201710701 325.83841402828693 19403.344503626227 334.00001172721386 9876.7243105322123 1158.6489634215832 4374.894171461463 1048.1119886338711 534.8272949308157 529.74689683318138 384.09621061384678 7804.6115108430386 3289.7294052690268 3450.3843071013689 4610.1305559426546 6458.4471990019083 1179.7824259102345 2627.2091898322105 68756.711204439402 295.92037279903889 267.92427825927734 1490.725112080574 1385.9109498113394 517.77532078325748 1914.8658454865217 3612.216205149889 1815.9838352799416 588.88599257171154 3918.0551623702049 19036.002734720707 255.56599220633507 344.76288533210754 14537.894834056497 13401.95779542625 953.55607959628105 161.65771153569221 197.63853247463703 209.62576019763947 624.12311136722565 988.48589207231998 7478.6961940675974 11954.30210223794 41070.643517225981 553.53364405035973 14075.467477500439 3598.6618479788303 1641.5285859405994 234.5116873383522 7088.3128724247217 1234.3318986147642 223.8089135736227 1354.766144156456 800.00201016664505 970.00372311472893 746.07942461967468 265.56920970976353 959.98033255338669 739.0283235013485 22438.657903388143 11660.805215492845 18526.869928523898 5770.3449609279633 215.73587527871132 238.98152647912502 1470.1849224567413 249.49253399670124 6565.6860784739256 9871.9421130120754 1357.1523223221302 6031.9731094688177 3765.9874441623688 283.83988164365292 5469.9866705685854 616.2359647154808 545.15748615562916 613.48249404132366 739.97255279123783 3279.1385518163443 665.68649126589298 15971.058297529817 221.09750698506832 1140.8306196480989 310.62617635726929 33096.855219006538 4810.5325346887112 140.95753416419029 11772.049730464816 858.00946344435215 134.83328440785408 22361.310289546847 410.32693876326084 857.18137581646442 332.03602866828442 2857.2681216299534 1647.6656481325626 1838.8449920862913 3718.7202380299568 1732.4712801575661
leaf_count=10948 59678 403575 49466 141121 114928 78249 53501 9348 934 5650 20885 6664 49356 24732 5288 34196 1403 764 3303 29026 113903 123872 1032 672 11314 635 13841 5791 4907 1308 77783 1339 39602 4647 17540 4203 2143 2123 1539 31284 13191 13852 18490 25906 4728 10597 276594 1192 1075 5978 5557 2078 7674 14473 7279 2360 15706 76326 1024 1384 58448 53877 3823 649 793 842 2504 3964 30004 48001 165209 2247 56428 14419 6578 941 28508 4963 902 5438 3212 3900 2997 1065 3853 2962 89961 46729 74255 23129 865 959 5913 1000 26450 39611 5445 24181 15092 1139 21927 2472 2185 2460 2965 13151 2670 63996 886 4576 1246 132700 19287 565 47206 3440 541 89693 1645 3437 1336 11457 6610 7375 14910 6946
internal_value=0 -0.00107851 0.00153015 0.0023574 0.000505823 -0.00132171 -0.0043144 -0.000371484 0.00361751 0.00779815 0.00282068 -0.000380578 -0.00206353 0.000368991 0.00879919 0.000143479 0.0144118 0.0172385 -0.00706159 0.000449973 0.00253097 -0.00193588 0.00104491 -0.00377527 0.024699 0.0276954 0.00716116 -0.00283914 0.00830646 0.00621868 -0.00122967 -0.00463666 -0.0116783 -5.6181e-05 0.00202637 -0.00344722 0.0108263 -0.00514775 0.0107386 0.00042803 0.00213834 0.00073466 -0.00644995 0.00381375 0.0149924 0.00353257 0.00384368 0.00518021 -0.00345715 -0.0131486 -0.00561742 -0.0407222 -0.00237498 0.000439058 0.00242315 0.00156255 0.00937187 -0.000382311 -0.00296577 0.0227351 0.00089393 0.00402232 0.0134703 0.0171843 0.0293415 -0.00332593 -0.00605549 -0.00914489 -0.000818169 -0.0117615 -0.00266549 0.00159811 -0.00610933 -0.00442659 -0.0167305 -0.0048969 -0.00273723 -0.00816152 0.00690846 0.00443804 0.00991747 0.00244629 0.0187984 0.0312642 0.0170464 -0.000142294 0.00206082 -5.34551e-06 0.00489193 -0.00151902 0.0180422 0.00913398 0.00497165 -0.0426684 0.00741263 0.0062221 0.000540434 0.00272386 -0.00319388 -0.000741526 0.00101896 0.00143037 -0.0221362 -0.00361026 0.00159201 0.00108325 0.00186808 0.000711365 0.00386402 0.00222576 -0.00329783 0.00453382 0.00172077 -0.0144023 0.00290573 0.00967894 -0.00397812 -0.00306634 0.0199174 0.0296129 -0.0023548 -0.00572321 -0.012547 -0.00165013 4.10333e-05 0.00762292
internal_weight=0 503513 342018 238336 96516.4 67902.6 32800.5 103681 141820 22703.4 119117 360578 111110 249468 6499.49 242968 4838.49 4488.51 9574.68 91350 48792.2 42557.8 41557.2 13179.8 3169.86 2979.48 6097.21 142935 22471 18192.7 98873.1 25330.7 10460.2 73542.4 45561.5 27980.9 7003.35 1448.67 918.924 38558.2 30753.6 27463.9 8060.51 7506.56 5554.68 105592 102863 70788.4 36460.6 3662.34 2876.64 785.7 32798.3 233394 68331.8 60801.5 7530.27 165062 43440.1 600.329 32074.2 17536.3 3580.77 4278.33 1600.58 42839.7 23064.7 14507.2 8557.54 12163.9 141496 13955.5 20474.3 17674.1 2800.18 8750.66 13524.8 6436.46 17866.9 2343.25 2677.74 1877.74 907.737 561.49 1127.53 19775 58985.6 34099.5 24886.1 6359.23 1078.84 863.105 70226.9 583.493 17643 16437.6 121622 44991.9 10537.9 76629.8 47487.5 46658.6 828.997 29142.2 6771.95 46042.3 42763.2 37293.2 20876.7 18943.5 16416.5 34454 18722.4 1281.79 17440.6 5668.54 16105.9 28528.8 1933.19 1267.51 2658.04 12052.2 4504.93 7547.31 7290.04 3571.32
internal_count=3394895 2020714 1374181 958172 387799 272871 131750 416009 570373 91313 479060 1446139 445829 1000310 26068 974242 19404 18001 38440 366543 195784 170759 166758 52855 12713 11949 24525 574575 90379 73178 396473 101619 41941 294854 182673 112181 28073 5805 3682 154600 123316 110125 32342 30109 22268 424704 413756 284764 146234 14688 11535 3153 131546 935802 273892 243713 30179 661910 174273 2408 128992 70544 14420 17201 6443 171865 92577 58245 34332 48843 568784 56124 82072 70847 11225 35137 54356 25848 71870 9402 10758 7546 3646 2257 4525 79288 236434 136690 99744 25489 4328 3463 282507 2339 70968 66061 487637 180383 42238 307254 190369 187045 3324 116885 27146 184573 171422 149495 83712 75960 65783 138145 75074 5141 69933 22727 64537 114425 7752 5082 10684 48330 18067 30263 29231 14321
is_linear=0
shrinkage=0.1


Tree=22
num_leaves=127
num_cat=0
split_feature=32 38 37 27 28 43 37 12 3 41 42 34 45 38 37 45 33 3 32 31 33 35 44 44 33 45 19 34 31 38 10 32 40 6 33 32 9 25 20 44 23 2 6 31 39 43 43 37 45 46 39 5 37 37 37 46 2 46 37 31 25 35 43 5 38 8 43 35 38 3 12 37 44 37 43 46 3 5 8 46 31 4 44 44 10 26 38 43 38 46 6 43 14 41 12 25 23 39 5 43 30 10 44 33 31 24 44 0 5 33 5 14 37 32 10 35 24 46 35 26 43 39 43 37 9 32
split_gain=122.665 55.9159 56.2785 80.2496 46.6491 62.6451 71.281 46.3541 42.0346 46.0234 52.397 43.4556 41.8662 43.2384 43.8272 53.4089 49.2054 42.5803 40.8336 40.1196 57.3155 41.5998 37.7894 37.4185 33.9372 33.8919 40.0205 40.0249 33.3226 32.866 43.3583 42.8623 42.2864 36.1113 36.09 32.7093 41.9373 32.6427 32.425 34.1264 32.1058 35.644 33.3556 31.9294 31.7273 31.6392 33.3484 48.19 45.8821 44.1837 39.5321 101.606 45.555 44.056 35.3456 34.5783 31.5033 31.1057 72.378 45.3061 47.7886 36.7161 36.0648 40.6181 41.0649 39.1097 37.231 34.112 32.0087 34.0114 33.3698 46.1447 41.1338 30.9134 30.8451 43.8104 39.4019 39.3313 47.8722 38.9011 39.8092 43.0434 32.7132 32.2506 36.0891 31.1281 30.3547 30.6285 30.1298 32.0421 31.0459 29.921 29.7806 29.7259 40.687 29.5666 29.5089 29.4261 30.6992 29.3449 29.165 29.0498 42.488 29.1245 28.8399 28.8067 28.7113 28.6708 28.5911 28.1181 27.9392 37.2751 34.5848 40.0021 31.9091 27.5372 27.5237 27.3208 52.7136 27.3201 27.3013 50.0585 34.5886 35.0279 41.9731 30.232
threshold=-0.00041562500700820232 16.500000000000004 7.8333332538604745 -0.00034415702975820745 -0.0036203565541654821 -0.42499999701976771 7.7999999523162851 0.0022765708854421978 -0.0044690372887998811 4.2249999046325692 -0.34499999880790705 -0.55654308199882496 25.500000000000004 4.5000000000000009 1.8000000119209292 12.500000000000002 -0.011764095164835451 -0.015012167394161223 0.0031640522647649054 -0.0082004540599882585 -0.011764095164835451 -9.8249997790844628e-06 -0.46500000357627863 -0.46500000357627863 0.00016011596744647252 15.500000000000002 -5.0312000894336953e-06 6.1961514949798593 0.019673108123242859 11.500000000000002 60.422666549682624 0.0034659673692658548 2.5000000000000004 0.0037050782702863221 -0.0048927525058388701 -0.0026571662165224548 0.00089947745436802517 0.067313272505998625 -0.0049865853507071725 -0.41499999165534968 0.00028650854073930537 0.00055797048844397079 0.00014320101035991686 -0.015346349682658909 2.5000000000000004 -1.0249999761581419 -0.28499999642372126 6.5000000000000009 83.500000000000014 -20.499999999999996 2.5000000000000004 -0.034192875027656548 5.1666667461395273 2.4000000953674321 7.9333331584930429 -21.499999999999996 -0.0070061751175671807 -1.0000000180025095e-35 3.6333333253860478 -0.02310058660805225 0.016204379498958591 -6.6435000917408602e-05 -0.32500000298023218 0.0010737096890807154 14.500000000000002 0.00051335187163203966 -1.064999997615814 9.8944998171646162e-05 2.5000000000000004 0.0058042064774781474 3.2331734473700642e-05 0.56666666269302379 -0.69499999284744252 3.2999999523162846 0.53499999642372142 20.500000000000004 0.004184441640973092 0.012527397833764555 0.00064284875406883668 1.0000000180025095e-35 -0.0021886172471567984 -0.015245616901665924 -0.39499999582767481 0.034999999217689044 33.493869781494148 0.78388935327529918 5.5000000000000009 -0.7250000238418578 14.500000000000002 16.500000000000004 0.00095272611360996972 0.88499999046325695 0.0025442041223868732 2.3249999284744267 -0.00035831639252137387 0.0097848931327462214 0.00027791912725660955 2.5000000000000004 -0.019197852350771424 -0.60500001907348622 0.00099248182959854624 36.207365036010749 0.36500000953674322 -0.0062174680642783633 -0.0021156130824238058 0.0032792630372568969 0.61500000953674328 0.00013548685092246163 0.0047268411144614228 -0.014165996573865412 0.0087595963850617426 0.0090404241345822828 0.76666668057441723 0.0021188325481489305 60.422666549682624 0.0003184800007147715 0.0011076678056269886 -32.499999999999993 4.5250000766827732e-05 0.91514986753463756 0.47499999403953558 1.0000000180025095e-35 0.42499999701976782 2.5666666030883794 0.001184145163279027 0.0014020849484950306
decision_type=2 2 2 2 2 2 2 2 2 2 2 2 2 2 2 2 2 2 2 2 2 2 2 2 2 2 2 2 2 2 2 2 2 2 2 2 2 2 2 2 2 2 2 2 2 2 2 2 2 2 2 2 2 2 2 2 2 2 2 2 2 2 2 2 2 2 2 2 2 2 2 2 2 2 2 2 2 2 2 2 2 2 2 2 2 2 2 2 2 2 2 2 2 2 2 2 2 2 2 2 2 2 2 2 2 2 2 2 2 2 2 2 2 2 2 2 2 2 2 2 2 2 2 2 2 2
left_child=8 4 24 -4 5 110 7 120 9 10 12 43 13 44 -15 16 -16 -17 -9 -14 -21 -22 57 -8 28 38 27 -27 -3 31 32 74 33 40 93 36 99 45 -13 -40 41 42 -31 -12 -1 -11 47 48 55 50 52 -52 53 -48 88 -47 -42 58 68 -60 -61 -62 63 64 66 108 -59 -67 69 70 -6 -72 -73 -23 75 117 79 -77 -79 -76 81 -81 100 84 -84 97 -65 -88 90 92 -49 -28 -90 94 -33 104 -85 -83 -99 -10 -82 102 -38 115 -68 -25 -43 -26 -64 -32 112 -112 -2 -114 -115 -103 -44 118 -24 -105 121 -7 125 -124 -125 -123
right_child=1 2 3 -5 22 6 23 18 35 37 11 25 19 14 15 17 -18 -19 -20 20 21 73 29 105 107 26 91 -29 -30 30 109 34 -34 -35 -36 -37 101 -39 39 -41 56 106 116 -45 -46 46 49 54 -50 -51 51 -53 -54 -55 -56 -57 -58 62 59 60 61 -63 65 86 -66 67 95 -69 -70 -71 71 72 -74 -75 76 77 -78 78 -80 80 82 85 83 96 -86 -87 87 -89 89 -91 -92 -93 -94 -95 -96 -97 -98 98 -100 -101 -102 103 -104 119 -106 -107 -108 -109 -110 -111 111 -113 113 114 -116 -117 -118 -119 -120 -121 -122 122 123 124 -126 -127
leaf_value=0.060512908226721465 -0.03195968996805626 0.0025801449068953851 -0.025798887642303165 0.0052494490359470637 -0.0094063751061308366 -0.015360124356368543 0.05486746897399819 0.022892365722182364 -0.014264072494305686 -0.024416237176140217 -0.013817646407727322 -0.016469565821408971 -0.005282496322188193 -0.037739867525675243 0.01252116180203941 0.058078430205600176 -0.060013427534996368 0.0015722233287021659 0.0013041973543691408 -0.09486031451745415 0.014899048501505181 -0.073689613292063527 -0.0010299807382393702 0.051684914447402822 0.0012408323897817176 0.0038548876327455387 -0.0091109131573941914 -0.036216760931288887 0.018624265423618277 -0.014046104291366613 -0.050698222048689769 0.0075813552089032026 -0.0076589719482284954 0.052993971350933491 0.006482709154008854 0.001432833304764395 0.0051301272043284205 0.014305068060901864 -0.038384381442423086 0.0021417956455202542 0.030446005615654338 -0.0044021383845260871 0.025920474820723901 0.010298041396558736 0.0053029250967668098 0.044043437435816978 -0.034752406726462411 -0.021217686226758865 -0.037901758795506869 0.003258838263299898 0.048985025467878592 -0.015414518227537925 -0.048607142771736805 0.027263561184627791 0.033472455930590943 0.0090388547719669251 -0.0068965842257445384 -0.042298405832361261 -0.033940878146756302 0.00043021202796345644 0.045776746998166772 0.013263659517898535 -0.021983347447671376 0.0069022150669094361 0.037703973601786865 0.025209468950795979 0.041662371440639563 0.008881075129465222 -0.013431906748713583 -0.040279142713935741 0.05915862713237624 0.055119402796706553 -0.0020584949666396109 -0.015445434973871406 -0.0074422119777250552 -0.0059281224945341333 -0.017206349762779082 -0.057156502164847162 -0.0079862102154570416 -0.017244594619683702 0.035176964477250702 0.032433249190965067 -0.061196368115274548 -0.0042926831090546831 -0.010835654157076951 -0.016303665535846338 -0.0051901589484457311 -0.034651443744598248 0.053887282357704104 -0.042032311429424901 0.00091565502052729994 0.017255232666746251 0.0039177495553371277 0.00053937645063259856 -0.035825777565767138 -0.0025497627847416585 0.016740626175669123 0.023240603248874392 -0.0030007711327348576 -0.003461248732464877 -0.01691659578692534 0.0045641182381126076 0.044496643520594861 -0.0022045656284803848 0.0078439592173622889 0.0071597498499381147 0.033603803950166752 -0.0024701059618953873 0.013366718378225555 -0.0084551510870716929 -0.010447902399162098 0.0031509269460382734 -0.0019467939221440708 -0.0070398555248340896 -0.026962821256339739 0.034482909047920354 0.003483082291168687 -0.00020129808218407046 -0.065715705028363269 0.0079764789678451655 -0.00073425950524389091 0.0010659413911032836 -0.00058382262432657428 -0.010969959533585153 -0.057669177740512757 -0.0054589258176072041
leaf_weight=158.17129895091057 948.06067955493927 51329.99070161581 1884.7997170835733 1491.0011385977268 898.92561754584312 4516.5249778330326 228.73726561665535 975.77215224504471 3020.2327047884464 382.79592525959015 595.76222459971905 2230.9904026538134 527.71783655881882 436.73042108118534 148.43883895874023 154.42983853816986 252.80093938112259 977.29320459067822 8583.1051544100046 157.70978172123432 168.25506226718426 186.36562472581863 387.38330511748791 161.55358090996742 52462.993383795023 20829.788439765573 4504.4681549072266 252.28088167309761 1328.0082562416792 1064.3377915322781 159.90356783568859 338.64009399712086 11039.475828066468 124.89463336765766 13382.132111340761 182742.80875688791 5248.4895334541798 3402.2654219418764 223.60234171152115 2937.7913237214088 231.59478214383125 11488.871843785048 563.20025390386581 6998.2198097407818 304.4086801558733 285.86650110781193 234.44664542376995 1352.6726633012295 206.1930216550827 30663.776983872056 320.47457559406757 1040.1949857324362 476.49555547535419 223.99496454000473 282.77258157730103 21988.604097634554 9214.0273391008377 171.01101715862751 264.7792624682188 3493.380568832159 404.54979263246059 2455.5611656904221 563.96517834067345 662.47565241158009 384.11267130076885 1907.7994702905416 354.60104647278786 3884.6088893562555 4211.3748030513525 180.16113016009331 206.24246048927307 149.38044671714306 797.6587897837162 178.31525442004204 10726.823814257979 2815.2318489700556 2230.3187890350819 373.91902548074722 420.87909612059593 502.27016034722328 382.12857492268085 908.57251206040382 150.908850684762 2749.8782314062119 2493.1336506605148 297.47503185272217 751.1941641420126 665.49674820899963 124.39153289794922 145.7317978143692 1192.374997407198 475.88218900561333 2895.3681702017784 2756.3143459409475 595.97404792904854 1784.5293702036142 880.62347574532032 905.67229777574539 878.01153382658958 15017.80514536798 149.52443759143353 5085.2195580005646 289.27635683119297 35896.331021055579 872.92885985970497 1444.8008059561253 202.26874294877052 34517.789834201336 384.98160696029663 10799.736075386405 5804.9581308662891 3087.8450917601585 2544.7229776233435 1382.0735297054052 1921.7015208899975 327.44101592898369 18678.424454629421 125258.10786351562 186.69736470282078 2844.5728514194489 17758.087393507361 9947.2771581709385 538.3525877892971 393.13920165598392 377.05643549561501 24817.594031259418
leaf_count=635 3836 205798 7647 5986 3609 18229 920 3927 12147 1541 2395 8963 2118 1753 595 620 1013 3926 34554 632 677 748 1552 651 210385 84072 18098 1017 5320 4272 643 1358 44221 501 53640 733210 21130 13716 900 11799 928 46036 2260 28198 1223 1154 942 5443 834 123428 1288 4184 1914 900 1142 89035 36932 686 1062 14019 1622 9842 2265 2660 1542 7650 1422 15577 16898 723 831 599 3201 716 42987 11284 8947 1499 1686 2012 1532 3639 605 11019 9993 1192 3016 2673 501 591 4812 1908 11687 11052 2391 7158 3531 3628 3518 60307 600 20411 1165 143885 3503 5803 810 138625 1548 43491 23403 12440 10258 5554 7771 1315 74842 502276 749 11400 71493 40007 2167 1582 1515 99961
internal_value=0 -0.000989264 0.000672717 -0.0120857 -0.00167978 -0.00370591 -0.00242154 -0.00294708 0.001448 0.00309791 0.000545693 0.00161678 -0.0109111 -0.00333176 -0.0097931 -0.00183126 -0.0331792 0.00928281 0.00350792 -0.026042 -0.0419042 -0.026233 -0.00101091 0.0170261 0.000981154 -2.2343e-05 0.00147075 0.00337537 0.00298477 -0.00140999 -0.00334952 -0.000683776 -0.00215747 -0.000696384 0.00406812 0.00073713 -0.00113997 0.00476888 -0.00723875 -0.000724582 -0.000858189 0.000654075 0.00318661 0.00840612 0.024181 0.00424402 0.0044226 0.0069293 0.00905344 0.00225705 -0.0111245 -0.00024668 -0.0269556 -0.00445135 -0.00103827 0.0094881 -0.00598099 0.00264811 -0.000756514 0.00658854 0.00827759 0.0178625 0.00623806 0.000342345 0.00681762 0.0111761 0.00309045 0.014259 -0.00830051 0.0013799 0.0050371 0.0162951 0.00696041 -0.0452104 -0.00121508 -0.000612662 -0.00456824 -0.0114742 -0.0311188 -0.0032276 0.00116243 0.00984256 -0.00329101 -0.00530907 -0.01371 0.0143932 -0.0107671 -0.0190297 -0.00274716 0.00376593 -0.010848 -0.00659158 0.00597612 -0.00468641 -0.020098 0.00566742 0.000809208 0.0177849 0.0103234 -0.00527004 0.0205259 0.000359253 0.00718652 -0.000497026 0.0176132 0.0116377 -0.0037446 -0.000231831 -0.00764205 -0.00907149 -0.00941516 -0.00572599 -0.0142422 -0.0113701 -0.0186284 0.00637407 0.00413982 -0.000301053 -0.0220665 -0.00145702 -0.00400458 -0.00543534 -0.00419272 -0.0201533 -0.033832 -0.00359196
internal_weight=0 487233 143015 3375.8 344218 85431.4 69742 67906.9 358390 107918 42699.4 39048.8 3650.64 2432.27 1969.69 1532.96 401.24 1131.72 9558.88 1218.36 690.646 532.936 258787 1835.09 139639 31454.8 26062.4 21082.1 52658 233337 63566.7 169771 52607.1 41567.6 17073.1 250472 67729.4 65218.4 5392.38 3161.39 41442.7 31997.1 20306 7593.98 462.58 61816.2 61433.4 28474 22480.7 32959.4 2295.61 1360.67 934.937 458.442 5993.31 22274.5 9445.62 25449.7 13062 6618.27 6353.49 2860.11 12387.7 5646.35 3567.18 6741.36 3183.07 5792.41 6443.74 2232.37 2052.21 1153.28 947.039 364.681 152698 129442 23255.3 3610.03 794.798 21025 10298.2 3492 6806.2 6274.54 2644.04 2989.73 2079.17 1416.69 5710.54 3165.49 2545.05 4980.35 3019.76 3690.93 934.614 3012.06 3630.5 2692.26 1783.68 18038 531.653 49691.3 5537.77 44153.6 1227.53 1606.35 11691.1 86980.8 948.947 10959.6 15689.4 8892.8 6796.56 5848.5 3303.78 5412.66 19241.6 125832 574.081 38740.9 58348 40589.9 36073.4 1308.55 770.196 34764.9
internal_count=3395652 1955564 573761 13633 1381803 344071 280809 273435 1440088 435118 172006 157350 14656 9765 7907 6154 1608 4546 38481 4891 2773 2141 1037732 7374 560128 126757 105095 85089 211118 935626 254936 680690 210802 166581 68441 1004970 271760 263112 21662 12699 166080 128220 81374 30593 1858 249396 247855 115199 91023 132656 9228 5472 3756 1842 24176 90189 37860 102106 52406 26545 25483 11464 49700 22660 14311 27040 12769 23227 25861 8963 8240 4631 3800 1464 612249 519046 93203 14469 3185 84256 41269 13989 27280 25148 10598 11977 8349 5689 23034 12779 10255 20006 12188 14801 3749 12083 14550 10785 7146 72454 2132 199306 22295 177011 4925 6454 46846 349010 3813 44134 63262 35843 27419 23583 13325 21726 77102 504577 2301 155285 234954 163461 145232 5264 3097 139968
is_linear=0
shrinkage=0.1


Tree=23
num_leaves=127
num_cat=0
split_feature=26 0 33 41 38 37 1 37 26 21 17 43 27 34 39 43 34 8 45 37 28 16 4 42 2 43 5 38 43 37 39 37 38 37 28 41 23 39 37 33 34 20 23 5 1 0 43 24 39 39 29 45 31 41 43 38 28 41 10 36 37 45 32 41 46 37 0 9 32 33 46 32 8 45 37 28 11 17 17 39 37 35 26 46 45 13 8 30 35 6 26 38 20 43 35 4 46 34 45 30 43 45 38 38 8 33 26 39 37 31 37 5 23 42 45 5 13 45 37 43 31 31 43 16 20 29
split_gain=94.1958 49.7837 45.7131 45.1985 40.734 45.1143 39.5296 57.2654 46.3615 44.8692 44.8476 43.2696 37.7362 37.6526 37.2819 37.0802 34.6709 34.5947 34.4458 33.321 32.9902 32.8424 31.5799 30.6484 45.3129 44.6864 38.2982 54.3006 41.8426 35.3687 35.11 49.1357 51.5015 50.572 48.5628 46.678 36.764 33.7422 31.9298 30.815 37.161 30.6784 30.4927 33.7731 30.2865 30.1272 90.6154 46.818 30.1158 47.3924 33.9268 37.7861 30.0617 51.0818 47.4336 48.4485 41.0278 40.1827 42.2599 37.8727 34.5324 42.342 31.7847 29.981 40.3025 34.6438 29.949 52.3203 30.4456 29.8922 29.428 29.3328 35.3429 37.5933 29.2176 29.2102 29.0984 28.7194 28.6575 38.599 36.1808 28.6043 28.4298 28.0514 27.8418 27.8337 27.7739 31.8472 28.1192 28.3522 27.5957 33.9838 27.5519 32.9424 27.4937 27.2536 27.1751 32.4455 30.1688 35.2543 26.8208 29.6438 26.7964 26.7908 36.9736 28.2103 26.6902 26.6061 42.9331 27.3071 39.3489 26.5869 26.538 26.4469 26.4309 26.3635 26.3083 26.3017 29.2248 27.141 36.722 26.1285 37.4843 26.0927 26.0875 27.1148
threshold=0.5081162452697755 -0.000201245944481343 0.0081146727316081541 4.0850000381469735 22.500000000000004 7.866666555404664 0.00033606567012611782 7.7333333492279062 0.067389979958534255 0.29488244652748113 0.0074748722836375245 0.58499997854232799 -0.0033352253958582874 1.4523940682411196 5.5000000000000009 -0.7250000238418578 -0.34602978825569147 0.00082428433233872067 73.500000000000014 5.866666555404664 0.00016362325550289827 0.00010624177230056377 -0.051288831979036324 0.25499999523162847 -0.0063366612885147324 0.33500000834465032 -0.040845496580004685 17.500000000000004 -0.79500001668930043 5.6000001430511483 1.0000000180025095e-35 5.6666667461395273 2.5000000000000004 0.46666665375232702 0.00029796434682793921 4.2249999046325692 -0.00033719161001499737 3.5000000000000004 5.8999998569488534 -0.00089931365801021446 -0.94817003607749928 -0.00076376419747248281 -0.00073053929372690607 -0.063374191522598253 -0.00072811593418009568 -2.6895435212281878e-06 -0.57499998807907093 0.00086995551828295003 4.5000000000000009 1.0000000180025095e-35 -0.00057353652664460231 21.500000000000004 -0.0026900598313659425 4.7049999237060556 -0.9750000238418578 1.0000000180025095e-35 -0.00064150526304729272 5.0750000476837167 46.282827377319343 -0.00021898999693803486 5.8999998569488534 78.500000000000014 0.0006915603589732201 2.7049999237060551 -5.4999999999999991 3.966666698455811 -1.0000000180025095e-35 0.00024154051061486828 0.0031640522647649054 -0.0022795536788180466 -7.4999999999999991 0.0029610936762765054 0.001989354495890439 24.500000000000004 7.366666555404664 0.0012379360268823805 0.00044215266825631266 -0.00022371135855792088 -0.00026237023121211672 5.5000000000000009 0.26666666567325598 3.3894999432959601e-05 0.36550113558769232 9.5000000000000018 32.500000000000007 -1.0862029739655553e-05 0.00054741278290748607 0.0015824695001356306 0.00047539500519633299 0.00070515606785193097 0.42303705215454107 2.5000000000000004 0.00023455912742065268 0.48499999940395361 1.4714999906573213e-05 -0.0091401268728077394 4.5000000000000009 0.14554996788501742 44.500000000000007 -0.0013312287046574054 -0.73500001430511464 44.500000000000007 1.5000000000000002 6.5000000000000009 0.00069716415600851189 -0.003426249022595584 1.2334133386611941 1.5000000000000002 5.7666666507720956 0.0018484331085346641 6.3999998569488534 -0.0047612569760531178 0.00046332052443176513 0.74500000476837169 35.500000000000007 -0.041900180280208581 -0.00041112434701062733 33.500000000000007 1.9333333373069765 0.32500000298023229 0.00075312590342946361 -0.0066118859685957423 0.20499999821186068 -0.00057983564329333593 -0.00020908027363475409 -0.001543199934531003
decision_type=2 2 2 2 2 2 2 2 2 2 2 2 2 2 2 2 2 2 2 2 2 2 2 2 2 2 2 2 2 2 2 2 2 2 2 2 2 2 2 2 2 2 2 2 2 2 2 2 2 2 2 2 2 2 2 2 2 2 2 2 2 2 2 2 2 2 2 2 2 2 2 2 2 2 2 2 2 2 2 2 2 2 2 2 2 2 2 2 2 2 2 2 2 2 2 2 2 2 2 2 2 2 2 2 2 2 2 2 2 2 2 2 2 2 2 2 2 2 2 2 2 2 2 2 2 2
left_child=2 44 6 48 12 15 8 9 10 52 -1 13 107 -9 23 -6 19 20 42 71 45 -16 70 24 -10 26 96 30 113 63 34 32 37 35 -28 41 -37 -32 -33 40 -35 -34 43 -11 -2 46 47 -14 49 50 51 -3 53 54 -8 92 94 -55 114 -60 -61 -62 -58 65 -65 121 67 124 -69 -53 -18 72 73 75 -71 -4 -57 -36 79 112 -80 -21 -39 -31 85 -76 87 -17 89 -88 91 -24 -56 -94 -54 -23 98 -98 99 -25 -66 -102 -12 -79 -105 -106 -51 108 -5 -110 -111 -40 -47 -29 -59 -83 -19 -97 119 -119 -121 -30 -123 -45 125 -26
right_child=1 3 16 4 5 -7 7 11 14 18 102 -13 17 -15 21 86 22 116 -20 81 -22 95 90 25 66 -27 27 28 29 83 31 38 33 39 77 36 -38 82 111 -41 -42 -43 -44 123 -46 78 -48 -49 -50 106 -52 69 56 57 55 76 62 58 59 60 61 -63 -64 64 100 -67 -68 68 -70 74 -72 -73 -74 -75 84 -77 -78 103 80 -81 -82 115 -84 -85 -86 -87 88 -89 -90 -91 -92 -93 93 -95 -96 117 97 -99 -100 -101 101 -103 -104 104 105 -107 -108 -109 109 110 -112 -113 -114 -115 -116 -117 -118 118 -120 120 -122 122 -124 -125 -126 -127
leaf_value=0.0042601475533093052 0.0019202878639888934 -0.0029678685994295783 -0.0068658002681972396 -0.003281167666373748 0.012991971643413619 -0.026257252353155888 -0.049632689452338848 -0.010233774379738408 0.0074712719236862393 0.0055301716218587238 -0.016537240992439736 0.019683102598985307 -0.045937799442138799 -0.040260192641999031 0.0009623509021087081 -0.012018266649681156 -0.020400501991336563 -0.0040046237092039886 0.0061464221200842875 -0.0078587289974984039 -0.0057757850028078523 0.00037733478979082649 0.0064546644536190526 -0.0076645367645047638 -0.048436137730022352 -0.022631227517369928 -0.0073758297566478975 0.0019886097027941984 0.045295053835184534 0.0090470364228724225 -0.013191478655058856 -0.027563510517000359 -0.0088081639468583824 -0.020337990131023709 -0.012384030474005527 -0.018121225713737848 0.026069316927695929 0.014451534213819112 0.0032932003842747596 0.0029418397125116854 0.01366301053847466 -0.050108903286000032 -0.0010639507627052123 -0.0138316776571912 -0.00095292386289833248 0.0022947043732256373 -0.00018116032499202858 -0.012222133152276472 -0.0070346712016359494 -0.0014721966217262595 0.0010258166434464562 0.006925950913251923 0.013920177489525763 0.016199587523121128 0.028324274715015741 0.0018779746521840252 -0.00016693802003990826 0.026973472680594607 0.037073403380574188 0.0082935006504404971 -0.0063487616415080737 0.038698111892753365 -0.0057822304378480592 -0.013870916514010631 0.040743267064998541 0.050056631884178616 0.0012451370922178669 -0.0020968343295048575 0.0055597582696188834 -0.021203296819283471 0.02673964986294072 0.011126837909652987 -0.037035192469098539 0.0053677598132116904 0.015870975501651629 -0.071385124803797426 -0.0043403510033072279 0.025087451658491536 -0.013771582446284986 -0.0084859785350766773 0.0030426164587831843 0.062833090807006983 -0.012486697203839475 -0.017955582814951923 0.037990257239657328 -0.048408840402305593 0.002503942772646723 -0.046693496000265462 0.039094846390750448 -0.014260345241673003 -0.0034969416337812705 -0.021832093902087891 0.01629197687588926 -0.032618117512230607 0.0024444761403717586 0.01634151942528124 -0.001674458530380766 0.031773137746541689 0.0054237305733766525 -0.03291025177180585 0.00326265370614485 0.025083183622449046 0.029736860215990913 0.018146658493276662 0.015473053790425378 -0.018170871433474546 0.020042173928353557 -0.0052759829718912162 0.02263510783684557 0.024736582753521287 -0.0075769700374181516 -0.010329118286524216 -0.0039216201485692912 -0.033577997325485873 -0.011678271969160282 0.017497196544719519 0.0034864961223199302 0.0033702539196468423 0.010096676543043727 -0.036335411586669246 0.022523811677485198 0.022421519438056561 -0.030305403823351909 -0.0039070625946777014 -0.022286866007279409 -0.00011330740944460534
leaf_weight=47259.860137701035 68468.202044010162 3289.4381702840328 157.69537824392319 7685.8379504084587 995.44885462522507 1149.4505436420441 187.37622825801373 4280.8239701390266 7336.1936022639275 1613.3236130326986 142.52649354934692 438.10464335978031 451.01864473521709 462.77370293438435 14067.879101604223 1883.0953330397606 195.61055073142052 5433.1917247474194 3425.4925073981285 276.86566911637783 12710.921210259199 4013.4716365039349 493.22502385079861 2754.6006294190884 127.25595436990261 681.12011784315109 1431.4959589540958 765.17342959344387 270.89511263370514 2760.9535043537617 2755.8222162127495 665.50683633983135 349.26980367302895 336.79577630758286 397.07730115950108 352.29377533495426 404.33594094216824 1085.3721159100533 2522.1711398512125 7266.7543758153915 7051.6740895807743 370.78412778675556 12678.897665977478 6776.3709825277328 79037.709541261196 19313.815834805369 18265.69043391943 4743.6107686161995 22340.03292003274 43457.130287334323 2901.6410813331604 494.91709107160568 2637.4459584206343 3668.0071064829826 974.82808946073055 25515.69509087503 43801.750894889235 194.02920235693455 395.97000625729561 11674.913211122155 3075.6304431855679 223.84799654781818 13093.565181180835 463.57997578382492 436.02346733212471 564.873753875494 48391.417030096054 55959.645584687591 5724.7048444896936 4565.1258755177259 409.99039208889008 908.51582172513008 402.19550727307796 1064.3667500317097 145.22250470519066 126.4277058839798 10673.023678958416 1831.8250994831324 1324.3396241515875 6372.5031210035086 38011.72914275527 181.63509382307529 613.06523767113686 447.00537666678429 166.76871559023857 125.64453437924385 2376.8562646657228 308.22366254031658 152.64367441833019 1752.7618954628706 2125.3610998988152 3058.0402448922396 468.09368035197258 195.10514168441296 10016.703000158072 4160.0159830600023 1017.0297785401344 405.71139942109585 1245.7366457432508 692.12659679353237 1282.0027609169483 1210.4208711832762 1025.9103693068027 1856.4843936264515 403.7023708820343 651.32289128005505 584.38128064572811 27111.211157530546 1189.1197849959135 558.22707648575306 1159.7931268215179 3316.9302127659321 10656.878948450089 287.66894891858101 2006.2444786727428 436.561728104949 34186.889409393072 1559.3200700134039 6147.5807371735573 436.10598662495613 140.03382398188114 519.19330361485481 182.12544368207455 4349.3089788556099 1829.5725480169058 1326.7880121469498
leaf_count=190936 274563 13227 632 30970 3999 4683 751 17185 29600 6480 583 1757 1819 1857 56489 7563 786 21786 13761 1110 50967 16192 1977 11062 510 2730 5735 3076 1088 11098 11076 2671 1409 1355 1592 1416 1624 4366 10121 29148 28396 1487 50881 27209 317295 77545 73250 19047 89868 174512 11637 1984 10578 14732 3922 102391 175778 781 1589 46866 12335 898 52449 1866 1755 2272 194045 224512 22936 18367 1644 3644 1611 4265 583 507 42809 7374 5326 25673 152358 728 2459 1798 671 506 9543 1242 613 7041 8524 12260 1878 782 40166 16812 4086 1632 5008 2775 5160 4868 4214 7473 1631 2620 2352 109176 4789 2248 4666 13312 42792 1160 8085 1750 136974 6290 24798 1755 564 2089 731 17480 7333 5327
internal_value=0 -0.00110221 0.00100901 -0.00189515 -0.00109097 -0.00781438 0.00116981 -4.20191e-05 0.00196131 0.00029798 0.00473864 -0.010386 -0.000784664 -0.0131631 0.00129172 -0.0049761 -0.00572817 -8.00066e-05 -0.00326712 0.00216487 -0.000979461 0.00451007 -0.0101938 0.000715015 -0.000145283 0.00280638 0.00316021 0.00421666 0.0110296 0.0134567 0.00235674 0.000766085 0.00316001 0.00578826 0.00891375 -0.0118504 0.00549379 -0.00635869 -0.00681035 0.00756556 0.0121131 -0.0300755 -0.00453575 -0.00799118 0.000380742 -0.000364513 -0.00349547 -0.0151495 -0.00393256 -0.00268904 -0.00834955 -0.0114454 0.00109633 0.00275148 0.000556811 0.000805427 -0.000313775 0.00667963 0.00469227 0.00654779 0.0057406 -0.00329263 -0.00145921 0.0187754 0.0135254 0.0303611 -0.000638198 -0.002041 -0.00138625 -0.0165179 0.0115133 -0.00345253 -0.0110185 -0.00325883 -0.0188371 -0.0355753 4.40237e-05 0.01345 0.000606074 -0.00141841 0.00247653 0.018854 0.00472795 0.00528442 0.00584528 -0.0139459 -0.00773907 -0.0168956 -0.0030535 -0.00461144 -0.0125096 -0.0179034 0.017627 0.00190321 0.0048363 0.00754283 -0.00424295 0.00786352 -0.00791359 -0.0127341 0.0178624 0.0138596 0.0240923 0.0156127 0.00965149 -0.00529712 -0.00118673 -0.00361551 0.000634217 0.0109856 0.0029225 -0.00444502 8.43246e-05 -0.00772928 -0.0082698 0.0308175 0.00245922 0.00985404 0.00659582 -0.00348248 -0.0220294 0.0189176 0.00872887 -0.0099519 -0.0143408 -0.00434246
internal_weight=0 423369 421961 275864 197793 8618.48 412125 162827 249297 157646 48428.3 5181.7 189175 4743.6 200869 7469.03 9836.49 151471 28843.4 3554.26 111851 30524.4 6282.23 170345 120696 49648.9 48967.8 42852.6 9189.92 8137.07 33662.7 27090.8 20586.2 16131.9 6571.91 1476.68 756.63 4454.26 6504.61 14655.2 7388.47 720.054 25417.9 12739 147506 99139.6 23460.3 5194.63 78070.3 55730.3 11688.8 8787.12 128802 59252.8 38014.1 37826.7 69549.5 21238.6 17570.6 15370.4 14974.4 3299.48 56895.3 4929.11 3392.03 1537.09 113359 64968 61684.4 5497.68 605.601 2659.2 1750.69 1348.49 5002.76 284.123 36188.7 5140.41 75679.3 36343.2 39336.1 895.062 1698.44 3207.96 437.636 270.867 6473.58 2191.32 4282.26 4129.62 5676.63 3551.27 1638.03 663.199 12654.1 16456.5 6115.21 1422.74 4692.46 3446.73 2928.45 2492.42 1168.44 4743.33 2911.51 1055.03 44041.5 37704.2 10593 2907.14 1718.02 5839.1 29970.7 1052.84 2200.27 618.197 39620.1 12443.1 8283.04 2135.46 576.14 972.214 701.319 11125.7 3283.62 1454.04
internal_count=3394888 1699635 1695253 1107777 794070 34684 1655815 653400 1002415 632601 195733 20799 759386 19042 806682 30001 39438 607537 115811 14247 448777 122900 25191 683782 484263 199519 196789 172226 36961 32725 135265 108840 82736 64835 26425 5936 3040 17901 26104 58899 29751 2896 102050 51169 591858 397810 94116 20866 313707 223839 46975 35338 516790 237819 152533 151782 278971 85286 70554 61688 60099 13233 228227 19829 13649 6180 454663 260618 247448 22111 2430 10659 7015 5404 20127 1139 145200 20690 303694 146010 157684 3588 6825 12896 1760 1089 26002 8805 17197 16584 22761 14237 6582 2660 50744 66411 24563 5718 18845 13837 11783 10028 4797 19098 11724 4251 176864 151849 42673 11703 6914 23433 120337 4236 8866 2478 158760 50219 33407 8609 2319 3908 2820 44689 13170 5837
is_linear=0
shrinkage=0.1


Tree=24
num_leaves=127
num_cat=0
split_feature=22 15 14 15 40 43 37 38 37 25 39 37 37 37 38 42 37 41 43 31 22 43 38 39 37 29 37 42 40 28 39 39 39 37 7 25 2 38 39 45 41 45 43 46 41 10 29 38 10 7 42 43 43 46 20 37 4 43 26 34 43 43 43 12 34 25 45 43 43 43 4 45 41 2 31 43 39 38 15 45 34 46 45 46 46 45 34 43 46 42 39 29 32 46 43 22 46 34 37 42 43 31 13 4 45 28 31 45 6 32 45 7 14 25 32 43 38 36 17 27 28 37 23 42 25 25
split_gain=73.7345 61.4986 59.1939 50.4643 47.5082 46.2102 45.5642 59.4271 76.1088 61.8449 55.2112 58.7389 135.428 64.1279 60.8373 87.166 54.8704 54.2086 47.0314 48.5835 45.7295 49.478 45.5035 43.9485 43.1988 57.9114 56.8224 74.4229 68.9577 63.0445 53.5231 51.4783 58.2516 61.5288 47.6533 46.7305 45.7665 45.0808 57.1058 43.2844 42.0741 41.5738 41.0696 59.6068 40.6016 40.4238 39.9684 42.0451 39.9394 39.7322 39.3885 39.1046 59.8557 43.8728 39.0453 41.2002 38.9271 48.0436 41.9999 37.8863 37.7413 41.1212 37.566 37.2829 56.65 36.4824 36.347 36.1861 74.1914 40.8605 35.6834 37.3255 35.5304 35.1245 45.3067 34.4768 66.136 53.898 63.116 34.1275 34.0111 34.0035 68.9075 41.7069 36.3419 33.8572 33.8048 36.4146 33.6376 33.5878 33.4984 46.7976 33.3542 33.3453 36.6422 34.6272 33.1461 36.9236 42.5445 69.7957 44.6762 62.6929 33.0802 33.0302 33.1003 32.6893 36.7808 53.134 38.3796 36.4166 32.6288 37.9405 47.8712 32.5896 37.0906 36.3391 32.5671 34.3823 33.9119 32.4729 32.8458 32.3594 32.3479 34.6985 48.8887 34.4334
threshold=54.119485855102546 0.90649208426475536 0.00092288953601382684 0.06549848243594171 2.5000000000000004 -0.7250000238418578 6.7666666507720956 22.500000000000004 7.8333332538604745 0.024386872537434105 5.5000000000000009 4.0000001192092904 3.5333333015441899 5.7333333492279062 16.500000000000004 0.49500000476837164 7.866666555404664 0.20500000566244128 0.75499999523162853 0.0058643179945647725 60.403293609619148 0.39499999582767492 13.500000000000002 1.0000000180025095e-35 5.4666664600372323 0.062659781426191344 2.0000000000000004 0.12999999709427359 1.5000000000000002 0.00069064303534105431 5.5000000000000009 2.5000000000000004 1.0000000180025095e-35 0.63333332538604747 0.00030608639644924557 0.051132330670952804 0.00029928919684607541 17.500000000000004 5.5000000000000009 6.5000000000000009 0.074999999254941954 50.500000000000007 0.34499999880790716 11.500000000000002 4.2249999046325692 43.350769042968757 -0.014318373054265974 14.500000000000002 51.533779144287116 0.00017868971917778256 0.37500000000000006 0.78499999642372142 0.53499999642372142 -1.4999999999999998 -0.0017923701670952139 3.8666666746139531 -0.0026495374040678139 -0.39499999582767481 0.34536024928092962 -0.84531277418136586 0.87500000000000011 0.50499999523162853 -0.43500000238418574 0.00040806888137012726 0.089201498776674285 0.0096903657540678995 80.500000000000014 -1.0000000180025095e-35 0.35500000417232519 0.31499999761581426 0.013631402980536224 72.500000000000014 1.2050000131130221 -0.00056856233277358104 0.0082288468256592768 -0.60500001907348622 4.5000000000000009 10.500000000000002 0.77204233407974254 77.500000000000014 -0.32498340308666224 -10.499999999999998 43.500000000000007 -11.499999999999998 28.500000000000004 9.5000000000000018 3.8423854112625127 0.5249999761581422 -14.499999999999998 0.50499999523162853 5.5000000000000009 0.0036672201240435247 -0.0015164112555794416 9.5000000000000018 0.78499999642372142 52.588863372802741 -12.499999999999998 1.8096619844436648 7.1000001430511483 -0.22500000149011609 -0.76499998569488514 0.0019127892446704211 -0.00041112434701062733 -0.0083554815500974638 53.500000000000007 0.007526588626205922 -0.0017903469852171836 37.500000000000007 0.00077725725714117299 -9.1590773081406937e-05 65.500000000000014 0.00037344185693655168 0.0021254653111100201 0.062528938055038466 -0.0011733473511412738 0.27500000596046453 11.500000000000002 -0.00033720000647008414 0.0074748722836375245 -0.0068491094280034295 -0.00043257784273009742 3.8333332538604741 -0.00056048913393169631 0.24499999731779101 0.011599042918533089 0.0099587556906044501
decision_type=2 2 2 2 2 2 2 2 2 2 2 2 2 2 2 2 2 2 2 2 2 2 2 2 2 2 2 2 2 2 2 2 2 2 2 2 2 2 2 2 2 2 2 2 2 2 2 2 2 2 2 2 2 2 2 2 2 2 2 2 2 2 2 2 2 2 2 2 2 2 2 2 2 2 2 2 2 2 2 2 2 2 2 2 2 2 2 2 2 2 2 2 2 2 2 2 2 2 2 2 2 2 2 2 2 2 2 2 2 2 2 2 2 2 2 2 2 2 2 2 2 2 2 2 2 2
left_child=1 4 5 92 24 -3 10 8 18 16 11 12 14 20 15 -5 60 121 19 96 -13 50 65 -17 26 39 31 30 29 103 54 32 33 42 49 -31 67 41 45 -26 -41 -30 56 -44 -38 -39 47 -20 -10 -34 110 52 59 -53 55 66 57 -1 -59 72 61 -9 88 64 89 -21 -28 -35 69 122 71 -50 -16 -12 -75 76 77 -19 -79 86 93 82 -36 -84 119 -42 -15 -88 -52 -11 -4 -92 -2 -32 95 -95 -8 98 99 -98 101 -100 -33 -29 -105 106 -56 108 -108 -109 -22 -112 -113 115 -115 -64 117 -6 -118 -83 -121 -14 -69 125 -125 -124
right_child=3 2 90 6 116 -7 7 9 48 63 73 13 17 79 51 23 -18 75 46 22 21 -23 -24 -25 25 -27 27 28 37 35 80 102 34 36 81 -37 44 38 -40 40 85 -43 43 -45 -46 -47 -48 -49 70 -51 62 53 -54 -55 105 -57 -58 58 -60 -61 -62 -63 113 -65 -66 -67 -68 68 -70 -71 -72 -73 -74 74 -76 -77 -78 78 -80 -81 -82 84 83 -85 -86 -87 87 -89 -90 -91 91 -93 -94 94 -96 -97 97 -99 100 -101 -102 -103 -104 104 -106 -107 107 109 -110 -111 111 112 -114 114 -116 -117 118 -119 -120 120 -122 -123 123 124 -126 -127
leaf_value=0.007976704217276814 0.009280453326029333 0.039721870939878182 -0.0019290735412500375 -0.00093636580377340719 -0.017153841416866409 0.0042548891093461766 0.018766235807027222 -0.0043450337573000463 0.028118753895138932 -0.0029345853295393962 -0.00062187605725915536 -0.0029973979405815382 0.017145837729670755 -0.001412916131795069 -0.029996928091982462 -0.019343261909492912 -0.03210309807741045 -0.015010837258275287 0.040543488116925375 0.018709628431316547 -0.020036017895825906 -0.0014085111483031344 0.0029592318905416496 -0.0065355324412696833 0.057241981699011658 0.034382534895247299 0.0022305718715053334 -0.02007531760238436 0.0047059745583091575 0.0084414899614835663 0.013112751607189849 0.012217457060898327 0.010170387206916154 0.010773846617218724 -0.0067747221154064955 -0.009331499032772847 -0.028712007048836193 0.0096093586747080691 -0.0027610892134876503 0.046069002128580519 -0.023315638352611787 0.016706466207622166 -0.013770920647415086 0.052124539564097065 -0.0033724314424205316 0.030052896055729913 -0.029078930888245119 -0.020014736442356608 0.0045152800547109189 -0.029528967585512128 0.050499284354276613 -0.00018628702104233591 0.017452483872619409 -0.039883543580113034 0.0023842536781245173 0.010580428269442381 0.009167424060157572 0.060605191130492321 0.0080801749568574846 0.00084020450550503713 0.047640044355067176 -0.025719276626880318 -0.022665484937749173 -0.0046492088521214404 0.043662163485149889 -0.013918847573739325 -0.023273833350074186 0.020260382017602621 0.010589096838107825 -0.053172876760472401 0.024253673259406892 -0.04296898324306158 0.025174091628904379 -0.010479626490619643 0.0007715410809989037 0.0049325477639000906 0.063078738742628995 0.03983800029384791 -0.010389569186873912 0.014007135657962459 -0.00067004039776595505 -0.052242544998197006 0.013134920149202959 0.054835178193309388 0.032686235946052751 -0.00018074405602996337 0.0091245519328042139 0.064973204547651583 -0.0008716554525837136 0.031115078579008745 -0.013323267559117731 0.0037458417793107979 0.00087105209918334923 -0.002488966539499711 0.043834011016370321 -0.056189551243481919 -0.016167827190885418 0.019586920500234657 -0.04979583860937966 0.015725763101745279 0.00043824117692706422 0.01833233661027503 0.0017385056554313047 0.0026367451539557724 -0.0080094671566613464 -0.013255798078169928 0.0014840313221345118 -0.0013145070487873755 0.020009484342877092 -0.0092395552558534773 0.025248886608210255 -0.050068073978166865 -0.0089872429754704851 -0.032843969029855563 0.029193802116838641 0.018454376399221213 -0.0026058640871634412 0.0012769775092899265 0.019601646549969196 0.0036471903952856235 -0.0072987335209629594 0.052011503525116735 -0.022896983130746087 -0.013077654210382351 -0.092691614351938068 0.03227315290309609
leaf_weight=500.35964401066303 6283.0037129670382 559.29217872023582 50494.387986674905 59241.464929744601 1030.192933127284 1070.4706123173237 1805.2046732455492 5480.1322354525328 1707.1304033845663 1210.521997153759 8244.5972441136837 26896.544767975807 736.29811279475689 28033.428139224648 131.0771482437849 3198.5764047503471 984.76273949444294 522.19369551539421 208.34855754673481 377.25156827270985 6253.3837071955204 6448.5823648273945 5526.0342542231083 16498.563936054707 131.19454458355904 487.27480700612068 8582.219220995903 822.69235223531723 10263.555385202169 22470.973054036498 8322.6548981815577 3203.5351227521896 313.10581812262535 3153.568262770772 1932.8376660943031 1583.6388206332922 964.93681132793427 1414.1398349106312 1007.4013833850622 195.94602864980698 636.09737782180309 4016.5718704760075 885.8725870102644 162.44511811435223 1834.4861889481544 3060.4607441872358 878.66253581643105 254.92957550287247 1173.0365036725998 1293.913029551506 131.9278072565794 748.21829767525196 2765.7977990955114 443.37987823784351 31954.851363956928 7446.5918691903353 1626.6690710932016 605.50088952481747 203.36593851447105 20706.828565627337 124.87955750524998 1076.9743047356606 2222.7609724998474 1985.2570235133171 504.78513488173485 3739.4597554802895 597.69153966009617 239.8264983445406 1521.2556381523609 312.87039916217327 815.10596290230751 192.74099373817444 1066.3576807379723 18064.16408585012 4463.3743622153997 10942.981873840094 293.74555855989456 780.43440885841846 368.22079432010651 1630.3740742504597 3720.5574136525393 150.33657114207745 1068.9816303700209 309.22512596845627 246.5240253508091 114421.82249324024 567.46423055231571 146.98949344456196 3767.6904015094042 380.85109703242779 6064.3685822039843 2184.9024836719036 18917.137745216489 1372.3978817760944 155.29277160763741 131.59011000394821 829.97980138659477 1439.9593331366777 414.39601413905621 3959.6146529018879 7590.355219528079 200.38799980282784 50529.075782477856 14035.945097491145 3687.675817027688 1913.7959182709455 5500.2750217467546 13492.190120369196 1403.7132043689489 10167.82775388658 298.47010080516338 301.70154818892479 4743.0710680633783 138.24224780499935 318.19153951108456 237.92117567360401 59789.55370144546 57793.124876201153 695.62670692801476 3245.0790300816298 17662.962384745479 416.93493999540806 363.05243512988091 177.3633004873991 136.4856079518795 164.33650222420692
leaf_count=2021 25276 2245 202618 237995 4137 4292 7253 22032 6839 4860 33075 107897 2955 112530 525 12899 4027 2098 837 1514 25141 25911 22163 66388 526 1968 34581 3297 41285 90662 33461 12928 1257 12697 7760 6362 3870 5715 4064 786 2551 16149 3556 652 7355 12280 3531 1023 4714 5193 531 3002 11091 1778 128134 30037 6527 2439 816 83035 502 4334 8945 7999 2029 15008 2415 965 6104 1255 3272 774 4272 72884 17931 43912 1180 3129 1481 6541 14995 604 4290 1240 991 459366 2277 589 15155 1529 24372 8773 75824 5519 625 528 3332 5782 1665 15907 30494 805 203006 56258 14778 7684 22049 54118 5626 40716 1202 1211 19068 554 1280 958 240040 232073 2843 13005 70985 1673 1456 712 549 659
internal_value=0 0.000637087 -0.00237272 -0.00131507 0.00101166 0.0164262 -0.00170806 0.00128721 0.00357533 -0.00477241 -0.00226197 -0.00165807 -0.000236993 -0.00371452 -0.00147339 -0.00285246 -0.0100662 0.00897832 0.00170623 0.00265263 -0.00585517 -0.0089468 -0.00296989 -0.00861535 0.00157683 -1.91717e-05 0.00231676 0.00347558 0.00615835 0.00389353 0.00171004 0.000354851 -0.00240692 0.00310816 -0.00510996 0.0072714 -0.00152953 0.0110406 0.0187492 -0.000164451 -0.000229797 0.00808135 0.0134309 -0.0035599 -0.0121068 0.023592 -0.0165475 0.00721992 0.0166631 -0.0217941 -0.0115868 0.00273601 0.00359061 -0.0149572 0.000732906 0.00505343 0.0194977 0.0323328 0.0473993 0.00184031 -0.0068185 -0.00785565 -0.00555432 0.00517173 0.0144731 -0.0109288 0.000570015 0.00334959 -0.00468176 -0.0213475 0.00769597 -0.00218579 0.0191348 -0.00620656 -0.00825044 0.00712238 0.0193199 0.0116269 0.0237367 -6.72776e-05 0.00749041 -0.00402076 0.00540704 0.0224911 -0.00548596 -0.000308645 -0.000865478 0.0206147 0.000866272 0.00521426 -0.00289427 -0.00880234 0.00296772 0.010532 -0.00241233 -0.00718745 0.00599111 0.00439345 0.00270985 0.010199 -0.00166179 -0.0275896 0.00236326 -0.000487586 0.000421635 -0.000381981 1.21059e-05 -0.00246799 0.00525061 -0.00472027 -0.0151328 -0.00939443 -0.0114441 -0.0141374 0.0104041 -0.0186896 -0.00072115 0.000954192 -0.00235046 -0.00593283 -0.00559985 0.029751 -0.0121369 -0.0213729 -0.0476999 -0.00570575
internal_weight=0 545487 60373.4 299831 485114 1629.76 274631 42860.8 31112.6 11748.2 231770 200998 118861 82136.7 104800 78938.6 7666.75 14060.8 27224.6 25882.6 51758.5 24861.9 9642.75 19697.1 365805 115872 249933 157125 62363.1 42600.9 94761.6 92808 39075.4 12852.4 26223 24054.6 8868.18 19762.1 5482 115385 115254 14280.1 3984.21 1048.32 2799.42 4474.6 1341.94 463.278 3888.01 1607.02 18413.4 25861.7 24670.1 1191.6 81059.2 16626.5 2935.9 1309.23 808.867 21904.3 6681.99 6557.11 6816.73 4081.42 2096.16 4116.71 9179.91 6068.76 2915.19 1393.93 2180.88 1365.78 1197.43 30772.1 22527.5 12907.6 1964.59 1670.85 1148.66 30378.3 13702.5 24615.9 3311.04 1378.21 21304.9 115058 28747.9 714.454 3899.62 1591.37 58743.7 8249.27 25200.1 9981.94 1659.28 1503.99 16239.9 14434.7 12994.7 4789.59 8205.14 614.784 53732.6 18546.3 17723.6 64432.7 62518.9 30564 6903.99 23660 11596.6 5343.24 5044.77 2917.12 456.434 2460.68 119308 58823.3 60485.2 21058.4 20908 1153.23 1081.06 841.238 313.849 527.389
internal_count=3395238 2190820 242300 1204418 1948520 6537 1103318 172225 124913 47312 931093 807203 477413 329790 420985 317282 30895 56428 109314 103923 207853 99956 38685 79287 1469427 465197 1004230 631338 250850 171357 380488 372892 156958 51633 105325 97024 35622 79493 22059 463229 462703 57434 16011 4208 11225 17995 5391 1860 15599 6450 74045 103703 98923 4780 325360 67033 11803 5276 3255 87832 26868 26366 27423 16417 8418 16522 36996 24397 11700 5596 8760 5488 4797 123890 90815 51800 7888 6708 4610 121937 55128 98875 13290 5530 85585 461917 115396 2866 15686 6389 235763 33145 101100 40133 6672 6047 65238 57985 52203 19239 32964 2470 215934 74333 71036 258327 250643 122509 27675 94834 46622 21481 20279 11737 1834 9903 479093 236210 242883 84594 83990 4628 4341 3376 1261 2115
is_linear=0
shrinkage=0.1


Tree=25
num_leaves=127
num_cat=0
split_feature=0 11 32 41 42 22 45 4 33 41 43 38 27 26 44 5 23 45 10 35 38 45 5 43 30 44 5 44 24 22 38 38 43 46 20 44 45 43 43 46 3 45 25 46 38 44 44 38 22 45 39 46 35 32 45 32 19 10 38 8 22 27 4 38 23 6 22 3 38 34 38 22 17 45 35 22 43 38 20 39 5 23 42 43 19 43 7 23 21 16 43 44 7 38 25 14 43 17 23 39 39 11 6 45 24 33 42 38 23 21 14 35 44 23 14 8 15 8 39 42 33 43 20 3 46 44
split_gain=74.2601 70.9875 59.9325 46.6508 44.7965 33.0193 32.642 36.5724 39.2028 33.9447 30.3046 31.1475 30.2784 38.0649 28.7134 28.5131 53.5866 41.7012 48.6876 28.0237 27.7538 27.677 27.1109 26.9641 26.6668 32.7178 34.0539 26.6418 26.4134 28.9128 28.7083 42.935 42.4163 39.6191 38.559 31.4383 28.6975 29.0606 28.6285 41.4291 31.004 26.6212 39.7741 26.3595 25.9092 25.7689 36.7052 65.3033 37.7936 35.9072 29.5362 37.9091 25.7288 27.978 33.2324 25.677 25.1601 24.6107 24.4321 24.4263 24.3778 26.4642 24.0928 24.0835 29.7594 24.0794 23.8431 23.4861 24.5086 23.4224 23.3978 23.1794 23.116 33.2811 30.5996 27.8434 23.0843 29.8965 39.2113 23.8102 23.0146 44.412 38.6211 50.8377 57.209 53.5494 38.0515 36.808 37.504 36.0988 44.0824 37.3277 34.4325 33.9062 33.7863 33.7675 31.1408 61.1898 46.4211 55.6904 42.3207 30.5233 29.5691 35.8188 28.6808 28.1408 27.0518 36.0096 28.5233 26.7891 25.5876 25.2641 24.8529 24.834 24.3943 33.3274 29.3476 24.2447 26.406 36.891 37.8088 31.6011 26.6352 25.7996 25.4224 24.8809
threshold=-0.00019169033475918693 -0.00042722644866444165 0.00041693494131322956 0.074999999254941954 1.3750000000000002 28.820291519165043 48.500000000000007 -0.034678071737289422 0.0031747884349897508 0.20500000566244128 0.76499998569488536 7.5000000000000009 -0.00012498995056375858 0.18159182369709018 -0.70499998331069935 -0.0098985889926552755 0.0022725188173353676 55.500000000000007 70.889514923095717 5.1174998588976457e-05 21.500000000000004 56.500000000000007 -0.075247108936309801 0.7749999761581422 -0.00094667388475500036 -0.69499999284744252 -0.015574827790260313 0.80000001192092907 0.011896998621523382 21.886259078979496 12.500000000000002 8.5000000000000018 -0.25499999523162836 -3.4999999999999996 -0.0015472939703613518 -0.68500000238418568 48.500000000000007 -0.5649999976158141 -0.1649999991059303 -29.499999999999996 -0.033614721149206155 78.500000000000014 0.017602204345166687 -1.4999999999999998 18.500000000000004 -1.0000000180025095e-35 -0.024999999441206452 18.500000000000004 31.625284194946293 20.500000000000004 1.0000000180025095e-35 11.500000000000002 1.2644999969779748e-05 0.0048181267920881518 39.500000000000007 -0.0070851035416126243 -5.0091239245375612e-05 61.824777603149421 7.5000000000000009 0.0003806455788435415 33.368633270263679 -0.00018964715127367524 -0.0087337507866322977 17.500000000000004 -0.0038554918719455595 0.00124037271598354 82.080554962158217 -0.0044690372887998811 12.500000000000002 1.9843015670776369 9.5000000000000018 82.080554962158217 -0.0023733543930575247 16.500000000000004 0.00023985499865375462 31.625284194946293 -0.68500000238418568 15.500000000000002 -0.0068466791417449704 1.0000000180025095e-35 0.0019188403966836633 -0.00061479464056901623 0.50499999523162853 -0.86500000953674305 5.5590235206182122e-05 0.095000002533197417 0.0032090934691950683 0.0028271744959056382 -0.13196288794279096 1.7282601220358632e-05 -0.71500000357627858 -0.014999999664723871 9.7198815637966631e-05 22.500000000000004 0.0087923794053494948 0.0042439601384103307 -0.39499999582767481 -8.3498498497647216e-06 -0.0017787085962481795 2.5000000000000004 5.5000000000000009 -0.00096636285888962437 0.00036520589492283767 49.500000000000007 0.0058852480724453935 0.00056748322094790648 0.24499999731779101 16.500000000000004 -0.002457527094520628 -0.33911469578742975 0.0021023991284891967 6.0475000282167464e-05 0.2650000005960465 -0.0015196539461612699 0.0038413394941017036 0.0010031702113337817 0.34492428600788122 0.00036497779365163302 3.5000000000000004 -0.024999999441206452 -0.0015920017031021414 0.16499999910593036 -0.011593551840633152 0.006704160477966071 -2.4999999999999996 0.034999999217689044
decision_type=2 2 2 2 2 2 2 2 2 2 2 2 2 2 2 2 2 2 2 2 2 2 2 2 2 2 2 2 2 2 2 2 2 2 2 2 2 2 2 2 2 2 2 2 2 2 2 2 2 2 2 2 2 2 2 2 2 2 2 2 2 2 2 2 2 2 2 2 2 2 2 2 2 2 2 2 2 2 2 2 2 2 2 2 2 2 2 2 2 2 2 2 2 2 2 2 2 2 2 2 2 2 2 2 2 2 2 2 2 2 2 2 2 2 2 2 2 2 2 2 2 2 2 2 2 2
left_child=1 28 3 -2 5 23 7 -3 10 -8 60 43 13 21 -10 16 17 18 52 -19 65 -11 -21 44 58 -26 -27 -17 30 -30 31 33 36 62 41 -33 37 -32 -34 -40 -41 -35 -43 -12 57 46 -42 48 -48 -47 51 -51 53 69 -55 63 71 -4 -6 -58 -9 -62 -1 64 -31 -13 72 68 -60 -7 -66 -16 73 75 -75 -5 -38 78 -78 -80 82 95 86 84 -84 96 87 88 89 90 94 105 -91 101 111 106 97 100 99 -98 -85 -87 103 -83 -100 -92 108 -108 -82 -105 -109 -74 -104 -97 115 116 -103 -90 119 121 122 125 -121 -123 -124 -119
right_child=2 6 4 66 24 15 9 8 14 12 11 20 -14 -15 56 27 -18 19 -20 22 -22 -23 -24 -25 25 26 -28 -29 29 55 32 35 38 34 -36 -37 76 -39 39 40 45 42 -44 -45 -46 49 47 -49 -50 50 -52 -53 -54 54 -56 -57 59 -59 67 -61 61 -63 -64 -65 70 -67 -68 -69 -70 -71 -72 -73 80 74 -76 -77 77 -79 79 -81 81 102 83 85 -86 93 -88 -89 117 92 91 -93 -94 -95 -96 113 98 -99 104 -101 -102 114 112 109 -106 -107 107 110 -110 -111 -112 -113 -114 -115 -116 -117 -118 118 -120 120 -122 123 124 -125 -126 -127
leaf_value=-0.0073071494221189819 0.029159240841931069 -0.012090964932581154 -0.011250166041090569 -0.024669642382228279 0.0084163147233737284 0.0022651027375287969 -0.010124296594441954 0.013794977811244641 0.021151845515436449 -0.0041478080075865757 -0.026651354393610761 0.00099156736441994762 -0.0023916973716674042 0.00054248252574820805 0.0020276265315320148 -0.0021616668811665434 -0.011220872841290181 0.010215742095559 -0.014933020112181082 0.022663520538700004 -0.024334451899784736 0.024076166118811873 0.001735717175290107 -0.054628543060007084 0.01065411506344041 -0.020820284650046129 -0.0076269388194115497 0.024905468036274289 0.031607841511882388 0.034296146946544072 0.021841950711760365 -0.025984671990527338 -0.011552959784246824 0.011507264449048944 0.0012708951382967659 0.011535035797153519 -0.0047973427343995061 0.0065887808793803756 0.028299928919666123 0.037337772350811725 -0.0024499110317910853 -0.036987402544503924 0.0092184862786935488 -0.001103559693199695 0.010996681870003133 0.024143165484178292 -0.012481702805251368 0.017807417117632073 -0.067859215463135211 -0.016455665785317916 0.0031878906089482365 0.026353312831947546 -0.0020870269884797569 0.022289913531174564 -0.0090279637355202055 -0.0087184944218475051 -0.031299890386319661 -0.045849759005553117 0.0096345897456708608 -0.0027164492105039681 0.006307094064920739 0.0017831132597077423 0.0028210889307323001 -0.010584171372362679 -0.0080820890855439944 0.026491795887764555 0.026787507797627636 -0.0011899064093968466 -0.030387264845769729 -0.033944959359275544 0.016186684630238809 0.039454999453646458 0.0086076201743560381 -0.0077491525745319841 0.010518973499114702 0.016669092748254018 0.052998246803221509 0.010494584789352737 0.024913967871609929 -0.0080005146270385845 0.040409910402983827 -0.00047968012873923207 -0.007260345158946831 -0.0041504478109491523 -0.05398568312746093 -0.020488404228770227 0.024847050715978345 -0.014265222645311838 0.005509863216176262 -0.026188216176596658 0.0026257129541472257 0.0056000093491498232 0.00074401491483838287 -0.051328334776555733 0.0032518942071957167 0.0039140847406922714 -0.040488801131548215 0.0037557859787044111 0.003644032930444826 0.0087907116590616174 -0.021071316120254816 0.021223056351199903 0.00024678517469004012 -0.010515770915542066 0.016277455015745301 -0.0063420669056933601 0.006839588096160038 0.04899623525548704 0.0021028672894997311 -0.002547541007836059 0.017597075110621405 0.026620119475086985 -0.0053032272149852056 -0.0035948055379903181 0.0051868976250047868 -0.050257919199610646 -0.017386408270149919 -0.031784341681769378 -0.0047723866180496366 0.050469982320839636 -0.0027707800025579565 -0.012570175268110821 -0.00052953627551873201 0.02765387848821518 0.0098632504796693308 0.010248367070691633
leaf_weight=3984.4187154173851 557.83089101314545 1897.6109325140715 1510.3662231862545 190.05507375299931 1931.2091618925333 8886.5194876790047 3808.981731235981 2485.862622320652 589.63565155863762 491.219362616539 917.33923189342022 2081.4021654129028 48216.538147285581 59082.918743684888 12056.299780860543 143647.67464070022 3727.4486414194107 5888.2805450111628 2379.1362642347813 638.93174833059311 354.83220076560974 1187.0414287298918 19851.270870938897 147.51399880647659 805.22840508818626 2414.7895684093237 10306.261193305254 364.56885820627213 243.28437195718288 396.04026745259762 2005.6411670446396 227.41309496760368 2051.5789122283459 10762.709399059415 8338.7070890814066 12426.699516549706 2623.6925963461399 3311.1845596581697 533.949597671628 221.75765943527222 8437.5658044666052 289.69875001907349 521.94320544600487 721.49881634116173 447.90839718282223 726.35879455506802 206.00044627487659 237.60730357468128 306.75846907496452 1536.0625150054693 11263.118524357677 239.05113597214222 22080.958748593926 1441.4492957293987 442.9437939375639 3914.8179150521755 303.09948021173477 237.97185239195824 203.77585552632809 21947.310586377978 22128.837024703622 31107.705550044775 5720.9076958298683 821.99783480167389 820.99596853554249 450.44235353171825 337.30440616607666 2844.6016975045204 614.21153165400028 182.30211025476456 769.71689410507679 167.77436800301075 1273.1123019903898 9587.5608999729156 1013.873909085989 1141.7201864123344 122.09817352890968 5184.2941781878471 242.05333338677883 2388.4374030679464 198.1339807510376 14208.816689044237 844.01687981188297 9145.5911502987146 380.0155041217804 1564.0633294433355 721.8719536960125 1406.4501033872366 5962.538763448596 483.05567754805088 11119.175276428461 35238.718800902367 27459.630894184113 201.53683260083199 2047.653805077076 7557.0875578522682 461.08721694350243 10709.162405431271 5541.3608510196209 456.23028825223446 1763.060714006424 278.96136096119881 59147.863250851631 10275.303461581469 2659.4241196960211 5106.0535749047995 4216.4001431167126 345.38469377160072 10248.472162947059 7158.7698215246201 1044.1183554679155 2004.9929664134979 9342.910867780447 10557.942774549127 1563.6628196984529 207.64768721163273 669.03225633502007 156.93521340191364 14063.651067137718 137.79049314558506 6829.4530735462904 3903.5721046328545 3628.7573883533478 166.24735566973686 6698.6052861958742 1372.1710571944714
leaf_count=16073 2237 7614 6057 762 7749 35653 15276 9993 2367 1970 3679 8347 193364 237022 48311 577420 15019 23627 9612 2564 1423 4762 79658 594 3239 9716 41530 1464 990 1607 8121 918 8267 43499 33517 50189 10620 13394 2148 899 33926 1170 2109 2894 1798 2919 826 955 1231 6174 45300 963 88616 5787 1778 15729 1224 957 817 88220 88761 124828 23010 3323 3307 1806 1353 11415 2464 731 3101 673 5111 38457 4069 4578 500 20964 977 9627 795 57021 3392 36717 1524 6276 2915 5636 23963 1946 44624 141341 110309 808 8225 30406 1855 43197 22312 1838 7085 1121 237213 41206 10690 20465 16948 1388 41111 28717 4199 8048 37457 42461 6268 832 2683 631 56550 559 27385 15656 14600 666 26994 5513
internal_value=0 0.00132306 -0.000634576 0.000266322 -0.00185668 -0.00143834 0.000312603 0.00165554 0.00192923 -0.000844863 0.00347642 -0.00439338 -0.000520528 0.000964323 -0.000729197 -0.00130631 0.000423156 0.00112556 -0.00111652 0.00413556 0.00185758 0.0158151 0.00238829 -0.0132419 -0.00649238 -0.00889401 -0.0101314 -0.00209315 0.00365802 -0.0022586 0.00414927 0.005985 0.00228553 0.00390189 0.00645523 0.0108608 0.00635096 0.0123427 -0.000220259 0.00076041 0.000125883 0.0101903 -0.00727375 -0.0154039 -0.0104621 -0.000233643 -0.00433479 -0.0255295 -0.0456113 0.00250389 0.00129837 -0.0106907 -0.00012145 0.00384102 0.0149284 -0.00348402 -0.00110344 -0.0159596 -0.000685055 -0.00310582 0.00411557 0.0036636 -0.00133695 0.00381176 0.00976793 0.00552833 0.000214795 -0.00548402 -0.0204171 0.00153721 0.00366113 0.00254131 0.00018611 -0.0041303 -0.00600207 0.0107697 0.00333439 0.00602249 -0.00240037 -0.00497178 0.000357504 -0.00061607 0.0011441 -0.00173231 -0.0217668 -0.00103605 0.00195185 0.00182379 0.00200106 0.00322097 0.00466881 0.00377254 0.000278427 -0.0112437 0.0133296 0.00249703 0.00045342 -0.00161381 0.00535454 -0.0159795 -0.00688521 -0.00935764 -0.00167832 -0.0042065 0.00774091 -0.000196433 0.00583661 0.0114405 0.00282941 -0.00724386 0.0254019 0.0196246 -0.000510299 -0.000462305 -0.00295555 -0.0139728 -0.00602499 -0.000407303 -0.00136196 0.000733092 0.00301712 -0.00632206 0.00679424 -0.0109271 0.0062115 0.00593447
internal_weight=0 300873 544350 313355 230995 211875 209996 97209.7 95312 112787 60247.9 4525.51 108978 60761.2 35064.1 209531 65519.2 61791.8 35413.3 26378.5 2886.68 1678.26 20490.2 2343.76 19120.1 13526.3 12721.1 144012 90876.6 6966.85 83909.7 42272.5 41637.2 29618.4 19913.1 12654.1 15877.4 5316.83 25759.8 23708.2 23174.3 11574.4 811.642 1638.84 2196.25 22952.5 9187.93 750.366 512.759 13764.6 13038.2 1775.11 33034.2 10953.2 1884.39 6723.57 34474.5 1748.34 5593.8 22250.4 55722.4 53236.5 9705.33 2808.75 1986.75 2531.84 312797 3662.59 817.987 9068.82 1590.71 12224.1 312460 11933.2 10601.4 1331.78 10560.6 7936.88 2752.59 2630.49 300526 134301 166225 36444.9 1224.03 35220.8 129780 129059 127652 84732.4 56789.7 51463.9 27942.7 4484.9 5325.76 34167.5 30735.9 21617.8 9118.1 917.318 10908.7 4283.37 100134 31642.9 8200.78 16225.2 16052.5 5605.9 10446.6 17434.1 1389.5 3278.11 68490.8 18115 2719.3 1155.64 947.994 42919.7 36957.2 22893.5 17294.6 5598.93 10465.2 4069.82 10327.4 1529.11
internal_count=3395265 1208887 2186378 1258113 928265 851335 842534 390140 382526 452394 241731 18149 437118 243754 140795 841929 263045 248026 142177 105849 11576 6732 82222 9406 76930 54485 51246 578884 366353 28057 338296 170485 167811 119378 80295 51107 64203 21515 103608 95341 93193 46778 3279 6573 8812 92294 36938 3012 2057 55356 52437 7137 132565 43949 7565 27067 138428 7014 22445 89444 223582 213589 39083 11338 8015 10153 1255876 14696 3281 36384 6408 48984 1254523 47866 42526 5340 42688 32068 11104 10604 1206657 538922 667735 146598 4916 141682 521137 518222 512586 340069 227814 206430 112255 17988 21384 137308 123694 86999 36695 3693 43802 17180 401614 126944 33002 65089 64441 22535 41906 69923 5587 13159 274670 72867 10904 4636 3804 172517 148554 92004 69538 22466 42153 16322 41594 6144
is_linear=0
shrinkage=0.1


Tree=26
num_leaves=127
num_cat=0
split_feature=10 44 33 5 37 8 38 44 41 46 31 45 25 39 38 41 39 45 31 5 8 37 42 33 4 35 44 5 14 25 3 16 5 39 46 43 2 46 3 5 8 45 44 38 38 13 41 44 43 44 8 39 43 45 46 39 24 44 43 46 45 22 43 13 43 43 37 46 31 45 26 13 39 45 19 44 10 39 43 44 37 39 37 46 4 37 31 35 5 26 31 14 22 39 42 44 31 9 26 46 43 38 26 42 39 32 45 11 39 45 45 8 43 46 7 39 19 46 37 45 44 9 42 43 38 37
split_gain=56.2045 50.3811 47.5508 47.3243 52.6237 53.913 45.4068 43.3117 46.1767 42.6823 57.9836 70.5164 56.7486 49.943 48.8583 59.8372 42.0771 48.416 42.0402 41.9773 41.1962 76.654 40.1285 49.5637 45.936 42.5629 39.1143 37.8988 36.0377 39.4657 35.8748 42.4874 39.5217 36.2527 42.0069 35.2571 35.1386 65.0007 41.7647 42.1019 35.0799 35.057 33.9488 45.9364 39.6534 41.397 38.6747 55.2725 120.519 52.062 42.3104 36.2385 57.8141 63.9904 39.0698 38.2358 33.7654 33.6099 57.1328 59.7201 40.0703 38.4215 38.3799 37.1833 34.2786 33.5262 33.4501 68.3867 42.1654 42.8351 39.3155 34.5418 33.6038 33.2916 33.2076 32.9232 33.1892 32.8337 57.6169 32.7879 42.3015 36.4277 36.5179 34.5184 33.9103 32.6958 32.6682 33.2913 32.5842 32.5709 32.2974 32.2432 32.2284 40.7813 36.72 32.0973 32.0283 32.0051 31.8866 31.8823 39.4136 31.8812 33.2192 42.2095 31.7914 31.6678 39.1505 31.4928 31.4584 86.5326 53.9197 41.1658 54.7036 39.6078 36.2148 34.4759 59.0887 52.934 42.7256 50.0149 43.8747 49.7701 51.1812 43.0437 42.0156 38.6593
threshold=64.126647949218764 0.81499999761581432 -0.003426249022595584 0.0039729995187371978 1.5333333015441897 0.00093325244961306464 2.5000000000000004 -0.60500001907348622 0.20500000566244128 2.5000000000000004 -0.0070984300691634408 31.500000000000004 0.035300336778163917 1.5000000000000002 2.5000000000000004 3.8750000000000004 2.5000000000000004 40.500000000000007 0.015642167069017891 -0.075247108936309801 0.0025415979325771336 0.49999998509883886 -0.22500000149011609 0.020300650037825111 0.026895030401647094 -0.00025068000832106913 0.56499999761581432 0.068081859499216094 0.0011983428848907354 0.0036950528156012301 -0.00085154996486380685 -0.00021289491996867579 -0.015950004570186135 3.5000000000000004 -23.499999999999996 -0.59499999880790699 -0.00041475915350019926 -7.4999999999999991 0.0020174559904262428 -0.012410384137183426 0.0011520329280756416 28.500000000000004 0.50499999523162853 1.0000000180025095e-35 1.0000000180025095e-35 8.7211308709811433e-05 4.5750000476837167 -0.1649999991059303 -0.52499997615814198 0.19500000029802325 0.00092749227769672881 3.5000000000000004 0.47499999403953558 26.500000000000004 -5.4999999999999991 2.5000000000000004 0.0022224056301638488 -0.03499999921768903 -0.79500001668930043 -1.0000000180025095e-35 39.500000000000007 37.882881164550788 -0.65500000119209278 -0.00064696292974986125 0.99000000953674328 -0.7250000238418578 4.1333334445953378 15.500000000000002 0.0034456707071512942 69.500000000000014 0.63144207000732433 -3.1690400646766641e-05 1.0000000180025095e-35 74.500000000000014 -0.00026273004186805332 0.11499999836087228 41.573238372802741 2.5000000000000004 -0.66500002145767201 -0.36500000953674311 7.1000001430511483 5.5000000000000009 7.8999998569488534 -6.4999999999999991 0.0065266815945506105 0.29999999701976782 -0.0019827553769573565 7.4304996815044446e-05 -0.011782758869230745 0.26704142987728124 0.00091600281302817177 0.015916611067950729 36.466444015502937 4.5000000000000009 1.3750000000000002 0.095000002533197417 0.0051256255246698865 0.0015691079897806051 0.085993643850088133 -14.499999999999998 0.43500000238418585 10.500000000000002 -0.06203364580869674 -0.23499999940395352 4.5000000000000009 0.0020329175749793653 48.500000000000007 7.6142634497955455e-05 1.5000000000000002 21.500000000000004 11.500000000000002 0.00086169652058742951 -0.63499999046325672 -1.0000000180025095e-35 0.00069946792791597556 5.5000000000000009 -1.0088766885019139e-05 -30.999999999999996 3.5333333015441899 15.500000000000002 -0.20499999821186063 0.0018028541817329826 0.62500000000000011 1.0049999952316286 18.500000000000004 0.43333332240581518
decision_type=2 2 2 2 2 2 2 2 2 2 2 2 2 2 2 2 2 2 2 2 2 2 2 2 2 2 2 2 2 2 2 2 2 2 2 2 2 2 2 2 2 2 2 2 2 2 2 2 2 2 2 2 2 2 2 2 2 2 2 2 2 2 2 2 2 2 2 2 2 2 2 2 2 2 2 2 2 2 2 2 2 2 2 2 2 2 2 2 2 2 2 2 2 2 2 2 2 2 2 2 2 2 2 2 2 2 2 2 2 2 2 2 2 2 2 2 2 2 2 2 2 2 2 2 2 2
left_child=1 2 9 4 20 36 7 8 -5 30 11 13 -12 14 -11 -16 18 40 -2 -17 26 -22 -7 24 -24 -26 42 65 29 -8 31 33 -32 -1 -35 -13 37 41 39 79 -18 -6 44 -44 46 57 50 107 49 75 51 52 53 -4 -54 85 -43 58 59 61 63 -46 77 -59 -64 74 108 70 71 -70 -68 -69 -73 -67 -14 76 -49 78 -60 98 83 82 84 -81 -82 -56 87 -61 -65 -34 -33 -19 93 -38 97 -15 -90 -94 -39 100 -25 -36 103 -103 -47 106 -28 -48 109 -30 113 112 -111 -110 -114 117 125 -112 123 -120 124 122 -122 -119 -121 -117
right_child=16 -3 3 6 5 22 28 -9 -10 10 12 35 27 95 15 19 17 91 -20 -21 21 -23 23 99 25 -27 105 -29 66 -31 32 90 89 34 101 -37 92 38 -40 -41 -42 56 43 -45 45 104 47 48 -50 -51 -52 -53 54 -55 55 -57 -58 60 62 86 -62 -63 64 88 -66 73 67 68 69 -71 -72 72 -74 -75 -76 -77 -78 -79 -80 80 81 -83 -84 -85 -86 -87 -88 -89 96 -91 -92 -93 94 -95 -96 -97 -98 -99 -100 -101 -102 102 -104 -105 -106 -107 -108 -109 110 111 115 -113 114 -115 -116 116 -118 118 119 120 121 -123 -124 -125 -126 -127
leaf_value=-0.00012142527353760248 0.0006695466570850071 0.032282623375495124 -0.010021447007091948 -0.033637356314841119 0.020950877316516001 -0.0058908396511983679 -0.01993564403126788 -0.0056384165200665916 0.027730736630963301 -0.052497915077220875 0.00056327755481233057 0.032766217547556785 -0.05903356643515343 0.0031602360142228337 0.0059969253198799135 0.004150752215645287 -0.011504969449928029 -0.0029662745455737802 -0.015277932985021626 -0.058306021812303023 0.01375397486785075 -0.036867119431129587 1.1344851028048783e-05 0.070289767314022741 0.031216226936889552 -0.020193939032729469 0.060635023648642927 0.024431078022973455 0.014646145924925885 -0.0036993364730033397 0.015326331278361797 -0.00025169432461888272 -0.0075904524054842592 0.014256060020455361 -0.0022273869693319264 0.011388950436674639 0.0036778830506481175 0.043288276597497156 0.0083070639540052029 0.003546377345370182 -0.002016519065998069 0.018803942488604022 -0.074553580393436306 -0.0097312363006854183 0.039370181514814126 0.0063813977012424673 0.03696432836786314 -0.0059878909228869084 0.0018293941211743178 0.016073526416868229 -0.0017700604104466248 0.025399842948555275 -0.049409912329477793 0.035583772298140116 0.049998265700158216 -0.040809973391215802 0.004993045939898225 0.060145497685200625 -0.002967666217474128 0.0027247221049416267 -0.0040498483778185343 -0.01248072976507451 -0.0070841490854201446 -0.0044914149555310093 -0.043509505914309327 0.012528579472549038 0.0011361992740608492 0.0067838065071889374 -0.025538293767830313 6.0437781998288956e-05 -0.0027500843556616181 0.014936627063421928 -0.021254724148542556 -0.0049735474398292286 0.01029266689372154 -0.07620553084135176 -0.050095536596716256 -0.031413295270971919 -0.064511133543407137 -0.035966269214062228 -0.03049190774679458 0.014562953830996456 0.014807574072385171 -0.001372509164363247 0.01425820591638001 -0.0040373463483941224 0.0096144527990309758 0.063690338797626658 0.020242533393153704 0.0088496441413769208 0.0040465568601385912 0.0083911129374898349 0.0012700894351675139 0.024688975311667423 -0.0055431965207078538 0.039705145671258914 -0.028107408029024811 -0.02252188237590114 0.0039967017475523612 0.0097898797560677132 -0.00067057723932187005 0.014580592200767829 -0.008461664094597459 -0.030558378170792985 -0.0064828848186484229 0.05853576586521636 0.0032124403153877146 -0.0056788610239983141 -0.042496454600775432 0.0079239196434800988 -0.024198160444906046 0.001544864721321743 -0.0068969866578751458 -0.0032010588784286325 -0.019881845956915653 0.027139540521900974 -0.0091024459613022572 0.0028662146042586593 -0.032121642979816865 0.030800644656805876 0.011932945716056185 -0.018224284812357942 -0.02422208734897725 -0.022655257182691815 0.0040814836651693488 0.0017886563787996802
leaf_weight=23277.626757383347 39576.578728228807 489.55101537704468 473.60866679251194 148.16655376553535 2388.5039524435997 14177.457293793559 1828.4980942904949 28800.335765883327 710.95700444281101 287.87393808364868 43930.292487367988 830.75384491682053 151.45395343005657 2447.6913989037275 1031.9009912163019 163.99412959814072 12215.197213470936 31790.371150583029 1725.0809376239777 312.99119378626347 454.95174661278725 873.43869440257549 55615.197939664125 207.70610773563385 177.00666734576225 1785.2559712827206 133.94742877781391 1460.2447230368853 2761.4438393563032 8259.6661106050014 3285.9185085594654 45453.507866367698 2275.9584494531155 940.30598604679108 6556.0935330837965 10818.805533394217 3897.908249348402 219.65269269049168 9919.6948277950287 31484.659303873777 5721.4899064302444 2188.4175261557102 146.85971070826054 427.70194365084171 158.88110065460205 6655.0664648711681 497.99316865205765 272.50212337076664 3765.4001690596342 168.10650804638863 2535.706189841032 1777.8715018182993 221.54580339789391 878.13092343509197 159.99138429760933 182.89262035489082 9263.5833582282066 131.63075086474419 1287.7303005307913 129.32552449405193 15606.751966267824 1421.644046023488 10665.372497528791 1546.7939807623625 264.76816649734974 4311.6366885304451 46028.551826670766 1665.2569682151079 2604.616405248642 872.69506005942822 59917.18833360076 322.40906769037247 1256.0242490321398 1453.076982781291 127.05969226360321 241.48953267931938 456.1839270144701 1468.755873888731 172.49692477285862 294.24294313788414 1667.0883336961269 331.15009613335133 249.42432802915573 14624.814589738846 188.47834594547749 373.13217537105083 692.1388187110424 291.36813688278198 1480.1982156038284 2561.2370940744877 28407.340159639716 2712.9857311397791 90213.729775473475 1210.6920238882303 9096.6807496249676 266.5009533315897 150.98136846721172 568.96932929754257 3460.4807885438204 1741.0041081607342 125.60894632339478 241.93828152120113 7183.9116645604372 1441.1394415795803 2700.6062134057283 149.87151806056499 1045.3228611946106 265.52743446826935 460.09588576853275 2050.9183693677187 681.63476288318634 8331.856078594923 10064.394146591425 579.68192420899868 2730.6521414220333 666.46611852943897 6412.9082020074129 42048.301440939307 278.1268375068903 1763.7080603092909 6043.9895085245371 714.40343806147575 418.65789093077183 671.39392895996571 883.25570102035999 6175.3315233290195
leaf_count=93457 159402 1965 1906 595 9592 56826 7342 115675 2860 1157 176954 3358 612 9856 4150 658 49374 128049 6954 1255 1827 3506 223046 834 711 7166 538 5870 11084 33134 13182 183273 9134 3771 26327 43626 15665 894 39754 126555 23082 8801 589 1715 640 26692 2002 1096 15110 675 10186 7144 889 3528 642 733 37177 528 5180 520 62620 5711 42845 6203 1063 17331 184578 6682 10450 3501 240515 1293 5038 5848 510 972 1836 5912 693 1183 6687 1332 1002 58774 755 1496 2780 1170 5939 10260 114315 10927 361715 4874 36510 1071 606 2282 13923 6987 504 971 28824 5798 10841 601 4196 1068 1847 8239 2735 33421 40362 2327 10957 2684 25778 168645 1115 7078 24226 2866 1680 2693 3540 24829
internal_value=0 0.000213051 0.00019214 -0.000269812 0.000541134 0.00116926 -0.00130898 -0.00497841 0.017147 0.00156315 0.00357779 0.00880288 0.00193606 -0.00181256 -0.0147449 -0.00754221 -0.00238383 -0.00426405 3.45495e-06 -0.0368325 -0.00211495 -0.0195302 -0.00110867 2.79066e-05 -0.000519212 -0.0155565 -0.00172283 0.00997325 -0.000806263 -0.0066422 0.000443491 -1.59644e-05 0.00686332 -0.00265693 -0.0062638 0.0129134 0.00209704 0.00373045 0.0023561 0.00123211 -0.00847832 0.00993068 -0.00211373 -0.0263 -0.00187033 -0.00324916 0.00316672 -0.00289327 -0.00679018 -0.0353034 0.00836797 0.0146886 0.00637024 0.0196051 -0.0127112 -0.00135614 0.00763224 -0.00480993 -0.0081007 0.00522629 -0.00193039 -0.00726846 -0.0106906 0.0080641 -0.00796651 0.00647976 -0.000521027 -0.0016822 -0.0114639 -0.0191138 -0.00106167 -0.00326294 -0.0138623 0.00811692 -0.0274065 -0.0442057 -0.0336009 -0.0208564 -0.0102378 -0.00223177 -0.00404979 -0.0162673 -0.0211174 -0.00205479 -0.0259464 0.0121788 0.0229722 0.0449489 0.0059069 0.00111438 0.00140144 -0.00207325 0.000910269 0.00865732 0.000514026 0.00674851 0.0157673 0.00112098 0.00634186 0.0152144 0.0435485 -0.00751485 -0.0114243 -0.0240698 0.002668 0.0152375 0.00973479 0.0221344 0.00087464 -0.00208707 0.00200778 -0.00408069 -0.00723786 -0.0205891 -0.00966815 0.00235973 -0.00220601 0.00349083 0.00384814 0.00969664 0.0108805 0.00682207 0.00959078 0.00246511 0.0218848 0.00425811
internal_weight=0 751284 750795 561576 315424 255097 246152 29659.5 859.124 189219 67594.3 16160.5 51433.8 4510.95 1796.76 1508.89 93741.7 52440 41301.7 476.985 60326.7 1328.39 73829.2 59651.8 57577.5 1962.26 58998.3 7503.47 216492 10088.2 121625 113502 8123.11 39641 16363.4 11649.6 181268 76280.2 62439.7 52520 17936.7 13840.5 57669.2 574.562 57094.6 44824.5 12270.1 5667.2 4903.68 1138.28 6602.88 4067.17 2289.3 1351.74 937.562 716.016 11452 35468.8 16552.5 2693.36 18916.4 1580.53 13859.1 3309.6 10930.1 6043.23 206404 112667 6721 3477.31 105946 3243.69 1578.43 5764.71 278.514 970.176 728.686 2928.98 1460.23 21035.3 17355.2 2436.14 2104.99 14919.1 1855.57 533.124 1112.83 420.694 3177.97 4837.2 73860.8 34503.4 104988 5108.6 99879.4 2714.19 1631.18 90782.7 3680.13 2074.32 333.315 15423.1 8866.99 1683.08 9355.67 1329.14 1179.27 763.521 93737.2 25939.3 67798 23177.8 14846 1039.78 12795 66758.2 13254.7 53503.5 52821.8 10102.1 9824.01 7177.05 6462.65 42719.7 2646.96 6841.8
internal_count=3394837 3017049 3015084 2253516 1265747 1023549 987769 119130 3455 761568 272256 65131 207125 18147 7220 6063 377788 211432 166356 1913 242198 5333 296074 239248 230923 7877 236865 30171 868639 40476 489312 456736 32576 159148 65691 46984 727475 306429 250859 211105 72456 55570 231530 2304 229226 179943 49283 22759 19689 4579 26524 16338 9194 5434 3760 2871 45978 142410 66514 10821 75896 6351 55693 13276 43908 24301 828163 452057 26964 13951 425093 13013 6331 23179 1122 3904 2932 11785 5873 84550 69733 9776 8444 59957 7442 2138 4470 1690 12748 19394 297588 138976 421046 20539 400507 10927 6545 363997 14817 8325 1338 61920 35593 6769 37533 5335 4734 3070 376106 104063 272043 92979 59558 4174 51319 267869 53291 214578 211843 40505 39390 28772 25906 171338 10618 27513
is_linear=0
shrinkage=0.1


Tree=27
num_leaves=127
num_cat=0
split_feature=10 10 22 45 5 43 31 33 11 34 44 39 31 38 28 23 39 37 37 38 37 45 37 34 10 31 44 21 43 41 38 22 25 43 5 22 12 34 37 38 44 43 34 12 32 39 12 37 4 44 10 24 45 25 25 38 37 37 41 37 39 43 38 25 37 4 43 43 43 13 5 22 45 25 45 37 44 44 37 45 45 32 25 22 34 11 5 33 43 45 9 37 16 43 23 4 22 43 43 45 41 41 45 33 23 45 37 28 43 37 4 39 45 37 39 17 5 25 40 32 44 7 41 19 5 43
split_gain=59.194 46.7625 45.9371 41.5337 50.0991 44.0332 41.5697 41.2012 40.3489 39.8062 36.7616 36.1226 42.4613 36.0553 33.3007 32.0061 45.8177 62.6062 36.4702 35.2824 66.0801 32.1829 31.2912 55.8742 46.0817 32.4346 31.4185 33.1354 30.8105 30.5265 43.9402 33.7623 29.7155 29.6983 40.4878 44.51 49.9528 33.608 35.7853 55.8906 39.7447 47.8322 38.6497 33.0896 32.305 28.5186 56.6433 59.9364 28.239 28.1918 28.0225 27.9533 27.7151 27.4706 35.7449 27.3325 27.3179 59.8719 63.9072 55.3111 46.5497 44.5409 40.8099 34.6788 33.3359 32.6607 33.3121 32.2309 29.4381 27.8117 33.6548 33.5701 31.9939 27.2685 28.8247 26.9757 45.3671 44.1237 43.3957 60.203 36.8105 33.7697 46.7943 38.4426 38.4017 31.8237 30.0811 29.5264 27.7566 27.4676 28.0436 26.935 61.5693 56.9669 34.3514 29.1583 28.8368 65.342 52.5797 64.2779 43.27 44.0724 33.1667 41.4438 38.2725 41.6698 35.0927 30.7636 54.6926 62.7499 38.6159 37.2617 61.4016 40.2319 36.859 60.2148 44.8706 37.6775 45.0834 40.268 38.1263 36.4011 36.3386 35.6217 37.5192 34.9254
threshold=29.775316238403324 67.27500152587892 59.555343627929695 44.500000000000007 -0.0073189570102840653 0.79500001668930065 0.017786763608455661 -0.0047838408499956122 -0.00013225189468357709 4.3096413612365732 0.81499999761581432 5.5000000000000009 -0.011650908272713421 9.5000000000000018 -0.017695466987788674 0.0028271744959056382 1.5000000000000002 6.2000000476837167 7.7666666507720956 1.5000000000000002 0.43333332240581518 74.500000000000014 7.7666666507720956 -0.16972743719816205 51.296968460083015 -0.0022633173502981658 -0.4849999994039535 -0.54958584904670704 0.085000000894069686 0.074999999254941954 2.5000000000000004 42.064247131347663 0.014409237541258337 0.84499999880790722 -0.079194229096174226 28.048577308654789 -0.0020761777414008971 1.4523940682411196 0.80000001192092907 3.5000000000000004 -0.38499999046325678 1.110000014305115 0.029109929688274864 0.00076227067620493482 -0.0020118493121117349 1.0000000180025095e-35 -0.00035831639252137387 5.3333332538604745 -0.0042093154042959205 -0.1950000002980232 75.17895889282228 0.0075224319007247695 55.500000000000007 0.029475484974682335 0.014844756107777359 10.500000000000002 4.0000001192092904 3.8333332538604741 1.2050000131130221 5.6333334445953378 5.5000000000000009 0.90000000596046459 7.5000000000000009 0.016961644403636459 3.5666666030883794 0.0068430835381150254 -0.34499999880790705 -0.39499999582767481 -0.11999999731779097 -0.00011915220602531916 0.020838322117924694 60.040824890136726 27.500000000000004 0.11087701469659807 79.500000000000014 7.0000000000000009 -0.54500001668930043 -0.67500001192092884 6.7999999523162851 14.500000000000002 73.500000000000014 -0.0014503152924589811 0.010784562677145006 61.710746765136726 -0.56178167462348927 0.00017018650396494198 0.03338280692696572 0.0070685474202036866 -0.5649999976158141 37.500000000000007 0.00058134779101237666 7.7000000476837167 1.0000000180025095e-35 -0.69499999284744252 0.00068983520031906675 0.0069998966064304122 38.312473297119148 0.14500000327825549 0.22500000149011615 25.500000000000004 5.0750000476837167 4.7049999237060556 11.500000000000002 -0.0085851270705461485 -0.0016126533155329523 58.500000000000007 4.9666664600372323 -0.00026269478257745499 -0.39499999582767481 0.26666666567325598 -0.0089471042156219465 5.5000000000000009 30.500000000000004 4.9333331584930429 5.5000000000000009 -3.4370485082035877e-05 -0.0047612569760531178 0.010231006890535356 2.5000000000000004 -0.0038667718181386586 0.21499999612569812 0.00075094657950103294 3.7350000143051152 5.0626042138901546e-05 0.02129427902400494 0.32500000298023229
decision_type=2 2 2 2 2 2 2 2 2 2 2 2 2 2 2 2 2 2 2 2 2 2 2 2 2 2 2 2 2 2 2 2 2 2 2 2 2 2 2 2 2 2 2 2 2 2 2 2 2 2 2 2 2 2 2 2 2 2 2 2 2 2 2 2 2 2 2 2 2 2 2 2 2 2 2 2 2 2 2 2 2 2 2 2 2 2 2 2 2 2 2 2 2 2 2 2 2 2 2 2 2 2 2 2 2 2 2 2 2 2 2 2 2 2 2 2 2 2 2 2 2 2 2 2 2 2
left_child=8 2 10 4 5 28 14 -4 11 22 15 12 55 -11 -6 29 17 21 19 20 -18 -17 25 26 -25 -9 -24 -28 -3 30 -2 -32 -33 91 43 44 -37 38 42 40 -40 53 -38 -35 -36 46 47 -41 -27 -10 -30 -21 -19 54 -42 -1 57 60 -59 73 61 62 -50 -63 -64 -66 67 -67 -60 -62 71 -71 -72 74 -58 78 77 -77 -61 -80 87 83 89 -78 -84 86 -85 88 -81 -83 -91 96 -93 -94 95 -95 97 100 99 -99 101 102 103 106 105 -104 -31 108 109 -98 -110 113 123 -111 117 -116 -117 119 125 -109 121 -121 -115 -113 -125 -119
right_child=1 3 7 -5 6 -7 -8 9 49 13 -12 -13 -14 -15 -16 16 18 52 -20 51 -22 -23 23 24 -26 48 27 -29 50 33 31 32 -34 34 35 36 37 -39 39 45 41 -43 -44 -45 -46 -47 -48 -49 56 -51 -52 -53 -54 -55 -56 -57 59 58 68 75 69 63 64 -65 65 66 -68 -69 -70 70 72 -73 -74 -75 -76 76 81 -79 79 80 -82 82 84 85 -86 -87 -88 -89 -90 90 -92 92 93 94 -96 -97 107 98 -100 -101 -102 -103 104 -105 -106 -107 -108 114 110 111 -112 112 -114 122 115 116 -118 118 -120 120 -122 -123 -124 124 -126 -127
leaf_value=0.0045915381333558524 -0.027494293513017 -0.0080637500900373419 0.008321457537031441 -0.00079695387574565165 0.012394353309214214 0.01735435093789469 -0.025048928001874388 -0.011904805799967121 -0.030468475600108111 -0.008602470975269217 0.03486139772419173 0.01372805975034176 0.0023126556695212412 0.017716116974349487 -0.0036233506473907539 -0.036713876032004468 0.039382052478041357 -0.0056241637308270635 -0.048095922137556452 -0.025044693150288646 -0.040875232963423103 0.013226012529824692 0.037279278181927653 0.031795587740913588 0.004034135465167424 0.016506096451366751 -0.040515659451532786 -0.0042278489476512138 -0.018549891166961537 -0.0097567471417639284 0.066703755348755209 0.044227640715518338 0.0039572683220344953 0.0077009729255587455 -0.013995045087956357 0.031240192458321214 -3.1889534330068865e-05 -0.02338750271356423 0.014131116037517303 0.075811647607295016 -0.049635831276320791 0.023905681302022797 0.036474178065616827 0.058074877599173881 -0.062196450948761778 -0.0044056413028136041 -0.0021484956641154118 0.0014856969537442553 -0.0042958798249149392 0.0040273891535942954 -0.043659391628086228 0.0053452015685917769 0.052267402661495967 -0.057954131908812191 -0.011510093587208888 0.025526894434958911 -0.007132131340517065 0.05376572412921779 0.017630723624165651 -0.00087697199659886825 -0.0013846376426326795 -0.06568071296291482 0.00093071948546579776 -0.013257007522695118 -0.006982070907214301 0.023798728358924173 0.0093299671910754573 0.072678869041045244 -0.0050960180064386048 0.010752574717198945 -0.027712105324122493 -0.026297857107877128 0.0036694371456329616 0.020920497155335324 -0.028520819690805645 -0.022650339635579348 -0.018233480847739396 0.031267123790894573 -0.052111770756838961 0.028603587319628355 0.043557520308209356 0.023249433317871149 -0.027912925315801852 0.0065390128256963822 -0.0091690209888239255 -0.0099800971380583532 0.04039449741916435 0.026200554742538275 -0.0023545481743155873 -0.012871711079016822 0.014813674089041202 -0.0081986871622257585 -0.017361051940327388 0.0060784098426710249 -0.0093130684710999497 0.033170535558429824 -0.018272404809955844 -0.023812047248086887 0.00067281424435085659 -0.0016251186477053731 0.0019295439079698936 0.016272161493957889 -0.0048408427281668651 0.047492392588227308 0.0077077380688591324 0.016822308556417146 0.038908000625830622 -0.018852256613358594 -0.0052964657552751655 0.002684187226589765 0.0028188447409456595 -0.0047891409447909754 -0.002015068207326302 -0.017914983955883597 -0.0026764509985284291 0.0098602223196635752 0.0018771733144512814 0.0023810909595684661 -0.0023902773762358794 -0.00045896142766564451 -0.0068218240282438463 -0.010647577927749539 -0.0018905643189786833 -0.040853689967343614 0.0061813632096688982 -0.0015748979502362226
leaf_weight=1150.3374194502831 191.07462598383427 2602.0063133537769 4090.7256491035223 35299.963009744883 1444.1554361283779 420.19764195382595 828.02119769155979 3478.9024140685797 560.40079762041569 720.83594018220901 310.22879400849342 3975.2665710300207 25399.202422142029 1873.1858942657709 12819.043932303786 1148.371086537838 131.95055240392685 215.56255023181438 164.05660386383533 327.82541078329086 461.03858137130737 145.37787438929081 142.98803536593914 1062.783030807972 1366.9869897663593 809.08229897916317 317.23575678467751 1216.8638890683651 2699.4840042591095 428.49468542635441 161.53105936944485 269.03721107542515 574.55629692971706 586.00163425505161 382.88054026663303 397.19353067874908 854.51122583448887 903.08028879761696 271.29470807313919 230.69453778862953 386.10063447058201 163.28203363716602 439.00543706119061 167.72388224303722 218.32968030869961 9126.2723634839058 1032.090863391757 204.82212311029434 15880.39115151763 410.42136536538601 532.06028762459755 3944.9598484039307 134.16671118140221 341.46791227161884 677.27023158967495 1361.9651035368443 24514.136535763741 348.62221804261208 1324.7200825363398 18080.553285986185 2768.9787792861462 143.24669802188873 35142.524648278952 1059.4355991631746 645.58728101849556 526.48124302923679 1291.0563025325537 181.37037523090839 1000.3304363638163 276.36990138888359 427.79806704819202 2123.9446186423302 1350.3761947154999 337.79210990667343 646.70296196639538 201.38847817480564 501.82361553609371 616.15193356573582 141.36905017495155 357.9225078523159 384.89455199241638 566.73431470990181 1316.5262717604637 538.45500874519348 6438.4227813780308 404.16936521232128 511.98679059743881 830.72096826136112 1517.46736779809 972.63346265256405 586.49795083701611 10865.375390738249 1291.0331692397594 7969.9124255180359 1435.267818570137 418.10077446699142 2074.0747611522675 2056.9393508136272 35486.385757267475 3575.6277243345976 30596.857329115272 4671.1282669305801 5730.045288130641 413.99567310512066 13647.292606502771 1050.7535061240196 226.50952185690403 1507.4468444138765 6138.9422413706779 30746.552757740021 130676.67954596877 718.96965530514717 6310.8555068075657 1548.4906740635633 15724.383506327868 11516.164173409343 18117.847640737891 76442.38031104207 50639.57715164125 52397.58891299367 14960.570667788386 3758.0862630158663 16434.701934993267 1003.4350867569447 204.08713702857494 31518.256259381771
leaf_count=4669 767 10518 16405 142255 5827 1701 3345 14012 2257 2894 1246 16276 102763 7515 51829 4608 530 865 659 1315 1855 583 576 4266 5512 3245 1283 4910 10905 1723 650 1079 2304 2352 1539 1597 3431 3624 1089 925 1549 655 1762 673 880 36600 4137 821 63900 1649 2158 15826 538 1370 2717 5543 98530 1398 5317 72616 11127 578 141145 4259 2589 2112 5179 728 4013 1116 1726 8597 5438 1356 2599 808 2011 2474 568 1437 1545 2282 5291 2158 25871 1620 2052 3336 6090 3914 2359 43644 5188 31997 5757 1678 8350 8259 142493 14380 123423 18883 23078 1667 55178 4248 910 6062 24598 123261 523801 2885 25340 6209 63046 46408 72947 306881 203092 210141 59960 15076 65867 4048 822 126362
internal_value=0 -0.00013132 7.63491e-05 -0.00290258 -0.00638482 -0.0139107 -0.00326611 -0.00156567 0.00419809 -0.00186539 0.00044645 0.00480955 0.00353934 0.0104026 -0.00200155 0.000429133 -0.0064587 -0.0209545 -0.00172227 -0.000158712 -0.0230166 -0.0311022 -0.00210583 0.00648651 0.016177 -0.00238099 -0.00755312 -0.0117318 -0.0161628 0.0005045 0.0164637 0.0248201 0.0168002 0.000473137 -0.00372694 -0.00481871 -0.00375126 -0.00470125 -0.0034719 -0.00511877 -0.0212091 -0.0273231 0.0123579 0.0189105 -0.0314994 -0.00232501 0.0106133 0.0408564 -0.00211543 -0.0158851 -0.0226841 0.00301357 0.0165848 -0.0332774 -0.0253532 0.015941 -0.00223698 -0.000811462 0.0138394 -0.00378295 -0.00144513 -0.000468681 -4.21683e-05 -0.019501 0.0017455 0.012573 0.0188888 0.0363231 0.00785276 -0.00915695 -0.0143075 -0.0220319 -0.00388042 -0.00730297 -0.00768188 -0.00114057 -0.00479776 0.0179854 0.00103093 0.011703 0.0146216 -0.00637128 -0.00874798 0.00563207 -0.0123511 0.0138654 0.0230402 0.010506 0.00355388 0.00439585 -0.00245731 0.000589303 -0.00284577 0.00238724 0.00498268 0.00742882 0.000721688 0.00228386 -0.000751843 -0.00972749 0.00448284 0.00746825 0.00555524 0.0227259 0.00465671 -0.00148392 0.0070722 0.000398022 0.00135696 -0.00118686 0.00245471 -0.000564801 -0.00678526 0.000486714 -0.00028103 0.00232541 0.00497949 -0.000792325 7.14727e-05 -0.00267874 -0.00233591 -0.00114081 -0.00327039 -0.0224116 -0.0329041 0.00122617
internal_weight=0 812547 755902 56644.9 21345 6253.75 15091.2 139037 32857.6 134946 616865 31886.8 27911.5 2594.02 14263.2 616554 6673.31 1643.48 5029.83 4865.77 592.989 1293.75 132352 4106.86 2429.77 128246 1677.09 1534.1 5833.55 609881 1196.2 1005.12 843.594 608685 16382 15628.3 15027.1 14629.9 13726.8 12433.3 1839.42 1568.12 1293.52 753.726 601.21 10593.9 1467.61 435.517 124767 970.822 3231.54 4272.79 349.729 1404.84 1063.37 2512.3 123958 64491.2 2673.67 59466.3 61817.6 54870.1 53667.4 1202.68 37787 2644.5 1998.91 707.852 2325.05 6947.47 4178.49 2400.31 1778.17 25498.6 25160.8 33967.7 12654.8 817.54 21312.9 3232.37 3091.01 11837.2 9880.81 1956.43 7754.95 1454.61 1050.44 2706.11 1875.39 2125.87 1559.13 592303 21979.7 11114.3 9823.28 8388.01 570323 97884 41119 5632.57 56765.1 26168.2 21497.1 1069 20428.1 6780.8 655.004 472439 195857 59041.2 136816 56967.1 8237.35 48729.7 276582 45358.4 29634 231224 158600 72623.7 71116.2 56155.7 17983.2 1926.49 1207.52 107961
internal_count=3396660 3263503 3034965 228538 86283 25282 61001 558757 133157 542352 2476208 129251 112975 10409 57656 2474962 26779 6594 20185 19526 2385 5191 531943 16547 9778 515396 6769 6193 23581 2448183 4800 4033 3383 2443383 65721 62696 60277 58680 55056 49863 7380 6291 5193 3025 2419 42483 5883 1746 501384 3906 13063 17141 1403 5636 4266 10212 498139 259222 10728 238917 248494 220490 215653 4837 151753 10608 8019 2840 9330 28004 16877 9713 7164 102485 101129 136432 50840 3282 85592 12976 12408 47558 39717 7841 31162 5830 4210 10863 7527 8555 6273 2377662 88264 44620 39432 33675 2289398 394242 165132 22639 229110 105687 86804 4300 82504 27326 2633 1895156 785181 236782 548399 228432 33095 195337 1109975 182401 119355 927574 636335 291239 285177 225217 72076 7755 4870 433243
is_linear=0
shrinkage=0.1


Tree=28
num_leaves=127
num_cat=0
split_feature=0 11 32 38 31 37 40 38 38 40 34 42 20 44 13 44 15 42 37 44 37 37 24 40 1 13 34 46 37 13 44 29 41 34 15 36 46 9 29 46 34 44 38 24 27 36 37 30 38 5 11 38 44 37 30 13 22 46 39 44 44 38 37 36 13 33 30 34 40 5 7 42 9 0 9 5 28 19 5 12 44 16 7 44 12 16 24 39 42 34 25 7 41 9 21 32 29 17 20 3 37 9 9 46 37 46 32 36 19 22 37 38 22 39 7 44 24 16 44 37 28 22 46 37 37 37
split_gain=52.4625 48.1635 42.9881 36.7613 35.998 44.5668 35.9612 44.6802 38.9387 36.0588 37.7171 34.7984 34.353 34.1723 33.6106 31.1883 32.0452 29.8871 60.2058 54.3405 34.3046 36.7741 29.4085 47.5741 41.7831 35.8465 34.8366 29.0272 28.8063 27.3838 32.8333 27.2273 27.1852 27.1596 27.0523 25.4176 25.2851 24.5613 24.5356 24.3553 24.2036 24.0328 23.1376 23.0519 31.824 27.6613 26.1568 27.1279 37.8675 29.6392 24.9506 22.9293 27.7077 32.4684 33.8045 24.8005 22.8901 22.5049 31.5347 24.1511 32.8545 22.1318 22.0252 21.9906 21.9696 21.9097 21.6504 21.5418 21.5371 22.4955 45.712 34.8815 32.6257 71.5879 54.6721 33.4091 29.7301 33.4826 37.0045 27.7184 27.2687 26.8646 28.4553 25.8522 28.2507 28.4572 25.266 31.2791 25.254 30.4575 25.1868 24.6718 28.1536 24.2306 25.6392 24.138 33.3703 30.6603 29.3574 26.5055 25.3548 26.8564 24.1915 23.8513 23.6934 23.5472 23.3817 23.2416 22.9662 22.7849 22.3143 34.2825 24.3099 22.1958 30.4592 22.7725 24.1865 22.149 23.6388 31.8729 22.3125 21.9313 26.2428 41.313 21.8796 27.2757
threshold=-0.00018649713456397873 -0.00039829112938605244 0.00041693494131322956 1.5000000000000002 0.00091600281302817177 0.29999999701976782 1.5000000000000002 12.500000000000002 8.5000000000000018 2.5000000000000004 2.3030365705490117 1.3750000000000002 -0.0033835697686299677 0.28499999642372137 -0.00097784266108646967 0.65999999642372142 0.63752809166908275 0.50499999523162853 0.3666666597127915 -0.68500000238418568 4.9666664600372323 2.3333332538604741 0.0051788808777928361 1.5000000000000002 -0.00043091601401101792 2.0266897990950387e-05 0.45550781488418585 -1.4999999999999998 0.33333332836627966 0.00049899102305062126 -0.39499999582767481 0.017994989641010765 1.2050000131130221 2.1880419254302983 0.43595530092716223 6.5910000557778417e-05 -1.0000000180025095e-35 0.00016939478518906983 0.0082765319384634512 -8.4999999999999982 2.9634131193161015 0.49500000476837164 7.5000000000000009 0.0053269378840923318 -0.0055256399791687718 -0.00050473498413339246 7.866666555404664 -0.00071908973040990521 22.500000000000004 0.001500022364780307 1.1145753887831235e-05 20.500000000000004 -0.69499999284744252 6.8333332538604745 -0.00079063978046178807 -5.7929679314838716e-05 82.080554962158217 -1.4999999999999998 4.5000000000000009 -0.44499999284744257 -0.4849999994039535 12.500000000000002 3.5999999046325688 -9.1710000560851754e-05 4.5250124458107173e-05 -0.0015920017031021414 -0.0030719934729859229 -0.42145135998725886 2.5000000000000004 0.0023447568528354172 0.00091166290803812455 0.50499999523162853 0.00032017669582273817 8.3543591244961152e-06 0.0001214141411765013 -0.0086954077705740911 0.017424950376152996 3.5217180993640802e-05 -0.02098251041024923 0.00016543024685233834 -0.46500000357627863 -4.047835318488068e-06 0.0001264710372197442 -0.12499999627470969 -8.2899361586896689e-05 4.2391986880829799e-06 0.0032363354694098239 2.5000000000000004 1.0049999952316286 -1.007031977176666 0.0021628843387588863 0.00032122536504175519 1.9499999880790713 0.0050047840923070916 -0.15688411891460416 -0.002600220730528235 -0.020018019713461396 7.7987556323932966e-06 -0.0010452099377289412 -1.0000000180025095e-35 5.5000000000000009 0.0008368294220417739 0.0012845873134210708 8.5000000000000018 0.23333333432674411 -3.4999999999999996 0.0001194321521325037 -3.4430000596330494e-05 -0.0014046973083168266 53.894002914428718 5.866666555404664 19.500000000000004 52.916328430175788 1.5000000000000002 0.0018701468361541631 -0.054999999701976769 0.0048775207251310357 6.2627652368973954e-05 -0.32500000298023218 6.7999999523162851 -6.4880001445999355e-05 48.459466934204109 6.5000000000000009 4.3999998569488534 7.1000001430511483 3.7999999523162846
decision_type=2 2 2 2 2 2 2 2 2 2 2 2 2 2 2 2 2 2 2 2 2 2 2 2 2 2 2 2 2 2 2 2 2 2 2 2 2 2 2 2 2 2 2 2 2 2 2 2 2 2 2 2 2 2 2 2 2 2 2 2 2 2 2 2 2 2 2 2 2 2 2 2 2 2 2 2 2 2 2 2 2 2 2 2 2 2 2 2 2 2 2 2 2 2 2 2 2 2 2 2 2 2 2 2 2 2 2 2 2 2 2 2 2 2 2 2 2 2 2 2 2 2 2 2 2 2
left_child=1 6 29 4 5 -3 7 27 12 10 -10 43 13 39 36 17 -17 37 -19 20 21 -20 23 24 66 -24 -25 31 42 56 32 -1 -31 -29 -12 41 -5 -16 -28 -8 -27 -9 -13 46 45 -45 63 -48 50 -50 -49 52 -30 54 -54 -53 68 58 -57 60 -59 -11 -41 -4 -22 -61 -21 -52 69 71 88 72 73 75 -75 -2 77 78 91 81 -79 107 83 84 -83 -86 87 -82 89 103 -85 -73 113 94 109 97 100 -91 102 -100 -97 -102 -98 -71 -90 -106 -92 -77 -80 110 111 112 -74 115 124 116 -93 118 119 120 -110 122 -113 -124 125 -115
right_child=2 3 11 14 -6 -7 8 35 9 61 34 28 -14 -15 15 16 -18 18 19 22 64 -23 25 26 -26 40 38 33 51 30 -32 -33 -34 -35 -36 -37 -38 -39 -40 62 -42 -43 -44 44 -46 -47 47 48 49 -51 67 55 53 -55 -56 57 -58 59 -60 65 -62 -63 -64 -65 -66 -67 -68 -69 -70 70 -72 76 93 74 -76 79 -78 80 108 -81 86 82 -84 90 85 -87 -88 -89 104 95 106 92 -94 -95 -96 96 98 -99 99 -101 101 -103 -104 -105 105 -107 -108 -109 117 -111 -112 121 -114 114 -116 -117 -118 -119 -120 -121 -122 -123 123 -125 -126 -127
leaf_value=0.0073353525592363342 0.01040954211286539 0.015423838171257349 0.0028129572902183065 0.026505641390627683 -0.0093156734912205243 -0.0030851924655063245 -0.0099007066248052132 0.00016639157153698302 0.0055238075855704111 0.0064142767002731797 0.032751041119290628 0.00038712109101503842 -0.0044759104236845324 0.036272138204916517 -0.013316024108268851 0.004120783609791367 0.032659222740953085 -0.016283201963215119 0.0066846158112715262 0.042948645067842031 0.02102404219509791 0.055055535848939324 -0.0047357891951746471 0.013810308419356579 -0.0037988276892126881 0.0034963816411350797 -0.0086289716479343043 0.013932005383432143 0.013192472064109673 -0.024460017395584836 -0.0019265132474096823 -0.006982757458608161 -0.0031238008328996307 -0.0062015840275260982 -0.0031434283160249074 0.011609652136220892 0.00081772668981216459 -0.00016844481577987493 0.036643757241031263 0.00076188150579860293 0.039337751614539423 0.022797543909633733 -0.034117500933682467 0.036290649111646416 0.0013180505510731551 -0.0037321374791752897 -0.031253519628089081 0.034089528462921528 -0.0025488930729640545 -0.048483473283239369 -0.026595979484115698 0.00040533800581887998 0.0011132399544338176 0.0084572441236805043 -0.0097056575267997318 -0.024897187197890497 0.027129385566280341 -0.033170963573801823 0.020971307711124182 -0.015614611817619355 0.024685607133482092 -0.0014156697305393619 0.016634317916732647 -0.0022121989324665348 -0.021579248310641588 -0.060398517540602117 0.0067516511495082634 0.0074036684656865435 -0.0013005591839495112 -0.0067145498497065206 0.0041410425541940554 -0.029837774401403078 0.0035155235470135495 0.029249549087413715 0.0090270203601171533 -0.011240797031515821 -0.021993895180186171 0.0051357719059606909 -0.018055179189259658 -0.021634752269871247 -0.0042817535263566927 7.2798150542566182e-05 0.00010719371284349481 0.024422832690676629 -0.0090352894009649541 -0.051774016691848036 -0.0030463441726207921 -0.02308106977498494 -0.0240174000580732 -0.012863481014843497 -0.025315212431488689 -0.050588740299112957 0.0021326871546286552 0.031320978705066817 -0.00071032211456507682 0.0069669139558862295 0.005341113367864584 -0.0011098801287952075 -0.0044160191706668133 0.00016314831469059344 0.068915298968481475 0.010251586363658409 -0.026163221651968733 -0.026370209191226741 -0.0077355742629008645 0.0060028388210794361 0.024130191451046074 0.01099037162391062 -0.0085722622225091784 -0.0014183434496585848 -5.4353457959463503e-05 0.013932912955944869 0.018378096824605842 -0.018476371488810952 0.036426719369422149 -0.064387564741103909 -0.0029948762488869849 0.011395159784822898 -0.0019213831495982021 0.035942786746386714 0.012026514676768926 0.0015573169730753158 0.088637585673086994 0.024497564008740123 -0.043361081129054416 0.010825689373300822
leaf_weight=6709.3645279854536 2914.0347086191177 1545.4251902103424 9377.7303827106953 874.66517274081707 7653.7996582537889 8221.8776272088289 1150.2693682610989 17619.479341089725 14489.961638689041 4764.2024414092302 886.61419551074505 284.44925503432751 15563.030124306679 325.73259334266186 1434.9297681152821 1166.5118914246559 593.72204250097275 1599.3720387816429 237.53556337952614 170.45155587792397 314.76499819755554 464.55560119450092 8687.6669128239155 7269.5030592530966 6854.0163927525282 8846.2930519580841 1164.5172260552645 9295.6024873405695 939.01728397607803 1312.5358984619379 11655.615573272109 1655.8902654051781 1095.6699483692646 722.054523691535 275.11903081834316 2456.3804229944944 681.93397043645382 145211.20694431663 133.42347933351994 2318.1204001009464 192.51342940330505 482.07422299683094 613.47897692024708 174.25637331604958 57473.119498059154 19165.819963917136 584.91150118410587 227.40698803961277 261.11742332577705 304.02469189465046 269.65162332355976 791.2434573918581 4273.1381324827671 1707.2956909239292 8910.1928001642227 375.35499873757362 319.8679833561182 296.72166629135609 249.52544340491295 160.67959502339363 146.6632304340601 14899.729437738657 1403.5856509655714 122010.73781359196 196.67135490477085 341.25296133756638 5406.6982769072056 603.24515552818775 61621.201621651649 3497.2631720155478 18857.931453853846 364.09197391569614 24527.850228562951 1600.5649895071983 8115.1342481970787 572.05961181223392 684.81362624466419 1871.2187829762697 424.43496149778366 655.72443526983261 1628.5509857833385 295.73923318088055 4329.8856594860554 254.6414036154747 238.98205251991749 447.5568910241127 4188.5449280738831 1938.6198055297136 309.35651472210884 3968.4309266358614 410.18616449832916 155.76861992478371 3867.1261241436005 273.03424544632435 32166.89983740449 792.92263713479042 8183.1259143352509 5035.626207575202 23643.90746191144 27161.424847513437 161.66833114624023 150.85920396447182 251.21989218890667 749.69957593083382 1451.9197433143854 8864.1934920996428 124.71446770429611 2642.7542559504509 779.33951295912266 9667.2341605275869 10054.580239936709 1801.2301757782698 1152.2085131257772 728.71893490850925 154.89626720547676 134.32850709557533 339.47828963398933 4249.8730997294188 4752.7536921054125 396.26646572351456 1616.7277289479971 883.8702065050602 127.2797167301178 475.90307460725307 175.20512233674526 563.180385440588
leaf_count=27063 11704 6219 37696 3507 30784 33003 4643 71078 58474 19233 3598 1153 62626 1321 5765 4677 2383 6441 954 687 1263 1866 34843 29189 27556 35527 4678 37553 3772 5265 46798 6675 4403 2931 1108 9906 2733 582460 537 9400 773 1947 2486 703 230626 77332 2354 911 1067 1253 1086 3177 17149 6871 35935 1511 1283 1193 1008 644 590 60017 5685 490445 790 1376 21726 2426 247351 14028 75731 1467 98529 6434 32563 2296 2762 7518 1725 2631 6535 1191 17397 1023 959 1808 16817 7788 1248 15914 1649 628 15597 1111 129335 3178 32903 20261 94809 108920 648 605 1011 3007 5836 35644 501 10607 3123 38748 40353 7253 4617 2932 622 539 1364 17164 19110 1594 6532 3543 513 1917 703 2263
internal_value=0 0.00106633 -0.000575364 0.000217393 -0.00418056 -0.000156613 0.00293295 0.0052675 0.00131178 0.00333219 0.00691379 -0.00161398 -0.00212509 0.00491377 0.000617481 0.000497551 0.0137467 0.000373621 0.00274152 0.00350338 0.0243404 0.0386904 0.00285041 0.00538237 0.00143089 -0.000148924 0.0111159 0.0088496 -0.0057022 0.000189172 -0.00412278 0.0045011 -0.0147526 0.0124808 0.0242506 0.00206439 0.015252 -0.000297094 -0.0039751 0.0028172 0.00425975 0.000769096 -0.023187 -0.00124316 0.000137306 -0.00337153 -0.00203663 -0.0127266 -0.00621993 -0.0272599 0.00458671 -0.00483914 -0.00346788 -0.0045185 -0.00619891 -0.0140312 0.000392829 -0.021306 -0.00658111 -0.0310395 -0.0140331 0.00048138 0.00674793 -0.00185353 0.00464107 -0.0460622 0.00785792 -0.00309936 0.000364077 0.000799047 -0.000309302 0.0016597 0.002517 0.00587701 0.0123585 0.000990267 -0.00140537 -0.000907674 0.00155888 -0.00176218 -0.00569943 -0.000363492 -0.00426126 -0.0149367 -0.0257662 -0.0368968 -0.00831364 -0.0144985 -0.00130577 -0.00196373 -0.00146351 -0.00454807 -0.00304322 0.00158094 0.00148051 -0.0014603 -0.000739648 -0.00629014 -0.00106088 -0.00196792 0.0164749 0.0405979 0.00440275 -0.0101843 0.00325152 0.00406925 -0.0137868 0.00703445 0.00479882 0.00292788 0.00400457 0.00541338 0.00418237 -0.0119329 -0.00574721 -0.0278694 -0.0179644 0.00562121 0.00236895 0.00967142 0.0053266 0.015027 0.0199785 0.038032 -0.0101999 -0.00570266
internal_weight=0 303939 541371 208922 17421.1 9767.3 95017.2 38940.8 56076.4 35315.6 15651.7 229541 20760.7 5197.71 191501 189944 1760.23 188184 41538 39938.6 1213.53 702.091 38725.1 20998.6 12431.2 17726.5 8567.44 18382.9 19089 311830 14063.8 8365.25 2408.21 10017.7 1161.73 20557.9 1556.6 146646 1297.94 4871.98 9038.81 18101.6 897.928 210452 76813.2 19340.1 133639 2250.36 1665.45 565.142 1100.3 18191.1 15829.6 14890.6 13183.3 2361.44 297767 1570.2 624.88 945.317 443.385 19663.9 3721.71 131388 511.436 501.933 5577.15 872.897 297447 235826 103080 132746 103732 22602 9715.7 12886.3 29013.9 28329.1 18702.2 9972.24 9626.93 9316.52 6101.71 1771.82 982.278 686.539 7755.72 3567.17 84221.6 73596.1 789.542 6482.79 6118.7 81130.1 80857.1 69349.2 60345.1 9004.06 59239.7 50805.3 1105.45 312.528 8434.35 4246.96 10625.5 10316.1 534.901 3214.81 12219.4 48690.2 39022.9 28968.3 25680.1 2251.58 1622 629.575 495.247 11795 7545.09 2792.33 2396.07 3288.28 2404.41 603.183 1467.1 1291.9
internal_count=3396691 1221619 2175072 838361 70006 39222 383258 157153 226105 142430 63180 922764 83675 21049 768355 762115 7060 755055 166830 160389 4873 2820 155516 84373 49969 71143 34404 74222 76865 1252308 56466 33738 9668 40484 4706 82931 6240 588225 5215 19728 36300 73025 3639 845899 308661 78035 537238 9097 6743 2320 4423 73226 63727 59955 53084 9499 1195842 6322 2519 3803 1783 79250 15085 528141 2053 2020 22413 3512 1194559 947208 413743 533465 416682 90763 38997 51766 116783 114021 75363 40062 38658 37431 24528 7131 3958 2767 31140 14323 338012 295284 3173 26115 24648 325919 324808 278249 242074 36175 237643 203729 4431 1253 33914 17035 42728 41480 2150 12903 49248 195473 156725 116372 103146 9051 6520 2531 1992 47523 30359 11249 9655 13226 9683 2430 5898 5195
is_linear=0
shrinkage=0.1


Tree=29
num_leaves=127
num_cat=0
split_feature=10 44 5 10 38 46 7 40 30 21 3 46 13 31 5 29 42 9 26 31 37 39 38 38 44 5 46 4 28 43 37 45 13 46 5 8 28 5 38 45 44 42 39 43 37 5 31 42 38 8 45 43 43 46 45 31 38 46 8 34 34 45 22 8 42 44 37 12 37 37 23 20 43 46 37 5 31 39 27 23 25 30 12 3 42 43 31 43 43 45 37 30 29 19 44 44 37 29 43 44 44 45 37 23 15 37 42 45 39 37 42 43 42 42 23 43 12 46 44 44 46 31 43 5 43 43
split_gain=43.8172 40.6349 33.7793 30.1006 41.3751 44.2783 37.8544 32.4054 45.2747 65.4882 42.2894 37.4114 35.2667 36.8677 36.6754 64.5822 39.0103 39.7774 38.3753 37.5868 33.1974 32.5495 61.0648 45.6533 45.2744 47.2371 42.1235 38.7853 37.2034 38.6192 34.1999 32.1961 35.4091 31.9913 50.9828 41.5313 34.5146 31.6342 31.4513 62.9393 44.9597 41.0364 39.2814 34.7811 34.3298 43.0927 33.6002 32.9514 32.6153 31.3083 30.7361 30.6791 34.174 35.7472 32.9977 29.558 39.4699 36.127 35.9832 33.8952 32.1277 40.2915 38.0115 41.3487 31.9378 31.2369 31.1164 29.622 29.4099 29.2942 29.1715 29.0367 28.8325 28.6481 34.7905 33.0361 29.9798 29.4679 33.408 28.4967 31.3292 28.4043 34.2222 28.3956 28.3837 28.1619 28.5853 28.121 32.2777 27.9209 27.7154 35.144 34.63 31.2594 34.1997 32.5682 40.2274 30.9519 29.1323 29.0845 28.5294 28.1105 32.3265 27.4918 26.7839 26.7276 30.8549 29.2696 29.9771 35.1471 27.2496 26.6749 28.999 26.8559 26.6726 31.8715 33.5075 32.2737 31.5992 44.5392 26.6566 26.5599 31.0038 28.1644 26.5051 26.4841
threshold=26.190625190734867 0.81499999761581432 0.026028151623904709 64.126647949218764 4.5000000000000009 -29.499999999999996 0.0001264710372197442 2.5000000000000004 -0.0002974547969643026 -0.39922761917114252 -0.0078311455436050875 6.5000000000000009 -0.00047059310600161547 -0.027036559768021103 0.011191501747816803 -0.015519700944423674 1.0049999952316286 0.00068542329245246958 0.79169070720672619 0.0076809700112789878 0.56666666269302379 1.0000000180025095e-35 20.500000000000004 19.500000000000004 -0.10500000044703482 -0.0035691857337951656 2.5000000000000004 -0.030557452701032158 0.0046134504955261954 -0.54500001668930043 7.6000001430511483 51.500000000000007 0.00016321458679158243 -4.4999999999999991 -0.045266086235642426 0.00074014821439050149 -0.0073073378298431626 -0.00090932552120648314 13.500000000000002 76.500000000000014 0.64499998092651378 1.3750000000000002 2.5000000000000004 -0.39499999582767481 7.1000001430511483 0.015387054067105057 0.012695136480033399 1.0049999952316286 19.500000000000004 0.0019026704831048848 70.500000000000014 0.13499999791383746 0.22500000149011615 -1.4999999999999998 29.500000000000004 -0.0018527361098676918 4.5000000000000009 -2.4999999999999996 0.0011289464309811594 -0.70502609014511097 -0.079305555671453462 46.500000000000007 63.72956848144532 0.00058977698790840815 1.0049999952316286 0.10500000044703485 7.5333335399627694 0.00054077836102806043 2.0666666030883794 0.33333332836627966 0.0017533001955598595 0.00037047961086500441 -0.23499999940395352 -7.4999999999999991 1.8999999761581423 0.01152755366638303 -0.012855947948992251 1.5000000000000002 -0.0055256399791687718 -0.0054269058164209119 0.083013307303190245 -0.0028418775182217355 -0.0016845893114805219 -0.0027226742822676893 -0.46500000357627863 0.46500000357627874 0.0030388748273253445 -0.34499999880790705 -0.32500000298023218 8.5000000000000018 6.7999999523162851 0.000896749901585281 0.00014477187505690384 0.00018576590809971097 -0.30500000715255732 0.095000002533197417 0.43333332240581518 -0.0054293668363243333 0.53499999642372142 -0.5649999976158141 -0.69499999284744252 56.500000000000007 4.8999998569488534 -0.001977790729142725 0.79141488671302807 6.2000000476837167 0.014999999664723875 24.500000000000004 1.5000000000000002 6.4666664600372323 0.62500000000000011 -0.69499999284744252 -0.024999999441206452 0.37500000000000006 -0.00010539158029132521 0.53499999642372142 0.00066980099654756497 -1.4999999999999998 0.19500000029802325 0.034999999217689044 -8.4999999999999982 -0.00040648167487233872 0.40500000119209295 -0.036429909989237778 0.16499999910593036 0.31499999761581426
decision_type=2 2 2 2 2 2 2 2 2 2 2 2 2 2 2 2 2 2 2 2 2 2 2 2 2 2 2 2 2 2 2 2 2 2 2 2 2 2 2 2 2 2 2 2 2 2 2 2 2 2 2 2 2 2 2 2 2 2 2 2 2 2 2 2 2 2 2 2 2 2 2 2 2 2 2 2 2 2 2 2 2 2 2 2 2 2 2 2 2 2 2 2 2 2 2 2 2 2 2 2 2 2 2 2 2 2 2 2 2 2 2 2 2 2 2 2 2 2 2 2 2 2 2 2 2 2
left_child=-1 3 -3 7 5 -5 71 8 9 -2 -10 21 89 -14 33 18 104 -18 20 -20 -16 22 26 30 -25 84 31 -24 29 -27 51 32 -11 34 35 -15 -35 121 39 40 44 42 46 -43 45 -8 -40 -44 -49 -37 -39 54 83 -54 -23 56 59 58 64 69 114 -62 -63 66 -58 68 85 -59 -61 -38 -56 -6 87 74 -7 77 -76 -75 -79 -13 -81 82 -33 -53 -26 -64 -87 -19 -89 -12 91 93 99 94 -36 96 -96 -97 101 -92 -93 -99 -103 -77 -17 -102 107 -107 -109 -110 -108 113 -113 -46 -57 -116 117 -117 119 -119 -104 122 123 -29 -85 -70
right_child=1 2 -4 4 6 73 38 -9 10 11 12 79 13 14 15 16 17 72 19 -21 -22 23 27 24 25 28 -28 37 -30 -31 -32 81 -34 36 90 49 55 50 41 -41 -42 43 47 -45 111 -47 -48 48 -50 -51 -52 52 53 -55 70 60 57 67 -60 65 61 62 63 -65 -66 -67 -68 -69 125 -71 -72 -73 -74 75 76 103 -78 78 -80 80 -82 -83 -84 124 -86 86 -88 88 -90 -91 92 100 -94 -95 95 97 -98 98 -100 -101 105 102 120 -105 -106 106 110 108 109 -111 -112 112 -114 -115 115 116 -118 118 -120 -121 -122 -123 -124 -125 -126 -127
leaf_value=0.0051698218115341444 0.0040463960689551852 0.049724332986629066 0.00014693260467549176 0.041086320447051058 0.020369473416973052 0.0056485008123819038 -0.010795200588130001 -0.0010105387239311193 0.0068290684898785247 0.0080285938300495331 -0.02975153752792908 0.042341546644193449 -0.031025620080965585 0.040002734772670245 -0.014125932599567374 -0.0051873793010604368 0.010072779704287098 -0.0029091301797374894 0.014484033526962157 -0.0028608520596441703 0.0078696338711945601 0.0046199246605161332 0.038470007483650648 -0.0032462825395795018 -0.0030701891122914969 0.025616312307687746 -0.0049111396527888648 -0.056355281379822292 0.01830999778953175 -0.011657691685150373 -0.010394596126676507 -0.011080692131547444 -0.009948045590953759 -0.0092681896770190828 0.01492578414731148 0.00443979021225018 0.033577759123458895 -0.0056215978785820247 0.0047699835445622731 0.012049878561002069 0.025095968828171562 -0.023437500312791511 -0.0044063902605520544 -0.00088993638739733527 0.0058788200070194413 -0.0024921201597190622 -0.012246166906215874 0.022810231729523314 -0.0095457830341047142 0.035747686522250847 0.047815631481177998 -0.017970536507444689 -0.0050015826474436413 0.0020104017071749989 -0.00092986302860348184 -0.0046931794119815066 -0.023240198869942236 -0.0046704807465063501 0.0080221513616807894 -0.0070442826849205194 0.0088797183818815975 0.0030347009320303934 -0.024230809107384291 0.0091228057150753786 0.012467263203549867 0.017141390294927627 0.028629233714504043 0.0043114638780017197 0.014780586074627157 -0.010057658995202973 -0.030568722549611994 -0.014111994680449267 0.0065498860688357882 0.0078939577168823175 0.025349383857683622 -0.029496936936848569 -0.018048360846584236 -0.01754200984822676 -0.00018900926656720824 0.0034722887392389366 -0.028760312131752033 0.012131102407012343 0.045911558566722327 0.013057666519010551 0.017291713887232371 0.022394350907517745 -0.029447164337768839 -0.056679596511225561 -0.012503036638444671 0.0049588225845226541 -0.033767114240953265 -0.045994178096086004 -0.0028537646000375665 -0.0039960196007414427 -0.028397260828222328 0.050055587419711604 0.0010837153700227428 0.011341810443929637 0.046015081502766148 0.014229076955574724 -0.0011579228050865023 0.0035911450936587166 -0.007773236976870556 0.010523957011913752 0.00042325774970392266 -0.042061678670766295 -0.062809912902346804 -0.027795046775692375 -0.014217637669034356 0.034358837216262678 -0.011080225574092481 -0.01706853271437718 0.010231536488860316 -0.046975849270725269 0.0012797094054160718 -0.026261637324238047 0.026406310433841857 -0.011703313854281985 -0.028135978835446215 0.0075609359279501416 -0.064216412633855899 -0.055607127309138631 0.019856158987663394 -0.015788001597649134 -0.010444400757739523 -0.0098026739687776376
leaf_weight=16405.678172171116 73796.742753595114 300.25888620316982 253.42423018813133 289.72684337198734 1153.6288779228926 1430.3127654343843 18819.61804920435 181704.20572911203 8211.5318426340818 5745.727646291256 235.60164095461369 186.86679002642632 399.79505287110806 551.78568369150162 732.20882415771484 59841.140294834971 3922.4522551000118 4057.6819622218609 1380.3114112615585 13170.449437588453 10913.974706158042 12728.925898790359 152.88235841691494 4898.5436666756868 799.95694619417191 319.2671944051981 2741.8512173146009 201.88557742536068 772.54755714535713 2148.7217377573252 4333.1070693433285 131.66968490183353 1353.907527089119 4394.7673372030258 3086.9145303219557 1969.4219648391008 165.37925736606121 587.9599142074585 14555.194867685437 1949.6888162791729 445.2859899699688 1474.3611767143011 18272.126249477267 1276.4312485307455 182.1154268682003 9359.1364866644144 1260.9608495980501 901.71405901014805 475.9921118915081 381.24480685591698 131.75725089013577 2792.1688964813948 19316.156526058912 11658.662541791797 44306.329093754292 12280.91664031148 2337.9471546113491 21761.819277152419 584.75922529399395 1933.0426591485739 9414.3323696702719 14112.698910281062 1808.7976318597794 927.77315285801888 280.54541160166264 2056.1902475059032 148.53125187754631 4417.0189029723406 1975.247135207057 2207.2863636314869 334.5820050984621 309.80019527673721 2456.8551624119282 3223.0347202271223 173.28459993004799 176.82501174509525 1955.9758788645267 1389.9570296555758 5497.1242794543505 33631.715667381883 304.27807682752609 4036.0227913409472 527.28752607107162 714.13938574492931 4747.0839618295431 291.83052811026573 167.35908845067024 207.45778930187225 815.71409465372562 14157.847752958536 130.15995195508003 151.29747770726681 2100.4151474535465 4459.91276063025 493.69520787894726 182.63193793594837 7407.6362187862396 3211.170917853713 193.99648207426071 4208.0657863467932 15453.792395561934 885.71979904174805 189.39045317471027 5858.7997700721025 9918.7012171894312 186.90998621284962 217.82481941580772 246.48485791683197 260.61326107382774 347.63177905976772 191.22924073040485 461.52371047437191 2479.3264957815409 203.61483092606068 50969.086073175073 818.51217275857925 300.85562691092491 2480.4707895368338 528.86607146263123 2325.1747283935547 149.8963690251112 194.48244506120682 204.61379271745682 1123.7078578919172 1462.7543539553881 563.18433986604214
leaf_count=66644 296434 1208 1018 1172 4637 5774 76000 729416 33041 23122 946 758 1606 2214 2943 240088 15763 16312 5556 52942 43753 51288 615 19726 3220 1285 11037 811 3122 8632 17393 533 5437 17689 12400 7900 663 2362 58587 7856 1789 5962 73663 5160 734 37797 5084 3639 1923 1531 529 11226 77501 46789 178334 49274 9371 87243 2343 7754 37821 56614 7281 3725 1126 8240 598 17718 7920 8852 1344 1252 9868 12976 697 710 7881 5616 22131 135342 1225 16226 2123 2864 19117 1174 672 834 3276 56829 523 607 8423 17887 1984 732 29708 12877 777 16893 62038 3550 759 23616 39830 750 874 988 1045 1394 768 1860 9998 821 204556 3284 1210 9955 2120 9325 601 782 821 4523 5867 2257
internal_value=0 -4.91243e-05 0.0270324 -6.72337e-05 -0.00175637 0.00227738 -0.00285252 0.000147986 0.000528846 0.00157582 -0.00025353 0.000454468 -0.000442284 -0.000679111 -0.00063775 -0.0021088 -0.00350136 0.00190576 0.00220864 -0.00121548 0.00648675 -0.000327309 0.00373022 -0.00095175 0.0044572 0.00875143 0.0062537 -0.0103932 -0.000841016 -0.0068358 -0.00170987 0.00884916 0.00460043 0.000212205 0.00247843 0.015313 -0.000547116 -0.0134492 -0.00317562 -0.00539292 -0.00645732 -0.00120875 -0.000296155 -0.0129749 -0.00690328 -0.00803746 0.00341335 -0.00328194 0.0116314 0.00951749 0.00416105 -0.00130658 -0.00359733 -0.00236233 0.000128641 -0.000262911 -0.00261434 -0.00438158 -0.0144059 0.00321972 0.000669197 0.00360679 0.000763163 -0.00882258 -0.0194145 0.00694026 -0.0157124 -0.003155 0.0022493 -0.00701619 -0.00115201 0.0130699 -0.00234418 0.00170677 -0.0064138 0.00349707 -0.0145165 2.06254e-06 -0.00369121 0.00339773 0.00318328 0.015274 0.0345236 -0.0112958 0.0143553 -0.0186163 0.00349987 -0.00664492 -0.0214603 0.00439066 0.00162707 0.000581649 0.00768604 0.0033973 0.0054841 0.00319172 -0.000758331 0.00967664 0.00808393 0.012789 -0.00276313 0.00642518 -0.00646301 0.00935147 -0.00438964 -0.00237621 -0.0153542 -0.00621509 0.00162374 0.0135454 -0.0386267 0.00270411 0.00594719 -0.0220215 -0.000463264 0.000441378 -0.00617929 -0.00777258 -0.00493567 -0.00238245 -0.0327097 -0.0207981 -0.016374 -0.0219663 -0.00273445 0.00932647
internal_weight=0 828552 553.683 827998 93575.6 19995 73580.5 734422 552718 236386 316332 162590 308120 293727 293327 107417 81220 11460.2 26196.9 14550.8 11646.2 128467 17133.8 111333 13686.1 8787.58 14536.5 2597.29 3240.54 2467.99 97646.8 11794.6 7099.64 185910 46657.8 2902.45 139252 2444.41 72117.1 33900.3 31950.6 38216.8 35466 2750.79 31505.3 28178.8 15816.2 19649.8 1377.71 2350.67 719.717 93313.7 35943.9 30974.8 57369.8 134858 38282.4 29382.1 3203.25 8900.33 96575.2 26871.3 17457 3344.29 2618.49 6527.66 2416.52 26178.8 4471.47 2372.67 44640.9 1463.43 7537.71 19705.3 3559.57 16145.7 2129.26 10110.1 6887.08 34122.9 33936 4694.98 658.957 4969.06 5547.04 2267.99 459.19 5080.85 1023.17 14393.4 43755.4 37316.7 6438.64 20261 15801.1 12714.1 7901.33 4812.81 4630.17 4338.23 17055.8 4436.18 1225.01 6035.62 69759.8 16904.5 1450.69 1041.64 854.73 608.245 409.054 3326.58 2940.85 385.73 69703.9 57423 6453.88 6153.02 5334.51 4805.65 339.287 1724.69 1530.21 1325.59 2176.89 2538.43
internal_count=3395604 3328960 2226 3326734 377335 80573 296762 2949399 2219983 950388 1269595 653954 1236554 1178779 1177173 431165 325971 46053 105194 58498 46696 516629 68921 447708 55102 35376 58478 10443 13039 9917 392606 47441 28559 746008 187223 11645 558785 9828 290873 136855 128999 154018 142896 11122 127210 113797 63671 79225 5562 9431 2891 375213 144247 124290 230966 541096 153487 117801 12840 35686 387609 107885 70064 13450 10497 26171 9725 104961 17931 9515 179678 5889 30290 79401 14352 65049 8578 40723 27747 137325 136567 18882 2656 19957 22337 9127 1846 20422 4110 57775 175578 149739 25839 81275 63388 50988 31692 19296 18564 17416 68464 17787 4910 24326 279918 67857 5819 4177 3427 2439 1642 13413 11858 1555 279724 230450 25894 24684 21400 19280 1360 6937 6155 5334 8731 10177
is_linear=0
shrinkage=0.1


Tree=30
num_leaves=127
num_cat=0
split_feature=22 15 9 45 36 23 37 41 37 45 37 41 23 14 39 45 38 41 43 25 46 41 43 12 29 46 24 28 43 13 37 45 16 41 37 25 37 25 46 30 30 39 25 37 22 46 38 18 38 35 43 39 43 45 29 28 6 33 37 39 11 37 46 43 27 10 26 43 36 38 39 38 45 46 8 37 45 32 35 33 10 46 13 13 43 19 43 23 25 46 38 22 43 35 45 23 35 13 45 10 45 45 37 34 36 41 19 36 35 43 38 38 22 32 46 45 37 26 43 29 43 38 43 46 43 45
split_gain=37.7287 37.833 48.6688 30.8007 40.6568 35.7176 30.511 53.1821 74.2448 46.7825 64.7218 66.4696 50.9886 44.1016 39.3531 47.4866 58.3576 58.4039 74.5489 48.6602 37.8707 49.7023 37.3187 61.0255 40.8827 46.8804 44.6809 37.8626 37.4904 46.3599 46.7626 36.9858 49.5361 49.2305 47.6339 46.7216 43.827 47.7916 54.904 40.8712 40.108 38.6967 39.034 41.0356 38.4764 53.2439 76.9412 56.6249 59.3949 37.8949 36.6843 36.3632 35.9425 40.1018 41.5362 40.0176 38.3695 35.8011 35.6925 67.9129 50.4967 61.7562 53.9996 48.4074 51.6475 42.7738 41.1481 47.8708 37.3739 36.9444 36.5035 36.0164 43.6401 39.677 37.9823 35.6615 38.5255 35.4094 35.3158 42.6809 58.7206 35.0846 34.9411 34.8224 34.6083 46.2092 37.8829 34.4632 34.4519 34.2448 50.7188 62.5263 47.2133 42.1882 41.3996 34.1894 107.504 34.0415 44.4387 33.959 33.6086 46.8661 39.9021 33.5767 33.4161 33.3848 33.2567 33.0172 32.9846 32.8252 32.5511 32.7367 32.3865 39.2528 32.2608 41.4849 36.3157 43.9868 33.5404 61.6793 49.9919 47.5896 44.3145 45.3395 35.744 47.2909
threshold=59.555343627929695 0.93282562494277965 0.00010111935625900516 29.500000000000004 0.00011311500202282333 -0.0014366816030815242 2.0666666030883794 4.0950000286102304 1.1999999880790713 25.500000000000004 0.69999998807907116 5.2049999237060556 -0.0008341050415765493 0.0056210877373814591 2.5000000000000004 30.500000000000004 1.5000000000000002 2.7049999237060551 -0.33500000834465021 0.070192590355873122 14.500000000000002 3.9850000143051152 -0.37499999999999994 -0.0001005811100185383 0.0013192355399951341 2.5000000000000004 0.0031731534982100133 -0.0019536468898877497 -0.80500000715255726 8.2197540905326618e-05 1.3666666746139529 33.500000000000007 -1.7212558304890987e-05 4.1150000095367441 5.6000001430511483 0.014844756107777359 3.6333333253860478 0.03242150321602822 12.500000000000002 -0.00062956512556411315 -0.016388528048992154 2.5000000000000004 0.0059543396346271047 6.4333331584930429 44.157741546630866 -2.4999999999999996 6.5000000000000009 0.0052349539473652848 2.5000000000000004 0.00047539500519633299 -0.25499999523162836 3.5000000000000004 0.51499998569488536 31.500000000000004 0.019911263138055805 -0.005980289075523614 0.00099787616636604092 -0.011301762890070675 4.4666664600372323 2.5000000000000004 -0.00013839048915542659 7.8999998569488534 -32.499999999999993 -0.55500000715255726 0.0036681651836261158 21.760101318359379 -0.10424339026212691 -0.5349999964237212 -0.00038981500256340945 3.5000000000000004 1.0000000180025095e-35 11.500000000000002 82.500000000000014 -24.499999999999996 0.00037570012500509625 4.5000000000000009 17.500000000000004 0.0057943798601627359 9.9965000117663308e-05 0.0043794745579361924 49.848630905151374 -9.4999999999999982 -7.333347093663177e-05 7.9927256592782228e-05 0.21499999612569812 -0.0012492397218011317 0.28499999642372137 0.00062191046890802692 0.0078639835119247454 -1.0000000180025095e-35 10.500000000000002 32.107763290405281 -0.71500000357627858 0.00041115000203717505 62.500000000000007 0.0018697518971748652 8.0550003076496085e-06 -7.7809039794374244e-05 20.500000000000004 36.207365036010749 56.500000000000007 62.500000000000007 0.26666666567325598 -0.061770446598529809 0.0002039899991359562 4.5750000476837167 0.001264571968931705 -4.7739998990437009e-05 0.00084736000280827295 0.99000000953674328 2.5000000000000004 3.5000000000000004 34.080366134643562 -0.0070851035416126243 4.5000000000000009 79.500000000000014 3.966666698455811 0.085993643850088133 -0.76499998569488514 0.015435507986694576 0.33500000834465032 17.500000000000004 0.35500000417232519 -24.499999999999996 -0.84999999403953541 51.500000000000007
decision_type=2 2 2 2 2 2 2 2 2 2 2 2 2 2 2 2 2 2 2 2 2 2 2 2 2 2 2 2 2 2 2 2 2 2 2 2 2 2 2 2 2 2 2 2 2 2 2 2 2 2 2 2 2 2 2 2 2 2 2 2 2 2 2 2 2 2 2 2 2 2 2 2 2 2 2 2 2 2 2 2 2 2 2 2 2 2 2 2 2 2 2 2 2 2 2 2 2 2 2 2 2 2 2 2 2 2 2 2 2 2 2 2 2 2 2 2 2 2 2 2 2 2 2 2 2 2
left_child=1 6 -3 4 5 -4 7 8 13 10 11 -9 83 20 15 16 19 18 -18 -10 21 -1 23 89 25 -24 -26 -27 -25 30 -30 32 41 35 36 39 37 38 99 49 106 -8 43 -43 45 47 -47 48 -37 -33 -20 -40 53 54 -28 -55 81 -48 59 63 61 62 -60 64 77 -64 -65 69 -62 -68 -71 72 -67 -73 -75 76 110 -42 100 80 -80 -54 -74 -12 -52 -86 -87 -17 -36 93 91 105 -92 -11 -94 108 -97 98 -16 -34 112 102 -102 -89 -76 -91 -35 -93 -69 -100 -44 -112 -57 -114 118 116 -116 -118 119 124 -120 -121 -122 -124 -61 -126
right_child=-2 2 3 -5 -6 -7 31 9 14 22 12 -13 -14 -15 97 87 17 -19 50 -21 -22 -23 24 28 26 27 52 -29 29 -31 -32 33 34 40 88 44 -38 -39 51 -41 58 42 75 -45 -46 46 57 -49 -50 -51 84 -53 56 55 -56 78 -58 -59 60 114 68 -63 65 66 -66 71 67 95 -70 70 -72 73 82 74 104 -77 -78 -79 79 -81 -82 -83 -84 -85 85 86 -88 103 -90 90 92 107 94 -95 -96 96 -98 -99 109 -101 101 -103 -104 -105 -106 -107 -108 -109 -110 -111 111 -113 113 -115 115 -117 117 -119 120 121 122 -123 123 -125 125 -127
leaf_value=-0.0036594550410554531 -0.0013293531729577093 0.019859317003012533 -0.020405251828084395 -0.00092557251297654226 0.0077808913359661436 -0.0057749369891867 0.0031435435545404604 -0.021743713455379871 -0.025875507090243506 0.0054198593022129985 0.071896883890421467 0.038252617294521334 0.012970676575646599 0.0040270247477379971 -0.013407490949304499 0.0042642191918828374 -0.074849725428256617 0.0039808238819937607 0.038287499314180996 -0.081127174914727651 0.013766642884479438 -0.031919129523326865 0.0012797230979371796 0.0028071476223222539 -0.0077260706214855347 0.018447935816818337 0.020728966724093724 0.005961851168207126 -0.014834655449200039 0.0012146929294318258 -0.0026746374601205828 0.011305490756025211 -0.0024652820575593987 0.033589573003865829 0.0088852238828287366 -0.071738038076260224 0.0086927875943330919 -0.0059019923063820326 -0.0088480739754045572 -0.0020680443083637861 0.0039287809576817765 -0.021280702365742844 0.012675491843902232 0.0067688191163338771 -0.0099925921137831025 0.023215678899872971 -0.016760716426779506 0.012476181737289049 -0.013448840355351939 -0.043094279172519095 -0.031398778030390109 -0.070566024467600547 0.023831311617294421 -0.036694191374842484 -0.016052321081061482 -0.015674840765777291 0.023380825513682479 0.0026525692622942944 -0.05181688093699946 0.0067770897022725908 0.04341444562310226 0.014431078088541431 0.014038861304048557 0.017091667579723035 0.029328313516056838 -0.0064907435933160857 0.0097744570349542342 -0.0018166860738497916 0.0014501737740520218 -0.077480270842362198 -0.016211056022404038 0.036774057372983379 -0.0017689660160324435 0.0075630288664341946 -0.0025546791130603213 0.0017852607935991555 -0.0022715391569580845 -0.046059021431913323 -0.00031885214676965345 -0.012628191392753877 0.016533029615105603 -0.0021601270913853888 0.047784118802643723 0.023749041099465563 0.03861311437830256 0.012735581885144374 -0.022702161877174751 -0.0046826079889581646 -0.00028362493357451057 -0.012305262120302522 -0.025623467466586961 -0.013148281484910308 0.010731787694080593 0.053393800078652735 -0.013450093759161447 -0.075629717473498767 -0.0011400455706370182 -0.0079627583503658964 0.010941344416529289 0.0085851702720331716 -0.080236322617501687 -0.0059186903045279973 -0.022069583895311783 -0.062345639034771409 0.017268572110035626 0.044832918663612699 -0.0085547360669667814 0.0037582653557231612 -0.051442268831841768 -0.020751583493574317 -0.048465916847811569 -0.014982849860593644 0.055811581200613095 0.0029046539719047673 0.0068628123161932585 -0.0064136633812356073 0.054006795275181069 0.014676871312179081 0.0059828787286521868 -0.012031574047046269 -0.033978014105241483 -0.070422250528991578 -0.043772356193012535 0.00023380033095115051 0.0043952305122407524 -0.022636726839508164
leaf_weight=14426.10247579217 160072.20954757929 1009.6152310371399 1904.1462343931198 46388.368365332484 1939.0000757575035 13494.634154543281 26850.903911203146 777.49278277158737 1957.8351983577013 9512.9743217229843 300.48922447860241 242.17976894974709 1391.4788667559624 14704.617231398821 1310.308417096734 2196.8917391449213 219.92907854914665 1769.6963784843683 126.00942215323448 173.5258950740099 1174.1896639019251 650.42060579359531 16469.775715053082 4385.4511743932962 6689.6765811443329 3392.4489692896605 1564.1848502606153 8548.010069295764 8690.3506134450436 4581.517906576395 4971.7760393470526 4128.7859746217728 3566.6098507791758 662.71857298910618 4798.4232359528542 185.7187897413969 26763.109617635608 5027.4863974004984 271.99397572875023 10054.386387273669 9861.4587742686272 1906.4015676826239 352.26481854915619 718.00235868990421 11318.825187116861 1566.652178183198 1257.8242860585451 829.96422930061817 2976.9066371917725 132.15083053708076 1038.1658938974142 147.08900833129883 660.03901952505112 318.16326390206814 382.00637738406658 953.90299788117409 1389.6420763880014 3880.9326264858246 220.81706850230694 2930.8716049045324 212.76023083925247 2233.9901955723763 1570.3873143643141 1047.8266884982586 819.12435582280159 23448.593216225505 149.07318657636642 33446.794377788901 85380.547362223268 207.33119237422943 183.13248230516911 274.79037488996983 303.28236401081085 4384.5932851284742 44940.193838000298 19819.820751786232 11405.169506832957 143.77271164953709 5809.9836850166321 1482.8938875049353 3210.220914259553 2436.4122965037823 268.07467430830002 300.35943391919136 186.76953133940697 401.04749420285225 1217.1777534633875 263.56386981904507 28079.226468294859 128.25764454901218 1379.948462843895 1430.6648801267147 1233.590129211545 186.90905013680458 1661.5618384629488 263.24216465651989 733.88935212790966 7994.5833127498627 3451.0403467267752 12624.66089490056 134.75175365805626 4111.3818580210209 945.06998273730278 163.70261941850185 866.766167730093 504.43777830898762 260.97597062587738 5997.7963071763515 134.47511413693428 360.98419089615345 342.9993479847908 1963.9058874845505 145.75303401052952 3701.8429162949324 14276.541375786066 1891.4899438917637 310.27059726417065 3405.8682562112808 28427.894415900111 356.14391592144966 428.49070891737938 229.5442323833704 240.97303242981434 8239.6112439930439 1273.0164169222116 1316.4135468006134
leaf_count=58001 644066 4061 7655 186363 7807 54357 107770 3123 7870 38335 1208 973 5587 59197 5267 8823 886 7115 506 697 4715 2610 66050 17610 26886 13607 6283 34286 34895 18396 19936 16605 14452 2697 19308 745 107687 20203 1092 40352 39620 7662 1414 2887 45404 6316 5077 3342 11938 531 4169 593 2646 1280 1536 3847 5581 15610 886 11787 853 8990 6396 4255 3335 94185 602 134246 342368 837 737 1104 1219 17659 180743 79595 45806 577 23419 5943 12884 9772 1077 1205 752 1609 4882 1058 112809 522 5575 5762 4978 752 6712 1056 2943 32119 13881 50696 542 16510 3798 657 3489 2059 1052 24173 542 1452 1377 7882 587 14858 57385 7604 1259 13679 114245 1434 1719 927 967 33051 5123 5297
internal_value=0 0.000375896 -0.00192449 -0.00226962 -0.00586569 -0.00758406 0.000616037 -0.000554677 -0.0031317 0.000705138 0.0129961 -0.00749414 0.023483 5.9052e-05 -0.00745783 -0.0122821 -0.0165356 -0.0105878 -0.0186722 -0.0303739 -0.00353141 -0.00487861 0.000359189 -0.00184713 0.00193981 0.00473852 -0.000403189 0.00950932 -0.00549471 -0.00749033 -0.0104095 0.0010363 0.00235789 0.000423004 0.00399184 -0.00303685 0.00598707 0.00264046 0.00522602 0.00141038 0.000879536 0.000261842 -0.00185756 -0.0136067 -0.00592844 -0.00162843 0.00381532 -0.010771 -0.0168718 0.00961831 -0.0145111 -0.0305097 0.00139477 -0.000217718 0.0135094 -0.00150126 0.00957573 -0.00209926 0.000809514 0.00220048 -0.000125547 -0.00195712 -0.00243709 -0.000679872 0.00518692 -0.00229373 -0.00243579 -0.00301844 0.00155448 -0.0325756 -0.0487442 -0.00263806 -0.00582539 -0.00112102 -0.00132849 -0.000947561 -0.00479872 0.00321047 -0.000954947 0.00309393 0.0056786 0.0033802 0.0214808 0.0478282 -0.0168511 -0.00848381 -0.0139196 -0.000789694 0.00105455 0.0018986 -0.00159699 0.00307247 -0.0104018 0.00634428 -0.00314648 -0.00255725 -0.0208053 -0.00388497 0.00247935 0.00615098 -0.00521063 -0.0107881 -0.0293283 -0.0267756 -0.00217958 0.0332501 0.0216823 0.000502194 -0.00201541 0.00794014 -0.0156378 -0.0199612 0.000819536 0.00490885 0.00433777 0.00767395 0.00915491 0.0179606 0.00281078 -0.00406016 0.00393443 -0.0349162 -0.00260193 -0.00101662 -0.000786427 -0.00934727
internal_weight=0 684862 64735.8 63726.1 17337.8 15398.8 620126 163810 53786.6 110023 3012 1019.67 1992.33 30955.3 22831.2 9714.31 7090.16 4958.8 3189.1 2131.36 16250.7 15076.5 107011 44665.2 62346.2 28410.2 33935.9 11940.5 22629.1 18243.6 13662.1 456316 144638 311678 81278.6 36332.1 48400.9 21637.8 16610.4 14315.3 275346 63359.5 36508.6 2624.4 22016.8 10698 6705.41 3992.59 3162.63 4260.94 2969.17 419.083 27246.2 22760.2 1946.19 20814 4486.09 5138.76 274422 110317 164105 78511.5 76277.5 46990.1 10824.4 76056.7 36165.8 35117.9 85593.3 539.537 390.464 74486.3 24020 50466.3 50191.6 33884.2 14064.3 10005.2 20495.8 10503.1 9020.2 3096.45 571.357 600.849 2843.16 1804.99 1618.23 2624.16 32877.6 22036.1 12336.3 8061.16 4275.1 9699.88 2895.15 34578.4 997.132 13116.9 5122.33 16191.3 9992.7 5191.2 1079.82 427.266 45807 632.695 923.695 7428.46 33581.3 3812.02 2659.17 2306.91 4801.5 3847.6 63327.1 19884.2 17992.7 3716.14 43443 6105.99 37337 585.688 8909.07 8480.58 5520.3 2589.43
internal_count=3395789 2751723 260243 256182 69819 62012 2491480 658382 216266 442116 12096 4096 8000 124523 91743 39024 28486 19919 12804 8567 65326 60611 430020 179705 250315 113943 136372 47893 90837 73227 54831 1833098 581233 1251865 326840 145920 194723 87036 66833 57488 1105945 254393 146623 10549 88432 43028 27003 16025 12683 17136 11918 1685 109486 91487 7819 83668 17999 20687 1102196 443227 658969 315748 306758 188750 43532 305872 145218 140963 343221 2176 1574 299476 96481 202995 201891 136074 56479 40197 82388 42246 36303 12418 2296 2413 11412 7243 6491 10538 132117 88868 49781 32516 17265 39087 11690 138787 3999 52719 20600 65148 40142 20850 4340 1715 184232 2581 3749 29935 134788 15333 10673 9259 19292 15445 254477 79927 72323 14938 174550 24568 149982 2361 35737 34018 22207 10420
is_linear=0
shrinkage=0.1


end of trees

feature_importances:
f_fund_hours_since=373
f_utc_hour=312
f_macro_curve_10y2y=275
f_macro_curve_chg_90d=227
f_sent_fng=197
f_sent_fng_chg_7d=179
f_dow=178
f_ret_1440m=140
f15_rsi14=123
f15_s13_55=114
f15_volz_96=100
f_macro_ff_chg_90d=95
f15_ret_1b=94
f15_bb_w=86
f15_bb_pos=85
f_rsi14_1m=84
f15_macd_hist_n=84
f_macro_ff_level=81
f15_ret_4b=74
f_rvol_240=71
f15_s5_13=61
f15_ed13=57
f_fund_last=53
f15_atr14_n=48
f_ret_240m=47
f_pair_id=47
f15_ed55=46
f_macd_hist_n=44
f_atr14_1m_n=41
f_ed5=41
f_rvol_60=37
f_bb_pos_1m=36
f15_ed5=33
f_s5_13=31
f_ret_60m=30
f_fund_roc=29
f_macd_line_n=28
f_bb_w_1m=28
f_ed13=28
f_rvol_15=26
f_macd_sig_n=26
f_s13_55=24
f_ret_15m=23
f_ed55=19
f_volz_1440=18
f_ret_1m=17
f_ret_5m=16

parameters:
[boosting: gbdt]
[objective: binary]
[metric: binary_logloss]
[tree_learner: serial]
[device_type: cpu]
[data_sample_strategy: bagging]
[data: ]
[valid: ]
[num_iterations: 31]
[learning_rate: 0.1]
[num_leaves: 127]
[num_threads: 2]
[seed: 42]
[deterministic: 1]
[force_col_wise: 0]
[force_row_wise: 1]
[histogram_pool_size: -1]
[max_depth: -1]
[min_data_in_leaf: 500]
[min_sum_hessian_in_leaf: 0.001]
[bagging_fraction: 0.8]
[pos_bagging_fraction: 1]
[neg_bagging_fraction: 1]
[bagging_freq: 1]
[bagging_seed: 400]
[feature_fraction: 0.8]
[feature_fraction_bynode: 1]
[feature_fraction_seed: 30056]
[extra_trees: 0]
[extra_seed: 12879]
[early_stopping_round: 0]
[early_stopping_min_delta: 0]
[first_metric_only: 0]
[max_delta_step: 0]
[lambda_l1: 0]
[lambda_l2: 0]
[linear_lambda: 0]
[min_gain_to_split: 0]
[drop_rate: 0.1]
[max_drop: 50]
[skip_drop: 0.5]
[xgboost_dart_mode: 0]
[uniform_drop: 0]
[drop_seed: 17869]
[top_rate: 0.2]
[other_rate: 0.1]
[min_data_per_group: 100]
[max_cat_threshold: 32]
[cat_l2: 10]
[cat_smooth: 10]
[max_cat_to_onehot: 4]
[top_k: 20]
[monotone_constraints: ]
[monotone_constraints_method: basic]
[monotone_penalty: 0]
[feature_contri: ]
[forcedsplits_filename: ]
[refit_decay_rate: 0.9]
[cegb_tradeoff: 1]
[cegb_penalty_split: 0]
[cegb_penalty_feature_lazy: ]
[cegb_penalty_feature_coupled: ]
[path_smooth: 0]
[interaction_constraints: ]
[verbosity: -1]
[saved_feature_importance_type: 0]
[use_quantized_grad: 0]
[num_grad_quant_bins: 4]
[quant_train_renew_leaf: 0]
[stochastic_rounding: 1]
[linear_tree: 0]
[max_bin: 255]
[max_bin_by_feature: ]
[min_data_in_bin: 3]
[bin_construct_sample_cnt: 200000]
[data_random_seed: 175]
[is_enable_sparse: 1]
[enable_bundle: 1]
[use_missing: 1]
[zero_as_missing: 0]
[feature_pre_filter: 1]
[pre_partition: 0]
[two_round: 0]
[header: 0]
[label_column: ]
[weight_column: ]
[group_column: ]
[ignore_column: ]
[categorical_feature: ]
[forcedbins_filename: ]
[precise_float_parser: 0]
[parser_config_file: ]
[objective_seed: 16083]
[num_class: 1]
[is_unbalance: 0]
[scale_pos_weight: 1]
[sigmoid: 1]
[boost_from_average: 1]
[reg_sqrt: 0]
[alpha: 0.9]
[fair_c: 1]
[poisson_max_delta_step: 0.7]
[tweedie_variance_power: 1.5]
[lambdarank_truncation_level: 30]
[lambdarank_norm: 1]
[label_gain: ]
[lambdarank_position_bias_regularization: 0]
[eval_at: ]
[multi_error_top_k: 1]
[auc_mu_weights: ]
[num_machines: 1]
[local_listen_port: 12400]
[time_out: 120]
[machine_list_filename: ]
[machines: ]
[gpu_platform_id: -1]
[gpu_device_id: -1]
[gpu_use_dp: 0]
[num_gpu: 1]

end of parameters

pandas_categorical:null
