tree
version=v4
num_class=1
num_tree_per_iteration=1
label_index=0
max_feature_idx=46
objective=binary sigmoid:1
feature_names=f_ret_1m f_ret_5m f_ret_15m f_ret_60m f_ret_240m f_ret_1440m f_rvol_15 f_rvol_60 f_rvol_240 f_atr14_1m_n f_rsi14_1m f_macd_line_n f_macd_sig_n f_macd_hist_n f_bb_w_1m f_bb_pos_1m f_ed5 f_ed13 f_ed55 f_s5_13 f_s13_55 f_volz_1440 f15_rsi14 f15_macd_hist_n f15_atr14_n f15_bb_w f15_bb_pos f15_ed5 f15_ed13 f15_ed55 f15_s5_13 f15_s13_55 f15_ret_1b f15_ret_4b f15_volz_96 f_fund_last f_fund_roc f_fund_hours_since f_utc_hour f_dow f_pair_id f_macro_ff_level f_macro_ff_chg_90d f_macro_curve_10y2y f_macro_curve_chg_90d f_sent_fng f_sent_fng_chg_7d
feature_infos=[-0.055721096694469452:0.066688917577266693] [-0.11819389462471008:0.094388671219348907] [-0.18875992298126221:0.14216624200344086] [-0.25236663222312927:0.28640776872634888] [-0.27143561840057373:0.6293795108795166] [-0.46767312288284302:0.74770742654800415] [1.2449382325030456e-07:0.045530855655670166] [6.8988188104412984e-06:0.045553404837846756] [2.2243382773012854e-05:0.023610441014170647] [9.148259323410457e-07:0.038665905594825745] [0.49350163340568542:99.073249816894531] [-0.062426988035440445:0.030646150931715965] [-0.054810579866170883:0.030501140281558037] [-0.025128612294793129:0.018688643351197243] [0:0.29464671015739441] [-0.5793948769569397:1.8398704528808594] [-0.029463410377502441:0.045002970844507217] [-0.06145942211151123:0.11802413314580917] [-0.08469843864440918:0.1992173045873642] [-0.073021166026592255:0.031996008008718491] [-0.13405008614063263:0.060940299183130264] [-2.2686381340026855:37.067359924316406] [4.1944828033447266:94.128898620605469] [-0.031346246600151062:0.03234303742647171] [0.00013459115871228278:0.071492746472358704] [0.0005710501573048532:0.78094387054443359] [-0.58126324415206909:1.5802830457687378] [-0.10297811031341553:0.23657257854938507] [-0.13356891274452209:0.25256693363189697] [-0.27911198139190674:0.35065776109695435] [-0.098590679466724396:0.11045817285776138] [-0.22565822303295135:0.20016162097454071] [-0.15898577868938446:0.15395614504814148] [-0.28520029783248901:0.28417494893074036] [-2.8244624137878418:9.6872224807739258] [-0.02500000037252903:0.0017558200052008033] [-0.017500000074505806:0.019319240003824234] [0.01666666753590107:7.9833331108093262] [0:23] [0:6] [0:3] [0.070000000298023224:5.3299999237060547] [-0.75:2] [-1.0800000429153442:1.1299999952316284] [-0.89999997615814209:0.81999999284744263] [6:94] [-50:49]
tree_sizes=14433 14422 14373 14385 14411 14404 14417 14448 14462 14418 14363 14345 14417 14480 14441 14459 14420 14421 14512 14418 14364 14480 14460 14401 14437 14462 14361 14384 14438 14285 14364 14307 14330 14335 14436 14350 14415 14235

Tree=0
num_leaves=127
num_cat=0
split_feature=28 18 10 10 32 32 32 32 22 10 43 39 38 18 16 22 10 10 43 24 26 16 30 16 42 10 28 26 26 38 39 3 0 3 39 38 26 23 13 10 22 38 39 44 43 10 26 5 16 42 12 38 39 31 2 35 38 3 44 11 3 40 8 16 39 44 18 40 44 30 16 8 43 44 43 5 5 43 36 22 10 43 44 18 13 13 39 31 3 2 38 43 21 13 31 46 28 42 40 39 32 29 21 25 38 5 32 22 2 25 44 13 4 5 5 46 23 5 43 9 39 35 0 10 39 39
split_gain=4413.51 1114.22 1033.52 488.805 273.414 235.685 169.136 163.967 145.963 144.134 139.553 129.683 107.946 98.4057 96.0959 84.273 83.7642 79.042 73.4284 68.2805 65.6635 97.292 63.7519 63.0276 83.2232 60.3836 59.0605 57.5055 54.0118 53.1821 49.1345 49.8186 48.7758 53.3165 48.4626 57.1859 47.9677 47.515 47.4741 45.4703 45.0353 47.287 44.8069 44.6441 44.2601 40.5753 39.2086 39.1759 38.8209 38.4195 49.1458 38.2615 38.131 39.1832 37.2195 42.0342 36.8801 36.7506 36.6745 35.9907 35.0809 36.1284 34.7765 45.6196 34.2982 56.8542 38.4633 34.1339 33.9353 33.6275 43.0417 33.0896 33.0554 32.8352 32.6932 37.2872 32.5936 32.5294 32.151 31.9756 31.7139 30.9039 30.676 30.6043 30.5574 30.4507 30.363 30.3407 29.8926 29.778 29.6576 29.6296 29.2557 29.0006 28.296 27.9179 27.8021 27.7566 27.5624 27.4941 27.3869 27.2107 28.5481 27.206 27.1345 27.5811 27.0174 26.9512 26.9469 26.6188 26.0773 26.2569 27.002 26.3239 34.7441 30.0154 25.9923 25.7889 25.7169 25.3102 25.2208 25.2141 25.0828 25.066 25.0012 24.9976
threshold=-0.00054097073734737922 0.0014026932185515764 62.273021697998054 31.589191436767582 -9.3091999588068561e-05 -0.00036947568878531451 -0.00041236782271880651 0.0003922665491700173 59.507543563842781 40.024515151977546 0.14500000327825549 5.5000000000000009 16.500000000000004 -0.0016402011970058081 0.00080313035869039606 51.356851577758796 69.823730468750014 39.689512252807624 -0.25499999523162836 0.0023541889386251573 0.23443905264139178 -0.00022545041429111731 0.00043606742110569035 0.00017104614380514252 0.25499999523162847 61.895153045654304 0.0045986992772668609 0.68687292933464061 0.19788809120655063 1.5000000000000002 5.5000000000000009 0.0040247708093374976 -0.0029479243094101544 -0.034068483859300606 5.5000000000000009 17.500000000000004 0.77165928483009349 -0.00032714236294850702 -0.00016769806825323028 73.090190887451186 40.503288269042976 12.500000000000002 5.5000000000000009 -0.44499999284744257 0.19500000029802325 41.598934173583991 0.060631915926933296 -0.033515596762299531 -0.00044750679808203126 0.74500000476837169 -0.0010318024433217941 1.5000000000000002 2.5000000000000004 0.00082637212472036492 0.0038032155716791753 0.00010520999785512687 1.5000000000000002 -0.0080142929218709451 -0.03499999921768903 0.00010583625771687367 0.0032442851224914197 1.5000000000000002 0.00011797929255408236 4.0387894841842362e-06 5.5000000000000009 -0.22500000149011609 -0.00050836455193348218 1.5000000000000002 0.69500002264976513 -0.00064775469945743669 -0.00075132847996428598 0.00076521301525644969 -0.50499999523162831 1.0000000180025095e-35 0.56499999761581432 -0.019480287097394463 -0.027044263668358322 0.20499999821186068 -0.00017057500372175125 37.431667327880866 37.878631591796882 -0.39499999582767481 -0.1649999991059303 -0.00078191459761001159 -0.00033965676266234363 -0.0001866386519395746 5.5000000000000009 0.018624854274094108 -0.0031047780066728588 -0.016770443879067894 1.5000000000000002 -0.17500000447034833 -0.062660720199346528 0.00024892447981983429 0.012423254549503328 22.500000000000004 -0.0051006316207349292 0.25499999523162847 2.5000000000000004 5.5000000000000009 0.0016804980696178975 -0.0005813264288008212 -0.70111852884292591 0.010159891098737718 4.5000000000000009 0.0036815125495195393 -0.0017198946443386374 30.704277992248539 -0.0061260377988219252 0.01069546351209283 0.76499998569488536 -0.00010023692084359935 -0.00059337602579034854 -0.0090993279591202719 0.026307662017643455 -1.0000000180025095e-35 -0.00010638597814249805 -0.052147632464766495 0.18500000238418582 0.0013485811068676414 1.0000000180025095e-35 7.4380001024110256e-05 0.00019958413759013641 27.847782135009769 3.5000000000000004 5.5000000000000009
decision_type=2 2 2 2 2 2 2 2 2 2 2 2 2 2 2 2 2 2 2 2 2 2 2 2 2 2 2 2 2 2 2 2 2 2 2 2 2 2 2 2 2 2 2 2 2 2 2 2 2 2 2 2 2 2 2 2 2 2 2 2 2 2 2 2 2 2 2 2 2 2 2 2 2 2 2 2 2 2 2 2 2 2 2 2 2 2 2 2 2 2 2 2 2 2 2 2 2 2 2 2 2 2 2 2 2 2 2 2 2 2 2 2 2 2 2 2 2 2 2 2 2 2 2 2 2 2
left_child=2 5 4 11 9 20 10 30 23 38 19 18 13 25 36 40 27 43 28 -5 21 69 48 24 57 -7 34 60 -3 -24 31 83 33 -20 35 47 -10 -8 123 56 41 44 -22 77 -15 -44 -23 -21 -11 -19 -51 -38 58 121 78 -56 118 -6 87 -43 -9 -62 63 -58 67 -66 -67 -26 96 70 90 -36 -39 -33 75 119 79 -12 -14 89 -73 99 -65 -4 122 -53 -74 -18 -31 -28 -2 -13 -92 -78 -34 -48 -25 -50 -69 -29 -98 103 -103 -80 105 -55 108 -35 -30 -72 111 125 113 115 -115 -113 -106 -108 -17 -59 -49 -54 -16 -1 -87 -42
right_child=1 3 7 6 8 12 37 16 14 22 17 91 54 15 84 39 52 49 32 26 42 46 29 68 64 -27 76 81 106 88 -32 73 94 107 71 -37 51 72 -40 -41 110 59 45 -45 -46 -47 95 120 97 50 -52 85 53 104 55 -57 62 74 -60 -61 61 -63 -64 82 65 66 -68 98 -70 -71 109 80 86 -75 -76 -77 93 -79 101 -81 -82 -83 -84 -85 -86 124 -88 -89 -90 -91 92 -93 -94 -95 -96 -97 100 -99 -100 -101 -102 102 -104 -105 116 -107 117 -109 -110 -111 -112 112 -114 114 -116 -117 -118 -119 -120 -121 -122 -123 -124 -125 -126 -127
leaf_value=0.049049912263817955 0.01983779574615183 0.035048130247069639 -0.001994920654355923 0.034258887851130626 0.038455357398552499 -0.00096378301275624198 0.009163374898618383 -0.005551445098563583 -0.0036044030311166938 -0.0015719757356684157 0.0020307308003503833 0.049977099539534414 0.025872909177391303 0.013348183626970716 0.006974639205174939 -0.022065014440924707 -0.021729659562836196 0.0073515167240997253 0.078568887082638664 -0.0038351983297281781 0.0049374403758231508 0.022195212666599507 -0.0098415766961575443 -0.0066313156806917153 -0.01323885600716251 -0.015246889968555945 0.053962126274853368 -0.019887983309612091 0.03926050713049957 0.0062834134476506369 -0.017897609556090606 -0.016354723036270332 0.016249122815850916 0.056891242202515062 0.034601677333276466 0.020239169390792774 -0.020944560580605044 0.013572283356813625 0.0022095849830853134 0.051355116863887426 0.0038312767085444911 0.0077716552619637291 0.021133657086106414 0.012552537175286095 0.0025886351335045769 0.0080747922753233153 0.013871938981916656 0.020442021451351405 0.013857893384314949 -0.018413739234386918 0.011771906366581597 -0.0067991023748979282 -0.03666371979812006 -0.044365133302072146 -0.005710968332488315 0.026346204828521444 0.0079055785114817926 0.0082350724145830809 -0.012137995370031084 -0.0089197866295566142 -0.020950771965655531 -0.0091893516588505437 -0.0020957417222443619 -0.091460510482761409 -0.03689997791241352 -0.017450723157067402 0.01885318176351293 0.0026649519168285155 0.041089603219656684 -0.0061138387761435868 0.0045127038894872745 0.034803477251998199 -0.0014291567806273956 -0.0044890639087778374 -0.0093651395161770627 -0.0028508964440140676 0.023974895214109809 0.030584251991842573 -0.0040971295996718848 0.0074995955382712014 0.0048450783993219965 -0.014862666070268768 -0.025555510625831883 0.016839708493496579 -0.0053674644816490563 -0.0098374601050908918 0.013479645519027096 -0.064636019312923426 -0.00083800533946486047 0.017719130299089655 0.006268437030151763 0.033611649309831314 -0.0059092356855876185 0.014861941662011982 0.032737290974806661 -0.0093925044718678793 -0.0013065895155668704 0.0015020957774257455 -0.010034249498571558 -0.037864607094661121 0.0051582027295309744 0.019613956912774143 0.0075218266957424243 0.0066810862715385392 -0.0331753057763223 -0.004101127550020631 -0.019944261935179369 0.021364088333199787 0.022051919881987531 0.014475316353199603 0.032422033627238625 -0.0027903124876073279 0.0040944420677119864 -0.0043054662000757467 0.0059694104369098274 0.0082029192446689565 -0.018556710674188445 0.018754301221256951 -3.2499735601185069e-05 -0.003841399311928772 0.0089636330830650136 -0.024735438115931811 -0.014692263104752927 0.015006471882185199 -0.015392244825960898 0.016606879594305006
leaf_weight=222.24972181022167 873.24890695512295 6092.2423743456602 9513.9880913496017 2261.9971686601639 223.74971993267536 6010.9924760460854 26378.716981783509 9515.7380891591311 10106.237350031734 3996.9949969649315 478.9994004368782 1862.4976687133312 912.24885813891888 10810.736468210816 5481.4931388199329 1796.9977506995201 5157.7435440570116 22675.22161744535 239.74969990551472 2147.9973113536835 53135.683490112424 6749.4915516674519 6232.9921981692314 4138.7448195368052 7020.4912124574184 5831.2427010387182 232.99970835447311 7796.9902405142784 1479.9981474876404 6442.991935312748 3487.4956347048283 4598.7442437559366 18191.22723005712 259.74967487156391 1639.4979478418827 5810.4927270114422 3688.7453828006983 2187.7472615987062 3634.2454510182142 147.99981474876404 10024.737452045083 2360.2470456808805 3316.245849058032 22111.222323402762 5914.9925962090492 8421.4894588291645 15150.481036156416 2218.7472227960825 6311.7420995980501 1349.9983102083206 898.24887566268444 16008.229962512851 2956.4962993562222 190.74976123869419 3933.2450767606497 456.49942860007286 195.74975498020649 5987.7425051480532 7142.4910597503185 2853.7464279681444 4331.7445779591799 6577.4917669594288 18890.22635512054 126.74984134733677 1196.9985017180443 1070.2486603707075 401.24949775636196 3626.4954607188702 212.49973401427269 1909.2476101964712 3847.7451837807894 520.24934880435467 11734.485311955214 4731.7440772801638 5501.9931131601334 27992.714961543679 15582.730495110154 2388.497010320425 3965.495036393404 3620.4954682290554 1101.4986212551594 22881.721358969808 159.49980035424232 948.74881245195866 5622.992961704731 19897.725094035268 1545.9980648756027 170.24978689849377 69211.663367822766 8381.9895082712173 4105.9948605298996 2724.7465894371271 3797.2452469915152 4500.7443664222956 1103.9986181259155 533.99933159351349 12135.4848100245 2553.7468034774065 3232.495953887701 954.99880462884903 14244.732169881463 2095.74737675488 28546.214268729091 5719.9928402900696 1668.7479112297297 1573.748030140996 179.74977500736713 1199.9984979629517 2362.4970428645611 8851.2389209121466 274.74965609610081 4449.2444308847189 15021.481197625399 21156.223518773913 3897.2451218217611 5621.9929629564285 4485.7443851977587 4101.9948655366898 751.24905966222286 2443.7469411641359 13947.982541322708 4423.4944631159306 591.99925899505615 8053.4899194538593 13668.732890859246 1807.7477372437716
leaf_count=889 3493 24369 38056 9048 895 24044 105515 38063 40425 15988 1916 7450 3649 43243 21926 7188 20631 90701 959 8592 212543 26998 24932 16555 28082 23325 932 31188 5920 25772 13950 18395 72765 1039 6558 23242 14755 8751 14537 592 40099 9441 13265 88445 23660 33686 60602 8875 25247 5400 3593 64033 11826 763 15733 1826 783 23951 28570 11415 17327 26310 75561 507 4788 4281 1605 14506 850 7637 15391 2081 46938 18927 22008 111971 62331 9554 15862 14482 4406 91527 638 3795 22492 79591 6184 681 276847 33528 16424 10899 15189 18003 4416 2136 48542 10215 12930 3820 56979 8383 114185 22880 6675 6295 719 4800 9450 35405 1099 17797 60086 84625 15589 22488 17943 16408 3005 9775 55792 17694 2368 32214 54675 7231
internal_value=0.00225637 0.00875295 -0.00581559 0.0145639 -0.00257511 0.00465531 0.0120066 -0.0143374 -0.00513208 0.00136835 0.0140353 0.0244412 0.00224571 0.000649743 -0.00838342 0.00161336 -0.0164909 0.0100995 0.0223808 0.0172048 0.00821952 0.0111176 6.50343e-05 -0.00240293 -0.00432384 -0.00799694 0.0165587 -0.0141251 0.0279302 -0.000963005 -0.0069531 -0.00502471 0.018623 0.034864 0.0131421 0.0115954 -0.00992057 0.00658303 0.0117369 -0.00388721 0.00305516 0.00695103 0.00617264 0.014075 0.00954311 0.0117643 0.0158223 0.00885311 0.00660994 0.00611523 -0.00635358 -0.011119 -0.0209261 -0.0242717 0.00637661 -0.00237727 -0.00426019 -0.00196453 -0.0168218 -0.00136398 -0.00998887 -0.0138595 -0.00277254 -0.0292971 -0.0103333 -0.0207162 -0.00755134 -0.00833709 0.00126604 0.00660423 0.00773491 0.0245835 0.00218266 -0.0103373 -0.00218024 -0.00109494 0.0194539 0.0258145 0.00730841 0.0153853 0.0144556 -0.0167957 -0.0547379 -0.000287018 -5.53659e-05 -0.0103879 0.000306396 -0.0231007 -0.000231523 0.0186994 0.00234976 0.0402563 0.000417468 0.0219327 0.0171925 0.0130799 0.000988756 0.0102987 -0.00331991 -0.0218496 0.00218425 0.00688846 0.00834886 0.0022682 -0.0193861 -0.00845384 0.0225927 0.0276858 0.0286801 0.0114567 0.00168216 0.00154589 0.000546072 -0.00097143 -0.00270714 0.00334636 -0.0225204 0.0171297 -0.0155696 0.00473488 0.0105389 -0.029514 0.00486271 0.0159207 -0.0120994 0.00578311
internal_weight=0 467940 374265 193515 271156 274425 153717 103109 164496 106660 111870 39798.5 163733 118104 75066.2 106262 79828.2 49902.2 35211.2 61967.4 110692 45818.7 94750.1 89429.4 58697.9 11842.2 59705.4 52058.7 14216.5 81887.6 23280.7 19793.2 20994.7 1699.5 27386.5 24125.2 63369.7 41846.9 11910 22068.5 84193.1 21939.7 64873.4 24978.7 16725.7 11737.7 22434 18314.7 12862.5 24923.5 2248.25 53263.4 27769.5 15299 45629.4 4389.74 21920.5 42149.9 12470.5 5213.99 20425 10909.2 19372.2 481.999 16548 2668.5 1471.5 13879.5 30731.5 23384.7 21475.5 3261.25 15468.2 9330.49 41926.2 36424.2 32319 2867.5 41239.7 12235.5 1621.75 31633.7 286.25 10462.7 11696.5 49574.7 13280.5 5327.99 75654.7 8614.99 8776.49 4587.24 7903.24 20083.5 19295.2 15684.5 30519 8865.49 6858.99 8751.99 26380.2 40327.4 30642 9685.49 7918.99 1764.5 8124.24 1459.75 3842.5 12699 62253.4 61978.7 50146.2 35124.7 25053.5 10071.2 6154.49 4281.74 2548.25 8431.49 16166.7 7379.99 6073.49 8275.74 33566.5 11832.5
internal_count=3368824 1871764 1497060 774061 1084624 1097703 614867 412436 657983 426641 447479 159194 654934 472416 300265 425047 319313 199609 140845 247870 442769 183275 379001 357718 234792 47369 238822 208235 56866 327551 93123 79173 83979 6798 109546 96501 253479 167388 47640 88274 336773 87759 259494 99915 66903 46951 89736 73259 51450 99694 8993 213054 111078 61196 182518 17559 87682 168600 49882 20856 81700 43637 77489 1928 66192 10674 5886 55518 122926 93539 85902 13045 61873 37322 167705 145697 129276 11470 164959 48942 6487 126535 1145 41851 46786 198299 53122 21312 302619 34460 35106 18349 31613 80334 77181 62738 122076 35462 27436 35008 105521 161310 122568 38742 31676 7058 32497 5839 15370 50796 249014 247915 200585 140499 100214 40285 24618 17127 10193 33726 64667 29520 24294 33103 134266 47330
is_linear=0
shrinkage=1


Tree=1
num_leaves=127
num_cat=0
split_feature=27 10 22 10 32 26 9 22 39 37 38 32 1 10 39 39 0 43 22 32 32 46 17 41 12 42 38 10 10 22 43 9 10 38 32 42 37 44 24 38 46 22 37 10 0 1 31 46 32 44 31 42 25 23 34 37 43 10 1 37 10 21 41 37 5 37 43 38 42 26 27 26 38 37 9 0 0 38 31 16 43 39 5 5 40 34 25 32 32 22 44 26 42 46 27 42 26 43 46 43 5 25 1 42 37 44 34 38 46 32 16 16 26 8 38 39 42 10 43 31 19 31 13 38 23 38
split_gain=3377.7 1260.06 584.136 572.369 332.116 195.047 174.604 172.877 125.118 116.669 115.438 108.68 105.422 101.021 94.5925 91.0077 89.1166 87.0273 96.9117 86.8881 83.9865 75.9529 74.4378 73.8668 63.5249 62.2957 61.2535 60.4958 59.7739 56.9104 54.5005 52.3916 52.1033 50.8508 49.3495 48.632 48.4067 48.3448 47.6947 46.9368 46.2383 45.0558 43.127 42.6305 42.2304 40.9214 40.5167 49.2909 40.0442 37.9142 37.4598 37.4435 40.4259 37.339 37.2732 37.1557 37.1145 36.4381 36.3756 35.5742 35.4256 35.1214 34.9205 34.4556 33.7875 33.5275 33.5035 33.4959 33.3601 33.3082 35.1717 33.1656 33.152 36.1676 33.1102 114.62 43.751 35.4863 33.8487 33.027 32.7006 32.522 32.5142 32.2767 31.8509 36.7851 31.6948 31.4917 31.3938 36.7745 31.3334 30.8553 30.6812 30.5716 30.5332 42.6834 33.8646 30.4612 30.3877 30.3479 30.018 29.8689 29.7927 29.5849 29.5272 31.5478 29.3833 29.3755 31.7633 28.7546 28.7407 28.729 32.3501 28.0712 33.4939 28.0348 28.0002 34.4977 27.9295 29.3107 27.5548 27.1957 27.1751 27.151 37.3731 32.8344
threshold=-0.0012921291054226456 38.26564025878907 46.274690628051765 64.897594451904311 -0.00074874848360195745 0.74558132886886608 7.6510892540682121e-05 54.06707954406739 5.5000000000000009 7.7999999523162851 1.5000000000000002 -1.0000000180025095e-35 -0.0065640246029943219 28.531367301940922 5.5000000000000009 5.5000000000000009 -7.5031282449344863e-06 0.14500000327825549 38.276012420654304 -6.461205339292063e-05 -0.00041236782271880651 6.5000000000000009 0.00043770876072812831 4.2249999046325692 0.00057626186753623198 0.74500000476837169 9.5000000000000018 69.823730468750014 31.589191436767582 29.564896583557132 -0.14500000327825543 0.00011917855590581895 44.870845794677741 13.500000000000002 -0.00041236782271880651 0.24499999731779101 7.866666555404664 0.39499999582767492 0.0047778559383004912 19.500000000000004 -2.4999999999999996 49.245290756225593 6.2666666507720956 59.251800537109382 -7.5031282449344863e-06 -1.0000000180025095e-35 -0.029825120232999321 -21.499999999999996 0.00019015591533388945 -0.044999999925494187 -0.00056213431525975455 0.49500000476837164 0.016132210381329063 -0.0015603494248352943 2.5516456365585332 0.46666665375232702 -1.0249999761581419 42.906127929687507 0.0021703296806663279 7.9333331584930429 60.991426467895515 -0.39436312019824976 2.3249999284744267 2.0999999046325688 -0.0071491005364805451 0.3666666597127915 0.33500000834465032 7.5000000000000009 0.49500000476837164 0.33216568827629095 -0.00412872340530157 0.78279465436935436 1.5000000000000002 0.49999998509883886 9.8940501629840596e-05 -7.5031282449344863e-06 8.1708599282137601e-06 1.0000000180025095e-35 0.0054168240167200574 0.0023288778029382233 -0.15500000119209287 4.5000000000000009 0.0080838021822273749 -0.045426752418279641 1.5000000000000002 3.1372281312942509 0.026479844935238365 -0.00041236782271880651 -0.0017198946443386374 40.98840522766114 1.0000000180025095e-35 0.23831145465373996 0.24499999731779101 -32.499999999999993 0.00025346159236505633 0.75499999523162853 0.5154496729373933 -0.5349999964237212 -1.4999999999999998 0.84499999880790722 0.0083569800481200236 0.021782930940389637 0.00076951581286266457 0.24499999731779101 1.6333333253860476 0.034999999217689044 -0.13274612277746198 14.500000000000002 4.5000000000000009 0.00030086409242358064 -4.0365746826864772e-05 0.00025754899252206093 0.77917927503585827 0.00045987707562744623 12.500000000000002 3.5000000000000004 0.62500000000000011 56.723167419433601 -0.26500000059604639 -0.0015392442583106456 0.00055711829918436717 0.0064698986243456611 0.00074028933886438619 3.5000000000000004 0.00077048511593602609 16.500000000000004
decision_type=2 2 2 2 2 2 2 2 2 2 2 2 2 2 2 2 2 2 2 2 2 2 2 2 2 2 2 2 2 2 2 2 2 2 2 2 2 2 2 2 2 2 2 2 2 2 2 2 2 2 2 2 2 2 2 2 2 2 2 2 2 2 2 2 2 2 2 2 2 2 2 2 2 2 2 2 2 2 2 2 2 2 2 2 2 2 2 2 2 2 2 2 2 2 2 2 2 2 2 2 2 2 2 2 2 2 2 2 2 2 2 2 2 2 2 2 2 2 2 2 2 2 2 2 2 2
left_child=3 4 9 5 8 23 16 33 12 11 30 17 29 -8 26 27 49 18 21 61 57 56 115 60 55 40 -15 48 42 -2 65 44 -11 34 100 53 50 69 41 43 -19 -10 80 46 -20 86 47 -13 90 -6 -35 -30 -53 -29 -34 -22 -3 -12 -37 -44 63 -7 -59 -1 92 -9 93 -17 -28 -25 -71 -70 73 -58 75 -66 -77 -76 -79 -24 88 82 99 -33 85 -50 -27 -60 -14 -90 -5 -74 -36 -48 106 -96 -97 -31 104 -57 -4 -84 -94 -72 -32 -106 -85 108 -69 -45 -52 112 -83 -95 -115 -21 -41 -118 -55 -120 -116 -82 -42 124 -86 -125
right_child=1 2 7 15 6 19 13 10 38 32 20 39 28 14 -16 67 -18 25 31 22 24 -23 79 37 -26 45 68 35 51 97 98 83 54 36 64 58 -38 -39 -40 116 122 -43 59 109 -46 -47 66 -49 84 -51 110 52 -54 118 -56 81 72 62 87 -61 -62 -63 -64 -65 74 -67 -68 107 71 70 103 -73 91 -75 77 76 -78 78 -80 -81 121 111 101 94 123 -87 -88 -89 89 -91 -92 -93 102 113 95 96 -98 -99 -100 -101 -102 -103 -104 -105 105 -107 -108 -109 -110 -111 -112 -113 -114 114 120 -117 117 -119 119 -121 -122 -123 -124 125 -126 -127
leaf_value=-0.011221345755711777 0.05158233067135104 -0.026364821654078698 0.0046312881668264692 -0.013278354109072084 -0.07701017235471018 -0.010512921336731325 0.019005182345296513 -0.037059900590342178 0.037789530555962569 0.0059050890365329872 0.0046542306473796808 -0.071406535280419223 0.028207956147936575 -0.002629044391386406 0.017025906540023374 -0.01828295304787261 -0.0099205467717835491 0.0019078723622028466 -0.020938739344537976 -0.011085391342333132 -0.01781545142104261 0.025608866770848122 -0.0059925940489000545 0.0039813683435911606 0.0049936097142388673 0.02294748826392691 0.004006312399918153 -0.039342068169501337 0.010234846901776822 0.051838708834342551 -0.022030777157261764 -0.0030359946393652311 -0.013510203372502173 0.00052895781624722556 0.0047890750468709657 -0.018169302806556955 -0.01473101096988726 0.011084187543733401 0.017940757483483959 0.011724438662006696 0.0090553502805992923 0.020290043131249415 0.0090672380066465566 0.0098729414917254482 0.038953027187105416 -0.017998891271081445 -0.029400853486179709 -0.0075313551698090279 -0.01942263535203408 -0.022507437060301994 0.0030023772015045479 0.023562070509929974 0.011686407826554336 -0.0086888348526626396 -0.063337052664302826 -0.00093262217312255191 0.052589507669739924 -0.0095334972981428612 -0.010252946427534415 0.054774809396419592 -0.011955547692900997 -0.0018629510807514687 -0.00015882076884561098 -0.0021145473776744586 -0.04609394083640847 -0.0174280192682254 -0.0003976075188449527 -0.047697408378504808 0.018992444916548789 -0.0098834855447920283 0.00020814703491544171 -0.0042218499843172446 0.012880510778367261 0.01827395275548209 -0.017318044430155374 0.0090692527357931398 0.046627673582764852 -0.0056138852917247874 0.0035902350587626746 0.014091627984096675 0.014143274812645788 -0.0068046429109960256 -0.0096195489782178525 0.006021821433884327 0.0061854379167781762 0.0063995758302631198 -0.0083055318560058995 -0.032626533647098215 0.037072449996892576 0.0089046657956273999 0.000150706708681864 -0.00022581771044061081 -0.001266284915823736 -0.00034215002844440514 0.0070487447015763587 0.017601374415821422 -0.031965773831308004 0.020992639221516757 0.00028033204664897272 -0.032216702142196893 -0.0012453618078798558 -0.0017983501265861207 -0.019980379691683099 -0.0071371915333302161 -0.019023138219090616 0.042710026885834841 -0.0061930360947237938 -0.025208217454016829 -0.022839366225480683 -0.0065776827443381749 0.0089560025259585365 -0.002707521111314917 -0.016249759536225719 0.0093123424605779711 0.0046143295416905677 -0.015498417711466657 0.0061058350624338571 -0.022178652661454325 -0.024352660261170802 -0.014301905719773253 -0.0084961204990362232 0.027657734468021895 -0.0085818657300257596 -0.017431103574707976 -0.01990429625612113 -0.0069227144543028089
leaf_weight=5702.1500638276339 946.87822641432285 244.98341755568981 22135.120364174247 3327.1327838003635 365.93903249502182 6560.2212744951248 5885.6960205286741 1110.6970158219337 4343.2044707238674 1622.1729773581028 13179.22926877439 133.99825386703014 6572.7297576069832 12755.845507115126 5337.7812590450048 3115.914471745491 1227.8636859059334 18216.29412356019 137.49670189619064 35206.955764517188 2646.439653635025 5294.6250478476286 12795.290715038776 9075.2992399632931 5487.4310027062893 560.72713686525822 11719.387648954988 666.92688550055027 34232.507774740458 355.14990283548832 1567.4530383199453 3160.9381657540798 3434.1506376266479 20241.11737754941 9794.8896505832672 4845.2114137709141 1431.7212658077478 3295.177255988121 3936.1449801772833 9012.5518341213465 25582.822888240218 2225.0529727190733 5749.6559854745865 1236.2270478010178 818.97953554987907 1902.156283095479 254.24570742249489 1227.4778197407722 12709.479286640882 195.99247534573078 16044.167720213532 5025.3898630440235 6672.2510702908039 4767.3071451336145 156.99406264722347 20946.852308556437 394.46885257959366 4742.2284528613091 716.97112160921097 175.47483994066715 9460.1823060363531 16500.412951156497 24510.154082417488 15307.999054685235 308.72559143602848 4012.8081393688917 14894.833737596869 1603.0660596191883 3240.1215968877077 5864.1409819722176 24334.437363088131 759.73142337799072 19578.724502891302 1387.3843857496977 2197.9338436573744 966.43406768143177 456.72440637648106 25178.934373021126 4749.1868733763695 874.73879592120647 8961.5597016066313 7514.3269799500704 14080.056749105453 7657.3543399125338 1721.4292443692684 576.71003967523575 770.21136623620987 5133.5562135279179 599.62203723192215 2041.5532841831446 3636.4788649082184 1977.7008983492851 6481.1127713918686 7028.3776494562626 20095.95744626224 6145.9189101308584 140.99680727720261 3248.1499613374472 2647.915576890111 314.74537931382656 14312.169572681189 7475.148471608758 979.22269836068153 7078.3570251017809 171.24484267830849 160.24498808383942 2651.1964219510555 3404.1144361943007 756.66410346329212 7562.3468289673328 16393.119079008698 5211.1635228544474 7008.3981885164976 19104.097996935248 11445.546564266086 24352.851640045643 1897.9567902684212 557.98930187523365 4336.2265993058681 8769.6960828155279 1864.2139095515013 1785.7458776682615 904.48268958926201 7920.6263379752636 806.2024512141943 4760.5353458225727
leaf_count=22809 3789 980 88542 13309 1464 26241 23546 4443 17377 6489 52718 536 26297 51025 21353 12465 4912 72867 550 140832 10586 21180 51182 36302 21950 2243 46879 2668 136939 1421 6270 12644 13737 80966 39180 19383 5727 13181 15748 36051 102334 8902 23002 4945 3276 7609 1017 4910 50841 784 64178 20103 26691 19071 628 83789 1578 18969 2868 702 37842 66002 98041 61233 1235 16052 59580 6413 12961 23457 97339 3039 78321 5550 8792 3866 1827 100717 18997 3499 35849 30058 56321 30630 6886 2307 3081 20537 2399 8167 14546 7911 25925 28114 80388 24585 564 12995 10592 1259 57250 29901 3917 28314 685 641 10605 13618 3027 30250 65574 20845 28035 76418 45783 97416 7592 2232 17347 35082 7457 7144 3618 31684 3225 19043
internal_value=0 0.0041293 0.00170121 -0.00973379 0.0128973 -0.00664359 0.00553678 -0.00137869 0.0164125 0.00579302 -0.00412504 0.00619005 0.015005 0.00691424 0.00480961 -0.0171431 -0.0250159 0.00809611 0.0103521 -0.00967666 -0.00322852 0.0147852 -0.0113624 -0.00299825 -0.0053397 0.0048165 0.00251961 -0.0158401 0.0140698 0.0297659 -0.0146118 0.00721508 -0.00896944 0.00100159 -0.000487753 -0.0192078 0.00341162 -0.000619491 0.0266452 0.00324858 0.00578597 0.0318614 0.0179126 0.00220422 0.0303434 -0.00858819 0.00322171 -0.013818 -0.0130635 -0.0580005 0.00390472 0.0119039 0.0167883 -0.01611 -0.0156885 -0.00620942 0.0123552 0.00028838 -0.0245776 0.0104209 -0.00687413 -0.00432367 -0.00167859 -0.00458613 -0.00249247 -0.0216839 0.00364667 -0.0266363 0.00669764 -0.0014515 -0.00277417 0.0145831 0.0127617 0.0258708 -0.00432792 0.0091406 0.0211226 -0.00505399 -0.00415332 -0.00470741 0.0201364 -0.00571838 -0.00417038 0.00665999 -0.0147247 -0.0183018 0.00486143 -0.0298847 0.0245077 0.0152996 -0.00626554 0.0116781 0.00110901 0.00516416 0.0074953 0.00929849 0.0164897 0.0240329 -0.00664271 -0.00139574 0.00232364 -0.00690723 -0.00372264 -0.001447 -0.0162963 0.0108192 0.00288035 -0.031152 -0.0397265 -0.00426632 0.00601121 -0.0090771 -0.0113627 0.00538697 0.00662923 -0.0128898 0.00914507 -0.000320382 -0.0152432 -0.0176273 0.00277803 0.0163888 0.00845308 -0.0115999 -0.00213603 -0.0134862
internal_weight=0 591873 463514 249982 128359 176408 41488.4 264457 86871.1 199057 122787 193843 76366.7 39698.6 33812.9 73574.2 1789.8 117623 69686.7 96290.5 113116 28877.9 73229.8 80117.7 70684.6 47936.7 28475.1 64694.5 71816.5 4550.18 9670.36 40808.8 5213.32 141671 87560.5 29235.9 54110.1 49647.4 10504.4 76219.9 44703.6 6568.26 25886.3 64751.4 956.476 3233.09 55952.8 1361.48 35458.6 561.932 52678.4 45930.1 11697.6 18540.2 3591.14 65197.1 23583.3 42431.6 10695.7 5925.13 30470.3 23060.6 29252.4 21010.1 51113.2 5123.51 54591.3 8879.76 15719.2 46352.2 37276.9 3999.85 23338.3 1781.85 33857.9 1731.88 1423.16 32126.1 29928.1 13670 19961.2 62550.7 42816.8 39852.4 28495 13286.2 1330.94 5850.53 9213.91 2641.18 6963.61 21556.4 17255.2 39696.5 36691.4 26382.9 6286.92 3603.3 4546.86 21261.6 36447.3 21555.2 7460.34 31412.8 1898.94 331.49 10308.6 5763.84 2359.73 8798.57 32437.3 19733.9 14522.7 39442.2 32413.9 59559.8 11468.5 2455.95 17873.2 13105.9 13309.8 10747.3 26487.3 15208.8 2527.63 12681.2
internal_count=3367558 2367589 1854101 999969 513488 705649 165963 1057848 347525 796253 491155 775399 305498 158803 135257 294320 7160 470514 278762 385172 452472 115520 292929 320477 282744 191752 113904 258797 287293 18205 38683 163242 20854 566693 350248 116956 216445 198593 42027 304885 178819 26279 103560 259010 3826 12933 223815 5446 141841 2248 210718 183733 46794 74168 14365 260794 94340 169728 42788 23704 121884 92243 117010 84042 204456 20495 218369 35523 62879 185412 149110 16000 93360 7128 135434 6928 5693 128506 119714 54681 79856 250208 171270 159416 113986 53148 5324 23405 36863 10566 27855 86232 69022 158789 146772 105537 25149 14416 18188 85048 145792 86222 29842 125653 7596 1326 41235 23058 9440 35195 129752 78938 58093 157772 129658 238248 45875 9824 71500 52429 53240 42993 105952 60838 10111 50727
is_linear=0
shrinkage=0.1


Tree=2
num_leaves=127
num_cat=0
split_feature=28 18 10 10 32 32 39 10 45 43 26 9 22 37 22 16 33 43 34 10 22 9 38 13 37 46 16 41 37 45 38 45 39 13 38 38 32 43 25 16 37 39 43 39 10 38 37 29 16 11 12 22 17 42 37 10 7 22 42 37 16 10 43 39 32 45 26 39 46 33 26 10 42 11 42 37 6 38 31 45 6 45 38 20 31 39 16 45 13 42 16 33 22 45 38 45 46 12 45 17 46 9 38 22 19 22 39 43 37 22 10 45 46 10 31 32 37 37 13 45 40 43 22 43 46 40
split_gain=2890.45 931.185 604.986 337.649 231.052 151.585 113.499 108.772 108.345 104.386 97.4435 95.7786 93.0875 104.185 81.6 81.152 75.6617 74.895 96.0817 74.3086 69.2644 65.7905 62.2576 60.2129 59.1773 62.9567 55.6398 55.2281 52.7432 50.3707 49.2284 48.6404 47.2231 46.987 45.9519 44.5158 42.932 42.6483 41.8433 39.7853 43.2975 39.3391 39.2756 38.9928 60.5757 42.8429 52.2176 42.3137 37.8289 37.4929 37.0451 49.7148 46.8186 38.1876 36.6254 37.8141 36.2217 35.7505 35.5512 46.2856 47.677 35.4072 35.3923 35.305 37.4115 34.7971 34.6842 34.5832 34.4979 36.7429 34.8354 34.0019 33.7857 33.5539 32.443 31.9836 31.7191 31.1696 30.7196 30.5588 30.5232 30.4934 30.4241 31.0929 30.3527 30.3113 35.3875 29.0586 30.5613 28.7234 42.0545 28.6553 29.461 28.6464 28.386 28.1915 27.8453 27.7835 27.093 27.0229 26.8267 26.7597 26.7557 26.618 26.3775 26.2264 26.0622 28.3839 31.1159 25.9118 25.9116 27.4827 25.7974 25.6819 25.5443 28.3329 25.44 26.3437 26.472 26.0587 25.4395 25.3379 25.1654 25.0464 24.8346 24.8087
threshold=0.00065975711913779389 -0.0013791254605166612 34.61021804809571 65.707366943359389 6.3390052673639743e-05 -0.00012082048488082363 5.5000000000000009 40.98260688781739 44.500000000000007 0.13499999791383746 0.74558132886886608 7.6510892540682121e-05 53.284664154052741 0.49999998509883886 38.276012420654304 0.00021273279708111661 -0.00015033388626761732 -0.15500000119209287 0.16966073960065844 61.895153045654304 54.06707954406739 9.8940501629840596e-05 2.5000000000000004 -0.00053318173740990449 7.7666666507720956 8.5000000000000018 -4.2719316297734613e-06 4.2249999046325692 7.7333333492279062 13.500000000000002 1.5000000000000002 27.500000000000004 2.5000000000000004 -0.00029092274780850852 13.500000000000002 14.500000000000002 -0.00072336316225118924 -0.1950000002980232 0.012278336565941574 0.00010690710405469873 0.76666668057441723 5.5000000000000009 -1.0249999761581419 5.5000000000000009 41.447660446166999 17.500000000000004 5.2999999523162851 0.013260108418762686 0.0039519045967608699 -0.00022763998276786876 -0.00040666395216248924 32.966810226440437 0.0011918758391402664 -1.0000000180025095e-35 6.2666666507720956 23.641707420349125 0.000401659039198421 59.676845550537116 0.12999999709427359 7.6000001430511483 -0.00032052933238446707 76.645984649658217 -0.1950000002980232 5.5000000000000009 -0.00016791533562354741 46.500000000000007 0.031736014410853393 5.5000000000000009 -4.4999999999999991 0.012003786861896517 0.65294054150581371 41.598934173583991 0.75499999523162853 0.00027837767265737062 1.3750000000000002 7.8999998569488534 0.001568374165799469 16.500000000000004 0.011720836628228428 31.500000000000004 0.00047806334623601293 73.500000000000014 2.5000000000000004 -0.00056320245494134713 0.00087964176782406877 1.0000000180025095e-35 -0.00014983283472247419 10.500000000000002 0.00036010153417009866 0.49500000476837164 0.00028459103486966347 -0.0010090590221807358 42.173587799072273 77.500000000000014 19.500000000000004 78.500000000000014 -8.4999999999999982 7.0931058871792643e-05 59.500000000000007 -0.00049749002209864546 -1.0000000180025095e-35 0.0014524314319714906 13.500000000000002 67.795406341552749 -0.00011857825302286072 27.271883964538578 2.5000000000000004 -0.46500000357627863 6.0333335399627694 52.213069915771491 43.983444213867195 56.500000000000007 -29.499999999999996 71.564361572265639 0.00076833635102957498 3.3592148611205637e-05 7.2333333492279062 6.9666664600372323 0.00028622074751183396 75.500000000000014 1.5000000000000002 0.84499999880790722 42.454837799072273 0.51499998569488536 -12.499999999999998 2.5000000000000004
decision_type=2 2 2 2 2 2 2 2 2 2 2 2 2 2 2 2 2 2 2 2 2 2 2 2 2 2 2 2 2 2 2 2 2 2 2 2 2 2 2 2 2 2 2 2 2 2 2 2 2 2 2 2 2 2 2 2 2 2 2 2 2 2 2 2 2 2 2 2 2 2 2 2 2 2 2 2 2 2 2 2 2 2 2 2 2 2 2 2 2 2 2 2 2 2 2 2 2 2 2 2 2 2 2 2 2 2 2 2 2 2 2 2 2 2 2 2 2 2 2 2 2 2 2 2 2 2
left_child=1 3 6 10 9 7 17 11 32 14 27 -3 61 56 24 16 102 18 49 38 21 26 -22 74 25 42 -9 -1 -23 39 -13 -21 -5 125 57 84 48 77 58 40 -11 50 -4 45 -45 46 91 65 93 54 51 52 112 -53 55 -2 79 -25 67 60 -60 89 80 64 -36 -47 -50 -6 94 70 75 81 104 -59 -12 -70 -20 -29 -24 -14 -8 -44 83 -57 -17 86 -48 -42 -89 -7 99 110 -93 96 -40 -82 -19 -63 100 -91 -43 -65 -15 120 -35 -83 107 -10 -109 -101 111 122 -31 114 115 -34 117 119 -119 -87 -39 -55 -16 -30 -67 -32
right_child=2 5 4 8 19 12 62 20 106 29 23 30 13 15 43 35 -18 36 76 31 22 28 78 34 -26 -27 -28 37 123 41 33 -33 113 72 63 -37 -38 103 68 -41 87 98 71 44 -46 47 85 -49 66 -51 -52 53 -54 121 -56 82 -58 73 59 -61 -62 97 -64 101 -66 124 -68 -69 69 -71 -72 -73 -74 -75 -76 -77 -78 -79 -80 -81 95 105 -84 -85 -86 116 -88 88 -90 90 -92 92 -94 -95 -96 -97 -98 -99 -100 109 -102 -103 -104 -105 -106 -107 -108 108 -110 -111 -112 -113 -114 -115 -116 -117 -118 118 -120 -121 -122 -123 -124 -125 -126 -127
leaf_value=-0.008260974419451967 0.030659814200094622 -0.024253704770119872 -0.02184376276523774 -0.016593637707026501 -0.0070836780970578274 0.00080569474665994918 0.025015696877876734 0.037830539745019383 -0.017647949240920325 0.024354809723624683 0.0016751475675792146 -0.0063034096120058117 -0.061519615915750996 -0.0043911448973771878 0.026757704250338604 0.0021202829899273435 -0.0093621073385241112 0.0064124322585921711 0.023231916701864346 -0.023701272278106089 -0.012593023824407377 0.0021300332227773039 -0.0030718917028582002 -0.0087565628660460967 -0.0094328700780140808 0.024430083082632559 -0.011693030230380005 -0.0083661362418734238 -0.022073196590473191 -0.042070819175540612 0.019461644569527703 -0.0040560900401916504 -0.010353575665870278 0.0052125114777273954 0.0006552556573945265 0.0035723812059550463 0.0037765036727719203 -0.0036659751190220562 -0.0018515372243966229 0.0048930461060105032 -0.0032114259605352138 0.0099028639068926873 0.020099546799051973 0.023169028500813534 0.0069894323800276832 0.020528559750491161 -0.0099742613947513166 -0.0058041924151970431 0.056225359342516316 -0.0030063392310234987 0.00089563040405376279 0.0038022588558184176 0.013110029580531174 0.011942025197499928 0.0062028480363475781 0.0087138872201463231 -0.013453691189225479 -0.0046466672278631894 -0.01762450311229944 -0.025051036077568447 0.0064615206658246733 0.057657783705730818 0.020920145081071841 -0.022961981194355705 -0.0084485712207212176 -0.017952814002327414 0.015935139975582279 0.0049053052792896908 0.0055436422400214243 -0.016829575845745348 -0.01275840455946829 0.010345549587909874 0.017682863656875585 -0.016404182041536985 -0.023718653601976877 -0.016364541431328202 0.037438440107450732 0.00040763741268800793 0.0032367642381336266 -0.024892199446592465 0.047795149820358783 0.038422567551808368 0.017879348545219321 -0.031479735324834099 -0.0060078801061325664 -0.0035376616625939408 0.020234833806036936 -0.015848598436081298 -0.045466731328912581 -0.014232752241245939 0.007270463716469543 0.011542300861691151 -0.00087637843516052277 -0.0036615461026771809 0.0083099054108509828 0.0056651732419327498 0.014841679145993906 0.010249381843562812 0.0036720125465889218 -0.0019796591582607972 0.023561808152925714 -0.0031870320250145822 0.0045538703153064023 0.042811418152607243 -0.016004817520737215 -0.0046231766406411223 -0.015245349078336351 -0.010611146113014502 0.00067440697771613853 -0.015657944545403712 0.0054325078942971117 0.0065553449695877064 -0.0031273373791831645 -0.031201363875012173 -0.016665753789848567 -0.031279311052537374 -0.010429672492291361 0.020883571718314096 -0.027740675773919046 0.019244176063414824 0.0038889980681172383 -0.0060770217371338602 0.012713417661600966 0.01036766847448237 0.010322079642692656 0.0078273008982980407
leaf_weight=22931.08105905354 1873.528889760375 979.41966795921326 336.4658055305481 11025.698140650988 11833.413474082947 41493.671958178282 1793.6598784476519 894.51924821734428 3710.1172267794609 294.46731828153133 5876.6812146753073 2351.8772100955248 273.43158212304115 8207.5043106526136 1798.3869896233082 6450.5097573250532 38609.433055564761 5206.8319137394428 6418.2612028717995 1633.2629750221968 5967.607508033514 52485.0777887851 36615.090761080384 13427.859051972628 1127.5751861333847 4835.3696142733097 303.94707272946835 12249.175692886114 1321.9649202376604 174.24333928525448 5038.5593499839306 5519.6733436286449 789.07445085048676 15347.786307781935 5608.9109728932381 13665.515733793378 6972.7279059141874 7271.1785241514444 17433.970040082932 2410.1862311661243 1106.6164999455214 3831.7775249481201 7467.9242492318153 3676.4554599970579 6244.107357352972 4089.5948508530855 551.69391062855721 1322.6317781358957 373.0388248860836 1231.8012825250626 22094.781924664974 12403.408454596996 2029.4652592539787 16367.13446855545 3665.5544555336237 2044.3861394673586 4165.1515298187733 2719.5453277528286 899.71458852291107 563.47379051148891 9492.8699481338263 171.70334745943546 4629.0384523868561 2452.7590011209249 23122.581517070532 323.96201698482037 500.11132287979126 3020.0841846615076 50853.90455108881 791.22376810014248 1096.2138638496399 20919.340568721294 2176.9802589118481 22582.191522985697 550.21758955717087 675.21542583405972 2081.2338059693575 6048.482424557209 9780.4065153449774 1364.43641898036 1580.2371619343758 167.68713137507439 9253.50857385993 212.46502633392811 15964.744909703732 6707.5550336390734 1305.0641566812992 1283.3726069927216 478.19125877320766 3225.034084841609 2778.4407978206873 2611.2710875570774 7115.9937390238047 1119.1976135373116 3263.771721303463 176.57928800582886 15844.67879140377 441.39743641018867 3195.0222544670105 9960.7434830069542 2301.6229651123285 949.09897743165493 5642.9654428064823 153.2450719922781 609.19686003029346 907.72352829575539 21185.980127498507 9519.0662141144276 3286.5697142183781 1608.6162467598915 10275.664797440171 4547.9689632058144 7154.4993151724339 4888.8682052344084 4301.6381604373455 3594.5986706763506 2994.7069348394871 932.64700619876385 127.23993110656738 542.70519953966141 11515.879054740071 819.4514407813549 4391.164251640439 290.24276308715343 7553.0597229897976 2880.7096368819475
leaf_count=91731 7499 3919 1346 44117 47335 165981 7181 3579 14845 1178 23508 9409 1094 32832 7195 25803 154453 20833 25687 6534 23873 209946 146462 53717 4511 19349 1216 48999 5288 697 20158 22081 3157 61398 22436 54664 27895 29086 69739 9642 4427 15329 29881 14712 24979 16361 2207 5291 1495 4928 88385 49617 8119 65474 14667 8181 16663 10879 3599 2254 37973 687 18529 9813 92502 1296 2002 12081 203425 3165 4385 83695 8709 90342 2201 2701 8332 24195 39122 5459 6328 671 37029 850 63862 26833 5221 5134 1913 12901 11114 10446 28466 4478 13056 707 63395 1766 12782 39845 9208 3797 22573 613 2437 3632 84774 38084 13149 6435 41106 18194 28620 19567 17212 14384 11980 3731 509 2171 46065 3278 17567 1161 30216 11525
internal_value=0 -0.00492797 0.00695767 -0.0101857 0.00497808 -0.00131959 0.0156678 0.00109974 -0.0162925 0.00717794 -0.00741782 0.0064923 -0.00347221 -0.00542749 0.00925385 -0.00457674 -0.00708748 0.0140817 0.0179261 0.00130433 -0.000372108 0.00209619 -0.00297864 -0.009767 0.013112 0.013846 0.0252707 -0.0044002 0.00158278 0.00436591 0.00755243 -0.00854177 -0.0214551 0.00880323 -0.0106076 -0.000926226 0.0106517 -0.00202274 0.00200915 -0.00478579 -0.0121618 0.00509065 0.0121286 0.00719794 0.0129854 0.00619403 0.00468818 0.0111687 0.0127321 0.013842 0.00416637 0.00602182 -0.000331126 0.00803102 0.0150593 0.0174848 -0.018408 -0.0129271 -0.00145853 0.00286287 0.00437633 -0.000381231 0.026681 -0.0078119 -0.00667134 0.0130447 0.0331485 -0.00464602 0.00321674 0.00455972 0.00488131 0.0125165 0.0059968 -0.0151404 -0.000498858 0.00525657 0.0267106 -0.00546587 -0.00174199 -0.0310069 0.0341919 0.0178324 0.0153403 0.00492997 -0.00366881 -0.000582502 0.0112589 -0.0159109 -0.0238887 -0.000629389 -0.00401797 0.00694483 0.0024574 0.011928 -0.000249206 0.0435606 0.0127568 0.0235265 0.0111389 -0.00613797 0.0150285 -0.0174449 -0.000746762 0.00130356 0.00440249 0.00208888 -0.012924 -0.00994612 -0.00771471 -0.0038815 0.00902212 0.0124573 -0.00405323 -0.0254038 -0.0221404 -0.0275126 -0.00252738 0.000320347 0.0150462 -0.00183237 0.000964987 0.0110829 0.016794 -0.0162329 0.0091592 0.0152295
internal_weight=0 490827 350872 199760 285895 291067 64976.8 137043 62301.6 178818 137459 29384.5 154023 94343.7 102874 88540.7 52459.9 56797.3 26780.7 107077 107659 55295.8 52363.1 77289.8 35762.1 34634.5 1198.47 60169 54097.3 75944.2 28405.1 7152.94 24599.9 26053.2 70862.9 36080.8 30016.6 37238 99923.9 5572.83 3162.65 70371.4 29799.1 67111.9 9920.56 57191.3 43902.1 13289.2 23043.9 18281.2 61043 38948.2 9358.21 29590 17049.4 13383.9 5803.02 38729.6 25809.6 10956.1 10392.6 59679.6 8179.51 32133.4 28731.5 11966.6 873.15 14853.5 74114.3 53416.6 52625.3 29462.7 18134 25301.7 6426.9 51529.1 8499.5 18297.7 46395.5 1637.87 3550.48 8543.33 11510.4 2256.85 22415.3 13161.6 1856.76 2868.18 1761.56 59066.5 17572.8 30740.4 9727.26 22170.7 20697.7 1756.82 21051.5 613.101 9328.42 14794.4 6133.4 3401.86 13850.5 18940.3 15957 1075.41 37701.7 16515.8 12805.6 11569.4 21013.2 10737.5 7328.74 13574.2 8685.31 4383.67 11304.9 8310.15 1059.89 7250.26 18787.1 17186.6 6189.55 1612.21 7877.02 7919.27
internal_count=3367220 1963507 1403713 799173 1143697 1164334 260016 548202 249289 715369 549884 117555 616132 377403 411566 354187 209858 227271 107173 428328 430647 221190 209457 309195 143085 138574 4795 240689 216395 303803 113636 28615 98437 104227 283486 144329 120098 148958 399713 22294 12652 281509 119225 268481 39691 228790 175626 53164 92203 73154 244190 155805 37436 118369 68226 53559 23216 154938 103242 43826 41572 238729 32745 128548 114938 47873 3497 59416 296471 213676 210511 117879 72544 101221 25709 206126 34019 73194 185584 6553 14216 34184 46060 9031 89665 52652 7428 11474 7047 236276 70295 122974 38912 88706 82795 7035 84228 2453 37319 59181 24537 13610 55405 75764 63835 4303 150852 66078 51233 46280 84062 42956 29317 54320 34753 17541 45224 33244 4240 29004 75151 68752 24762 6449 31512 31683
is_linear=0
shrinkage=0.1


Tree=3
num_leaves=127
num_cat=0
split_feature=28 18 10 10 10 26 9 12 0 39 5 41 39 21 22 37 45 26 37 10 20 38 38 46 10 16 10 37 17 39 15 44 9 0 22 16 4 37 11 5 37 38 0 44 39 38 26 37 9 5 10 7 25 33 44 44 22 3 25 45 45 22 16 22 31 37 44 45 37 38 46 33 39 45 45 26 33 39 15 39 45 15 6 45 8 46 0 38 39 6 16 8 37 30 17 22 5 46 31 0 20 45 44 25 41 44 10 30 25 22 5 37 45 0 8 38 38 46 29 37 2 8 7 28 46 25
split_gain=2311.63 803.405 482.478 204.094 122.914 215.453 116.567 111.897 80.262 78.1199 78.1131 84.3507 73.9903 73.5131 69.5789 69.5176 68.8361 68.4175 67.4266 64.4965 64.3009 62.5688 62.5001 61.6729 59.8134 55.153 52.7129 51.779 49.9344 48.9013 48.2122 46.9932 45.7151 100.494 45.0253 44.4168 52.0797 42.622 42.1095 41.9248 39.9605 40.9504 39.8659 39.4149 38.0516 37.7888 36.7799 36.3047 36.0526 35.6109 43.0373 36.4159 35.6053 35.9273 35.6522 35.1779 35.0935 35.0181 34.938 34.5908 33.5529 34.7109 33.4367 33.1416 35.5559 35.4973 32.6353 32.568 34.8377 32.2602 31.9542 34.7426 34.1393 31.7178 31.4651 31.1997 30.6952 34.6797 35.7277 30.6585 30.2593 29.6712 29.4322 28.8645 28.7376 28.7045 28.465 28.1592 28.4155 28.9742 28.0649 27.7283 27.7094 27.6837 27.6554 27.3617 27.2014 35.4654 27.0843 26.6765 26.6396 26.4507 25.9996 25.9677 25.9526 25.8099 25.7484 25.6054 25.5262 25.5024 25.191 27.1522 25.0388 24.7569 24.7362 24.6693 48.6542 32.8442 26.7166 24.6064 24.5715 24.4602 24.2741 24.1706 24.1061 23.9908
threshold=0.00072803228977136325 -0.0017492161714471874 33.755706787109382 64.897594451904311 42.906127929687507 0.7197941541671754 0.00013666473387274894 -0.00023417976626660672 8.1708599282137601e-06 5.5000000000000009 -0.0045747053809463969 3.8649998903274541 5.5000000000000009 -0.29962466657161707 42.313310623168952 1.4666666984558108 63.500000000000007 0.63757663965225231 7.7666666507720956 64.165515899658217 -0.0003038418799405917 13.500000000000002 2.5000000000000004 -32.499999999999993 56.85408020019532 0.0030285217799246316 34.045024871826179 7.7999999523162851 0.0022959200432524089 3.5000000000000004 0.51660674810409557 0.63499999046325695 9.8940501629840596e-05 2.9820147346981689e-06 35.040658950805671 -0.00010845722863450645 -0.025089211761951443 6.2666666507720956 -4.7682266085757867e-05 0.0034461369505152111 7.8999998569488534 22.500000000000004 -1.6442095329693981e-05 -0.38499999046325678 5.5000000000000009 10.500000000000002 0.11841354519128801 0.10000000149011613 0.00066032318864017736 0.0019004523637704553 61.895153045654304 0.0010667043388821187 0.010342028457671406 0.0073356081265956172 -0.21499999612569806 0.41499999165534979 51.24969673156739 0.0015621724305674436 0.011066404171288015 15.500000000000002 64.500000000000014 49.991178512573249 -0.00066715077264234413 32.966810226440437 -0.034308521077036851 5.4333331584930429 -0.014999999664723871 12.500000000000002 1.3999999761581423 1.5000000000000002 -24.499999999999996 -0.002502075163647532 5.5000000000000009 39.500000000000007 51.500000000000007 0.94692838191986095 0.001622366486117244 1.0000000180025095e-35 0.76114577054977428 4.5000000000000009 27.500000000000004 0.79468593001365673 0.00099186389707028887 86.500000000000014 0.00094004100537858914 -17.499999999999996 -0.00021838243264937771 13.500000000000002 3.5000000000000004 0.0013991601881571116 -5.8881767472485074e-05 0.00052519235759973537 6.5333335399627694 5.3161065807216808e-05 -0.00014880699745845047 35.636718750000007 0.020583659410476688 8.5000000000000018 0.00076833635102957498 0.00035987986484542494 0.00062420655740425001 53.500000000000007 -0.03499999921768903 0.029847724363207821 3.9850000143051152 -0.22500000149011609 26.104125022888187 0.00024794635828584438 0.065058194100856795 71.574825286865249 -0.042143976315855973 7.2000000476837167 73.500000000000014 -2.6849239702642076e-06 0.0011975698871538045 18.500000000000004 7.5000000000000009 -2.4999999999999996 -0.00014910662139300254 0.59999999403953563 0.0020269594388082628 0.00073359778616577398 0.00012502077879616993 0.0036842582048848276 -30.999999999999996 0.0072710867971181878
decision_type=2 2 2 2 2 2 2 2 2 2 2 2 2 2 2 2 2 2 2 2 2 2 2 2 2 2 2 2 2 2 2 2 2 2 2 2 2 2 2 2 2 2 2 2 2 2 2 2 2 2 2 2 2 2 2 2 2 2 2 2 2 2 2 2 2 2 2 2 2 2 2 2 2 2 2 2 2 2 2 2 2 2 2 2 2 2 2 2 2 2 2 2 2 2 2 2 2 2 2 2 2 2 2 2 2 2 2 2 2 2 2 2 2 2 2 2 2 2 2 2 2 2 2 2 2 2
left_child=1 3 12 17 6 10 8 9 38 14 11 43 20 39 18 44 29 121 23 46 25 32 98 80 59 37 48 56 87 47 62 114 33 42 -27 123 -37 83 113 84 70 -42 -12 58 66 -22 -15 -5 -24 50 -17 -51 54 69 -16 91 115 -28 94 63 61 -38 -20 65 -65 67 -7 -25 -69 -54 71 -23 -72 -36 -26 -46 99 -78 -79 -39 -4 -74 96 86 95 120 -2 93 119 -90 -56 100 -67 -19 -6 -9 -57 -98 103 -49 -34 -21 -40 -8 -52 -35 -75 -68 -82 -100 111 -71 -29 -3 -31 116 117 -13 -118 -89 -48 -1 -83 -11 -61 -45
right_child=2 4 7 16 5 15 22 13 -10 35 21 27 -14 19 52 49 -18 28 30 101 45 40 26 24 74 34 57 112 -30 31 -32 -33 55 105 73 36 60 79 102 -41 41 -43 -44 125 75 -47 85 76 -50 51 104 -53 53 -55 90 82 -58 -59 -60 124 -62 -63 -64 64 -66 92 107 68 -70 110 72 -73 81 106 -76 -77 77 78 -80 -81 108 122 -84 -85 -86 -87 -88 88 89 -91 -92 -93 -94 -95 -96 -97 97 -99 109 -101 -102 -103 -104 -105 -106 -107 -108 -109 -110 -111 -112 -113 -114 -115 -116 -117 118 -119 -120 -121 -122 -123 -124 -125 -126 -127
leaf_value=-0.010387422702515824 0.017428769521416514 -0.02366849532154558 0.0056757291281594969 -0.049430971508747666 -0.015753675503538286 -0.014613644039487911 0.0075738127493712301 0.018149077989042296 0.024081996019478445 0.002084780218615833 -0.035581225328960048 0.0026744845826011283 0.024319455604628764 0.0061004587208000815 0.0076601784087542216 -0.0013945174878085915 -0.0096219875590666266 0.0060928073697221388 -0.043677925822849864 -0.022845779369377331 -0.019258456418815368 0.051194222864434424 0.005137408755002521 -0.0056849522345465359 -0.010714196717023271 0.041166844149789023 0.0019615009002717353 -0.011404293241615571 0.012263226006610509 -0.023312657443095307 -0.025528660162924096 0.022526669349711578 -0.0059266006901452454 0.058668056141327897 0.0057944731608395843 -0.0088684029205656611 0.024939647129460205 0.010084792913333359 -0.049181750300574617 0.0014507408970652277 0.005803239308167161 -0.03906989959542654 0.0031596086482992103 -0.023585170717388214 -0.016644172619085601 0.0093169252217670025 -0.0056332236065521788 -0.0013137111794440345 0.019988178280593183 -0.0077424956273288359 -0.038453491320583802 -0.00033071452681568268 -0.0029104280200757584 -0.015879761269317585 -0.010110812992151408 0.0089380009839179018 0.0010617364218925836 0.0082812021171664741 0.0063459430601621528 0.044791578339013233 0.0093383570596819628 0.0070358877451083728 0.0063463992980158195 -0.041475076452881274 0.0099695620450069612 0.03675307392901616 0.029198521252578158 -0.078152922574687242 -0.021510482568509379 0.0011845156542907899 0.0028628196431990482 0.0077670012793524951 -0.00046670599143841269 0.041033977372034069 0.0060278641142643705 -0.04191108960183923 -0.024288557598210331 0.0042221994577897265 -0.014849176389046322 -0.0039856938872128633 -0.043901335170295736 0.02540151269361662 0.048829040463330753 -0.024723200579563148 0.0032887731782823889 0.00013225158372289159 0.011540676440700235 -0.017743589831830092 -0.013564870845139701 -0.0029100908244481718 5.1535644541744155e-05 -0.0028167637068837524 -0.011628683475341767 -0.011463084883906998 0.0038602669543646752 0.0077710276884329459 0.00087986488709065078 -0.042229719759542449 -0.011388183331498221 -0.013202024430062395 -0.01493008310186281 -0.0038267638385632262 -0.016287719573242845 -0.021189617774126202 -0.010086587780130746 0.023001865910680111 0.011626341966244069 -0.0061865732373464939 0.0037033004590796893 0.018551170003139793 0.0064634389945791865 -0.024276692543138929 -0.058429559817671319 -0.003221860585457377 -0.014721916306202884 0.012960254656591501 0.018049041772031215 0.014726295271637092 0.00049494449563009608 -0.003819602837511669 -0.029203424717795381 -0.0020295625396452885 -0.016046607893620786 0.01280164466435648 0.0094204788155107886 -0.0066233839061214514
leaf_weight=4048.1445030868053 20135.974079042673 1070.9082689881325 350.90198975801468 282.80415397882462 1681.0810002684593 6805.231587767601 2143.9614441841841 2894.6628593355417 479.65388056635857 4769.7448523044586 335.34246870875359 3276.8351948261261 7087.8868972361088 10362.195737451315 3481.2654602974653 34977.856662496924 20992.540705800056 920.63024327158928 145.98122820258141 1651.9542366266251 920.28764699399471 260.74180275201797 3003.1140840053558 731.53203824162483 2400.1324629038572 1266.3254120051861 32936.393357008696 824.92607332766056 1104.4349248707294 13412.683650508523 995.86150786280632 249.59743635356426 22419.800445720553 347.46582561731339 1140.0876106321812 762.20180164277554 6172.2771150022745 8123.7379061281681 630.03620693087578 22305.415720462799 349.21359284222126 486.9528581649065 1277.5925142616034 961.90926288068295 2462.0480382144451 930.91260696947575 2186.5360294133425 3292.5321295410395 3587.5113460421562 40567.245817229152 358.85189619660378 7923.7576704621315 4923.2845457196236 859.14354282617569 4444.8015691637993 2502.3317171186209 11786.127326980233 11948.906187683344 5058.4719159603119 193.20843842625618 3038.2809232324362 1313.2767933011055 1577.5264890044928 141.72720429301262 2580.3567796349525 239.91944640874863 209.7054838091135 154.94616462290287 362.8962640017271 3919.5304529070854 30950.087775364518 627.71996596455574 5847.5992641448975 724.45378932356834 2108.936288356781 609.73212702572346 3705.7705166339874 1061.17706361413 13213.94461774826 1913.2970045208931 431.63054303824902 150.43874506652355 148.99164526164532 183.65585041046143 13724.243953421712 46112.697410389781 13862.903263002634 1359.049736276269 9531.1798335909843 3485.6250834912062 6993.0989923775196 30584.442379549146 233.66733837127686 36884.826089173555 1255.9394833296537 20761.412390187383 702.70255202054977 261.9817817658186 4450.8559950143099 4423.1728485971689 3850.7339515537024 1312.0037557333708 388.43074923753738 367.70276148617268 3185.5347980707884 487.64974780380726 505.4750629812479 8236.6763455867767 152.41219390928745 303.93724459409714 38211.700139433146 468.95058271288872 131.24104899168015 1324.6901529282331 4468.3767694085836 6491.6310529261827 936.44473116099834 7296.3075004816055 11692.912969142199 19191.777997255325 554.43927758932114 25937.370419412851 2325.1845893859863 3766.2718902677298 70033.881068795919 6264.872098967433
leaf_count=16194 80604 4286 1404 1132 6725 27227 8577 11581 1919 19083 1342 13108 28404 41457 13928 139924 84011 3683 584 6610 3682 1043 12016 2927 9602 5080 131761 3300 4418 53700 3984 999 89685 1391 4565 3050 24704 32512 2522 89231 1397 1948 5112 3848 9851 3725 8747 13177 14357 162291 1436 31697 19696 3437 17781 10010 47147 47801 20235 773 12160 5256 6311 567 10324 960 839 620 1452 15680 123806 2511 23392 2902 8437 2440 14832 4247 52893 7657 1727 602 596 735 54903 184470 55491 5437 38135 13945 27977 122345 935 147578 5024 83056 2811 1048 17807 17703 15405 5249 1554 1471 12747 1952 2024 32953 610 1216 152873 1876 525 5300 17891 25968 3746 29187 46774 76778 2218 103758 9302 15070 280221 25061
internal_value=0 -0.00431943 0.00633789 -0.00995719 -0.0014528 -0.00238835 0.00253389 0.00467578 -0.014222 0.00636538 -9.43504e-05 0.00285743 0.0147611 0.00237484 0.00556633 -0.00590712 -0.0143355 -0.00717531 0.0074738 -3.14742e-05 0.0133981 -0.00173216 0.00364455 0.00799943 0.00830092 0.0141055 0.00487008 0.00514821 -0.0088374 -0.0165787 -0.00801199 -0.0205644 -0.00371289 0.00968395 0.0259439 0.0122563 0.0163731 0.013132 -0.0196035 0.00488171 0.00130765 -0.0203292 -0.00489493 -0.00352875 -0.0115053 -0.00488876 0.00068907 -0.0137972 0.0132212 -0.00472824 -0.00245852 -0.00653136 0.00307025 0.00438722 -0.00120067 -0.00425524 0.00567855 0.00364387 0.00130897 0.00897631 0.0182013 0.0217986 0.00210934 0.000421395 0.00729106 -0.0104319 -0.00946018 -0.0192691 -0.0384587 0.00475362 0.00175813 0.0205118 0.00133387 0.0178101 -0.00288377 -0.0216595 -0.013405 -0.0156691 -0.0134315 0.00740262 -0.0175338 -0.00435157 0.00530857 0.0148143 0.00692902 -0.000458723 0.0150279 -0.00916391 -0.00705597 -0.0107117 -0.00389758 -0.0048635 0.0128816 -0.0110356 -0.00736629 0.00904093 0.00343832 -0.0108275 -0.00503716 -0.00812891 -0.00724633 -0.014427 -0.0366364 0.0033629 -0.0129586 0.0378415 0.0289481 -0.00530804 -0.0314784 -0.00947439 0.00563935 -0.00153625 -0.0178589 -0.0123622 -0.0211659 0.00751104 0.00598645 0.0109912 0.00179655 -0.00474041 -0.010401 -0.0031579 -0.0135279 0.00681329 0.00951779 -0.00888106
internal_weight=0 497114 344620 167566 329548 266912 62636.1 287825 3893.72 165959 161576 57658.7 56795 121866 146137 105337 65102.6 102463 82835.5 62179.8 49707.1 103917 58742.4 80116.1 79181.2 47855.9 51475.9 42436.4 72477.5 44110.1 2719.37 18130.7 62919 2448.05 3636.34 19822.1 11286 44219.6 3414.07 59685.7 40997.9 836.166 1612.93 15222.3 18323.4 1851.2 59215.9 25979.4 6590.63 87013.2 38522.2 48491 63301.8 48382.6 14919.2 60471 41480.3 44885.3 7995.49 74672.1 10523.8 7485.55 1723.51 4445.05 2722.08 1722.96 15251.6 1249.37 517.842 47523.5 40161.8 888.462 39273.3 2370.02 4509.07 3071.78 25696.6 17980.9 14275.1 10037 934.945 8323.22 3616.01 34182.5 37380.3 48853.7 33998.9 71373.1 33567.6 13016.8 11437.9 56855 473.587 37805.5 2937.02 23656.1 3467.02 964.684 7266.46 7715.7 26270.5 2963.96 1018.47 2511.66 3544.39 835.116 1229.93 8446.38 584.043 4754.79 42600.2 4388.48 956.167 2395.6 17881.1 29694.1 23202.5 10573.1 12629.4 20550.8 2740.98 29985.5 2475.62 8536.02 70227.1 7226.78
internal_count=3367761 1988849 1378912 670511 1318338 1067751 250587 1151531 15581 664009 646346 230648 227381 487522 584686 421405 260585 409926 331438 248751 198977 415698 235006 320559 316818 191570 205935 169755 289974 176574 10879 72590 251697 9797 14571 79323 45170 176999 13662 238771 164001 3345 6454 60893 73310 7407 236892 103984 26373 348095 154107 193988 253248 193562 59686 241900 165930 179562 31984 298779 42120 29960 6895 17785 10891 6894 61019 4999 2072 190125 160656 3554 157102 9491 18039 12291 102852 71972 57140 40169 3741 33296 14465 136830 149540 195435 136095 285556 134295 52080 45758 227435 1895 151261 11749 94637 13869 3859 29071 30880 105090 11859 4076 10048 14183 3343 4926 33792 2337 19023 170429 17556 3825 9586 71591 118783 92815 42295 50520 82215 10965 119952 9904 34153 280994 28909
is_linear=0
shrinkage=0.1


Tree=4
num_leaves=127
num_cat=0
split_feature=28 10 10 32 9 32 26 39 10 10 43 12 38 15 32 20 43 37 45 28 30 26 32 42 10 45 37 38 1 37 45 5 40 13 45 44 30 21 33 10 37 1 26 37 42 16 36 34 44 26 20 37 23 38 24 34 39 44 7 31 46 16 30 43 38 46 45 42 23 33 5 45 43 37 19 40 16 16 45 40 41 20 46 13 37 15 37 38 38 37 44 42 26 34 16 41 45 25 1 7 37 37 45 43 5 23 26 37 34 30 20 26 4 45 2 37 39 7 37 31 10 4 43 43 1 21
split_gain=1895.52 598.928 401.281 190.695 167.062 145.612 116.585 107.942 107.768 104.944 104.754 95.0506 93.8583 84.6556 80.4945 73.4072 73.7899 70.6887 63.4825 57.3202 56.213 53.2496 51.2206 49.3374 48.621 51.1685 47.6265 46.4536 43.3618 43.2693 42.117 42.0349 41.758 41.6807 44.7796 40.7945 40.4316 40.0996 38.4685 43.0636 37.0064 37.0017 36.9528 36.5776 35.2897 35.2309 34.9229 34.9102 34.1922 41.4793 33.9272 39.1992 33.1824 32.8353 32.8296 32.4338 32.3303 43.2849 36.5103 32.3 31.0617 30.7418 31.0401 30.7143 30.5266 30.4089 30.3877 30.2341 29.9864 29.9625 29.8422 34.7391 29.5589 47.8479 29.531 44.0104 29.0605 28.7905 32.0017 28.7515 38.5953 28.7305 27.9761 29.1775 27.7304 27.2874 33.9273 28.9533 27.6401 27.1395 26.9855 31.0699 28.1785 26.928 26.8367 26.8205 26.7197 26.6603 26.5667 26.4789 26.4404 26.1001 26.0047 25.8454 25.8202 25.6861 25.6679 25.5736 25.7987 25.5735 25.5231 25.5016 27.6225 25.3672 25.2697 29.4249 28.5654 30.8409 27.8999 27.8174 27.2878 26.2931 24.9981 27.6967 30.5763 27.0648
threshold=0.00065975711913779389 62.084674835205085 36.148860931396491 -0.00041236782271880651 9.8940501629840596e-05 0.0003922665491700173 0.79469418525695812 5.5000000000000009 69.823730468750014 41.136465072631843 0.13499999791383746 7.0931058871792643e-05 16.500000000000004 0.12404085323214532 0.00037053029518574482 -0.00043639395153149957 -0.46500000357627863 7.9333331584930429 60.500000000000007 0.0035188259789720182 0.00043606742110569035 0.097037252038717284 -0.0013813250698149202 1.0000000180025095e-35 57.523786544799812 35.500000000000007 0.49999998509883886 2.5000000000000004 -0.0065640246029943219 2.2333333492279057 51.500000000000007 0.0010659542167559268 2.5000000000000004 0.00055717793293297302 27.500000000000004 -0.22500000149011609 -0.0013911821879446504 1.729416072368622 -0.0011437872890383003 38.26564025878907 0.86666667461395275 0.0029055408667773013 0.57401746511459362 5.2666666507720956 0.50499999523162853 1.0000000180025095e-35 -5.9950000377284587e-06 3.1372281312942509 -0.29500000178813929 0.22637435793876651 -0.00046762936108279968 6.2666666507720956 -0.00062387905200012017 2.5000000000000004 0.00086032511899247776 0.16966073960065844 4.5000000000000009 -0.25499999523162836 0.00068296212702989589 -0.024581452831625935 -3.4999999999999996 0.00057769197155721496 0.0012831914937123658 -0.17500000447034833 10.500000000000002 -4.4999999999999991 25.500000000000004 0.014999999664723875 0.0010956286569125953 0.015690173953771595 0.0012639121850952508 76.500000000000014 0.45499999821186071 7.366666555404664 -0.00094375511980615545 1.0000000180025095e-35 -0.00037673092447221274 -0.00012371645425446329 50.500000000000007 1.5000000000000002 4.9500000476837167 -0.011605776846408842 -4.4999999999999991 0.00012004361997242087 2.7000000476837163 0.7535437047481538 7.8999998569488534 16.500000000000004 7.5000000000000009 2.7999999523162846 0.38499999046325689 -0.44499999284744257 -0.097572568804025636 -0.54309433698654164 -0.00019509055709931997 1.9499999880790713 12.500000000000002 0.013467757496982815 0.00011932753841392697 0.00055385622545145463 1.1333333253860476 0.86666667461395275 80.500000000000014 -0.89499998092651356 -0.072058148682117448 0.002509281388483942 0.89416047930717479 6.7666666507720956 -0.87103900313377369 -0.0074140552897006265 -0.00019407279614824799 0.69428828358650219 0.026168247684836391 14.500000000000002 -0.0011278279125690458 4.0666668415069589 5.5000000000000009 0.0014941911213099959 6.5333335399627694 -0.018236745148897168 47.945751190185554 -0.0307095143944025 0.33500000834465032 0.24499999731779101 -0.0001977098509087227 0.04919289983808995
decision_type=2 2 2 2 2 2 2 2 2 2 2 2 2 2 2 2 2 2 2 2 2 2 2 2 2 2 2 2 2 2 2 2 2 2 2 2 2 2 2 2 2 2 2 2 2 2 2 2 2 2 2 2 2 2 2 2 2 2 2 2 2 2 2 2 2 2 2 2 2 2 2 2 2 2 2 2 2 2 2 2 2 2 2 2 2 2 2 2 2 2 2 2 2 2 2 2 2 2 2 2 2 2 2 2 2 2 2 2 2 2 2 2 2 2 2 2 2 2 2 2 2 2 2 2 2 2
left_child=1 3 7 9 11 10 12 15 14 27 19 35 23 54 30 16 21 111 76 32 69 98 28 31 36 41 44 46 81 -25 113 105 56 48 93 -3 59 43 -31 110 -38 -26 85 55 -15 -13 -1 79 114 72 51 68 -33 60 -8 -23 57 58 103 -7 84 62 -28 -9 -17 -27 -45 -42 -21 -11 71 90 122 82 75 -29 -10 78 -34 80 -44 -18 83 -74 -22 -16 87 88 -87 -41 91 92 -30 -35 -54 101 -72 -63 -2 -81 -58 -62 -67 -4 -95 -5 -24 108 -61 -51 -40 -14 -113 -6 -12 116 117 119 121 -116 -118 -117 123 -50 -125 -124
right_child=2 4 5 6 8 24 13 63 18 20 33 45 17 26 42 64 22 -19 -20 50 53 37 106 29 25 65 61 74 70 38 -32 52 77 34 -36 -37 40 -39 39 89 67 -43 47 66 -46 -47 -48 -49 49 109 -52 -53 94 -55 -56 -57 100 -59 -60 107 95 97 -64 -65 -66 102 -68 -69 -70 -71 96 -73 73 -75 -76 -77 -78 -79 -80 99 -82 -83 -84 -85 -86 86 -88 -89 -90 -91 -92 -93 -94 104 -96 -97 -98 -99 -100 -101 -102 -103 -104 -105 -106 -107 -108 -109 -110 -111 -112 112 -114 -115 115 118 120 -119 -120 -121 -122 -123 125 124 -126 -127
leaf_value=-0.019468766041176543 0.029511512300485727 0.055177840123116585 0.004452663815289434 0.0013835271231790553 0.0099242026013090165 -0.0061029853035709288 -0.043323042301927524 0.027585096305611529 -0.02043066821911679 0.0034419242267147866 0.011504963339762546 0.005196281443240771 0.0039289350703930774 -0.01222683868991465 0.0050925744599470465 -0.0083013021717002148 0.043957157255227891 -0.037711789507977149 -0.0097328302267772424 0.013278352458947785 -0.019695845062213693 0.013016481476485466 0.0054370561232933634 -0.011138911295429058 -0.0074380095618975135 -0.010082622789408439 -0.0043331067322904945 0.03790783906935339 -0.026302686700528655 0.0035598432604800031 0.0013941993020826129 0.0024214959696583099 -0.014095930048167258 0.017174768012153327 0.0017751818510612445 0.016912761570036988 -0.01192279814449982 0.034862699210227735 -0.002182655505108177 0.0058960039875375139 -0.0030208371922669057 -0.026126852399841024 -0.019066250047128558 0.041582050524830293 -0.031403677640892573 -0.034903605332655921 0.0024522726306575029 0.0015719287473233369 -0.0020340423517048326 -0.032524970046897091 0.00080629712545260347 0.0054604757298725836 -0.00042789099400551911 -0.0011291981934758684 0.0022735839569789865 0.033628953685948683 0.0006560620725483573 0.0031334111195488235 0.0013608583002996267 0.015598609424590806 0.0058716482036935856 0.0073054539343772014 -0.0091778937797453598 0.016512580953297655 0.0069340113162761133 0.0011476699466526758 8.0767429617703427e-05 0.0042562765970471867 -0.0087283607908853235 -0.036010068306869869 -0.0066159893399703011 -0.00609227839199444 -0.0032366162744447758 -0.0097286611887513683 0.0060232795975544533 0.011075742207284488 -0.010932614996382399 0.0044959312298916247 0.0019104455073792152 -0.0026386381691168937 -0.0094185689118074043 0.018614337603478446 0.011410438019290292 0.011598678956811182 0.011890674313358628 -0.0057240100029868615 -0.050111661978347904 -0.0016122500483630635 -0.015139816503563608 -0.0060110536459864229 0.024157560634254737 0.010073934861058571 0.0029095899134024428 -0.0028918502182894469 -0.0080444933691868181 -0.00078093088547693027 0.015873064860383302 -0.0045917115383368092 0.00078144768926608496 -0.0121426473176082 0.012645641065817706 -0.02853109575306341 0.025068755198939738 0.019939990126765814 -0.028708337063237624 -0.020201040335560048 -0.029577942231801563 -0.0014128496336978068 0.0044982720660300445 -0.00078869603347052775 -0.033412318828202343 -0.0028712752325720805 0.012892180961399597 -0.0091067073584221395 -0.047156708162561456 -0.026626237735283349 0.04150152273322797 0.023517761868210269 -0.0016902809325978305 -0.0059381181142505526 -0.0023220758503929681 0.019103017160388425 0.00035915092606116382 0.019142210535132868 0.0026210715596865206 -0.016920819923061405
leaf_weight=1059.8118280768394 3914.128895252943 575.5290469378233 1452.2990004122257 27935.623728603125 754.11691728234291 3328.0244813412428 160.16623966395855 4524.2330908179283 18216.024486720562 30157.607541918755 7536.3976302742958 1322.5024457126856 29930.125318735838 4177.5016783177853 1665.2683065384626 2721.8655646145344 540.00755324959755 445.59900109469891 12059.501659169793 29850.301463484764 2515.0419218540192 4570.8490302562714 16139.059172794223 12784.608897343278 4721.555851906538 2479.9559953510761 18318.262753680348 690.66225695610046 415.92847876250744 5287.9775122106075 9600.6737484782934 5723.4531196206808 2366.5029905289412 202.68295361101627 2899.5585686266422 540.03806948661804 3004.2613833993673 813.10631014406681 374.61220489442348 2117.6676194220781 14457.073376119137 1365.8549253046513 12539.365625426173 188.32062412798405 1245.7746458798647 262.60274671018124 2312.5938095003366 1698.7222425192595 4438.9704282283783 256.70556047558784 3499.1955659091473 9484.279088139534 6263.2410774827003 69125.468750536442 11192.699780166149 916.42666648328304 2175.6459320485592 26289.16862039268 2470.5964911282063 2228.4738939553499 314.66282570362091 2271.3435753136873 47555.720751285553 5613.7957744598389 2544.6941093504429 8479.0345296859741 2794.5579493939877 9435.34951646626 632.29025089740753 193.74071545898914 555.55954647064209 1536.2850163429976 3300.841036349535 1563.9006496965885 17312.4299184829 5319.0263276696205 3913.3606448173523 6335.2897249311209 2645.2927390933037 3594.594284504652 6195.2282961159945 2606.6804557591677 11290.177199974656 2215.5905071943998 312.47278295457363 6197.1079434454441 191.89729969203472 5256.3969834595919 6273.8861892819405 19925.789066627622 1184.5512869954109 15623.236957773566 1602.2075690478086 546.5154073536396 17696.762522146106 5388.5652761757374 10771.384188920259 11032.370120674372 350.69631989300251 15890.61211180687 11898.758051946759 737.11377303302288 480.19111454486847 4175.6428967267275 1330.6660597771406 562.43055136501789 212.10570003092289 7028.116332218051 34633.270024955273 23309.808407634497 868.21962349116802 11745.189318448305 1227.8369421958923 9835.1291617006063 172.22897657752037 133.23027645051479 274.84320993721485 341.44493815302849 1302.7258104681969 3318.1754758358002 294.1570211648941 2234.7853981554508 2504.6512649953365 1817.5316119641066 2919.8638118058443 1420.4332906454802
leaf_count=4240 15687 2305 5811 111751 3018 13314 642 18154 72982 120640 30155 5293 119730 16720 6663 10890 2171 1783 48278 119481 10063 18303 64593 51151 18890 9921 73292 2765 1665 21154 38412 22896 9468 811 11600 2162 12018 3259 1499 8472 57832 5466 50199 754 4987 1051 9252 6799 17761 1027 14001 37959 25056 276515 44776 3671 8706 105183 9885 8915 1259 9087 190291 22501 10183 33920 11188 37745 2530 775 2224 6150 13206 6257 69269 21290 15671 25349 10583 14389 24799 10451 45172 8864 1250 24799 768 21034 25109 79714 4743 62552 6413 2187 70795 21559 43126 44138 1405 63609 47614 2949 1921 16708 5324 2250 849 28116 138550 93254 3476 46986 4912 39356 689 533 1100 1366 5212 13275 1177 8941 10021 7272 11682 5683
internal_value=0 -0.00403168 0.00559475 -0.00208218 -0.0102905 0.00375367 -0.00378194 0.01181 -0.0108734 0.000915281 0.00541409 0.0142914 -0.00197144 -0.00647803 -0.00885852 0.0104134 0.011337 0.00191228 -0.01557 0.00748479 -0.000463878 0.0178995 0.00960007 -0.00366276 0.000512196 -0.00422444 -0.00756611 0.00653352 0.0117673 -0.00630332 -0.00340251 -0.00178569 0.0054764 0.00258634 -0.00625642 0.036654 0.00163231 0.0136502 -0.0041398 -0.00588828 -0.00146234 -0.0116313 -0.0107098 0.0116139 -0.0166319 -0.00144703 -0.00443663 -0.0124553 0.00320961 0.00203807 0.0102483 0.011075 -0.00441937 -0.00187858 0.00163031 0.016459 0.00675498 0.00510257 0.0114948 0.00339512 -0.00746791 -0.00694515 -0.00783065 0.0214538 -0.00093991 -0.000282847 0.0027009 -0.000147034 0.0128219 0.00319009 0.0106555 0.00836675 0.00441364 0.00700174 0.00811981 0.0141594 -0.018751 1.57445e-05 -0.00564755 -0.0130788 -0.0158759 0.0229635 0.00855855 0.00272175 -0.0162052 -0.00715197 -0.00828988 -0.00783716 -0.0104609 -0.00486717 0.00954668 0.00856561 -0.00311092 -0.0174534 -0.00605348 -0.00363198 0.01477 -0.00256051 0.027149 -0.0103894 0.0107923 -0.0182387 0.00242978 0.0159435 -0.0211922 0.000957539 0.00498285 0.00411533 0.00516934 -0.00113439 -0.0239991 0.00232382 -0.00137934 -0.00775141 0.00734083 0.00345281 -0.00206144 -0.00516603 0.0100638 -0.00797199 0.018846 0.0165302 0.000784672 0.0036415 0.00895951 -0.00589423
internal_weight=0 490865 350682 374282 116583 270542 238843 80139.7 113882 135439 178901 2700.67 142889 95953.8 79693 70001.7 64735.1 43348.8 34188.9 103275 108745 13548.1 51187 99540.4 91641.2 17526.6 84601 26694.5 34835.8 41358.9 20189.9 58181.5 59809.2 75625.9 4979.42 1115.57 74114.6 9283.26 28574.3 23286.3 26896.7 6087.41 59503.1 8470.15 5423.28 1585.11 3372.41 39918.5 70646.5 55038.5 43466.1 39966.9 29683.5 78393.3 11352.9 5487.28 48462.1 34387.7 8098.54 47217.9 9267.86 79177.7 65874 10138 5266.56 11439.2 2982.88 23892.4 30482.6 30351.3 31689.2 20362.2 31472 18370.5 23322.1 6009.69 22129.4 11347.1 5011.8 38219.8 18734.6 3146.69 16806.6 5516.43 2827.51 19584.6 17919.3 17727.4 12471 22043.5 18825.9 17641.4 2018.14 2079.86 23960 6440.34 11326.9 13303.7 4264.83 19485.2 14074.4 1051.78 8959.23 5627.94 1877.18 28498.1 16351.2 43889.9 36861.7 23566.5 1242.83 42903.2 12973 10589.2 15608 8071.59 4400.85 3831.85 3670.74 3490.4 569 2368.02 13101.5 9176.37 4737.4 3925.08
internal_count=3367467 1964080 1403387 1497384 466696 1082455 955558 320932 455885 541826 715847 10811 571625 383933 318954 280277 259204 173411 136931 413278 435010 54267 204937 398214 366608 70118 338515 106816 139495 165466 80786 232748 239307 302569 19922 4467 296490 37175 114315 93161 107595 24356 238168 33916 21707 6344 13492 159795 282647 220199 173971 159970 118747 313595 45418 21974 193907 137587 32404 188895 37080 316808 263583 40655 21073 45762 11942 95577 122011 121415 126873 81523 125918 73499 93324 24055 88653 45400 20051 152996 74998 12622 67242 22070 11313 78373 71710 70942 49908 88186 75373 70630 8078 8322 95851 25767 45350 53225 17092 77998 56320 4208 35841 22519 7511 114001 65442 175581 147465 94281 4975 171628 51898 42374 62448 32293 17607 15330 14686 13964 2277 9474 52419 36715 18954 15704
is_linear=0
shrinkage=0.1


Tree=5
num_leaves=127
num_cat=0
split_feature=20 18 10 22 22 10 16 32 0 10 45 43 32 34 22 37 43 38 37 5 38 45 8 45 14 22 38 22 24 38 38 38 24 16 16 37 39 13 32 24 29 13 5 43 37 39 41 13 26 42 37 29 18 39 37 34 26 46 10 39 39 46 43 38 32 45 34 43 18 26 0 8 42 43 41 37 43 7 28 38 22 38 20 7 37 24 38 37 37 44 32 29 7 44 34 29 38 5 46 36 45 39 38 38 32 29 36 3 15 38 37 37 43 10 45 25 44 29 45 4 34 10 20 43 16 45
split_gain=1580.8 489.336 403.653 170.353 133.718 125.185 107.174 83.521 83.1503 79.7514 61.3882 60.4686 58.7254 62.607 61.7976 58.6392 60.2874 63.9902 56.0573 54.4106 51.8712 51.7656 50.1638 47.8334 47.5986 49.8551 47.1967 47.0594 45.819 45.4601 45.2019 62.1754 42.7836 40.4133 40.3739 40.1607 39.9718 39.0418 38.2119 37.0405 36.732 36.2083 35.8167 35.7938 34.8925 34.0279 33.6579 33.4809 32.9847 32.9541 32.8708 32.3229 31.9384 31.7947 31.452 31.3844 34.344 31.0183 31.0007 31.0742 30.007 38.9462 29.9384 29.0206 28.9151 28.6621 28.4115 27.9054 27.7831 27.6334 27.6326 48.7636 32.1665 28.0581 27.3761 27.3431 37.9795 27.32 27.2936 27.2366 28.9678 28.4162 29.9982 31.9464 29.108 26.8987 26.863 50.9763 28.4579 26.6556 26.3223 26.2879 26.2283 26.0628 25.9131 29.607 25.6565 27.8548 25.552 25.175 28.1668 25.1544 27.1645 26.4665 24.6314 30.4878 24.615 24.4701 31.3645 24.4197 29.0642 24.1893 26.2287 24.1631 24.141 24.8795 29.5364 23.9417 27.6825 23.9311 24.1616 24.86 24.8199 23.8081 26.4529 23.7225
threshold=-0.00022001407342031595 -0.002035730984061956 35.908296585083015 51.24969673156739 44.765232086181648 67.296661376953139 0.00025754899252206093 -9.3091999588068561e-05 -0.00029702694155275816 57.796630859375007 60.500000000000007 -0.17500000447034833 -6.461205339292063e-05 3.1372281312942509 55.543754577636726 6.7333333492279062 1.0000000180025095e-35 19.500000000000004 0.3666666597127915 -0.0045747053809463969 1.5000000000000002 30.500000000000004 0.0004767579230247066 55.500000000000007 0.0045343944802880296 60.176479339599616 1.5000000000000002 39.970615386962898 0.004036365309730173 16.500000000000004 7.5000000000000009 16.500000000000004 0.0098363915458321589 -0.00031299228430725629 -0.00027823030541185284 7.9333331584930429 5.5000000000000009 -8.7788226664997624e-05 3.3592148611205637e-05 0.0021159207681193952 0.02448044624179602 -0.00079577666474506248 -0.030091767199337479 0.85500001907348644 5.7666666507720956 3.5000000000000004 4.2249999046325692 -0.00029092274780850852 0.24220144003629687 -0.23499999940395352 7.7333333492279062 0.0087283477187156695 -0.0010186721337959168 5.5000000000000009 7.7000000476837167 -0.28210142254829401 0.30434390902519232 6.5000000000000009 39.157999038696296 5.5000000000000009 5.5000000000000009 -32.499999999999993 1.0049999952316286 1.5000000000000002 -0.0025234114145860072 22.500000000000004 4.9544489383697519 -0.39499999582767481 0.0030633537098765378 0.64919486641883861 -2.6849239702642076e-06 0.00014940985420253131 1.3750000000000002 -0.62000000476837147 0.20500000566244128 7.0333335399627694 -0.37499999999999994 0.00016282765136566016 -0.0054886497091501943 16.500000000000004 41.746770858764656 8.5000000000000018 0.0033444674918428068 0.00069916492793709051 4.6666667461395273 0.012341602705419065 22.500000000000004 7.9333331584930429 7.9333331584930429 -0.054999999701976769 0.0006872525264043362 -0.0018241716898046432 0.00034069517278112477 0.32500000298023229 -0.42421074211597437 0.011132518295198681 7.5000000000000009 0.057364959269762046 -3.4999999999999996 -2.1185000150580887e-05 28.500000000000004 1.5000000000000002 15.500000000000002 12.500000000000002 -0.0027578253066167231 -0.020129254087805745 -8.3050003922835441e-06 -0.034068483859300606 -0.0088824443519115431 12.500000000000002 0.96666666865348827 0.16666667163372043 -0.34499999880790705 62.273021697998054 82.500000000000014 0.03146083094179631 0.30500000715255743 0.0072073088958859452 39.500000000000007 -0.051818199455738061 -0.68671360611915577 61.895153045654304 0.0026343328645452861 0.63499999046325695 0.00028459103486966347 49.500000000000007
decision_type=2 2 2 2 2 2 2 2 2 2 2 2 2 2 2 2 2 2 2 2 2 2 2 2 2 2 2 2 2 2 2 2 2 2 2 2 2 2 2 2 2 2 2 2 2 2 2 2 2 2 2 2 2 2 2 2 2 2 2 2 2 2 2 2 2 2 2 2 2 2 2 2 2 2 2 2 2 2 2 2 2 2 2 2 2 2 2 2 2 2 2 2 2 2 2 2 2 2 2 2 2 2 2 2 2 2 2 2 2 2 2 2 2 2 2 2 2 2 2 2 2 2 2 2 2 2
left_child=2 5 8 19 9 12 7 63 11 15 34 39 78 14 46 16 27 40 22 23 91 -11 99 30 25 62 98 57 43 111 32 106 123 49 -7 65 38 -30 -10 -1 60 -16 94 52 -15 -39 119 -27 -41 -17 -33 -23 53 -20 75 -25 -57 77 59 -28 61 -18 -22 -5 -26 -31 68 -55 96 113 71 73 92 -54 -70 -51 -77 -4 -2 81 -81 82 83 -48 -84 -58 88 -88 89 -65 -35 -8 -72 -67 95 -29 97 -63 -6 -9 -101 -42 103 -103 -91 -106 117 108 -13 110 -38 112 -21 -60 115 -79 -117 -32 -119 -14 -121 -122 -123 -3 -125 -73
right_child=1 3 4 6 26 10 20 18 36 21 -12 107 13 44 41 33 17 -19 28 29 24 51 -24 55 64 47 58 42 37 35 31 50 -34 90 -36 -37 109 45 -40 48 101 -43 -44 -45 -46 -47 79 -49 -50 54 -52 -53 70 67 -56 56 85 -59 69 -61 -62 66 -64 86 -66 93 -68 -69 74 -71 72 125 -74 -75 -76 76 -78 114 -80 80 -82 -83 84 -85 -86 -87 87 -89 -90 104 -92 -93 -94 -95 -96 -97 -98 -99 -100 100 -102 102 -104 -105 105 -107 -108 -109 -110 -111 -112 -113 -114 -115 -116 116 -118 118 -120 120 121 122 -124 124 -126 -127
leaf_value=0.033459844480577941 -0.0049300422304017176 0.0074297500363675164 0.054334089487207332 -0.011141277795317355 -0.011361182182976826 -0.016820240642106282 -0.014164929609061953 -0.056865520431827833 0.0077657540623078149 -0.014248500394177761 -0.0078653178418255382 0.060335930980828067 0.02239944843343418 -0.0022504493879468199 0.0054502470610542243 0.0099524718914709154 -0.030373777477012493 0.013713502407609282 -0.0089373605950969822 -0.031726180530141597 0.0018359106301588162 -0.0044542777829225319 -0.0085612555066157097 0.0088663342109481895 0.012070750566886513 0.004665115683180239 0.0034784257979707679 0.024435070037241845 -0.008043639056489825 0.017459522824805288 0.0067567522139293833 0.0046019439558164007 -0.017539916153583298 0.0063044691124189553 -0.0042158736091572752 -0.041189346467241823 -0.00071206334978917612 0.0045450573401255101 -0.0024344215493727417 0.021847309810207841 -0.010973027485072395 -0.011210751372911243 0.0074239529793557139 -0.033912995205904732 0.017049888546769469 -0.0052218717493519792 -0.01014744006715998 -0.0087641281083430493 0.013159693674871848 -0.016369905303205482 -0.021144663617665413 0.0089955724083449918 -0.057690784845812373 -0.032193386405461072 -0.021756835537217294 0.0087400570040343829 -0.0014164152734757055 0.018237033032330634 0.0019852509828600698 0.014567423392056864 0.011744650914556981 0.0060760792271449928 -0.029808090530121453 -0.0040586484479945275 0.0026019005024018917 0.001247610753086722 -0.025778690293815833 -0.013616633531103192 0.020741367112852099 -0.0020938506213644004 0.0010402184637529576 -0.0034001726757077288 -0.017187582529563258 -0.01004180005832663 0.0061738500434375685 0.015915375236093876 -0.0071351101787317048 0.012165827517155798 0.0022736724766758672 0.015601989364581291 -0.00070342647369460226 -0.0099262135593054298 -0.025227901587402946 0.0062929047396518556 0.0081836250895663508 -0.038393967681707226 -0.008039855387371243 -0.073126019879735563 0.035232583360497192 -0.0078227310615581764 -0.0041575687491235552 0.001207763651399567 -0.0062281796615878855 0.014344408033364391 -0.010015970557177239 -0.005993783681357512 0.00028216761025562007 0.049477091169206483 -0.0017587498995640808 -0.064084137658801929 -0.019886450763217222 0.002906069433331479 -0.0081566231966733634 0.028779173921902379 0.020722306390189543 0.0017482777719748336 -0.008318965873364885 0.010380781332673637 0.012885102661191656 0.0082734349244874689 0.025697165029104824 -0.002212500666173151 -0.0034373260983520566 -0.012193243245219886 -0.024382860905617403 0.003837669076421388 0.026888252127014851 0.0011073097226471198 -0.022852600574488437 -0.0013907331878115078 -0.0073289065014348152 -0.021095968110750277 -0.0059551687274155699 -0.019303644163443479 0.012159150005488721 -0.011925441863198563
leaf_weight=1495.8240186721087 12411.104787990451 14376.993674769998 139.62584185600281 2975.4623128175735 4125.9810127466917 26020.165081426501 3735.8328391164541 342.23772242665291 29481.721189916134 2985.2103117704391 15998.957637935877 225.21215257048607 240.89923107624054 2812.5879593193531 1343.1902974098921 1215.9373161643744 335.88861134648323 6714.3710769414902 17530.461970597506 585.5807381272316 20271.702314540744 4111.3318872898817 1868.643519192934 17285.29210087657 3814.95463116467 2233.3243565410376 17088.501142472029 582.74355714023113 8667.8458580076694 1434.4804580509663 2598.2521850466728 12785.403555735946 789.37434083223343 11984.418058678508 2816.3817868381739 199.55498795211315 495.36791214346886 8458.1310306191444 4195.3168187886477 7948.6225076764822 2554.7454299032688 45150.752544075251 17945.630541861057 527.5261722356081 1404.4366381764412 6168.7392375022173 1606.3502178788185 11002.871657788754 9707.894399151206 1296.9177004694939 515.88025914132595 3160.246823862195 321.25938898324966 1121.2821091711521 1314.0742783546448 4551.1909581571817 6384.7201694995165 5816.3703075349331 74741.607037097216 2965.6158262044191 5085.1683690398932 9527.184101164341 303.458162561059 13797.362127453089 20854.772964552045 13833.297023177147 320.63565136492252 2900.0093839764595 1709.7988904565573 24687.841287598014 10071.366892948747 5791.6836026906967 1622.3052535653114 200.83828330039978 5254.5860025435686 1095.9416724890471 2055.4138782322407 19570.835410088301 9127.6159401983023 1330.7895689755678 6010.8399740308523 6775.0482443571091 863.20040382444859 4473.7244500219822 373.60132741928101 202.97687955200672 1854.0696064978838 128.68685512244701 223.71320489048958 2578.8415300548077 3008.5894626528025 1584.0551147907972 9791.3590151816607 1706.9628197550774 2262.3499196618795 708.55123245716095 16749.786979451776 150.20829808712006 8439.3382367491722 167.77699317038059 1025.7070040553808 3361.4938506186008 2127.7560178637505 448.06649163365364 881.94662135839462 21281.22346393764 10872.888423711061 24220.157773301005 365.16348175704479 2522.8473750650883 2624.823623880744 45885.889213770628 744.39083227515221 1221.6136514395475 202.847047701478 7442.397034689784 600.76880463957787 1321.0479730665684 759.40738283097744 3014.7982894778252 6542.1989188194275 3645.5160212367773 1540.075595498085 716.40829293429852 426.20423030853271 7478.5455109924078
leaf_count=5998 49656 57519 559 11908 16509 104308 14951 1371 118070 11945 64064 909 964 11256 5374 4865 1344 26868 70164 2343 81097 16449 7481 69153 15266 8935 68377 2332 34682 5739 10395 51151 3158 47962 11284 799 1988 33841 16789 31890 10222 180747 71818 2111 5620 24684 6429 44021 38902 5190 2064 12644 1288 4491 5258 18208 25542 23294 299015 11875 20353 38120 1214 55198 83434 55344 1283 11611 6842 98761 40301 23174 6492 804 21028 4386 8225 78346 36518 5324 24050 27111 3454 17900 1495 812 7417 515 895 10316 12036 6338 39176 6829 9052 2835 67018 601 33766 673 4108 13451 8514 1793 3528 85133 43499 97005 1467 10125 10532 183582 2978 4888 812 29792 2405 5285 3038 12066 26174 14595 6166 2866 1705 29922
internal_value=0 -0.00372369 0.00504174 -0.0015515 0.00319525 -0.00838718 -0.00348098 -0.0051523 0.0111413 0.00533227 -0.012833 0.0141296 -0.00655283 -0.00770867 -0.00831322 0.0059943 0.00693943 0.00457417 -0.00699619 0.00112756 -0.000133753 -0.00316079 -0.0195658 0.00298516 0.000726236 -0.00171068 0.000920808 0.00926479 -0.00646561 -0.000995335 0.000962481 -0.00141606 0.00517046 0.00127916 -0.0155892 0.00341031 0.00780021 -0.00272554 0.00649507 0.0183507 0.00328568 -0.0107294 0.00560765 -0.0079846 0.00417733 0.000425951 -0.00522842 -0.00649823 0.0170707 -0.00500728 0.00360338 0.00139106 -0.00774392 -0.010777 -0.008164 0.00619889 0.00205956 0.0115929 0.00152798 0.00511827 0.00457939 0.00350924 0.0013692 -0.00160736 0.00406617 0.00393463 0.00384683 -0.0187965 0.0041313 0.000812637 -0.00589096 -0.00938407 -0.00364856 -0.0393614 0.00975026 -0.00414851 0.000881119 0.0102105 -0.00187727 -0.00268657 0.00225219 -0.00525957 -0.000938507 0.00194938 -0.0151353 -0.00255575 -0.00091115 -0.0122641 -0.000330437 -0.000536873 0.00420509 -0.00958754 -0.00254275 0.00268618 -0.00356455 0.00773834 0.00265053 0.00674973 -0.00491183 -0.0329559 -0.0260997 -0.00267601 0.000894076 0.00594917 0.00142704 0.00250332 -0.00570919 0.0108711 0.0309863 0.0155892 0.0215044 -0.00259785 -0.0158928 0.00175724 0.00998907 0.0102416 0.00555939 0.00035568 -0.00763853 -0.00886449 -0.00937536 -0.0114279 -0.0165993 0.00632558 -0.00756775 -0.00820466
internal_weight=0 483056 358393 329554 275110 153502 191578 127777 83283 141840 44835.5 43962.9 108667 87128 82911 131583 109612 54339.7 84055.7 137976 63801 10256.8 3404.37 73586 58481.1 33811.4 133270 55272.1 80651.4 64390.2 45161.9 28852.9 16309 21971.3 28836.5 17174.3 39320.1 23294.7 33677 19152.3 47625.3 46493.9 21499.3 57356.6 4217.02 14626.9 36417 13236.2 17656.5 6978.28 13301.3 7271.58 56829.1 21551.8 5762.35 28424.2 11138.9 33772.8 120705 20054.1 39133.3 34048.1 20575.2 43721.3 24669.7 16974.7 33712.2 4021.29 33391.6 100651 35277.4 13792.3 21485 522.098 6964.38 4448.27 3151.36 27956.5 21538.7 21433.6 7341.63 14091.9 7316.88 6080.07 1236.8 6587.7 40745.8 1982.76 38763.1 38539.4 14993 5319.89 19862.7 15540.3 3553.64 1291.29 26427.2 9677.39 12565.3 1535.72 1193.48 8492.06 5937.32 3809.56 24742 22163.2 15551.6 24810.5 590.376 5643.04 3120.19 47215.9 1329.97 75963.2 27816.8 27614 8043.17 4678.71 2080.46 14983.5 14742.6 11727.8 5185.59 15519.6 1142.61 13270.2
internal_count=3367612 1933104 1434508 1318549 1100833 614555 766540 511284 333675 567642 179656 176171 434899 348725 331849 526604 438682 217437 336374 552009 255256 41038 13633 294395 233967 135267 533191 221245 322741 257614 180680 115432 65248 87922 115592 68711 157504 93207 134859 76790 190569 186121 86037 229534 16876 58525 145728 52956 70792 27924 53215 29093 227423 86266 23059 113715 44562 135208 482916 80252 156589 136236 82311 174910 98700 67912 134892 16102 133609 402664 141157 55188 85969 2092 27870 17801 12611 111914 86174 85763 29374 56389 29278 24329 4949 26354 163002 7932 155070 154175 59998 21289 79477 62173 14219 5167 105739 38721 50275 6152 4781 33980 23758 15244 98977 88661 62217 99381 2376 22645 12520 188903 5321 303903 111355 110543 32197 18718 8323 59965 59001 46935 20761 62090 4571 53096
is_linear=0
shrinkage=0.1


Tree=6
num_leaves=127
num_cat=0
split_feature=28 10 10 9 32 39 39 32 32 10 26 38 28 10 42 43 42 10 22 43 37 22 5 38 37 37 45 8 16 5 18 37 43 19 10 45 10 33 44 46 37 13 13 22 41 5 8 34 18 39 45 26 45 41 22 38 38 10 22 45 28 32 44 42 1 14 44 23 20 43 5 16 37 18 8 44 8 46 9 16 43 27 45 46 5 22 45 10 5 18 5 5 10 35 13 44 26 33 38 31 38 38 37 37 23 16 29 5 37 23 23 44 4 45 43 38 37 33 45 37 20 29 5 32 37 44
split_gain=1263.46 355.884 329.376 132.56 107.349 104.194 101.526 97.8162 90.8929 85.1408 104.942 77.2891 56.4504 56.0506 56.4491 54.1926 51.3943 48.0236 47.0919 49.1152 44.5093 43.7183 43.3135 60.0776 78.1607 43.2206 42.6964 42.1128 42.0483 41.6407 40.5363 39.0228 46.0869 38.4799 37.4915 37.3006 44.7919 39.6595 37.1727 36.9405 39.4529 36.7318 36.1694 35.8375 35.8066 35.6972 33.5858 33.3266 33.1423 33.081 32.8096 32.7663 32.6124 32.1188 33.3566 32.0239 31.8102 31.7048 35.0236 31.3686 42.7989 31.3302 33.3604 40.8263 31.1555 35.6168 30.8539 30.7927 30.5551 29.9322 29.9175 29.7635 29.6649 31.0059 29.5038 29.4542 31.7672 29.297 28.8653 99.8541 40.9223 28.7995 28.7901 28.6556 29.0325 31.1134 28.3392 27.9574 27.6954 27.2339 27.0645 26.9442 28.4561 42.4511 26.9119 26.8248 29.2248 26.7634 29.6727 26.7332 26.6228 56.8223 39.5534 30.8738 26.5556 26.1471 26.1468 25.876 25.834 25.833 25.5265 26.572 25.448 29.3237 25.4449 25.4071 28.9582 25.3814 29.186 33.5206 25.3392 25.3097 27.9359 25.1482 25.0764 24.7286
threshold=-0.00064394678338430811 38.45268630981446 60.489812850952156 7.6510892540682121e-05 -1.0000000180025095e-35 5.5000000000000009 5.5000000000000009 0.00061281587113626312 9.044870603247547e-05 42.617029190063484 0.79469418525695812 16.500000000000004 0.0023951119510456924 26.104125022888187 0.37500000000000006 0.14500000327825549 0.25499999523162847 32.377223968505866 51.24969673156739 0.32500000298023229 2.0999999046325688 32.966810226440437 -0.015441224444657562 5.5000000000000009 0.20000000298023227 7.9333331584930429 55.500000000000007 0.0014728904934599998 4.0387894841842362e-06 0.0023163795704022054 -0.0012346510193310676 0.76666668057441723 -0.31499999761581415 -5.0569537052069784e-05 68.881858825683608 66.500000000000014 69.823730468750014 0.0020300630712881689 -0.29500000178813929 6.5000000000000009 5.7333333492279062 -8.7788226664997624e-05 -0.00079577666474506248 59.507543563842781 1.9499999880790713 0.0092440228909254091 0.0013082851655781271 4.9544489383697519 -0.0036373400362208481 1.0000000180025095e-35 33.500000000000007 0.59046819806098949 11.500000000000002 2.7049999237060551 39.27191352844239 4.5000000000000009 14.500000000000002 57.931316375732429 54.06707954406739 53.500000000000007 0.012606030330061914 -0.0014145548921078441 0.13499999791383746 -0.44499999284744257 -9.2736008809879409e-05 0.0031182059319689874 1.0000000180025095e-35 -8.3302056737011285e-05 0.00062420655740425001 0.064999999478459372 0.021082082763314251 0.00019450615945970642 7.8999998569488534 -0.00050836455193348218 0.00064408156322315346 -0.03499999921768903 0.00090678839478641759 -20.499999999999996 0.00011917855590581895 8.2485621533123793e-06 -0.69499999284744252 0.00021116903371876108 24.500000000000004 -1.4999999999999998 -0.024807036854326722 26.365457534790043 12.500000000000002 63.507419586181648 0.0039187178481370219 -0.00065291489590890695 0.0075157871469855317 -0.016961733810603615 58.07738113403321 3.3824999263742945e-05 -1.8251591882290084e-06 0.2650000005960465 0.08578044176101686 -0.00092932290863245715 8.5000000000000018 -0.0069888026919215909 13.500000000000002 19.500000000000004 7.8999998569488534 7.9333331584930429 0.00067828438477590691 0.00076384915155358623 -0.020129254087805745 -0.0688914619386196 7.7000000476837167 0.00016954521561274308 -0.00066718255402520288 -0.014999999664723871 -0.019280849955976006 49.500000000000007 0.35500000417232519 22.500000000000004 1.8999999761581423 0.0073356081265956172 31.500000000000004 0.43333332240581518 -0.0020810252754017706 0.0023946902947500352 0.031454069539904601 0.0017892866162583234 7.5666668415069589 0.18500000238418582
decision_type=2 2 2 2 2 2 2 2 2 2 2 2 2 2 2 2 2 2 2 2 2 2 2 2 2 2 2 2 2 2 2 2 2 2 2 2 2 2 2 2 2 2 2 2 2 2 2 2 2 2 2 2 2 2 2 2 2 2 2 2 2 2 2 2 2 2 2 2 2 2 2 2 2 2 2 2 2 2 2 2 2 2 2 2 2 2 2 2 2 2 2 2 2 2 2 2 2 2 2 2 2 2 2 2 2 2 2 2 2 2 2 2 2 2 2 2 2 2 2 2 2 2 2 2 2 2
left_child=2 3 9 28 12 8 7 66 13 17 16 22 29 59 25 39 48 -1 19 112 94 82 23 24 -6 38 91 49 -2 44 87 32 70 125 53 36 37 -9 121 40 74 105 -33 -44 115 51 81 100 -11 -16 -21 -38 -34 57 -55 -47 -10 58 -32 99 90 62 63 -40 65 88 89 -36 -19 -62 -12 -22 95 -74 -14 76 -8 -64 79 80 -46 -26 83 -17 -85 -86 -43 -24 -50 -4 124 92 117 -94 -18 -13 -97 -51 -99 -5 102 103 -45 -102 -57 -23 -53 -37 -68 -31 111 -90 -7 -114 -52 116 -3 118 119 123 -65 122 -15 -25 -61 -30
right_child=1 4 6 5 11 18 75 35 56 10 31 72 15 14 27 21 20 68 -20 50 71 41 30 26 46 -27 -28 -29 33 109 34 42 52 -35 67 107 45 -39 61 -41 -42 86 43 47 78 55 -48 -49 64 97 114 106 -54 54 -56 104 -58 -59 -60 60 69 -63 77 120 -66 -67 108 -69 -70 -71 -72 -73 73 -75 -76 -77 -78 -79 -80 -81 -82 -83 -84 84 85 -87 -88 -89 110 -91 -92 -93 93 -95 -96 96 -98 98 -100 -101 101 -103 -104 -105 -106 -107 -108 -109 -110 -111 -112 -113 113 -115 -116 -117 -118 -119 -120 -121 -122 -123 -124 -125 -126 -127
leaf_value=0.019343726555324604 0.012015791970123854 -0.012326113965499097 -0.0068353639874257181 0.023332954163562528 0.048396177122467979 0.0076019024320659019 -0.026039987424151746 -0.0044391874872199023 -0.0023200349747871537 -0.0092668027625783314 -0.026143255982830866 0.002706908542167341 0.01487779350603842 -0.00017242321498619356 0.024356037501201785 -0.003229677921083628 -0.016964100195186779 -0.00016751249568819622 0.0073932597165893184 0.022026174370902454 -0.0041814860574982118 0.0010253046792236176 -0.005048997453701202 -0.0011167828384500494 0.014101574423373748 0.038578522753891266 0.0039199657784321799 0.0015620504112091125 -0.023442161291031431 -0.001448483321434221 0.006453441691296408 0.0065247221845760985 -0.043794005145629963 -0.060732968387789722 -0.0010530795573814801 0.020157369044537937 -0.010347322316580523 -0.011078563614204097 -0.007509759867747514 0.012936480453362473 0.0011066462016326589 -0.0082887441142559942 -0.0020958994080277865 -0.0089663274820496412 0.040983544894046361 0.0015976477991181057 -0.0020694338991212461 0.015598743973801503 -0.0014176059236537017 0.015334187252281254 -0.031374745760213756 0.0024941838778703017 -0.0043144724292619435 0.003004284268935481 -0.0041478010477978399 -0.018870664158317216 0.0066432455772840017 -0.013684869925882285 -0.010360277967222983 0.013093890041353529 0.051015612998646237 0.00068282904291393307 -0.0066183314990884883 0.009322743536965895 0.0024232964736069507 0.00097651417852673511 0.0013003275322849873 0.033889744629915987 0.0074933728249757707 0.01917980724703116 -0.0068171982159570058 0.0043382733048909165 -0.050219009878183542 -0.0037598793470929302 0.0065419774303130899 -0.012388484165464266 -0.011762168614672093 0.011610280198526675 0.0040418343316301012 -0.021170161632492149 0.0094124788852829773 0.0028243091761766988 0.00028114948082878441 -0.011631750515391164 -0.080244924244367605 -0.023621159404865807 0.0076495295057630135 -0.016711183586107875 0.039939687823771129 0.016185586788367484 0.030054969597414605 0.013049985205907456 0.00063550577790168065 -0.024488125036716584 -0.0053379893431039016 0.033691868775411936 0.0078087314303470923 -0.0044036956554658604 0.012784064144145535 0.0078333626771853165 -0.0010011826378174082 -0.0099901322179336751 0.028269821207762433 0.034938329665765586 -0.005804300411207771 -0.015718241589439422 -0.025319305084541461 -0.0062433724296257305 -0.022734095612902058 0.0051080590908901538 -0.013478352811423476 -0.0076280916626352488 0.033286489362563565 0.020074878945843311 0.0060295001762878603 -0.029337012056632136 0.002006092996704453 -0.024297907710725399 -0.0079669483762844842 0.0046960987178806344 0.0011522299007020861 0.015818154446831399 0.021383500643096558 -0.046453666563560418 -0.026497105206377165 0.01808239080763779
leaf_weight=1658.5322737842798 378.17899140715599 1856.322119012475 13349.803715020418 1379.457514539361 433.11534129083157 834.01381932199001 4378.3195483237505 13530.696933656931 11489.214170441031 3387.4606237709522 2566.2426481544971 39854.921392351389 5271.9619815796614 2590.4136192053556 2751.9919455200434 1806.3186473697424 3758.9173210561275 20116.137389078736 4529.0571163594723 1442.5314411073923 16830.40198558569 5535.0143408179283 5972.8027630448341 257.67737680673599 4707.8772136718035 404.2251099050045 8607.0403018593788 3052.4095578044653 1138.3785743117332 38750.252943098545 9199.1721513420343 2778.3161885589361 217.52607905864716 254.38096031546593 484.11655090749264 377.8744295835495 2700.3168762177229 26850.287679880857 2795.5276260823011 9962.4633285552263 11193.811063319445 1183.0305479317904 27608.26175570488 32000.3165769279 979.53107312321663 1780.0764343440533 4280.4101414531469 676.73562102019787 6024.2564640194178 9114.4318018108606 198.65312574803829 359.79651440680027 5491.1530144810677 7493.1237788945436 50266.123187094927 3822.9787537306547 6041.4425667226315 1094.5732543319464 1431.7049964666367 2440.4605065584183 698.22806066274643 14098.581508114934 952.1242685765028 8400.8174032270908 48044.787369921803 19142.860095992684 14742.399758353829 526.42278385162354 7024.1768848747015 511.80894036591053 1164.4889027476311 5421.2154898941517 201.03950466215611 503.20337656140327 21818.792676731944 9781.5405749380589 2419.4240873008966 11918.827098548412 49271.143265455961 554.39927035570145 706.82737894356251 4363.3070480972528 8520.8179216831923 757.78985290229321 153.65471166372299 263.36870554089546 19569.351109459996 3134.2836226522923 187.97212418913841 534.45472486317158 970.66248442232609 793.07368703186512 1091.5242003798485 1752.1380917429924 4233.3180713653564 472.30054825544357 5712.233990997076 1719.9364589899778 2414.4288487583399 5756.2715861946344 15018.698724508286 10487.839219585061 287.83439914882183 242.89203162491322 2622.3474467992783 1121.6806871145964 5577.3988668173552 21172.300343751907 461.2148909419775 7112.2634644210339 4898.9143342673779 312.95101517438889 3094.7516803890467 3674.9360463917255 2152.5286135822535 340.93309269845486 5860.230654001236 567.67018772661686 5286.8541187942028 5216.130298063159 6924.3219133317471 5538.3231966644526 782.92505693435669 232.96728762984276 171.2055488973856 164.08477631211281
leaf_count=6644 1514 7427 53451 5543 1733 3350 17553 54175 45980 13553 10278 159457 21112 10372 11027 7228 15042 80491 18159 5788 67334 22148 23895 1031 18837 1619 34435 12235 4563 155035 36802 11115 871 1021 1938 1513 10836 107545 11192 39905 44808 4734 110468 128081 3924 7139 17127 2708 24100 36530 797 1444 21984 29981 201099 15339 24181 4379 5728 9786 2810 56434 3814 33662 192206 76582 59001 2109 28105 2055 4663 21687 805 2014 87354 39192 9699 47740 197141 2219 2830 17458 34094 3033 615 1054 78310 12550 752 2139 3893 3173 4369 7013 16940 1890 22854 6886 9670 23088 60102 41970 1152 972 10522 4488 22377 84777 1846 28454 19600 1252 12433 14766 8635 1364 23447 2271 21151 20868 27730 22184 3136 932 686 657
internal_value=0 0.00337823 -0.00444335 0.00806965 0.00178892 0.00849238 -0.00861665 -0.00749701 0.00732759 -0.00227535 -0.00297216 -9.18349e-05 0.00338985 0.00867414 0.00764172 0.00527285 -0.000881492 0.00282467 0.0160193 0.0194471 -0.00440491 0.00249623 -0.00146314 0.00133449 0.00658809 0.00600126 -0.00170769 0.012326 -0.0178934 0.00183323 -0.00278424 -0.00535354 -0.0114675 -0.0251588 -0.00197315 -0.00932654 -0.0106615 -0.00885387 0.00575741 0.00751217 0.00610065 0.0046676 -0.00470583 -0.00506729 0.003577 -0.0149902 0.00523187 -0.00646447 0.000418054 0.0143794 0.0101535 -0.0194801 -0.00581882 -0.00225126 -0.00321996 -0.0102754 0.000768905 0.00252053 0.00418907 0.0150323 0.0212899 0.00459101 0.00636891 0.0036038 0.000835385 -0.00166048 -0.00254112 0.0171498 0.0018152 0.03755 -0.0201109 -0.0021058 0.0033462 -0.0170225 0.00816416 -0.0159022 -0.0209583 0.0102618 0.00454665 0.0156469 0.0277507 0.00867713 -0.00267813 -0.0111365 -0.0232935 -0.0444845 0.00674094 -0.00906264 -0.00607917 -0.00594921 0.0157975 -0.00489478 -0.00588274 -0.0148446 -0.010806 0.00365777 0.00978537 0.0123071 0.00563379 0.0108297 -0.00672174 -0.0043234 -0.00863438 -0.000429196 -0.0135545 -0.00179605 -0.0236338 -0.00578045 0.000571222 -0.000431708 -0.0112798 0.0102218 0.024084 0.0261145 0.00286919 -0.00262204 -0.00144172 -0.00367846 -0.00261375 0.00234555 0.00563108 0.011659 0.00483054 -0.0226436 0.0104985 -0.0182109
internal_weight=0 477305 364043 120780 356526 118845 124461 107882 102918 239582 210783 163936 192590 85387.4 73459.3 87158.1 112243 28798.8 15926.5 11397.4 30243.9 38911 117192 37589.8 13784.7 54406.1 23805.1 19053.2 1935.02 105432 79602.3 98540.3 9439.41 1556.84 70495.2 78794.1 57243.9 40381 54001.9 48247 38284.6 27409.1 89100.9 86322.6 59569.4 16862.9 13351.6 58714.3 81999.2 16000.8 3793.71 8637.51 5708.68 69484.7 57759.2 8225.4 17530.7 11725.5 10630.9 11928.1 4792.37 45090.2 30991.6 18120.7 78611.7 30567 29087.9 1010.54 27140.3 1210.04 3730.73 22251.6 46743.7 704.243 27090.8 16579.3 6797.74 12871 51511.9 2240.76 1686.36 9071.18 11501.9 2981.13 1174.81 417.023 20752.4 9107.09 11424.1 13884.3 3582.33 15198 14405 2843.66 7992.24 46039.5 6184.53 13248.8 4134.37 7135.73 58037.6 25749.4 32288.2 15261.6 6445.33 6656.7 5937.2 21550.2 15203.6 45862.5 5399.84 500.923 7603.7 6769.69 2351.18 8057.49 7716.55 11561.3 10993.6 5706.77 15325.1 8911.66 3373.34 490.645 2611.67 1302.46
internal_count=3367759 1910559 1457200 483936 1426623 476181 498548 432104 412253 958652 843412 655899 770724 342092 294231 348883 449048 115240 63928 45769 121003 155704 468879 150398 55155 217883 95243 76348 7755 421841 318481 394364 37796 6241 282036 315667 229377 161720 216264 193179 153274 109680 356568 345453 238352 67657 53422 234985 328045 64113 15220 34657 22855 277989 231080 33000 70161 46909 42530 47861 19230 180572 124138 72584 314492 122286 116437 4047 108596 4865 14941 89021 187020 2819 108466 66444 27252 51554 206114 8973 6754 36295 46024 11930 4702 1669 83044 36445 45704 55590 14365 60808 57635 11382 31982 184201 24744 53086 16556 28631 232277 103044 129233 61074 25861 26636 23821 86290 60847 183489 21604 2004 30549 27199 9432 32238 30874 46253 43982 22831 61392 35692 13508 1963 10472 5220
is_linear=0
shrinkage=0.1


Tree=7
num_leaves=127
num_cat=0
split_feature=20 18 10 22 22 10 17 10 37 37 8 21 32 34 38 42 5 37 32 42 32 38 33 16 38 38 5 46 11 37 42 0 38 29 38 38 37 37 0 10 4 4 37 31 42 16 46 38 46 13 38 14 42 37 37 37 32 16 38 46 5 26 32 10 22 7 31 16 5 33 21 13 19 32 8 31 46 23 0 13 37 26 7 37 42 42 22 46 37 36 25 37 37 46 42 30 26 41 33 46 16 31 46 37 22 38 16 0 41 29 8 25 16 11 42 36 41 31 22 37 15 33 23 24 26 25
split_gain=993.228 341.394 288.56 117.605 83.3904 80.3682 79.2329 70.7658 57.7567 51.374 54.4851 49.8177 46.4086 51.0955 45.916 45.157 72.902 47.3214 44.9567 44.2377 43.7061 43.1337 42.0804 41.6689 39.5139 42.1927 43.5873 38.9976 37.8678 36.9812 36.937 36.1865 35.6865 35.5154 35.4153 65.1642 82.9286 58.6569 35.3808 34.2817 33.3322 33.3067 33.041 32.3937 32.0096 39.4516 31.9591 31.2389 31.0396 30.856 30.3804 29.816 29.7934 28.334 35.9878 28.1398 35.3502 28.8605 47.2756 31.7694 28.0936 28.0127 27.6521 29.0539 30.2464 27.3585 27.0987 28.2077 28.104 27.0926 27.0722 26.9087 26.6559 26.6538 26.456 37.9658 26.0872 25.9012 25.8522 28.3137 25.5929 25.4191 25.1839 25.0484 24.4583 27.7043 27.9174 26.5614 24.9144 26.4593 24.4579 24.1766 38.5019 28.4075 26.9086 23.6946 26.3998 23.6747 23.672 23.6367 25.0555 23.3921 26.8561 24.5717 23.286 23.113 23.1095 23.0068 22.9921 22.9523 22.7999 22.7935 32.5541 22.7372 22.6241 22.3455 22.2626 40.7435 24.8961 21.8539 21.7261 27.0053 38.2075 23.1077 23.0591 21.6972
threshold=-0.00024802591360639775 -0.0023803372168913479 33.755706787109382 54.406101226806648 44.644887924194343 67.662162780761733 0.00096881610807031404 61.341915130615241 1.5000000000000002 7.8999998569488534 0.00045106472680345183 6.6477842330932626 0.00045909598702564841 3.1372281312942509 22.500000000000004 0.75499999523162853 -0.043143358081579201 6.6000001430511483 0.00054498828831128787 -1.0000000180025095e-35 0.00014500699035124856 19.500000000000004 0.0021911929361522202 -0.000651020964141935 16.500000000000004 11.500000000000002 -0.0088156340643763525 -32.499999999999993 0.00040848230128176516 6.9333331584930429 -0.24499999731779096 -0.00029702694155275816 1.5000000000000002 0.021635913290083412 13.500000000000002 19.500000000000004 7.9333331584930429 7.9333331584930429 -0.00033562263706699008 31.995339393615726 -0.037479825317859643 -0.0014098607352934776 6.3333332538604745 -0.0035047696437686677 1.0049999952316286 -0.0001719400970614515 -3.4999999999999996 4.5000000000000009 -1.4999999999999998 -0.00086963624926283945 13.500000000000002 0.0030452986247837548 0.25499999523162847 4.5666668415069589 3.9333333969116215 0.43333332240581518 -0.00018960746092488987 -0.00041983791743405158 7.5000000000000009 2.5000000000000004 -0.057183418422937386 0.67939177155494701 -0.00023022871027933431 61.521278381347663 60.176479339599616 0.0002007166112889536 -0.024581452831625935 -0.00029201409779489035 -0.019480287097394463 -0.0032551405020058151 -0.056446561589837067 0.00023788854014128449 0.00014842618838883939 -0.00048320603673346335 0.0014728904934599998 -0.0068305195309221736 -3.4999999999999996 -0.00082471524365246285 0.00030950539803598082 -0.00029092274780850852 4.7999999523162851 0.21809424459934237 0.0024455907987430696 7.7666666507720956 0.74500000476837169 -0.4549999982118606 38.676839828491218 3.5000000000000004 4.8333332538604745 4.8350000270147584e-06 0.010522884782403709 2.1666667461395268 3.9333333969116215 19.500000000000004 0.25499999523162847 0.00010572113023954445 0.68687292933464061 4.0850000381469735 -0.0032551405020058151 -38.499999999999993 -0.00078937315265648056 -0.015537673607468603 -9.4999999999999982 1.6333333253860476 33.743638992309577 16.500000000000004 -0.00026451540179550642 0.0004846575611736626 2.3249999284744267 -0.0016579362563788889 0.0018397116218693557 0.013059925753623249 -0.00013913452130509538 6.4160481997532784e-05 0.49500000476837164 0.00013399000454228374 2.3249999284744267 -0.0043682269752025596 31.68389987945557 1.6000000238418581 0.59687355160713207 -0.0018703487003222106 -0.0016581956297159193 0.010770942550152542 0.24613841623067859 0.0053418332245200881
decision_type=2 2 2 2 2 2 2 2 2 2 2 2 2 2 2 2 2 2 2 2 2 2 2 2 2 2 2 2 2 2 2 2 2 2 2 2 2 2 2 2 2 2 2 2 2 2 2 2 2 2 2 2 2 2 2 2 2 2 2 2 2 2 2 2 2 2 2 2 2 2 2 2 2 2 2 2 2 2 2 2 2 2 2 2 2 2 2 2 2 2 2 2 2 2 2 2 2 2 2 2 2 2 2 2 2 2 2 2 2 2 2 2 2 2 2 2 2 2 2 2 2 2 2 2 2 2
left_child=2 5 11 9 7 12 8 15 52 10 20 19 -2 22 41 17 82 21 32 -1 39 27 38 90 25 26 48 99 42 33 -19 76 46 107 37 -36 69 62 -14 -3 -13 -11 -27 70 53 -46 -6 -45 81 -24 -49 -22 -5 54 111 60 57 58 -57 -60 -29 -20 77 64 65 113 -32 -68 -69 73 -7 -28 -65 -37 75 -47 -21 -10 79 -8 -15 -12 98 -30 85 87 115 88 89 -23 -18 93 -93 94 -51 96 116 -42 -17 -4 -101 102 -83 -103 -78 -81 -73 -26 -67 -58 -40 112 -34 -64 -74 -87 117 118 -50 -59 121 122 123 -25 -123 -106
right_child=1 3 4 6 18 43 78 -9 34 14 24 40 13 80 -16 16 23 30 61 31 51 84 49 120 29 28 71 55 83 -31 66 -33 44 -35 35 36 -38 -39 110 -41 97 -43 -44 47 45 74 -48 50 95 91 -52 -53 -54 -55 -56 56 109 119 59 -61 -62 -63 63 72 -66 108 67 68 -70 -71 -72 106 114 -75 -76 -77 104 -79 -80 105 -82 101 -84 -85 -86 86 -88 -89 -90 -91 -92 92 -94 -95 -96 -97 -98 -99 -100 100 -102 103 -104 -105 125 -107 -108 -109 -110 -111 -112 -113 -114 -115 -116 -117 -118 -119 -120 -121 -122 124 -124 -125 -126 -127
leaf_value=0.0044910314221287811 -0.0016140154031841843 -0.01721003475646948 -0.00079909695507691969 -0.006804256289238253 -0.011345422260600776 -0.010422432491897367 0.0054260574145231204 -0.010006487164823111 0.018963789958590691 -0.017909791734321109 0.012319765348755365 0.063407801514400605 0.0054378578737984242 -0.0031822269842152239 -0.031878306418149108 0.0063196486531576709 -0.034074500956196685 0.0084880785240598611 -0.00099855524558948596 0.008813912103539101 -0.0038701614520132177 -0.009855233487741491 0.0067785645338869138 0.003561872269515222 0.0067068329170786797 -0.003085861674915146 -0.0018165072072940541 0.029140626120687851 -0.0088242820765720726 -0.0034383250512836036 0.017015168299940337 0.0082080859142705902 -0.0075685318324585239 -0.0082038995092783545 0.0026024345268614857 -0.017192062646429161 -0.049719862764971479 0.033038941853365963 -0.0079850963585560587 0.0014233636499643677 -0.0046722662801668138 0.011112306004663139 0.0065075961904087921 -0.0029523677019127172 -0.00030296264936443369 -0.025029420213693102 0.00019902210195496761 -0.015096734703636023 -0.030557589021804929 -0.0093232754976811192 -0.007768584535087825 -0.013941218315035789 -0.014950280779103138 -0.00020422845948948862 0.009594053734167279 0.0089089742930619758 0.034901711081091219 0.0023894164293957218 -0.0065981806870215503 0.0047654065589712519 0.0082642559668271044 -0.0087179598456754333 -0.0057796531152236961 0.00719448382767975 -0.0084014572790975153 -0.010164329178336845 -0.0084245228987439979 -0.0065439503127862758 0.0034907720923709924 -0.0047898957992915233 -0.020452370003695295 0.00080813280560794801 -0.010702705280910446 0.029321393901525519 -0.0030185692147352335 0.013796373476354505 0.024596723404417601 -0.0025567924009691641 -0.0076349854456630997 -0.0056876499564700806 0.012955447368188551 0.0051060583013824703 -0.01861603940112402 0.021242547018997717 -0.0053242044311969687 0.020075012991518881 0.0079330914652024631 0.018305332287118361 0.0016450999004308815 -0.064723993205378638 0.0031540650505629399 -0.0029812273861697337 -0.010082542265745661 -0.036468458128948479 -0.019293067847981585 0.0015490747368173661 0.044395716400510002 0.030171763898912712 -0.011283030899839798 0.010328478319245469 -0.039892007838683588 -0.0072177817851321185 -0.018040830567230944 0.0036694722657675699 0.031458821090722212 0.0063454265788960035 0.017226526177482309 6.8217015335994343e-05 -0.000380510652757654 0.00017296923239261256 0.0045981315954004651 0.0040854148615254117 0.0022965024224897239 -0.032423841979001285 -0.023936277662443581 -0.011883421148210577 0.010184684938485775 -0.018554039985777544 0.0099210475929698665 0.0077498070259824168 0.0075724034307295286 0.015488153753583232 0.024249089006090383 0.045080999925795409 -0.003117873059700068 0.013547494558791699
leaf_weight=12231.74489146471 21092.395085588098 1029.2599085569382 670.35552299022675 16572.646385893226 3598.7821348309517 5032.8881192654371 14576.554438993335 3364.7854784429073 578.16782274842262 810.00834275782108 1595.7102802842855 237.19146867096424 3822.0529486387968 2193.9733458012342 915.48867106437683 2627.9416484385729 191.3543177396059 4075.7612972557545 21828.21987144649 7440.4746044129133 24874.450633615255 246.30826383829117 1219.2046234160662 1569.3920572549105 31475.93698091805 12126.87189809978 33038.013869941235 714.6692222058773 9761.0170586109161 6100.9101696610451 720.35256344079971 21324.979521334171 4921.9738370031118 1958.9733896553516 21821.537129357457 170.2314594835043 407.6442614197731 403.33426252007484 8460.8767704218626 24257.021771103144 254.32751816511154 772.61207756400108 5099.8434138000011 6008.0317384749651 5194.0786397457123 260.01898030936718 7186.864546790719 10257.399271935225 162.69017720222473 10274.946854114532 12614.520693793893 3333.6431282013655 6158.1663763523102 42149.495187714696 7752.5340927094221 5663.4447314888239 191.93232369422913 9932.7867671251297 6679.7183191031218 3894.7392600178719 6575.5929953157902 5991.2570679038763 784.57359707355499 662.56324191391468 17636.983719006181 2811.610622048378 5927.9173655360937 4294.9922147095203 7970.1691290736198 22109.411131411791 5783.5335360467434 2166.5185956805944 5598.3731338828802 445.89126466214657 1252.1170279085636 8021.8951146155596 2605.3266377747059 17098.422481328249 2633.8704125881195 5346.760818362236 1780.0845689922571 752.28163562715054 775.37456449866295 285.17508316040039 914.20941896736622 5023.5705971121788 4473.106461301446 539.74045777320862 790.19246663153172 136.64588965475559 2268.378243163228 10929.091590821743 25330.444532930851 489.11959888041019 3675.6331806927919 7020.2217944860458 203.1720013320446 835.88142840564251 1077.0980324149132 128.38722816109657 439.15412145853043 2788.4336527436972 1502.1528105139732 8079.5255742222071 708.99853207170963 2275.6403030157089 1418.6558593809605 6258.3410334289074 16484.460197463632 22433.302255675197 1735.27915969491 23595.146142989397 10441.229348629713 541.22259166836739 1679.3945115804672 228.74850086867809 11424.745027765632 814.45236074924469 2300.0686441361904 32462.728216573596 3442.2252359837294 1792.7671544253826 5369.909337207675 146.56674252450466 1059.8921907246113 14670.067508652806
leaf_count=49028 84409 4126 2683 66352 14402 20191 58330 13466 2313 3241 6385 961 15300 8782 3668 10524 766 16311 87329 29866 99540 986 4878 6288 125938 48517 132184 2861 39056 24410 2883 85527 19691 7838 87325 681 1633 1614 33880 97072 1022 3092 20403 24092 20782 1041 28759 41155 651 41151 50609 13345 24670 168662 31022 22673 768 39778 26737 15595 26327 23971 3142 2653 70603 11251 23724 17192 31907 88482 23208 8671 22429 1784 5012 32114 10476 68407 10539 21393 7123 3010 3105 1141 3661 20118 17908 2161 3163 547 9083 43769 101443 1959 14726 28089 813 3363 4312 514 1758 11157 6010 32326 2849 9104 5676 25040 65960 89765 6946 94415 41787 2166 6731 916 45715 3259 9203 129998 13781 7182 21519 587 4244 58873
internal_value=0 -0.00298693 0.00398077 -0.00139427 0.00267608 -0.00736309 -0.00344991 0.0043308 -0.00442505 0.000198796 0.000376961 0.0102763 -0.00572532 -0.00696573 -0.014053 0.00466247 0.00903481 0.0039524 0.000944321 0.0098451 -0.00235408 0.00487501 -0.00762943 0.0122203 0.00137533 0.000266313 0.00151618 0.00411279 -0.00309136 0.00381015 -0.000146667 0.0112459 0.00182126 0.00492425 -0.00347072 -0.00131762 -0.00501541 -0.00497653 -0.00276769 0.000664905 0.0294346 -0.00374163 -0.000245788 -0.0111176 0.00239123 0.00670906 -0.00365294 -0.00936941 0.00395459 -0.00894212 -0.011055 -0.00506036 -0.00901115 0.00167558 0.00337181 0.0043592 0.00382524 0.00512088 0.00153601 -0.00241279 0.0103108 -0.00266102 -0.00521657 -0.00650357 -0.00536111 -0.00276084 -0.00200742 -0.00276061 -2.3169e-05 -0.00421351 -0.0157854 -0.00092358 -0.0120082 0.01647 0.0105292 0.0125774 0.0137939 -0.00185289 0.00173211 0.0028435 0.00404626 0.000402306 -0.0022274 -0.00797079 0.0104154 0.0116734 0.0137388 -5.34881e-05 -0.0085 -0.0294335 0.000257877 -0.00932016 -0.00794211 -0.0127806 -0.0119501 0.00633917 0.00859528 0.0220432 0.00120235 -0.0135135 -0.0285313 -0.00104688 -0.010317 0.000876088 0.0158543 -0.00209522 0.0073049 0.0056058 -0.0018061 0.000467577 -0.00584356 0.00213362 -0.000864 -0.0166565 -0.0137564 0.0186832 0.00810054 0.000834944 0.00724702 0.00649393 0.0144193 0.0167907 0.0200981 0.00710818 0.00857517 0.0143732
internal_weight=0 489823 351317 359124 291008 130699 156797 148814 131965 202326 199828 60309 91003.1 69910.7 2498.11 145449 20320.9 125129 142194 58981.6 53494.4 102139 65936.6 15840.5 146334 100540 73266.6 89786.8 27272.9 45794.2 22989.2 46749.8 114374 39693.3 109234 44954.7 23133.2 64279.1 14018.2 25286.3 1327.4 1582.62 17226.7 39696.4 103588 14728.1 10785.6 28880 36643.5 51918.4 22871.9 28208.1 22730.8 88860.4 46710.9 88548.9 81258.7 58633.4 16237.9 10574.5 7290.26 27819.5 63875.8 46199.2 38258.9 20621.9 18913.4 18193.1 12265.2 22725.5 10816.4 36623.2 7940.33 616.123 9534.03 8281.91 25424.9 17676.6 24832.8 22199 3974.06 14718.1 4480.41 10046.2 12352.5 11438.3 9725.43 1712.89 1173.15 382.954 2459.73 50699.2 36259.5 14439.7 13950.6 21925.4 14905.1 1090.21 3705.04 1237.9 567.541 13122.4 2254.43 10868 17984.4 7622.4 3585.17 37734.3 19296.1 22625.2 10196.2 38958.3 15363.2 1325.8 7277.77 5252.32 14702 3277.21 2462.76 42395.5 13380.8 9938.53 7085.87 1715.96 2852.66 15379.1
internal_count=3367502 1960759 1406743 1437138 1164778 523621 627562 595791 528196 809576 799575 241965 364366 279957 10001 582325 81391 500934 568987 236619 214083 408917 264052 63450 585492 402266 293149 359457 109117 183226 92017 187591 457687 158816 437174 179905 92580 257269 56126 101198 5346 6333 68920 159255 414526 58949 43161 115856 146618 207926 91764 112885 91022 355577 186915 354502 325314 234781 65005 42332 29188 111300 255655 184935 153122 82519 75706 72823 49099 90947 43399 146531 31813 2465 38167 33155 102064 70720 99366 88827 15905 58888 17941 40197 49460 45799 38942 6857 4696 1533 9849 203048 145212 57836 55877 87730 59641 4385 14836 4955 2272 52503 9020 43483 72198 30497 14347 150978 77211 90533 40826 155893 61478 5308 29160 21034 58828 13113 9854 169776 53601 39820 28394 6875 11426 61722
is_linear=0
shrinkage=0.1


Tree=8
num_leaves=127
num_cat=0
split_feature=28 27 10 10 32 39 43 32 17 22 25 42 12 26 16 40 10 45 19 42 32 10 9 0 39 10 9 0 39 16 13 16 31 39 32 44 43 43 18 2 0 37 33 45 37 25 45 10 25 43 37 22 32 27 37 8 44 39 39 43 31 33 8 37 37 45 0 37 21 37 44 43 0 19 12 41 37 31 28 43 22 36 43 43 43 45 39 37 23 22 3 44 10 41 31 43 41 13 12 45 40 10 7 8 8 26 44 23 37 37 32 19 26 26 31 13 19 19 44 32 0 31 37 31 37 37
split_gain=871.29 258.38 212.7 114.513 73.0401 70.9965 69.8839 69.5347 61.4581 63.065 60.0737 56.174 50.0454 60.4648 55.2065 49.3869 48.9484 55.9896 48.2473 44.8055 43.2289 43.2043 70.8372 85.302 45.2944 71.1312 43.6363 59.8543 41.7925 41.7582 40.2039 37.3378 36.5765 40.0863 34.138 33.7804 32.9517 32.9458 32.0644 31.9762 31.9159 30.6734 30.5685 30.5037 30.386 30.1273 30.0609 30.0592 30.0342 29.6502 33.1118 29.3345 28.1049 29.9677 28.0339 27.6992 27.5737 28.977 35.0174 31.6042 31.0202 27.4935 27.0865 26.8844 31.0713 26.798 27.2903 27.2787 26.6274 26.5908 28.6631 34.6151 34.3378 26.8069 26.533 26.1058 25.9282 25.9073 26.7842 25.769 25.7181 25.6984 25.4906 33.5888 36.2111 31.8569 31.8158 30.067 31.3323 27.7325 36.6564 43.2289 25.6269 25.4132 25.0808 26.5473 24.702 24.5662 25.1199 24.4977 24.4546 24.09 23.9655 23.9074 23.849 23.551 23.4583 23.1551 22.9719 22.9631 25.1206 22.9113 22.8103 22.5965 25.5608 22.8193 22.4742 26.4483 23.4796 22.4029 29.7674 22.1856 22.9609 34.2678 24.7507 22.1604
threshold=-0.00064394678338430811 0.002155041205696762 60.489812850952156 31.995339393615726 0.0003922665491700173 5.5000000000000009 0.14500000327825549 0.00073835690272971999 0.003399951616302133 59.507543563842781 0.0046720346435904512 1.0000000180025095e-35 -0.0006587372045032679 0.24220144003629687 -0.00021906447364017365 1.5000000000000002 61.895153045654304 28.500000000000004 -0.00039319519419223065 0.014999999664723875 -0.00079703849041834463 60.489812850952156 5.0559334340505309e-05 -7.5031282449344863e-06 5.5000000000000009 42.906127929687507 0.00011917855590581895 2.9820147346981689e-06 5.5000000000000009 -3.1110013878787861e-05 8.8560307631269111e-05 -4.2719316297734613e-06 -0.0014796485775150357 5.5000000000000009 -0.0019973624730482693 -0.4849999994039535 -0.27500000596046442 0.76499998569488536 -0.0029331861296668644 -0.0039410081226378671 0.00046619614295195794 7.7000000476837167 0.0013878592289984228 81.500000000000014 7.9333331584930429 0.007947343401610853 44.500000000000007 76.645984649658217 0.015418406575918199 0.50499999523162853 1.0333333015441897 37.431667327880866 0.0010395704885013404 -0.0019915502052754159 7.8999998569488534 0.0013973184977658095 0.51499998569488536 2.5000000000000004 1.0000000180025095e-35 0.49500000476837164 0.012845943681895735 -0.0085535375401377661 0.00083820460713468503 7.3999998569488534 7.9333331584930429 51.500000000000007 -0.00023301351029658687 7.7333333492279062 -0.049794478341937058 2.1333333253860478 -0.28499999642372126 -0.89499998092651356 -0.0010022523929364977 0.00021884754823986444 -5.4302877288137088e-06 3.9850000143051152 7.5666668415069589 0.0081614754162728804 -0.0018572868430055676 -0.70499998331069935 31.68389987945557 6.707499778713101e-05 0.22500000149011615 0.32500000298023229 0.37500000000000006 13.500000000000002 1.5000000000000002 2.9000000953674321 -0.0017698943847790358 30.136276245117191 -0.0075901423115283242 -0.47499999403953547 43.038658142089851 4.2249999046325692 -0.00083225249545648683 1.0049999952316286 4.7049999237060556 0.00038126063009258365 -0.00033433701901230956 26.500000000000004 2.5000000000000004 63.507419586181648 0.00079058809205889713 0.0004555017658276484 0.0011086665908806028 0.43027451634407049 -0.4549999982118606 0.00078870586003176879 0.69999998807907116 2.5000000000000004 -0.00077191548189148296 0.00058106103097088646 0.95333468914031994 0.20196470618247989 -0.012566920369863508 0.00064876006217673432 0.00052381237037479888 3.440471118665301e-05 -0.41499999165534968 0.00048022967530414468 0.00015356893709395084 0.020854720845818523 5.3333332538604745 -0.0069888026919215909 4.6666667461395273 5.9333331584930429
decision_type=2 2 2 2 2 2 2 2 2 2 2 2 2 2 2 2 2 2 2 2 2 2 2 2 2 2 2 2 2 2 2 2 2 2 2 2 2 2 2 2 2 2 2 2 2 2 2 2 2 2 2 2 2 2 2 2 2 2 2 2 2 2 2 2 2 2 2 2 2 2 2 2 2 2 2 2 2 2 2 2 2 2 2 2 2 2 2 2 2 2 2 2 2 2 2 2 2 2 2 2 2 2 2 2 2 2 2 2 2 2 2 2 2 2 2 2 2 2 2 2 2 2 2 2 2 2
left_child=2 4 8 10 12 7 20 65 9 11 -3 37 -2 14 41 77 32 -18 44 30 55 22 23 -15 69 105 27 -23 34 42 -16 79 33 54 36 97 -12 38 39 -1 -17 45 -20 -19 119 68 47 56 75 50 81 104 109 -54 -6 63 57 58 59 -9 62 -52 -60 -5 99 66 -4 -67 -14 -24 71 -71 -72 -74 -53 -7 -32 78 116 -25 -36 -34 -37 -84 86 108 87 92 -89 113 91 -91 -85 -77 -59 -96 -82 98 -8 -65 101 -47 -66 -63 -21 -26 -88 -64 -86 -31 -111 -39 -112 114 -87 -116 117 118 -13 -11 -121 122 124 -124 -38 -98
right_child=1 3 5 6 16 48 35 46 -10 18 28 15 13 21 19 40 17 43 29 51 -22 26 24 31 25 -27 -28 -29 -30 52 76 -33 49 -35 80 82 121 111 -40 -41 -42 -43 -44 -45 -46 100 -48 -49 -50 -51 61 74 53 -55 -56 -57 -58 94 60 -61 -62 103 107 64 102 67 -68 -69 -70 70 72 -73 73 -75 -76 93 -78 -79 -80 -81 96 -83 83 84 85 89 106 88 -90 90 -92 -93 -94 -95 95 -97 125 -99 -100 -101 -102 -103 -104 -105 -106 -107 -108 -109 -110 110 112 -113 -114 -115 115 -117 -118 -119 -120 120 -122 -123 123 -125 -126 -127
leaf_value=0.035745949631391348 -0.0027781252989906684 0.046031756031250454 0.005756703538682832 0.01066474076333325 0.00093190627124284094 -0.025192924063036217 0.015421026814298695 -0.019779911903251887 0.012547784964959769 0.0020176213908255102 0.016984657095960302 0.0056411600385085194 -0.011273385633326969 -0.069189971937896236 0.0017253300299564537 0.0016366930456289946 -0.017960836299718532 -0.0038163000243195233 0.0020149898358968327 0.020442395482151491 0.0030851624107780958 0.0086822635148468066 -0.0026557100446049026 0.049144284267819589 0.020098061966415982 0.0008057271747856636 0.0050012097741414336 0.053420569534558621 0.019989620253029416 -0.014565949022701852 0.0097274868815067413 -0.018957588629449504 -0.01116267879134311 0.0089446089670867698 0.02316353281346499 -0.0054237540389686367 0.0092404114903075762 -0.0081001434447972778 0.0021109613228128743 -0.0068974771184734237 -0.0063634225196319248 -0.018187389319453882 -0.0045289466032310275 0.029954109987585867 0.034825346761031627 0.0075995749304114931 -0.0061460020295003833 -0.020969081308251244 -0.0074984046599741241 -0.0073028663060494027 -0.016346463240116241 0.011280600314813772 -0.0078777625200760967 -0.0010460994167604369 -0.021211523563340544 0.0043468437581347524 0.029017133170147747 -0.018191019007636988 -0.0080211749747286995 -0.0018583317490113958 -0.017809524936104836 -0.003127089753232783 0.010326754456378219 0.020372654827528026 0.059190156623929895 0.0015793508119381933 -0.0065319201487407455 -0.025796369635110825 0.0061799623183441121 -0.0057920618672873299 -0.012380148455217019 0.0074493786230440204 3.9139772834742971e-05 0.0084654213949455978 2.2687501288177893e-05 0.011582108825676868 0.036850682429473321 0.0070859829267846831 -0.0048648617191560037 -0.009555621372796504 0.00040205926672589242 0.009250536621572018 0.0077585277237209585 -0.016687717212116576 0.020959260829794331 0.0052522424597308409 0.039911587659098816 0.017736360844538487 -0.015581487796818351 -0.047622336666510418 0.0011831967195164855 0.0096112620471716821 -0.050792347385872155 -0.014825084758095153 -0.010075981488642577 0.03643652654842866 0.013898790939045065 -0.007649303116335074 -0.0028975500996764694 -0.0073578997316084502 -0.0025753748235608285 -0.0062155546310441187 0.006944826147511571 0.0025750345396452897 -0.0034667334794529197 0.008883335232332177 -0.0021136057764111382 -0.0029995712548482271 -0.014474083503157873 -0.0018039306931441638 -0.0076901442135125292 0.00836367446195381 -0.018569225708912271 -0.038777594686775045 -0.0065040389137871572 -0.038948403993323853 0.00088619682700261625 -0.019805560345683596 -0.01330709830955204 -6.3799127310193004e-05 -0.011451107029968936 0.035877186176746928 0.017304624497616869 -0.0023405570529364877 0.025870516534356632 -0.0012773789816108844
leaf_weight=181.44502080976963 17675.329745531082 476.65500251948833 2071.7915690988302 32001.884097456932 47585.119691565633 2543.0498996078968 3943.1673807054758 2926.3522714823484 2885.1328539997339 14702.919712215662 7477.0522952675819 955.82061374187469 2735.167592227459 290.55245785415173 14716.947173759341 19494.118952989578 3194.5766241252422 11457.281572028995 10653.117589756846 4295.9901967793703 22839.815419629216 728.56762886047363 22138.884589493275 160.05137278139591 2813.124424636364 12853.02429163456 3284.6875473558903 507.2476964443922 3990.5442631989717 6618.5516697764397 5661.7694816440344 907.29033319652081 4486.441600099206 6657.1992131322622 744.52809627354145 5231.4713831692934 7529.7131980061531 5863.4415174424648 69896.807585477829 5694.1087736934423 6700.8413251489401 771.95177732408047 21635.769189298153 273.86633478105068 246.38563784956932 11551.683803543448 46472.00918199122 2386.9421724379063 5986.3964023590088 8935.5821376442909 974.78028547763824 9900.4379262924194 14172.830989167094 11739.530330821872 578.68713660538197 12529.191084951162 186.78882755339146 5320.6541198939085 3241.3012704253197 1482.4794740974903 1234.8295235335827 10977.566791698337 2590.4647530168295 373.34267476201057 146.54107064008713 14649.605739042163 14149.673418700695 373.26664762198925 1284.6866782456636 2359.8671345412731 2071.4917213618755 12080.750839665532 43386.971025317907 4135.3505649715662 2654.8679672926664 382.71791759133339 375.8408285677433 1269.9940042644739 13310.77663308382 140.38187637925148 7400.1744433492422 714.99945633113384 8189.483522310853 589.95835348963737 205.15566444396973 2151.0557456612587 138.73746018111706 390.55787815153599 1017.8297674357891 133.79029895365238 17285.375401437283 9693.8874628245831 351.66078327596188 7627.1214476972818 8030.0183732360601 124.61470581591129 3424.6050512045622 736.83670356869698 923.98435541987419 2171.5778306126595 4348.7949572950602 1417.0297637879848 219.03127720952034 22268.893100500107 462.07097974419594 5600.4706676155329 3116.2098087221384 2625.1416551619768 1691.6861458569765 5129.3129846453667 7878.6333863437176 987.63142438232899 2551.4263061434031 181.67193196713924 2416.2505629807711 238.1486127525568 1130.8726434260607 3865.2021570950747 2070.722848534584 6453.3899720311165 3563.073923766613 294.28863216936588 1181.8875692486763 3569.8459391146898 1015.6658403128386 1338.1333235055208
leaf_count=726 70749 1918 8297 128282 190389 10214 15794 11736 11552 58843 30093 3825 10945 1171 58926 78004 12801 45862 42632 17219 91430 2919 88590 641 11284 51427 13142 2035 16089 26498 22665 3636 17954 26638 2992 20942 30222 23462 279649 22787 26814 3089 86626 1096 986 46238 186257 9600 24017 35749 3900 39669 56759 46996 2317 50193 749 21353 12997 5945 4952 43924 10386 1496 587 58641 56675 1495 5141 9445 8289 48347 173611 16545 10626 1535 1504 5082 53266 562 29663 2861 32781 2362 821 8610 556 1563 4074 536 69194 38808 1407 30589 32211 500 13742 2949 3698 8698 17405 5671 877 89093 1850 22438 12474 10528 6770 20521 31531 3952 10214 727 9673 953 4526 15470 8287 25821 14261 1182 4748 14317 4077 5365
internal_value=0 0.00279605 -0.00370069 0.00596149 0.00108399 -0.00705552 0.00453298 -0.00612009 -0.00195918 -0.00213595 0.0107516 -0.00067476 0.00229117 0.0028072 0.00536953 -0.00336495 -0.000871453 -0.00622404 -0.00395884 0.0076778 0.00665954 0.00144817 0.00105066 -0.0205431 0.00135179 0.0054849 0.0110276 0.0270454 0.0103087 -0.00515154 0.00454437 -0.00883966 -9.71585e-05 0.00167119 0.0091716 0.00198369 0.0116527 0.000914098 0.00151454 -0.00558059 -0.000409789 0.00139513 -0.0023699 -0.00302792 -0.000118862 0.0021036 -0.0077414 -0.0102005 -0.0131563 -0.00210183 -0.000922957 0.011434 -0.0070192 -0.00478269 0.000665853 0.00838035 -0.00927468 -0.00953406 -0.00636513 -0.0137537 -0.003004 0.000206922 -0.000842181 0.00982787 0.000626235 -0.00214407 -0.00496243 0.000899158 -0.00569555 0.000331789 0.00136467 0.00528548 0.000223017 0.000772387 0.00890007 -0.0163658 0.0114159 -0.00678967 -0.0076157 0.0217159 0.00512183 -0.00835664 0.00120332 0.00192875 0.000723181 0.00195098 -0.00672408 -0.015591 -0.00634216 0.0026951 0.0039557 0.00883211 -0.0294246 -0.0135633 -0.01285 -0.0093652 0.00401745 0.00936728 0.0119434 -0.0032898 0.00391399 0.00609006 0.0278876 0.000692264 0.0181205 0.012633 -0.000322342 0.00361929 -0.0106417 -0.00963229 -0.00753364 -0.00572677 -0.0103514 -0.00415827 -0.00284948 -0.0094149 -0.0121798 -0.0143238 -0.007323 -0.000467161 -0.00411451 0.00871937 0.00811831 0.00254574 0.011217 0.00963491
internal_weight=0 476768 364057 167351 309416 124405 128908 107866 239652 236767 38443.1 131422 191311 173636 60177.2 48798.3 118105 14925.7 105345 38067.9 70281.4 113459 108938 1498.28 107440 21266.6 4520.5 1235.82 37966.4 80379.2 20754.6 1207.72 103179 54821 33975.9 58626.9 21068.5 82623.4 75772.4 5875.55 26195 22109.3 32288.9 11731.1 24965.8 21337.4 76621.6 30149.6 16539.3 48358.3 39422.7 17313.4 48090.3 25912.4 48163.8 47441.6 27762.6 27575.9 14100.6 4408.83 9691.74 34221.2 8456.91 34912.4 2910.49 31244.3 16221.5 15022.9 4019.85 86173.3 64034.4 14440.6 49593.8 47522.3 12555.3 10552.9 6037.61 22603.4 21333.4 300.433 12907.4 5201.44 53022.9 47791.5 39602 33997 5604.95 2350.01 1408.39 32100.2 27113.1 9827.68 941.619 8009.84 13475.3 8154.63 12162.9 5603.99 4867.15 2544.92 17317.5 12968.7 365.572 33246.5 4758.06 8413.6 3254.95 5215.61 1896.84 22177.9 15559.4 6851.07 10430.1 4987.13 4805.45 2654.4 8022.62 6891.75 3026.54 24719.4 10016.5 13591.4 13297.1 4751.73 8545.38 4762.74
internal_count=3366793 1909026 1457767 670663 1238363 498677 516255 432322 959090 947538 154408 525850 765779 695030 240948 195274 472584 59759 421688 152459 281563 454082 435986 6010 429976 85149 18096 4954 152490 321777 83095 4839 412825 219344 136401 234692 84639 330576 303162 23513 104818 88489 129258 46958 99911 85400 307214 120957 66355 193481 157732 69364 192519 103755 192706 190133 111357 110608 56544 17681 38863 136917 33911 139940 11658 125108 64972 60136 16086 344827 256237 57792 198445 190156 50295 42338 24169 90456 85374 1203 51762 20815 212251 191309 158528 136092 22436 9406 5637 128501 108538 39344 3769 32124 54064 32711 48770 22441 19492 10194 69314 51909 1464 133017 19069 33722 13030 20914 7591 88764 62266 27414 41745 19963 19236 10626 32108 27582 12112 98925 40082 54546 53364 19065 34299 19107
is_linear=0
shrinkage=0.1


Tree=9
num_leaves=127
num_cat=0
split_feature=28 27 39 43 37 27 16 26 15 24 17 33 34 37 40 39 19 13 22 38 41 44 34 12 44 40 37 37 28 44 45 11 20 20 5 45 38 0 43 40 22 43 38 38 37 37 16 22 22 39 45 21 39 5 46 39 22 27 5 31 43 45 43 24 21 37 40 21 29 34 45 1 37 27 37 44 12 9 25 44 23 22 25 41 45 5 22 41 0 24 37 40 20 31 46 31 37 19 45 38 38 3 43 31 22 23 39 26 38 38 39 43 38 29 44 34 22 17 46 37 37 45 44 44 44 3
split_gain=707.826 264.154 101.81 75.6105 73.0579 61.2259 57.1211 67.7515 56.5693 52.7572 48.7701 48.6627 57.172 52.7698 48.212 44.1585 50.8079 44.1008 43.2231 42.1859 62.9059 63.8325 41.1898 42.9129 45.4078 40.0016 39.7372 39.6065 42.2664 38.9803 37.5028 36.0226 38.2669 35.5304 34.5878 34.5345 34.2964 33.596 32.846 32.7054 32.4217 32.3895 49.3457 49.9546 45.6896 40.7694 32.1355 32.0531 32.0005 31.7609 34.3593 31.7201 35.6622 32.7875 30.7913 30.914 32.9013 29.9683 38.8509 38.8664 36.7681 30.7114 29.8117 29.6114 32.1464 29.4718 29.1238 28.8711 28.5828 28.4855 28.3759 28.2538 28.1545 28.0026 31.6034 27.9376 27.9214 28.9164 27.78 41.5647 41.3 29.7922 27.5786 27.5668 26.8148 26.6143 26.439 26.3974 26.3158 26.3407 25.7321 25.9151 38.5981 25.6842 25.6816 25.6057 40.5905 25.4411 25.2349 27.7702 24.9567 26.655 24.7289 27.6967 27.8993 24.5008 24.4742 31.0726 24.4538 31.3285 27.8709 24.4058 24.3805 24.2606 24.1437 24.1392 23.9786 23.7631 23.7515 23.709 41.9332 29.8102 26.7905 23.6788 55.1536 23.4033
threshold=0.0014179645222611727 -0.0017835789476521311 5.5000000000000009 0.14500000327825549 6.2666666507720956 0.0029344565700739626 0.00052974655409343552 0.67939177155494701 0.8100150227546693 0.0032668185885995631 -0.0019889236427843566 0.003194177290424705 1.8612924814224245 2.1666667461395268 1.5000000000000002 5.5000000000000009 -2.043241420324193e-05 0.00022790451475884768 57.074251174926765 14.500000000000002 4.7049999237060556 -0.50499999523162831 6.127941608428956 -0.00040666395216248924 -0.4549999982118606 2.5000000000000004 7.9666664600372323 7.7000000476837167 -0.0053432679269462815 -0.28499999642372126 26.500000000000004 -0.00078734647831879545 0.0011580461869016292 -0.0020276762079447504 -0.027044263668358322 12.500000000000002 3.5000000000000004 0.00027270549617242073 0.78499999642372142 2.5000000000000004 61.421503067016609 0.19500000029802325 13.500000000000002 20.500000000000004 7.9333331584930429 7.9333331584930429 0.0026091953041031961 31.220457077026371 62.255777359008796 5.5000000000000009 68.500000000000014 -0.32489162683486933 1.0000000180025095e-35 -0.0068744933232665053 -23.499999999999996 1.0000000180025095e-35 78.840587615966811 0.0056436001323163518 -0.030091767199337479 -0.0046906170900911084 -0.024999999441206452 48.500000000000007 1.075000047683716 0.0092525519430637377 1.6150069832801821 2.2333333492279057 1.5000000000000002 -0.44706074893474573 -0.022549672983586785 1.1291930079460146 19.500000000000004 -0.00043743227433878923 7.7333333492279062 0.00093082158127799641 6.7999999523162851 -0.69499999284744252 -0.00054890351020731021 0.00074083884828723978 0.010159891098737718 0.044999999925494201 -0.00012947799405083058 47.496055603027351 0.0077506476081907758 0.20500000566244128 49.500000000000007 0.05246326886117459 25.19645977020264 3.8750000000000004 0.00049335739458911132 0.0048547398764640102 1.0333333015441897 1.5000000000000002 0.00013942376972408968 0.0060377274639904508 11.500000000000002 -0.0084954113699495775 0.66666665673255932 -0.00048236692964565003 53.500000000000007 1.5000000000000002 18.500000000000004 -0.0038072486640885468 -0.40500000119209284 -0.0062153975013643495 40.325387954711921 0.0010956286569125953 1.5000000000000002 -0.097572568804025636 16.500000000000004 8.5000000000000018 3.5000000000000004 0.87500000000000011 22.500000000000004 0.050615644082427032 0.48499999940395361 -0.61642214655876149 70.870693206787124 -0.0010725003667175768 -23.499999999999996 4.0000001192092904 4.6000001430511483 78.500000000000014 -0.66500002145767201 -0.22500000149011609 -0.14500000327825543 0.0022984988754615192
decision_type=2 2 2 2 2 2 2 2 2 2 2 2 2 2 2 2 2 2 2 2 2 2 2 2 2 2 2 2 2 2 2 2 2 2 2 2 2 2 2 2 2 2 2 2 2 2 2 2 2 2 2 2 2 2 2 2 2 2 2 2 2 2 2 2 2 2 2 2 2 2 2 2 2 2 2 2 2 2 2 2 2 2 2 2 2 2 2 2 2 2 2 2 2 2 2 2 2 2 2 2 2 2 2 2 2 2 2 2 2 2 2 2 2 2 2 2 2 2 2 2 2 2 2 2 2 2
left_child=1 8 3 4 5 25 7 78 11 -7 47 69 13 87 49 38 40 39 66 20 21 -6 23 24 37 51 30 28 -16 -18 -22 -8 35 63 113 -33 -19 75 41 95 -17 42 44 90 48 68 70 111 105 50 102 53 -53 -2 -14 -56 71 58 59 -32 76 -59 -37 -11 -65 -31 -15 -25 -45 114 72 -57 -26 -36 -75 -12 77 -60 80 -80 -3 123 -40 -73 -78 -58 -27 -13 108 -90 -44 92 -92 -93 97 96 -4 -20 99 -49 -43 -102 -10 -104 -105 -9 -23 -108 109 -30 -111 -5 -29 -21 -1 -72 -50 -76 -101 121 -121 122 -99 -82 -125 -109
right_child=2 6 17 10 19 9 31 15 14 33 22 12 54 18 27 16 29 36 94 34 26 106 -24 67 46 86 -28 112 88 65 57 32 -34 -35 73 62 -38 -39 82 -41 -42 100 43 45 -46 -47 -48 98 116 -51 -52 52 -54 -55 55 56 85 61 60 -61 -62 -63 -64 64 -66 -67 -68 -69 -70 -71 115 83 -74 74 117 -77 84 -79 79 -81 81 -83 -84 -85 -86 -87 -88 -89 89 -91 91 93 -94 -95 -96 -97 -98 119 -100 118 101 -103 103 104 -106 -107 107 125 -110 110 -112 -113 -114 -115 -116 -117 -118 -119 -120 120 -122 -123 -124 124 -126 -127
leaf_value=0.00084170178365990795 0.01373127083019534 -0.0034843614932399593 0.041069549823490932 -0.022821245189093366 -0.015881950339090241 0.019669397456276123 0.0098903913741553648 -0.0047994445670926705 -0.015812171587289838 0.011411167118467744 -0.025172670396919811 -0.015474196061119201 0.03269516131895512 -0.0054850972671181362 -0.0071386696810062048 0.0011150767253612583 -0.024318541166314801 0.017941460561151451 0.0038801979401045655 -0.0050126484481701483 0.029812659611400102 0.022555550178984897 -0.026775537493249714 0.0036649309416344244 -0.0023994305737911675 0.039786619077812085 0.046479009454225319 -0.012011022404237515 0.0040001111029885628 -0.019658006352188805 -0.018589013156121419 -0.021170057045839887 0.0065567535950156915 0.0028005289715038531 -0.0021915083333067459 0.00061374003500037401 -0.0032879073520764492 0.0013350841483715701 0.026930131322815461 0.0056334031984130997 -0.011581746092938236 0.0026204853155805379 -0.0061375730060200303 0.023458535626796159 0.042142171772968473 -0.048495620698006982 0.014757405023568712 0.025491450792183651 -0.012295973477705991 -0.017898877294754454 -0.0033796517619990164 0.011541065131480011 0.0022561230357674017 0.005234091885829511 -0.011082983316591563 0.0067600008056731154 0.025943157122617595 -0.024892203840348275 -0.037314829320056128 -0.06073307884067769 0.014929233768279652 0.0094024992318822147 -0.038633206597240774 0.0022711610622764816 0.023238773085571436 -0.0056555996670236905 0.0028915186828938444 -0.0021128574543627402 -0.0054947644289636902 -0.010745513919884001 0.0086406517869877849 0.01985475233203916 -0.036171754915919827 0.022016465441335412 -0.016429922120768947 0.017826464117309482 0.010810410099756536 -0.012815243456534382 -0.00041283106836703242 0.0037125966692061539 0.0092256001620918387 -0.0010872326764626206 -0.014349778038540551 -0.0081277579665592712 -0.010123604429120274 0.0012335782501287542 -0.00059387940887330279 -0.0075524621135587893 -0.010845809008218139 -0.0010047587042268707 0.010810776991528647 0.015332796439982652 -0.003338672189081294 0.00021358287791505243 -0.015165169590436185 0.014431222950208586 -0.0013863537908798086 0.040843420880459474 0.010351880691004907 0.019442237403348044 0.019433109828606583 -0.006588414104262909 -0.016699850022257694 -0.03951659118807721 -0.0063963484762047697 0.0038072456731755712 0.034171896496558468 7.2982979274579938e-05 0.0083196507242357404 -0.00043597606857052234 -0.016999490616367009 0.02183708318953655 -0.038051952877204802 0.023607726396242028 0.019804894278173255 0.0021966313175875293 0.0026469184380312001 0.0081052117166404685 -0.015746640684269508 -0.021093405534574262 -0.0065055090316102548 -0.029486773331892858 -0.0013319605452595485 -0.019408633684744613 0.0033356761572532695 0.037647866470342177
leaf_weight=22619.475457087159 7880.6122272461653 39262.596289172769 252.71724371612072 1575.9249420911074 1102.6209296435118 4155.3395339697599 6267.1234255135059 25257.155850946903 6314.1313391625881 22669.992465227842 156.49414727091789 6400.2986310869455 315.14324234426022 6488.2794249355793 25657.319491013885 7944.0373601168394 2039.4233402907848 935.25679938495159 2692.3441854268312 4433.8767186254263 249.96751125156879 1298.3152591735125 499.79047185182571 12132.97794175148 6907.899202927947 163.81669436395168 133.54398709535599 1220.411678686738 5305.6095324456692 1958.404736071825 959.09340550005436 767.36581462621689 11674.547759115696 10422.231527164578 2640.9932465404272 27423.76076374948 4083.8774243593216 2220.2374927699566 171.35201041400433 8397.784394711256 2692.9097723960876 23539.215097889304 2152.4116307795048 355.65173874795437 203.90011031925678 213.90133342146873 2135.4536970108747 218.04763379693031 8272.2502754181623 3980.1489847749472 9647.2731082290411 4868.9956964850426 27502.675006866455 10716.004483833909 1781.1367563605309 3673.3799515664577 1031.452130779624 323.78880681097507 673.6712089329958 283.51416148245335 587.79577980935574 1349.1974149346352 194.91730891168118 7300.4184822738171 812.58282174170017 6466.1932781040668 11520.029817670584 30113.822271868587 8256.5459886938334 2103.7229930013418 6840.1022290736437 390.1946817189455 255.99370349943638 1653.1367778629065 416.25147819519043 4385.0808170288801 761.85176819562912 1691.0708242803812 55832.148278594017 43411.608874350786 5650.3062131255865 34052.036891222 2916.5559568852186 3601.9445501565933 3108.4273398816586 754.93986955285072 15882.575367689133 12272.186991617084 4483.1631328165531 6915.1245509982109 3118.0115655660629 3883.5145119130611 5051.0498022586107 1581.0133738219738 2953.6832491904497 17166.398297488689 2067.3430488407612 153.74385331571102 1046.6153846085072 214.30856747925282 424.61420039832592 5398.754595592618 3509.2691038697958 258.3866665661335 16221.443387299776 3805.9816987961531 350.72874167561531 2528.1578643172979 3907.6583838909864 2345.9710199683905 1791.8041123300791 132.67610667645931 509.67100371420383 317.37643723189831 691.93779429793358 38718.045901298523 1234.0824930816889 7643.2844677120447 1827.4574101418257 2275.0256482213736 14720.033207044005 371.55546775460243 7395.982596963644 1149.5661114156246 14697.285098195076 177.39155152440071
leaf_count=90553 31559 157129 1013 6309 4418 16695 25113 101103 25339 90995 627 25644 1262 25973 102930 31799 8173 3745 10773 17760 1001 5201 2004 48551 27658 656 535 4895 21262 7848 3839 3071 46714 41772 10570 109753 16353 8893 686 33701 10783 94206 8619 1423 816 858 8591 873 33122 15993 38648 19509 110149 42907 7133 14707 4131 1299 2700 1135 2353 5413 780 29266 3271 25894 46107 120505 33041 8422 27390 1563 1025 6625 1666 17577 3050 6773 223403 173696 22629 136290 11673 14428 12443 3023 63580 49152 17979 27707 12476 15539 20214 6326 11831 68922 8288 616 4188 858 1699 21603 14079 1036 65074 15230 1407 10125 15656 9400 7186 531 2044 1273 2770 155042 4941 30621 7317 9114 58966 1488 29624 4601 58822 710
internal_value=0 -0.00205445 0.00406269 0.0033858 0.00488271 0.00609301 -0.000435497 -0.000923491 -0.0050018 0.00893013 0.00140061 -0.00340605 -0.00463337 -0.00574968 -0.00680795 -0.00282488 -0.00696625 0.00929709 -0.00401275 0.000721414 -0.00304306 0.005611 0.00186349 0.0020013 0.00368434 0.00417263 -0.00770888 -0.00480529 -0.00429467 -0.0119136 -0.00843337 0.00284035 0.00173744 0.00784713 0.00415009 -0.000244641 0.000667936 0.0114164 -0.00191304 0.0108503 -0.00209932 -0.00157525 -0.00284714 0.000654905 -0.00507013 -0.00537021 0.00273128 -0.00823209 -0.00531972 -0.00942278 -0.00848437 0.00554349 0.00365266 0.00883491 0.00186672 0.00100183 0.00327912 -0.00941508 -0.0119416 -0.0282046 -0.00897967 0.00276512 0.000336757 0.00955576 0.00437124 -0.00891064 -0.000126523 -0.000453518 -0.0042991 0.000398858 0.00224417 0.000430961 -0.00360625 0.00693883 0.00942147 0.0163448 -0.0112336 -0.0197947 0.000222278 0.00139173 -0.00100184 0.000752826 -0.0120591 -0.00539273 -0.00600281 0.0155007 -0.000181637 -0.0102678 -0.00134633 -0.00487543 0.0040236 0.0056278 0.00206197 0.0109585 -0.00630263 0.0130986 0.00323824 -0.00535448 -0.00248512 -0.00843049 0.00117042 -0.00469104 -0.0103566 -0.00863335 -0.00691564 -0.00367235 0.0110532 0.00616698 0.0016666 -0.00108642 -0.00760857 -0.0193534 -0.0196825 -0.00310085 0.00140457 0.00316414 -0.0103561 0.00683804 -0.0120531 -0.00635234 -0.0084583 -0.00183401 -0.000473094 0.00366752 0.00168575 0.00253661
internal_weight=0 553594 287344 254440 145059 112375 357320 310992 196274 45360.6 109381 104206 78791.4 67243.2 92067.4 116937 21101 32903.4 48570.7 32684.1 15579.1 5457.21 104366 103866 61619.3 67014.7 10121.9 52136.7 50406.7 10464 9988.38 46327.7 40060.6 41205.2 17104.9 28386 5019.13 6761.81 95836 27884.2 10636.9 92748.1 63385.5 24612.1 38773.4 8826.1 54857.5 5015.03 38569.5 39930.7 35950.5 50968.3 32371.7 18596.6 11548.2 11233 9451.91 9738.41 8065.42 1242.61 6822.82 1672.99 27618.7 30783 8113 8424.6 18008.3 42246.8 8612.2 25415.1 52722 7665.52 7163.89 12353.7 9712.67 4541.57 6235.02 2364.74 194056 99243.8 94811.8 55549.2 3087.91 3992.14 3870.28 1786.39 16046.4 18672.5 24749.3 11398.3 15786 13633.6 8169.06 5464.53 30562.4 19486.5 2320.06 27608.7 3306.43 2259.81 29362.6 5823.37 26303.2 19989.1 16479.8 29063.1 4354.59 3056.28 13351 9443.38 4137.78 1708.6 1730.08 4751.25 23311.4 45558.1 9506.33 8059.54 2041.77 24916.3 16995.1 7921.28 7549.73 21497.2 15846.9 2705.55
internal_count=3367818 2216581 1151237 1019215 581276 450359 1430073 1244642 786508 181999 437939 417280 315535 269288 369228 468072 84497 132022 194492 130917 62402 21861 417863 415859 246803 268360 40541 209059 202120 41915 40006 185431 160318 165304 68515 113604 20098 27097 383575 111924 42582 371216 253708 98496 155212 35322 219706 20076 154396 160169 144176 204124 129658 74466 46247 44985 37852 39005 32293 4974 27319 6712 110533 123532 32537 33742 72080 169056 34464 101745 211115 30698 28683 49482 38912 18204 24966 9473 776570 397099 379471 222342 12359 15991 15493 7154 64236 74796 99190 45686 63174 54555 32690 21865 122412 78223 9301 110581 13236 9048 117508 23302 105528 80189 66110 116333 17443 12242 53504 37848 16586 6840 6939 19033 93323 182432 38063 32287 8175 99808 68080 31728 30240 86052 63423 10835
is_linear=0
shrinkage=0.1


Tree=10
num_leaves=127
num_cat=0
split_feature=18 10 26 6 10 10 33 40 32 30 45 12 25 37 45 18 38 5 5 7 37 24 32 22 43 13 5 12 9 16 44 42 42 44 20 22 39 39 8 37 5 40 32 42 8 37 6 22 44 44 43 1 37 3 45 42 25 10 43 42 42 37 26 46 30 5 46 3 32 33 17 39 42 26 17 45 37 25 45 45 37 38 45 46 46 44 26 16 40 30 22 43 46 37 34 45 7 42 24 45 18 42 22 16 43 25 38 38 22 38 25 43 40 24 42 42 43 44 33 26 10 44 45 40 37 44
split_gain=541.975 255.658 132.504 101.166 89.7821 74.7597 63.2756 53.68 47.6262 43.7063 41.3927 43.1869 39.6832 39.3153 38.2149 36.4457 36.1323 50.5414 35.2885 43.0456 34.6452 32.6643 32.5844 32.1536 32.267 32.1379 31.8724 31.5733 31.4539 171.516 44.3959 31.0033 30.5033 29.9798 34.7576 30.0755 29.8293 40.9416 39.212 29.2476 39.1471 28.7361 30.7099 31.5789 28.4768 28.0003 27.9851 27.9821 44.3856 39.2948 32.3749 27.719 27.2331 27.2269 27.1344 26.5232 26.0287 31.1282 25.7371 26.2109 25.6644 33.8557 26.3401 32.2279 28.6145 25.6542 25.0912 27.7287 25.0764 25.031 24.9778 38.375 28.878 24.5975 23.9212 23.8107 33.6332 33.4411 29.5741 24.3539 23.7901 23.7461 26.2392 23.7264 23.6733 23.3301 23.3176 23.1943 22.8532 23.5369 22.6231 34.477 26.167 22.3588 26.7898 22.2779 22.9885 22.1429 21.9614 24.365 21.9093 21.8775 21.7915 21.5629 26.8301 26.6476 21.5627 41.433 25.1721 25.079 33.4808 24.9721 21.5165 21.2856 26.1508 26.3365 21.2715 21.9309 21.1796 22.0976 21.1284 24.3168 24.2464 24.5013 35.2248 22.5376
threshold=-0.0013791254605166612 38.800128936767585 0.65670597553253185 0.00011271426774328576 63.507419586181648 30.718257904052738 0.0034884696360677485 1.5000000000000002 -0.00072336316225118924 -0.0011078243260271845 48.500000000000007 -0.00010111628216691314 0.04920227266848088 6.7333333492279062 44.500000000000007 -0.0036373400362208481 1.0000000180025095e-35 0.0095452722162008303 0.0019004523637704553 0.0010837104637175801 1.7666666507720949 0.004416385432705284 -0.0058563111815601579 38.276012420654304 1.0000000180025095e-35 -0.00086963624926283945 0.010485014878213407 0.0024558753939345483 9.8940501629840596e-05 -4.2719316297734613e-06 -0.22500000149011609 0.37500000000000006 -0.24499999731779096 -0.014999999664723871 4.9725287681212656e-05 47.058359146118171 1.0000000180025095e-35 5.5000000000000009 0.00037345787859521812 0.13333333656191829 -0.0045747053809463969 1.5000000000000002 -0.01124765584245324 0.49500000476837164 0.0013569884467869999 6.9666664600372323 0.0015427686157636347 31.68389987945557 0.095000002533197417 0.13499999791383746 0.54500001668930065 -0.0024936950067058201 0.59999999403953563 -0.005113285267725586 49.500000000000007 0.50499999523162853 0.047095140442252166 47.82481765747071 -0.44499999284744257 1.0049999952316286 -1.0000000180025095e-35 0.43333332240581518 0.17644546180963519 -7.4999999999999991 -0.0029282135656103487 -0.011926533654332159 19.500000000000004 0.0051117129623889932 0.0026903126854449515 0.0023645595647394661 0.00032467258279211825 4.5000000000000009 1.3750000000000002 -0.16034544259309766 0.0043849237263202676 62.500000000000007 3.5000000000000004 0.0091519979760050791 77.500000000000014 60.500000000000007 7.8999998569488534 2.5000000000000004 76.500000000000014 -2.4999999999999996 5.5000000000000009 0.33500000834465032 0.0084107276052236574 0.00010690710405469873 1.5000000000000002 0.00043606742110569035 53.956937789916999 -0.37499999999999994 -2.4999999999999996 0.3666666597127915 0.35069295763969427 42.500000000000007 0.00096646073507145058 0.014999999664723875 0.0056779545266181239 24.500000000000004 0.016655596904456619 -0.4549999982118606 40.325387954711921 0.00011192729289177807 -0.60500001907348622 0.007464395137503744 13.500000000000002 2.5000000000000004 44.143613815307624 18.500000000000004 0.012670020107179882 -0.074999999254941926 2.5000000000000004 0.00607823464088142 0.62500000000000011 -0.34499999880790705 0.86500000953674328 -0.074999999254941926 0.0084457425400614756 1.0302425622940066 55.944017410278327 0.024999999441206459 49.500000000000007 1.5000000000000002 2.1666667461395268 0.64499998092651378
decision_type=2 2 2 2 2 2 2 2 2 2 2 2 2 2 2 2 2 2 2 2 2 2 2 2 2 2 2 2 2 2 2 2 2 2 2 2 2 2 2 2 2 2 2 2 2 2 2 2 2 2 2 2 2 2 2 2 2 2 2 2 2 2 2 2 2 2 2 2 2 2 2 2 2 2 2 2 2 2 2 2 2 2 2 2 2 2 2 2 2 2 2 2 2 2 2 2 2 2 2 2 2 2 2 2 2 2 2 2 2 2 2 2 2 2 2 2 2 2 2 2 2 2 2 2 2 2
left_child=4 3 9 10 6 60 21 14 41 12 -2 -12 13 23 106 -9 17 36 44 54 31 87 32 24 81 -22 80 58 29 30 102 -8 -15 35 -35 65 38 39 -11 40 -38 42 51 -44 52 46 86 48 -26 50 -50 -7 90 88 -20 -32 -56 -58 59 -16 61 101 63 64 -62 -10 67 84 -37 -61 71 -54 -73 74 -43 79 77 -77 -78 -49 95 -3 -83 -84 116 -68 -24 97 -30 -90 -4 -92 -93 94 -33 96 -14 -1 99 -17 -97 -5 -18 -65 105 -105 107 111 -108 110 -110 -6 -63 114 115 -72 -47 -118 -112 -120 122 -122 123 -25 -125 -124
right_child=1 2 18 5 7 8 20 15 33 16 11 -13 26 22 27 98 28 -19 19 -21 25 -23 45 120 47 -27 -28 -29 53 -31 55 93 -34 34 -36 68 37 -39 -40 -41 -42 73 43 -45 -46 66 -48 75 49 -51 -52 -53 70 -55 56 -57 57 -59 -60 69 62 112 -64 103 -66 -67 85 -69 -70 -71 113 72 -74 -75 -76 76 78 -79 -80 -81 -82 82 83 -85 -86 -87 -88 -89 89 -91 91 92 -94 -95 -96 100 -98 -99 -100 -101 -102 -103 -104 104 -106 -107 108 -109 109 -111 118 -113 -114 -115 -116 -117 117 -119 119 -121 121 -123 125 124 -126 -127
leaf_value=-0.0024299466134255457 0.0020071898663439392 0.016164094222397684 0.0037888228029595763 0.00096679663158075332 0.0088625636116566285 0.014677384424818774 -0.0057655989368814416 -0.0067201278904653718 0.0037670501708147557 -0.0062126002871950711 -0.0067726854282142354 -0.038906098532996244 -0.023728970037968079 0.01232491258253589 -0.01636963922347345 -0.015031398114321673 0.076723119541776325 -0.016692918048077567 -0.002540283140502348 0.0013901964007173317 0.0090508659641553423 0.0017528423353904807 -0.027163922314069652 0.0092660337651789687 -0.0073217941288089882 -0.0037143256374557649 0.0095370777412954796 0.008572153212724953 0.0092372281835921295 -0.016755136522001692 0.017996644998300147 -0.041979531780921835 -0.020551495394789752 -0.0035288599424663997 0.0082158326699064994 0.0027710048985251641 0.036919051515037153 0.015980481289429749 0.031773555447254125 -0.012679208159573239 -0.019443978423622804 0.01101034076822416 0.0066215258211693986 0.014146821205140218 -0.0078817142065619548 0.0024605695922614692 0.022319979343615997 0.0039566589297483435 0.056295945783482848 0.0033434454809813385 0.00024767791548628348 -0.025876536505954058 0.0016562110704400014 0.00014164132439509422 -0.0071074605336850678 -0.023208964334740598 -0.0082998971689115224 0.027202563203944735 -0.0059742419255102144 0.029280287989455912 -0.0080123430953990427 0.0093666441303485986 0.0084202403673277176 -0.0046363858326842972 0.014806331598384653 0.017181017016019935 -0.026098324732195411 -0.023428132292556483 -0.013700814241027738 -0.014537636312372836 0.014213084012628389 -0.0038979427379123941 -0.0225776300592287 0.0031322542743514518 0.047285677446797458 -0.017376422129020096 0.0073468612664732745 0.022253242703770146 -0.024160008845991947 -0.0245252059873943 -0.03972764186228768 0.00800878426332291 -0.049774482969040065 -0.0029114811711658741 0.011285861197016696 0.017400763007587972 -0.0059104239979297134 0.0047702189434912943 -0.0027185030923768689 0.0065292844042916 -0.025481126491886209 -0.021144821740088832 0.005369601783289794 -0.011679930764861601 -0.0083881567707286189 0.0004820276403173735 -0.0048563847254631002 -0.011342701281770617 0.0061394041143037906 -0.0013759324348940121 0.041754391932105756 -0.040633011817004384 0.034146137846180862 0.049952466146760216 0.015580720702505976 0.021608200454597166 -0.023455880505114969 -0.019983091794363615 -0.017084152211421236 -0.013212204193157674 0.01365830128048659 -0.013085366575699576 -0.0030486233813799375 -0.0035833785587785351 0.014067190267083019 0.0014273330857588636 -0.05442634668263055 -0.0026243806744352186 -0.022058498553888004 0.0085795018954335379 -0.0061184813650935078 0.0033598308622446666 0.00089066827836143487 -0.0036154881223487549 0.006645939274933752 0.02266457965441477
leaf_weight=7542.979497268796 1014.8678039461374 3502.569258660078 1213.7062113285065 242.54821410775185 874.31360945105553 256.28405579924583 13172.621308788657 28990.584497645497 3002.3577065765858 499.84749545156956 799.60133515298367 876.9778942912817 706.30183531343937 355.72579093277454 4646.2807832211256 1446.199673563242 135.75092406570911 2886.9583293199539 31012.725003167987 14239.390269190073 2041.1868545413017 35537.881799951196 636.85238647460938 10694.612886890769 4916.2014060467482 58399.81064003706 2171.9270801693201 1246.6800396442413 6107.3639012128115 1603.0649443566799 1349.6791021078825 593.26101523637772 1365.6308576613665 15310.966273233294 3016.1876550167799 8077.3021874576807 294.59616173803806 822.67296521365643 595.50402547419071 2935.9506907165051 211.84043924510479 1596.7623746395111 22147.248119488358 7452.8560697883368 4726.8180446177721 11932.290080815554 292.34917257726192 10489.379049494863 279.77202858030796 2510.1655619442463 163.16219359636307 492.30205331742764 22964.749568670988 164193.13918878138 33051.891943797469 176.6576737165451 496.33451460301876 491.55105654895306 17937.381797537208 259.58726826310158 1075.8294946700335 5209.921186953783 18417.367340072989 434.58317425847054 1123.3859772384167 2715.0786722153425 541.87631665170193 383.88199806213379 1043.6510084718466 261.8992205709219 1899.0265267789364 11603.47598618269 891.17573584616184 32021.877348840237 205.14084354043007 232.55745361745358 1948.918870344758 2523.0812328457832 351.68093094229698 309.05957001447678 178.33348444104195 20360.732718020678 126.05315369367599 755.89724130928516 3307.4896638989449 159.61718668043613 2724.8516023755074 2556.2870700806379 5873.0068387836218 5179.1736622750759 1195.550430342555 552.92642037570477 1138.8400746881962 3848.9809023588896 395.82228070497513 6573.4353014528751 7488.7240629643202 4421.3833228200674 3465.584534958005 13539.14800773561 131.18698585033417 264.04348987340927 1049.9570905864239 468.16469772160053 7222.5516350567341 1137.7945439368486 1042.0504052639008 7174.7687999904156 884.04729548096657 3016.4496245980263 1383.2862394154072 1273.4866026341915 1906.8145529329777 3257.9717598557472 2793.1202935725451 10623.306244447827 133.71558728814125 210.20090363919735 442.55628257989883 502.93719434738159 5484.1510986238718 5344.5549288541079 25777.200840830803 5220.6855165213346 9312.5314886718988 484.30452586710453
leaf_count=30198 4072 14046 4858 974 3514 1029 52762 116386 12028 2001 3204 3525 2827 1424 18653 5805 546 11555 124146 56980 8167 142232 2550 42812 19679 233857 8695 5001 24445 6419 5408 2380 5468 61301 12069 32339 1179 3293 2383 11749 848 6411 88775 29917 18913 47757 1170 41993 1120 10049 653 1975 91903 657006 132297 708 1986 1967 71932 1042 4335 20914 74010 1748 4521 10881 2169 1536 4177 1053 7598 46451 3570 128416 826 931 7803 10101 1409 1237 714 81609 505 3029 13239 639 10905 10234 23508 20725 4797 2215 4562 15426 1588 26317 29977 17709 13884 54290 526 1060 4215 1890 29106 4601 4184 28839 3556 12123 5559 5115 7656 13035 11176 42505 535 841 1780 2021 21944 21385 103181 20899 37280 1939
internal_value=0 0.00145806 0.000381182 0.0052646 -0.00434517 0.00564778 -0.00265787 -0.00679842 0.00418622 0.00144246 -0.0139324 -0.0235809 0.00272372 0.0033097 -0.00945111 -0.00450894 0.000450826 -0.00602586 -0.00218702 -0.00358988 -0.00443037 0.000119997 -0.000547081 0.00407712 0.00600884 -0.00328323 -0.00178857 -0.00692926 0.00073852 0.00917643 0.0245043 -0.00828002 -0.0137574 0.00110933 -0.00159598 0.0044507 -0.000280893 -0.00406129 0.0144391 -0.00885093 0.0133426 0.00577642 0.00801041 0.00851628 -0.000417468 0.000571829 -0.007356 0.00337373 -0.00150107 0.00818904 0.0356496 -0.0119926 0.000189444 0.000537749 -0.00467998 0.0132275 -0.00662939 0.00936538 -0.00776566 -0.0139837 0.0094412 0.00426217 0.0107625 0.0145261 0.00364371 0.010137 0.0023097 0.0031229 0.000886242 0.00727419 0.000785726 -0.000770342 -0.00523026 0.00377196 0.0151402 0.00579329 0.0114566 0.0189088 0.00253057 0.00314149 -0.00341999 0.0085352 0.00727732 -0.0096094 0.00377695 -0.0162006 -0.00993676 -0.00387623 0.00432795 0.00161511 -0.00766683 -0.0124823 -0.00329621 -0.0151261 -0.0285366 -0.00298542 -0.00648295 -0.00572362 -0.00103468 -0.00269379 0.00128959 -0.0207157 0.0390207 0.0171098 0.0181802 0.029871 -0.013152 -0.0163356 -0.00907031 -0.00666385 -0.000515756 -0.00415093 0.00604017 0.00375649 0.00531786 0.00336631 0.00175388 -0.0227651 0.00577391 -0.0057612 0.00257469 -0.00144042 0.0034191 0.00563314 0.00295978 0.00129221
internal_weight=0 623682 486149 137532 216897 134841 128510 88387.2 97338 343997 2691.45 1676.58 150082 132832 40945.7 47441.5 193915 8247.37 142153 79291.9 78451.7 50058.5 22044.5 110787 48469.2 60441 17249.9 24351.8 185668 4315.11 2712.04 18010.7 1721.36 33165.5 18327.2 14838.4 5360.41 4265.06 1095.35 3442.39 506.437 64172.5 30348.7 29600.1 62860.7 20323.1 3654.05 23724 7869.3 2953.1 442.934 748.586 58133.8 181353 65052.5 1526.34 34039.8 987.886 23105.1 5167.77 37503 7623.33 29879.7 11462.3 2199.22 5717.44 16669.1 15967.6 9120.95 521.486 54032.8 35459.4 12494.7 33823.8 1801.9 15854.7 5056.24 2755.64 2300.6 10798.4 15078 24745.3 21242.7 881.95 15583.7 701.494 3361.7 14520.6 17159.5 11052.2 4101.02 2887.32 1691.77 4838.06 989.083 14899.6 8195.03 11964.4 18450.9 14985.3 6704.62 506.592 1185.71 9263.09 8828.51 1605.96 16593.9 9322.57 7271.33 6229.28 3212.83 2147.8 7116.74 18573.4 15315.5 12522.3 12276.2 343.916 2328.78 945.493 62318 10828.7 51489.3 25227.8 14533.2 26261.5
internal_count=3366890 2497600 1945840 551760 869290 540959 514553 354737 390144 1376881 10801 6729 600893 531837 164372 190365 775988 33008 568959 317376 314180 200373 88233 443604 194164 242024 69056 97681 742980 17296 10877 72156 6892 132795 73370 59425 21453 17069 4384 13776 2027 257349 121696 118692 251583 81341 14625 94975 31501 11822 1773 3004 232670 725684 260396 6116 136250 3953 92680 20748 150815 30604 120211 46201 8856 22909 66716 63908 36516 2095 216238 141924 50021 135653 7237 63474 20244 11032 9212 43230 60361 99189 85143 3534 62372 2808 13455 58141 68678 44233 16432 11574 6777 19394 3968 59647 32804 47907 73979 60095 26843 2034 4761 37345 35597 6491 66691 37468 29223 25039 12916 8629 28570 74314 61279 50103 49133 1376 9360 3801 249440 43329 206111 100991 58179 105120
is_linear=0
shrinkage=0.1


Tree=11
num_leaves=127
num_cat=0
split_feature=20 10 10 11 22 38 37 22 46 45 9 0 0 43 19 9 43 23 0 33 39 43 37 43 29 38 37 40 22 38 38 37 5 37 37 37 37 9 9 38 37 42 42 37 7 37 45 37 38 37 31 10 41 23 45 1 37 38 0 42 43 10 39 8 37 38 24 34 43 45 37 43 0 24 39 39 46 16 42 6 46 41 31 22 24 40 45 34 32 23 33 18 22 46 34 45 42 5 24 46 0 9 26 5 10 0 37 45 10 26 37 1 37 31 43 19 32 46 34 11 21 41 24 39 16 42
split_gain=491.621 162.977 142.363 94.9301 77.4519 61.8013 111.947 58.5975 54.933 53.291 52.1434 218.488 89.7577 50.8791 46.8785 46.7479 41.5624 42.4114 41.4103 38.9787 38.5074 37.3902 39.7371 72.4537 35.3984 34.6919 36.0567 40.6779 33.738 33.2111 67.4318 43.1681 41.1137 32.7665 32.643 36.4267 31.8088 30.6058 30.0072 29.5631 29.5269 33.5691 29.4902 31.1483 39.6054 28.6359 39.019 28.5331 33.9986 28.702 35.0954 28.697 28.4871 43.3746 44.6852 31.8538 30.0295 31.1757 28.3353 36.0598 30.0408 28.1928 28.0144 27.8139 27.3045 34.2914 27.0873 26.8906 27.2592 30.3998 31.0012 26.7949 26.5671 28.5833 26.5622 41.1832 29.975 26.557 26.4697 27.0105 27.2384 26.4675 29.6301 34.9741 30.7053 28.0803 25.9815 29.5719 29.0817 25.2491 25.2181 25.1523 29.5976 25.5767 25.3157 25.1165 25.0583 25.6766 24.9136 24.7676 24.687 30.7973 24.6703 24.6488 24.5288 26.7372 28.3338 24.4631 27.3938 30.3264 27.9478 26.6762 25.934 24.352 32.5803 35.904 30.657 26.4255 24.3152 24.3151 24.2761 24.2408 33.2114 27.5882 24.175 23.9306
threshold=-0.00024802591360639775 31.995339393615726 62.273021697998054 9.9539731309050708e-05 59.507543563842781 16.500000000000004 7.8999998569488534 42.173587799072273 -32.499999999999993 41.500000000000007 0.0001675710373092443 8.1708599282137601e-06 -7.5031282449344863e-06 -0.59499999880790699 -0.00039319519419223065 0.00019401733879931274 0.14500000327825549 0.000235814368352294 7.9464356531389071e-05 0.0005555041425395758 3.5000000000000004 1.0349999666213991 1.3666666746139529 -0.31499999761581415 -0.015756487846374508 1.5000000000000002 4.8333332538604745 2.5000000000000004 53.956937789916999 16.500000000000004 9.5000000000000018 7.7000000476837167 0.015976771712303165 7.7999999523162851 6.2666666507720956 7.9333331584930429 7.866666555404664 7.6510892540682121e-05 0.00011917855590581895 3.5000000000000004 3.6666667461395268 -0.24499999731779096 1.0049999952316286 6.0666668415069589 0.00024369236780330541 3.7000000476837163 59.500000000000007 0.53333333134651195 7.5000000000000009 0.96666666865348827 -0.0056536926422268144 59.857233047485359 5.0750000476837167 -0.001606560486834496 53.500000000000007 0.0032502223039045934 6.0666668415069589 19.500000000000004 0.00067294359905645262 1.3750000000000002 1.0049999952316286 18.922067642211918 1.5000000000000002 0.0013331558438949289 7.9333331584930429 22.500000000000004 0.00086032511899247776 6.127941608428956 0.22500000149011615 25.500000000000004 5.2666666507720956 0.41499999165534979 -0.00019098051416222003 0.0063586540054529914 4.5000000000000009 1.0000000180025095e-35 13.500000000000002 -0.00053129962179809798 -0.24499999731779096 0.00036081467987969523 11.500000000000002 1.2050000131130221 0.00082637212472036492 57.343709945678718 0.0036283056251704697 1.0000000180025095e-35 61.500000000000007 0.68442907929420482 -0.0061172076966613522 -0.0023303409107029434 -0.0057761759962886563 0.0026327541563659911 32.124845504760749 -1.4999999999999998 -1.0622723102569578 72.500000000000014 1.3750000000000002 0.0012639121850952508 0.011269824579358103 2.5000000000000004 2.9820147346981689e-06 5.0559334340505309e-05 0.054112048819661147 -0.061235792934894555 57.120603561401374 -0.0014403384993784127 7.7333333492279062 77.500000000000014 47.217819213867195 0.031736014410853393 7.1666667461395273 1.618546320969472e-05 6.7333333492279062 -0.0032375291921198364 0.32500000298023229 3.440471118665301e-05 0.0007122343231458218 -11.499999999999998 -0.71609309315681446 -0.0034217177890241142 1.3561246395111086 4.0950000286102304 0.003480982501059771 2.5000000000000004 4.0387894841842362e-06 0.50499999523162853
decision_type=2 2 2 2 2 2 2 2 2 2 2 2 2 2 2 2 2 2 2 2 2 2 2 2 2 2 2 2 2 2 2 2 2 2 2 2 2 2 2 2 2 2 2 2 2 2 2 2 2 2 2 2 2 2 2 2 2 2 2 2 2 2 2 2 2 2 2 2 2 2 2 2 2 2 2 2 2 2 2 2 2 2 2 2 2 2 2 2 2 2 2 2 2 2 2 2 2 2 2 2 2 2 2 2 2 2 2 2 2 2 2 2 2 2 2 2 2 2 2 2 2 2 2 2 2 2
left_child=1 34 4 15 5 10 72 8 -3 20 11 12 13 66 18 100 17 33 39 36 -5 22 23 28 90 -9 27 40 -12 30 32 -31 -21 38 45 -36 77 -13 -10 -6 -27 98 64 62 -45 46 71 48 -40 50 -49 63 53 54 55 -51 57 119 -29 60 -60 -48 -44 -50 -28 -66 -2 68 69 70 -18 74 73 -7 75 -1 -77 -11 79 -47 -81 85 84 -84 -83 -22 88 95 -52 -63 -16 92 -70 113 -94 -88 97 -74 -42 -25 -4 -102 -24 -23 105 106 -104 108 -55 110 112 -109 -110 114 115 -93 -115 -116 -105 -54 -32 122 -106 -124 -14 -121
right_child=2 7 3 9 14 6 -8 25 16 19 21 37 124 -15 24 -17 67 -19 -20 29 81 103 102 99 -26 26 42 58 -30 31 120 -33 -34 -35 35 -37 -38 -39 47 -41 41 -43 43 44 -46 78 61 49 51 52 86 -53 56 107 -56 -57 -58 -59 59 -61 -62 89 -64 -65 65 -67 -68 -69 91 -71 -72 -73 96 -75 -76 76 -78 -79 -80 80 -82 82 83 -85 -86 -87 87 -89 -90 -91 -92 93 94 -95 -96 -97 -98 -99 -100 -101 101 -103 104 118 121 -107 -108 111 109 -111 -112 -113 -114 116 117 -117 -118 -119 -120 125 -122 -123 123 -125 -126 -127
leaf_value=0.019847304685833789 -0.061272383247893129 -0.015985420063260036 0.011119020225315086 -0.0057543386764026018 -0.0064437818151546096 0.0072536102996362739 -0.028623173605823268 -0.003335914251528016 0.037590832971027409 -0.0033687612676234556 -0.0055778025904468188 0.047641594463271354 0.0022509220733398813 -0.014308992984649686 0.020429982546333311 -0.0017307893263747969 -0.004972254044761793 -0.0026454419153353146 -0.005267850715007294 -0.0065859251680599465 -0.031001303601699781 0.026317467306625399 0.017377922552633134 -0.0025493280178430595 -0.0059269443449035102 0.0026566248615743047 -0.0014446203120253428 0.0011349166291523139 -0.015621758585746839 -0.00053273382026079133 -0.014447848761166794 -0.028952612504023912 0.0027033763223485046 -0.0071293121518882386 0.0024149837209501016 0.034936494949514056 -0.02852698518462617 0.01454828891943967 0.028303329037926973 0.0061286096430377898 -0.0048536591594402871 0.0091758466838905515 -0.015478346225863575 0.061342295882578959 0.0080380562832256842 0.033734797426480556 0.040353521655510205 0.0090655486896289283 0.015452473454662718 0.00081216604100059649 0.03677166186226468 -0.034956588115523358 0.029859363968695297 0.016181563476930387 0.014829497229066447 -0.021547673997371359 -0.00071784892694433638 0.017519130254517967 -0.0027695350792296446 -0.028225920667954707 -0.05195795967410638 0.039894964234412106 0.0031298552623792025 -0.0057935781487478914 0.025161819954135595 -0.0082016859739009827 -0.033290966011195848 -0.022512310084747862 -0.0051366469460099283 0.00061743876562807168 -0.030972724549263909 -0.0026011866775087415 0.003979713508396098 0.00066017061200521643 0.015640218904642518 -0.0011421560520027815 0.029432476001291438 0.0035888550902125832 0.015319546233010049 -0.0042682418939797391 0.034385269850589976 -0.023835356727451962 0.0060351897441527644 -0.010023720347177996 -0.0090749343603763917 -0.013760464092552594 -0.056202560385341285 0.0034609474114654657 -0.0072875738228131356 0.010790423846005105 -0.0019634379004159603 0.020354230317171446 0.028058576967440033 0.0094893911603742415 0.0022674798913781603 -0.013130522817061042 -0.0060135073205744597 -0.00097096947172289156 0.030614775618921078 0.004216601886100616 0.071196302305686104 0.025960442625838714 -0.0076353433373974799 -0.0391094886547112 -0.015173754720151506 0.0012606305392026324 0.031781663025799725 -0.019764869031805878 -0.0013622207498999285 0.012905298303660077 0.028871825765764216 0.01208752519120246 -0.039603659697714219 0.0076588985730120787 0.0050310988706291871 -0.029893138863008897 0.051198197784677796 -0.0090730888394161702 -0.011098611033724535 0.0051891231447780961 -0.0035452812114752682 -0.00037109425912674592 0.0040008544502424448 -0.007508737483378213 -0.013937979765431969 -0.015070228476653687
leaf_weight=1357.514176055789 460.27551776170731 1396.0099499225616 695.36686782538891 24641.875295996666 2233.5283042639494 19618.390675961971 1159.1812825351954 17307.61630025506 312.33060903847218 10815.038364887238 11210.988249853253 332.82480961084366 1669.6316968649626 1278.683566942811 512.22229987382889 1136.9589606672525 1271.4492557197809 5783.8919087201357 7225.8056738227606 14637.007909327745 1240.9169965088367 149.201735496521 831.37243600189686 13087.347334980965 54320.516176775098 48156.501905232668 60189.828029334545 19221.590900719166 4766.1141026467085 15226.3166924119 11374.570026695728 553.90665304660797 7063.9432666450739 1768.724646627903 9976.5158392488956 356.7275718152523 393.43881759047508 1743.0389243364334 1217.9503103941679 11501.208025500178 2799.045319840312 15785.518516525626 1123.7212145775557 142.810751542449 5819.0882419198751 262.27053138613701 373.30081686377525 1609.111722484231 2820.6140520572662 4576.9664247632027 168.04312573373318 142.40472361445427 386.34846866130829 9427.9420220404863 2134.0396075099707 740.15603496134281 8298.9769613593817 2250.2136164456606 5212.7632864713669 690.50742125511169 127.1907507032156 312.43009638786316 2889.1174324303865 788.40992476046085 847.43261075019836 484.01796013116837 1392.9587522894144 449.35330624878407 6146.7362099438906 4271.7280587553978 717.29161785542965 3831.2617862224579 25578.670392915606 9889.1284757852554 2733.4446028321981 5710.7520435601473 339.72935180366039 11133.703177034855 11828.521231964231 1812.8005597144365 202.69098818302155 2147.2184266597033 2114.5703010559082 3781.2667940109968 4101.1830185949802 3957.2358367294073 314.34883478283882 256.09758113324642 1380.845157533884 6487.01492215693 27594.235547140241 1085.7963141351938 387.57472670078278 9191.8154645264149 21099.215708404779 237.80140566825867 4345.4052024036646 17743.468538790941 213.11887215077877 9223.3837395757437 196.93159902095795 638.38239742815495 4906.1112338602543 369.78608326613903 2903.2363650798798 97402.773876339197 189.40377013385296 500.37359640002251 2004.9752571284771 4331.941951751709 278.64083287119865 554.0813412219286 194.54482534527779 2152.5490084886551 2066.9450428336859 163.63698509335518 174.85815477371216 3717.6935801208019 1913.6502684652805 17171.079100072384 2489.2547828555107 24763.626279458404 3520.6863547563553 5098.52019970119 2061.1682929992676 603.53810143470764
leaf_count=5460 1857 5591 2789 98948 8940 78508 4651 69287 1255 43350 44869 1335 6686 5120 2050 4552 5092 23173 28924 58717 4995 597 3328 52382 217596 192785 240923 76956 19101 61070 45645 2224 28339 7083 40096 1436 1579 6977 4889 46031 11203 63199 4501 572 23305 1053 1510 6451 11314 18349 675 570 1552 37852 8555 2965 33246 9028 20863 2764 509 1263 11572 3161 3393 1938 5580 1799 24602 17103 2873 15386 102358 39572 11028 22989 1367 44590 47620 7280 814 8630 8492 15206 16492 15917 1261 1027 5539 26099 110519 4349 1552 36822 84471 953 17392 71000 853 36915 795 2561 19632 1480 11622 389733 758 2005 8038 17352 1116 2220 779 8624 8277 655 700 14886 7659 68849 9993 99097 14091 20410 8258 2421
internal_value=0 0.00290258 -0.00200123 -0.00502129 -0.0010379 -0.00013982 0.00222239 0.00207046 0.00373993 -0.00545141 -0.00111746 -0.00857268 -0.0171713 -0.0296533 -0.00336249 0.0136291 0.00396353 0.0055576 0.000860168 -0.00383124 -0.008295 -0.00074793 -0.000579553 -0.00343348 -0.00443629 0.000921751 0.0013719 0.00267875 -0.00857401 -0.0053484 -0.0070425 -0.00153031 -0.00356214 0.00629353 0.00848031 0.0035377 -0.000344624 0.0198542 0.00667217 0.0040841 0.00396866 0.00732986 -0.000313508 0.00473032 0.0093149 0.00992912 0.00760123 0.00651738 0.0137868 0.00588826 -0.00231948 0.00907381 0.00649727 0.00898395 0.00260568 -0.00230038 0.00435413 0.00641635 -0.000741358 -0.00672183 -0.00394114 0.0135967 -0.00208103 0.0108112 -0.00113129 0.0130333 -0.0402405 0.00184637 0.00205506 -0.00413722 -0.01435 0.00452349 0.0026857 0.00504389 0.00721507 0.00410631 0.000574583 0.000160554 0.0134187 0.00354723 -0.000380992 -0.011905 -0.00934914 -0.00426412 -0.0141472 -0.0178762 -0.0100915 -0.0246253 -0.00250747 0.0121278 -0.00155533 0.00289441 0.000982257 0.00574239 0.00273269 -0.0376522 0.00122591 0.00195206 -0.00234417 0.000247746 0.0250381 0.0366251 0.000203099 -0.0130617 0.000100215 0.000891221 -0.00617019 0.0117323 0.0126907 0.00785803 -0.000964843 -0.00302748 -0.00474463 0.0020633 -0.000870482 0.0137734 0.01093 -0.00403343 -0.0156348 0.00504067 -0.0124903 -0.00213416 -0.00592328 -0.00280742 -0.00669302 0.00450122
internal_weight=0 351142 489336 118339 370997 267609 78334.2 305557 124547 115671 189275 8938.58 6862.72 3131.92 103388 2667.64 123151 70254.4 20960.5 73687.2 41984.3 180336 177904 38287.8 82427 181010 163702 92206.2 15977.1 51345 35564.8 15780.2 21701 64470.5 45585 10333.2 22342.2 2075.86 62701.8 13734.7 66954.2 18797.7 71496 9974.74 5961.9 35251.7 21145.4 62389.4 4969.38 57420.1 3966.25 3751.43 53453.8 24743.7 7451.16 5317.12 28710.2 20411.2 25252.1 6030.46 5339.95 7172.75 4012.84 3609.02 61521.3 1331.45 1853.23 52896.6 52447.3 6260.47 1988.74 13972.7 77175.1 29507.5 10141.4 7408 6050.48 21948.7 14106.3 2277.76 2015.49 17342.4 12144.2 5895.84 6248.4 5198.15 2357.14 808.248 1548.89 6799.45 28106.5 46186.8 27633.5 18553.3 21486.8 552.15 47667.5 43322.1 3012.16 22310.7 1530.68 835.314 139616 2432.64 138784 102498 5095.52 17292.5 16238 6810.1 2478.16 1054.45 2199.52 9361.48 7034.07 1249.43 2327.41 5784.64 2283.44 18161 13863.8 36286.1 11522.4 8619.21 3730.8 17774.6
internal_count=3367010 1407098 1959912 474884 1485028 1070968 313481 1223697 499074 464187 757487 35813 27501 12557 414060 10697 493483 281678 83895 295507 168680 721674 711938 153267 330165 724623 655336 369132 63970 205988 142694 63294 87056 258505 183401 41532 89519 8312 251422 54971 268040 75255 286204 39950 23877 141869 85102 250167 19934 230233 15906 15045 214327 99231 29869 21314 115096 81850 101092 24136 21372 28872 16073 14475 246254 5331 7437 211805 210006 25068 7965 56230 308830 118080 40844 29816 24356 87940 56767 9147 8094 69732 48820 23698 25122 20912 9455 3241 6214 27362 112569 184938 110625 74313 86023 2214 190750 173358 12056 89297 6145 3356 558671 9736 555343 410123 20390 69362 65137 27285 9933 4225 8817 37491 28167 5004 9324 23163 9139 72822 55638 145220 46123 34501 14944 71270
is_linear=0
shrinkage=0.1


Tree=12
num_leaves=127
num_cat=0
split_feature=20 27 10 38 37 42 5 38 22 34 39 30 9 38 37 15 0 43 37 40 43 40 0 11 37 44 33 37 38 33 39 43 25 42 17 10 11 38 44 22 26 1 45 22 38 33 42 9 27 43 1 43 43 5 38 37 39 38 37 43 17 38 10 5 39 1 26 7 39 13 38 38 45 43 43 42 34 15 36 13 29 29 10 44 37 27 2 33 22 46 9 20 45 43 45 33 43 45 37 42 1 43 45 34 13 46 5 43 39 39 4 8 7 45 44 42 45 3 27 44 14 35 27 46 33 42
split_gain=360.559 129.258 124.362 72.9392 129.289 66.5632 64.4189 59.0818 59.5099 56.4443 54.065 46.4613 46.2452 40.4369 38.9558 38.8746 37.0869 41.5798 35.9066 38.8118 37.0455 48.7658 39.8168 35.6716 34.0988 33.0188 44.9133 32.4412 32.1264 34.2498 33.3053 41.6331 31.9047 31.8573 32.3512 31.8517 74.0418 29.9995 29.7914 33.2454 29.4501 30.8158 28.8271 28.6053 27.4583 27.1212 28.834 45.6985 26.8038 26.7354 29.2417 26.6741 26.5452 30.246 26.3665 26.4373 26.2254 31.8266 26.2096 37.7141 26.1568 26.0252 29.3768 28.1504 25.9432 28.4866 28.3307 28.2952 25.9823 25.7685 28.8646 31.7628 31.2406 30.4787 27.9891 27.9743 25.702 25.6646 25.4491 25.3144 25.2022 25.1395 25.8864 32.737 30.9708 26.9812 30.8566 47.7384 25.7206 26.3074 24.8368 24.799 24.7285 24.6264 25.1526 24.9237 24.1656 24.1161 28.4348 24.1013 32.7695 30.5243 24.7674 37.6105 32.9421 29.4429 24.5317 33.5857 23.6385 27.8032 32.278 26.9529 24.1348 23.554 23.4217 48.9616 29.8809 23.2989 23.1623 23.1245 23.0021 22.7192 22.7057 22.6993 22.691 23.0488
threshold=-0.00022001407342031595 -0.003340098424814641 38.636995315551765 16.500000000000004 7.9333331584930429 0.24499999731779101 0.0012639121850952508 5.5000000000000009 45.468950271606452 3.1372281312942509 5.5000000000000009 -0.00094199480372481037 0.00024853234936017548 11.500000000000002 0.29999999701976782 1.0121788382530215 -0.00025537940382491792 -0.4549999982118606 6.9333331584930429 1.5000000000000002 -0.50499999523162831 2.5000000000000004 -0.00048168357170652593 0.0006955343415029348 5.5666668415069589 0.64499998092651378 1.0000000180025095e-35 7.8999998569488534 13.500000000000002 -0.0041749144438654176 5.5000000000000009 0.80500000715255748 0.052710328251123435 1.3750000000000002 -0.00017634012328926471 65.707366943359389 0.00011166288095409983 19.500000000000004 -0.60500001907348622 56.809919357299812 0.73472911119461071 -0.00039592500252183521 30.500000000000004 28.824433326721195 9.5000000000000018 -0.0038955823983997102 0.62500000000000011 0.00054121745051816117 4.1219131162506535e-05 -0.36500000953674311 0.0010834486456587913 1.0349999666213991 -0.37499999999999994 0.0036815125495195393 2.5000000000000004 0.16666667163372043 1.0000000180025095e-35 18.500000000000004 0.59999999403953563 -0.24499999731779096 -0.0055341951083391896 8.5000000000000018 66.30008697509767 0.0092440228909254091 2.5000000000000004 0.0027237609028816227 0.21000101417303088 0.00066263566259294759 1.0000000180025095e-35 -0.00029092274780850852 9.5000000000000018 1.0000000180025095e-35 20.500000000000004 -0.4549999982118606 -0.93500000238418568 -0.44499999284744257 3.7813458442687993 0.82526093721389782 1.0179999662796037e-05 -0.00051268193055875589 -0.0081610530614852888 0.036115517839789398 61.341915130615241 0.39499999582767492 0.26666666567325598 0.00047834852011874324 -0.0015028929919935761 0.0046879216097295293 36.443168640136726 -4.4999999999999991 0.0039740863721817741 7.581626778119245e-05 78.500000000000014 -0.4549999982118606 40.500000000000007 -0.00075959536479786028 -0.80500000715255726 55.500000000000007 0.63333332538604747 1.0049999952316286 0.0019179753144271674 -0.68500000238418568 24.500000000000004 -0.77386960387229908 0.00021298116917023438 -3.4999999999999996 -0.022237587720155712 0.095000002533197417 1.0000000180025095e-35 5.5000000000000009 0.0022608456201851372 0.00038863465306349104 0.00059389055240899335 25.500000000000004 -0.13499999791383741 0.24499999731779101 19.500000000000004 -0.034068483859300606 -0.0017446317942813037 0.65999999642372142 0.021567733027040962 -0.00013199500244809312 -0.00084505116683430959 -9.4999999999999982 -0.007849499583244322 0.37500000000000006
decision_type=2 2 2 2 2 2 2 2 2 2 2 2 2 2 2 2 2 2 2 2 2 2 2 2 2 2 2 2 2 2 2 2 2 2 2 2 2 2 2 2 2 2 2 2 2 2 2 2 2 2 2 2 2 2 2 2 2 2 2 2 2 2 2 2 2 2 2 2 2 2 2 2 2 2 2 2 2 2 2 2 2 2 2 2 2 2 2 2 2 2 2 2 2 2 2 2 2 2 2 2 2 2 2 2 2 2 2 2 2 2 2 2 2 2 2 2 2 2 2 2 2 2 2 2 2 2
left_child=2 9 10 5 18 6 13 8 -7 28 16 15 -8 51 91 37 17 56 19 33 21 108 42 77 69 35 -27 117 29 -2 58 90 96 40 -35 -16 -37 54 -10 -40 43 -42 -23 -5 -28 49 -47 -48 -6 -18 -51 81 -45 -54 55 -4 57 -1 59 -30 -11 119 -63 92 66 113 68 -68 -57 118 71 73 75 -71 -74 -73 -13 97 -69 -25 -12 82 83 84 -3 86 -86 88 89 -88 -32 -9 -64 94 -93 -95 -20 -15 -99 102 106 -102 103 -56 -105 -106 107 -101 -21 112 111 -111 -110 -66 121 116 -116 -19 -14 -31 -103 -39 -75 -34 -104 -126
right_child=1 3 11 4 48 7 12 14 38 60 80 76 24 23 25 -17 45 27 32 20 -22 22 -24 79 -26 26 44 -29 30 61 31 -33 123 34 -36 36 -38 114 39 -41 41 -43 -44 52 -46 46 47 -49 -50 50 -52 -53 53 -55 99 64 -58 -59 -60 -61 -62 62 63 -65 65 -67 67 78 -70 70 -72 72 74 122 -76 -77 -78 -79 -80 -81 -82 -83 -84 -85 85 -87 87 -89 -90 -91 -92 93 -94 95 -96 -97 -98 98 -100 100 101 120 124 104 105 -107 -108 -109 109 110 -112 -113 -114 -115 115 -117 -118 -119 -120 -121 -122 -123 -124 -125 125 -127
leaf_value=0.035156600330188914 0.0052417796506749222 0.015995013732073828 0.023461378533806865 -0.030921739186598442 -0.041749462089961421 0.00710801570747555 -0.013640016927246333 -0.00038885377386163275 0.0087460798604033687 -0.014702019444667975 -0.0047415418146854824 -0.00018615166171431633 -0.0084811043395240458 -0.0069885195067384128 -0.0045672487279912397 -0.0068319498646031256 0.011239409190485997 0.020870748808250572 0.011417047555656862 -0.00050224645339320831 0.0031193156364466529 0.044961274157493465 -0.0053605641036362419 0.028518291899258297 0.0013799055829026041 0.051971346383890997 0.027053606243747266 0.030016945534688075 -0.027231028423648024 -0.0062169021468976423 -0.01654039499164869 0.022575843269357174 0.056042980300718331 -0.01702868124694017 -5.8603045014465342e-05 0.023258163721668512 -0.016360734795024905 0.027057406752655229 -0.0010091710332558715 -0.0083456312996844119 0.0034410680623988147 -0.0053821249109276869 0.0077276740228774676 -0.00061229708554630792 -0.012986648722572436 -0.0010506080054710069 0.021577181983043689 0.0009897587077245145 -0.0025926882763821087 0.0039429287752872858 -0.017032931390665636 -0.012253002862786504 0.0087839420490660423 0.00082740921756079607 0.014439293359470588 0.015486500716288746 0.009851491794411537 0.00028776259631602781 -0.0020929347203678941 -0.0031373623430168886 0.0064486181474908075 -0.0075833086164141502 -0.02454259552568288 -0.0095548435074612782 0.018610212781986282 0.025727518089451513 0.014179736912303282 -0.01027085717505901 -0.00020800264126375487 -0.058896098395098712 -0.00713788188164501 -0.0078291377858625867 0.0329986414806831 -0.0019209305948261124 -0.0020294052419680578 0.026481705457314805 -0.018514897581139396 0.008308747504655668 -0.044166742583569174 -0.01314659367233062 0.011714479623008062 -0.018479583123355948 -0.0011894514812719336 0.015048385529013865 0.012169066917355628 -0.0034859774979883562 -0.00098196738409598943 -0.005351452298341052 0.0041032512397135342 0.031453768512552889 0.019471542735634239 -0.04533682903098727 0.016180054568726239 -0.042405835602802935 -0.018957016544935583 -0.0034339969342936007 -0.0048573884527363101 -0.015696665489739959 0.0037620014755669479 0.0043319114054719771 0.028181413906533306 -0.0069644855769936294 0.0043291062171921966 -0.00064294336044635894 -0.0050880444545303846 -0.022338733863159817 0.012128663568513991 -0.033143466896335662 0.031561750874098932 -0.023352199947401637 -0.0287286460493704 0.030193654526397613 0.015242019228813804 0.003784547892569256 0.046270420179452904 0.022385618003068902 0.0053036535810509072 0.0040579914329107198 0.0060092428902721118 0.019561095461520531 -0.051169723196024412 -0.00018709412298336346 -0.018404353819121831 0.0094837091304386199 -0.00067201787356610488 0.0064703526315650836
leaf_weight=911.46814166009426 2164.8506125360727 1936.4201788753271 815.8633169978857 244.07299187779427 834.70875808596611 7904.543682217598 3571.7052844613791 824.59758646786213 2122.1261806339025 651.01540359854698 995.97534988820553 118482.26691201329 1425.9908366501331 5952.5557954758406 56284.865499764681 4327.1597375720739 5292.2433193176985 840.85256843268871 976.50065670907497 678.57218198478222 31524.246263697743 285.79077945649624 2486.1036952137947 152.20845724642277 21543.116645276546 229.38351087272167 266.95119205117226 499.77355575561523 1036.2134457081556 33085.994782343507 3788.8203185349703 323.57605427503586 130.16792561113834 1980.7625579237938 2595.2336503863335 521.59495621919632 4931.8230170309544 324.23548464477062 17800.746767193079 9458.9135875999928 6381.3625733405352 10425.392551839352 763.30337116122246 10523.004549503326 477.84083710610867 24692.448255360126 1543.3627732843161 3577.3179984986782 221.12832488119602 12867.392606332898 700.7996512055397 1159.0753190815449 11931.050333544612 7968.7688930779696 1029.5374435186386 1422.1836040467024 9131.0968252271414 367.23498606681824 41674.317697897553 1741.638576194644 5740.58650149405 11426.500307232141 3099.815304428339 3379.2136078923941 1341.0606863796711 898.74674272537231 325.67151311039925 836.10423366725445 4083.7051314115524 128.75715874135494 18917.773043125868 349.09258756041527 230.1222869604826 1860.6660285741091 26172.264782294631 744.21687136590481 770.04348355531693 2783.8849282264709 301.33227568864822 3476.1002274155617 14190.218840569258 536.67453627288342 10678.566572055221 2654.5777574926615 4137.5051493644714 5484.5495889335871 390.29296934604645 5667.8829211890697 26913.909838885069 695.89821538329124 201.7106259316206 563.79461535811424 156.65223237872124 194.73464220762253 1007.0527423173189 1043.1537551730871 13899.419990628958 847.34895320236683 6602.5036991536617 3273.2558921575546 236.33762302994728 1723.6333213895559 19642.692365899682 5494.3054669648409 2288.6898051351309 1742.786840647459 5909.8204667121172 257.99494114518166 1755.2993978112936 126.87815730273724 235.55153028666973 362.83481875061989 1873.2913137227297 5333.4431631118059 181.34922225773335 2249.445746704936 9772.2377809435129 41735.058386310935 4872.08898191154 351.69434657692909 126.33986248075962 5466.2554397433996 1517.0157802402973 535.46129834651947 36651.159128025174 5153.4777757078409
leaf_count=3671 8680 7754 3273 977 3361 31647 14300 3304 8501 2616 4003 474159 5709 23819 225364 17325 21281 3412 3911 2716 126174 1144 9952 609 86245 918 1069 2008 4161 132779 15226 1300 521 7936 10388 2100 19818 1299 71291 37915 25543 41761 3055 42126 1913 98959 6193 14355 888 51616 2810 4641 47755 31894 4122 5700 36747 1481 167140 6989 23001 45805 12483 13597 5372 3601 1304 3347 16366 516 75750 1398 922 7455 104794 2980 3083 11151 1206 13921 57217 2148 42802 10624 16557 21948 1562 22687 107701 2786 809 2264 629 780 4040 4184 55646 3392 26420 13121 947 6905 78683 21994 9163 6978 23698 1033 7027 508 944 1453 7498 21372 726 9016 39146 167520 19500 1410 506 21903 6076 2143 146767 20649
internal_value=0 -0.00178982 0.00239924 -0.000906756 0.00127414 -0.00180154 -0.000531674 -0.0037793 -0.000594285 -0.00482288 0.00506799 0.00109688 -0.0025139 0.00148182 -0.00556928 0.00247564 0.00424041 0.00605802 0.00161558 0.00236553 0.00470402 0.0105349 0.00153348 -0.00243704 -0.00200286 -0.00498603 0.0132808 0.00468736 -0.00539178 -0.00708001 -0.00353398 -0.0119227 -0.00283067 0.000564284 -0.00740426 -0.00527426 -0.0125714 0.00282022 -0.00266642 -0.00355487 0.00133237 -0.00203204 0.0178707 0.00317622 0.00136473 0.00224311 0.000365611 0.00719477 -0.0335487 0.00521092 0.00285952 0.00277051 0.00344977 0.00559779 0.00213683 0.00594492 0.0117298 0.0251425 -0.00271984 -0.0121249 0.00429432 -0.00759797 -0.0106566 -0.0159487 0.00496219 0.00901391 0.000559161 -0.0118094 0.00384592 -0.00329915 -0.00405961 -0.00218122 -0.00103818 -0.0111444 -0.0017241 0.0155263 -0.000304505 -0.000428194 -0.0192506 -0.0113987 0.0106352 0.00306517 0.00326262 0.00425553 0.00362204 0.00306858 0.00401947 0.00301796 0.00471212 0.0197989 -0.0147201 -0.0156364 -0.0225836 -0.0201128 -0.028425 -0.00956473 -0.00378908 -0.00224299 0.00154877 0.00143667 0.00568196 -0.00566007 0.000757007 -0.00371787 -0.00568028 -0.0125454 0.00818835 0.00159394 0.0168582 0.0195639 0.00168952 0.0163206 0.0231365 0.00676336 0.00657599 0.00906126 0.00605005 0.00439003 0.00272839 -0.00594577 -0.00998339 0.00133845 -0.00932412 0.0185887 0.0015257 0.00020846
internal_weight=0 482596 357806 373774 108739 265035 161403 103632 37286.3 108823 117345 240461 81332.8 80070 66345.8 121209 102159 53485.5 107683 92141.5 40091.9 8567.63 3535.2 19814.6 77761.1 62712.5 974.176 43075.7 102431 53664.7 48766.3 4314.11 15541.5 52049.6 4576 61738.3 5453.42 116882 29381.8 27259.7 47473.7 16806.8 1049.09 30666.9 744.792 48673.6 29813.1 5120.68 1055.84 18860.4 13568.2 60255.4 30422.8 19899.8 98888.1 15358.1 10409.8 1278.7 44452.2 2777.85 6391.6 51499.9 18062.2 6635.68 14542.2 7573.25 6969 1463.11 5505.89 56218 49919.9 31002.1 27495.7 3506.44 26402.4 1093.31 119252 16186.3 1137.44 3628.31 15186.2 59096.3 58559.6 47881 45226.5 43290 37805.5 33668 28000.1 1086.19 3990.53 3633.33 3256.47 2808.74 1570.85 1237.89 14875.9 13402.4 7449.85 83530 11527.4 2086.31 72002.6 10555.3 9525.78 4031.48 9441.07 3531.25 5032.43 4353.86 725.265 489.713 3628.59 6674.5 17993.5 12203 9953.59 42575.9 6298.08 33437.7 1849.97 5790.49 3377.68 665.629 61447.3 41804.6
internal_count=3367258 1933221 1434037 1496596 435321 1061275 646167 415108 149354 436625 471273 962764 325645 320522 265754 485522 410053 214839 431072 368851 160471 34297 14151 79312 311345 251182 3900 172940 411008 215383 195625 17335 62221 208380 18324 247282 21918 468197 117707 109206 190056 67304 4199 122752 2982 195214 119507 20548 4249 75707 54426 241210 121775 79649 396107 61541 41899 5152 178290 11150 25617 206703 72514 26709 58268 30345 27923 5857 22066 225100 199891 124141 110094 14047 105716 4378 477242 64782 4553 14530 61220 236569 234421 191619 180995 173241 151293 134736 112049 4348 16035 14572 13112 11268 6304 4964 59557 53631 29812 334566 46210 8358 288356 42257 38135 16141 37852 14154 20146 17430 2905 1961 14525 26744 72090 48888 39872 170932 25209 134189 7411 23202 13531 2664 246099 167416
is_linear=0
shrinkage=0.1


Tree=13
num_leaves=127
num_cat=0
split_feature=32 27 27 0 8 33 9 1 30 11 1 34 39 20 13 42 31 37 37 42 16 29 22 45 38 43 43 42 12 43 37 20 39 33 37 12 46 11 9 46 37 42 33 5 22 5 38 45 43 37 14 37 46 43 37 38 45 39 31 26 1 29 22 24 18 43 22 3 25 8 45 29 1 0 15 26 16 5 37 45 15 9 32 37 37 29 42 43 43 30 42 16 45 34 23 22 37 46 4 0 37 38 25 15 6 20 30 16 37 22 16 16 33 43 26 22 5 4 46 46 9 46 38 43 46 13
split_gain=320.159 137.527 106.913 81.3613 69.3459 58.6432 50.7571 45.0458 43.886 39.5134 37.3573 37.1778 35.0765 40.5015 35.1665 36.4158 34.8593 33.1676 55.0388 30.9085 35.8274 32.1744 30.6315 28.9394 36.7888 28.5821 28.3713 29.0882 28.3259 30.3895 29.2814 27.6175 27.0559 28.1293 27.053 26.5014 27.2318 26.4691 26.2195 25.8299 25.827 28.072 25.6346 25.4661 25.2069 27.9633 30.1711 32.6544 28.0677 26.8144 33.5092 26.7261 27.0332 26.7102 25.1274 29.097 24.9691 24.8864 24.7461 24.6487 24.4215 24.3725 24.268 24.2452 27.7949 24.0933 26.3581 28.3839 37.0919 36.1811 28.195 24.0577 23.8046 23.7583 41.9622 29.6888 29.5882 25.7253 23.0834 26.4562 23.3716 23.0778 30.0097 22.9145 22.824 22.8053 22.9088 30.4965 23.7889 22.757 22.7755 22.7241 22.655 24.3569 22.6058 32.4738 22.5618 22.4064 34.652 22.3185 22.2339 24.2765 27.1345 22.5217 22.4848 22.2129 22.1231 21.9852 21.9415 23.8544 21.8996 21.8282 26.1368 22.6089 21.5094 21.4757 21.4599 22.9648 21.2612 23.7141 32.9357 21.4233 21.6606 38.2836 32.2276 30.9954
threshold=-1.0000000180025095e-35 -0.0022692144848406311 0.0016612036852166059 -0.00017971532361116258 0.00037345787859521812 0.00063574168598279368 0.00021730664593633267 -0.00049486997886560846 -0.00031662463152315462 -0.00066755307489074756 -0.0058489616494625798 2.4046701192855839 5.5000000000000009 -0.00082392327021807421 0.00069269537925720226 -0.014999999664723871 -0.0027535868575796481 5.2666666507720956 3.9333333969116215 0.49500000476837164 -0.00016099250933621076 0.0091280923224985617 21.837022781372074 23.500000000000004 1.0000000180025095e-35 -0.98500001430511464 -0.51499998569488514 1.3750000000000002 0.00088145904010161768 -0.15500000119209287 0.46666665375232702 -0.0031518889591097827 4.5000000000000009 0.0034884696360677485 7.7000000476837167 -0.0022032996639609333 -8.4999999999999982 0.00050556694623082887 0.0022122422233223919 7.5000000000000009 7.9333331584930429 1.0000000180025095e-35 0.0045864577405154714 -0.0688914619386196 75.310398101806655 0.0027531139785423879 2.5000000000000004 74.500000000000014 0.7749999761581422 7.3333332538604745 0.0040997208561748275 7.8333332538604745 7.5000000000000009 0.59499999880790722 5.0000000000000009 1.5000000000000002 31.500000000000004 1.0000000180025095e-35 0.0037649463629350071 0.039272863417863853 -0.0010545058175921438 0.017610731534659866 60.356485366821296 0.0042548687197268018 -0.00027384537679608906 0.32500000298023229 52.859802246093757 -0.017068658955395218 0.045341685414314277 0.0016038767062127592 12.500000000000002 -0.0091649889945983869 0.00026428991986904299 0.00017803914670366797 0.63899096846580516 0.073456939309835448 -0.00020090745965717358 -0.038300363346934312 5.9333331584930429 44.500000000000007 0.51220953464508068 0.0014034946798346939 0.0078114655334502467 0.13333333656191829 7.8999998569488534 -0.015756487846374508 0.24499999731779101 0.18500000238418582 -0.79500001668930043 -0.0011078243260271845 1.3750000000000002 -0.0006830802303738891 69.500000000000014 -0.14778465777635572 -0.00039702167850919062 37.191555023193366 1.0333333015441897 -9.4999999999999982 -0.0073188387323170892 -1.6442095329693981e-05 7.5333335399627694 17.500000000000004 0.04920227266848088 0.69944858551025402 0.0015427686157636347 0.00065780454315245162 0.012129518669098617 -9.7744807135313736e-05 6.6666667461395273 51.148502349853523 -0.00030617859738413239 0.00011707032535923646 -0.00083786371396854509 0.2950000017881394 1.0416300892829897 62.03395080566407 0.019222346134483818 0.00010816022768267432 8.5000000000000018 15.500000000000002 0.0022510393755510454 1.5000000000000002 14.500000000000002 0.49500000476837164 -14.499999999999998 -0.0003582841891329735
decision_type=2 2 2 2 2 2 2 2 2 2 2 2 2 2 2 2 2 2 2 2 2 2 2 2 2 2 2 2 2 2 2 2 2 2 2 2 2 2 2 2 2 2 2 2 2 2 2 2 2 2 2 2 2 2 2 2 2 2 2 2 2 2 2 2 2 2 2 2 2 2 2 2 2 2 2 2 2 2 2 2 2 2 2 2 2 2 2 2 2 2 2 2 2 2 2 2 2 2 2 2 2 2 2 2 2 2 2 2 2 2 2 2 2 2 2 2 2 2 2 2 2 2 2 2 2 2
left_child=2 7 8 6 111 16 -3 11 9 59 22 42 13 14 15 65 78 18 23 63 21 -21 -6 24 71 -20 -24 35 29 30 83 39 33 91 56 36 -28 -18 -27 -25 118 -42 107 -35 45 48 53 106 51 -49 -51 -10 62 -47 55 -32 -16 94 -55 -1 -31 -14 92 115 -65 -12 67 -67 70 -70 -69 -17 -26 74 77 110 -76 -11 79 -5 -81 -30 -83 -8 89 -34 97 88 -88 105 -91 -9 93 -53 95 -33 -63 98 -87 -22 101 102 104 -102 -45 -77 -48 -2 -103 -110 -75 112 -4 -113 -93 -7 117 -39 121 -120 -121 122 123 -19 -124 -125
right_child=1 3 4 5 10 19 28 32 44 73 12 -13 61 -15 34 17 37 40 25 20 99 -23 26 31 72 38 27 -29 81 60 54 57 85 43 -36 -37 -38 116 -40 -41 41 -43 -44 100 -46 46 47 49 -50 50 -52 52 -54 58 -56 -57 -58 -59 -60 -61 -62 96 -64 64 -66 66 -68 68 69 -71 -72 -73 -74 75 76 84 -78 -79 -80 80 -82 82 -84 -85 -86 86 87 -89 -90 90 -92 114 -94 -95 -96 -97 -98 -99 -100 -101 103 108 -104 -105 -106 -107 -108 -109 109 -111 -112 113 -114 -115 -116 -117 -118 -119 119 120 -122 -123 124 125 -126 -127
leaf_value=-0.023677473737825385 -0.0093985500269516617 -0.014558810084639185 0.010597302247290349 -0.00015092759521833667 0.036273929855187341 -0.0033016124215685012 0.0063507070975368342 -0.0052330931858732416 0.0015280999549817085 -0.0072394359293930614 0.0032571217183991422 0.0086434387070265777 0.0093168539937223474 -0.0034406808738362939 -0.013980632811289967 -0.012493583833544033 -0.0011621910898452598 -0.0036406694153643532 -0.032122594543780962 -0.015117687564216949 -0.01208896103526768 0.0044742220302289564 0.026981649301219154 0.007039678588104223 0.00063202851994188043 0.01355463993872596 -0.0012432154693523179 -0.017509566429076622 0.012877196721823634 0.0020692744394332613 -0.0037452005248726724 0.03653814094141096 -0.0030440206695086587 0.0059787819776711236 -0.046744490092090418 0.0029345143590420626 0.023383047047753895 -0.021242125827133234 -0.0003605489787108143 0.018790052055872503 0.034502988275748936 -0.0013283621300469773 -0.0043266702554006532 -0.0087473386568347675 0.0099492474406653458 -0.0054958592906025417 -0.00063238411719780197 -0.0058488809824115305 -0.0079568081321893438 -0.054538705952521374 -0.0069365296449864821 -0.0071132923440726361 0.015533185038399256 -0.063944729542347895 0.00063023750723616774 0.006494002899765614 0.0020877396299994592 0.0024725153729009781 -0.01642199801683859 -0.0034894843028269022 -0.0023347066892291713 0.023126987108384109 0.020495576832126362 0.002573464851367455 -0.0050396867047581987 0.011623916160353787 0.0091820327733110711 -0.029057472379591272 -0.0028107355937574772 -0.041340955184834313 -0.003010323939648295 0.031998885346175926 -0.011288993976365109 -0.008537562311875118 0.0041673070792176622 0.007030498385114884 0.01240846124547982 0.0030127832182702428 -0.002430067602192984 0.00034048333214336401 0.0093454713917989155 -0.0025269054329076731 0.015930428672792128 -0.011968219065168829 -0.025036182784749696 0.025814122057732727 -0.029535369476090326 -0.029411265668680017 -0.0092978652230711421 0.00075030488519152623 -0.014366398787108612 0.0010989026768732327 -0.054065595890786182 -0.049356281788597176 0.0037592213418786561 0.0084828370765014302 -0.0056575056303331886 -0.0098392334023672933 -0.0044795582909026256 -0.0023117818721578249 0.016800572366739902 -0.0016924954847519506 -0.017298506911239186 -0.003401957329619499 -0.00061708490912754674 -0.0026093009363829297 0.0155256091400307 0.0064023543214410394 0.010873122674602931 -0.019001849794179619 0.0044075097472367685 0.025737946634002869 -0.033070170220019422 0.0057960918456080122 -0.023518497534980001 -0.0093657205358802492 -0.00099882553291630815 -0.0053728789090268896 0.012658279252952001 -0.0051695054452031994 0.037335328016572904 -0.0039536189192565397 -0.0081637572257741466 -0.01636745301575929 0.0086681570000055105 0.018757647501255262
leaf_weight=763.35717284679413 1090.0654319673777 1988.0583918690681 1302.1985535472631 9838.3063074350357 434.13269855082035 32106.783124908805 983.87251918017864 13015.27902713418 74387.617529019713 2694.1715484261513 12214.222302183509 3413.8672978579998 13361.381232827902 10022.823096945882 1595.7590593397617 159.29519699513912 64409.727621018887 8626.4641684144735 148.84721955657005 6901.9235834032297 2941.4127224832773 954.08979393541813 770.09501579403877 8599.8121496587992 5638.8824308663607 11696.337500989437 611.17198126018047 462.02482382953167 3826.9108708500862 20967.111230820417 3117.7419645190239 686.81593643128872 6116.2837058156729 1667.239032253623 155.51225048303604 3371.4869791120291 1692.6095213294029 1737.2329372763634 1531.3716572076082 2390.863065212965 495.59867440164089 391.26897172629833 18338.046478956938 24707.461912110448 2347.8976931720972 9360.507001683116 69040.827434688807 5637.8528429716825 3445.2016566097736 266.30339950323105 332.54626940190792 585.10822331905365 275.30949974060059 137.36836844682693 18463.823281109333 25270.417433559895 2454.6608230322599 23530.647781312466 541.52459493279457 2911.6084852069616 31521.613328814507 314.85829626023769 133.508240416646 13260.455924108624 7512.2744824439287 973.31069207191467 1564.0361936688423 436.47991365194321 430.59830868244171 561.5342193543911 8677.9372864216566 512.60374774038792 2382.94420799613 4889.2332160025835 8759.6347769498825 12454.068053469062 8667.0627457052469 26733.080489367247 7932.2445327341557 4117.5308604389429 9606.6196659654379 3344.0942897349596 1195.9204566627741 2231.6002727299929 300.51073144376278 438.79103097319603 658.70312348008156 1176.0151471942663 4914.0623914301395 10255.739693835378 1103.9616372436285 14448.055681690574 209.88796716928482 178.02307040989399 1849.7383516132832 1033.2658399045467 2014.8328814655542 10851.385681733489 2707.3338075727224 11319.812731057405 755.25360292196274 10716.087502211332 3228.4511058628559 2048.5141283124685 3944.6635197848082 2958.175173163414 857.8966688066721 4582.037901237607 326.17418342828751 1480.0407344698906 1783.5951274186373 2325.8171450048685 153.19308334589005 752.45243068039417 363.86909511685371 7138.4595275968313 2578.1056455373764 1919.4671327024698 3173.9465148746967 1886.7096213400364 201.8004065155983 8328.2049809247255 1358.3639042079449 304.46556627750397 6996.804184615612 1436.647872120142
leaf_count=3058 4368 7966 5230 39391 1768 128590 3946 52270 297802 10786 48943 13670 53781 40159 6394 638 257861 34602 598 27676 11786 3820 3125 34555 22628 46957 2466 1866 15317 83938 12489 2760 24573 6691 623 13568 6850 6957 6146 9612 1990 1571 73492 99214 9400 37485 276355 22562 13791 1066 1331 2345 1103 550 73924 101187 9839 94413 2169 11658 126172 1266 535 53080 30065 3900 6265 1747 1724 2248 34760 2056 9549 19581 35074 49868 34712 107106 31753 16485 38454 13382 4786 8946 1204 1761 2648 4735 19770 41051 4421 57928 841 713 7426 4147 8093 43581 10887 45339 3026 42991 12960 8230 15843 11847 3434 18350 1308 5938 7151 9390 615 3023 1462 28619 10324 7691 12736 7568 810 33406 5445 1221 28060 5754
internal_value=0 -0.00202529 0.00187954 -0.000835457 0.00390108 -0.00213064 0.00127832 -0.00472479 0.00059596 0.00245771 0.0035456 -0.00112107 0.00320053 0.0026709 0.00317124 0.00349092 -0.000530917 0.00439655 0.00579673 -0.00411998 -0.00731555 -0.0127383 0.0105085 0.00417941 -0.00102655 0.0114533 0.00888915 0.00661894 0.00156217 0.00110573 0.00286825 0.00536759 -0.00567906 -0.00472253 -0.00581426 0.00858325 0.0168499 -0.00176443 0.0119437 0.0095958 0.00185931 0.0186949 -0.00250943 -0.00616755 -0.000339414 -0.000485474 -0.00173215 -0.00105269 0.00087074 -0.0079859 -0.0281048 0.00127212 -0.0125077 -0.00688497 0.0035018 0.00536948 -0.00424278 0.00365283 -0.0260378 -0.0076829 -0.000575495 0.00767117 -0.0194844 -0.00294237 -0.000179764 8.95827e-05 -0.00297031 -0.00468574 -0.00625644 -0.0246183 -0.00425769 0.0214505 -0.0029092 0.00292007 0.00437713 0.000897013 0.008266 0.00207416 0.00223592 0.00380671 0.00664379 0.00715689 0.00233508 -0.00636298 0.0023696 -0.00841027 -0.00999231 -0.014778 -0.0116899 0.00267722 -0.000718771 -0.00218458 -0.02497 -0.0169677 0.011433 0.0196851 -0.00176727 -0.00768494 -0.000254489 -0.00432835 -0.00659653 -0.00714188 -0.00860731 0.00204002 -0.00762801 0.00518027 -0.00043407 0.00336573 -0.00341103 -0.0136069 -0.00507745 0.0160922 0.00600091 0.0208634 0.000494153 -0.00440464 -0.00798592 -0.0129121 0.00139725 0.00721291 -0.00106251 0.000265876 0.00214278 -0.000910656 0.00593166 0.0126154
internal_weight=0 428173 412026 297186 160015 184274 112911 130988 252012 84274.2 155481 27424 148140 132449 122426 118220 102139 93361.7 60161.4 82135.2 22117.2 7856.01 7341.52 46784.9 8693.73 13376.6 6907.39 6137.29 110923 102556 50067.5 38091.1 103564 76701.1 4205.93 5675.27 2303.78 70644.5 13227.7 10990.7 33200.3 886.868 24010.1 48873.9 167737 165389 86174.8 76135.4 79214.7 6236.7 598.85 75769.5 1381.84 10039.4 46852 28388.2 4050.42 27100.5 678.893 3674.97 52488.7 15691.1 1106.53 60018 20772.7 24858.1 12643.9 11079.9 10106.5 992.133 9114.42 671.899 8021.83 80599.2 46853.9 33745.3 17426.7 29427.3 31494.7 23562.5 13724.2 8366.93 4540.01 3215.47 27072.5 26862.6 20746.3 6748.78 5572.77 26771.9 11359.7 27827.2 973.019 763.131 3569.82 1720.08 2329.69 13997.5 3146.12 14261.2 47206.6 44402.9 31880.6 2803.77 28652.1 15412.2 69898.7 5672.1 12522.3 1806.21 6672.83 4533.66 1455.39 3078.27 14811.9 39245.2 6234.81 3656.7 32313.4 5262.46 2088.51 27051 18722.7 10367.6 8355.17 1741.11
internal_count=3366930 1715640 1651290 1189944 642291 737891 452053 525696 1008999 337517 624033 109880 594390 531250 491091 474235 408916 374648 241485 328975 88621 31496 29643 187784 34871 53701 27875 24750 444087 410602 200492 152913 415816 307861 16856 22884 9316 282833 53103 44167 133163 3561 96210 196201 671482 662082 344952 304748 317130 24959 2397 303339 5537 40204 187600 113676 16233 108746 2719 14716 210110 63140 4434 240354 83145 99587 50644 44379 40479 3972 36507 2694 32177 322801 187678 135123 69786 117892 126083 94330 54939 33485 18168 12892 108391 107955 83382 27153 22418 107187 45472 111660 3899 3058 14333 6907 9359 56229 12648 57125 189510 178254 128017 11256 115057 61715 279789 22718 50237 7246 26732 18258 5845 12413 59390 157209 24972 14648 129602 21114 8378 108488 75082 41577 33505 6975
is_linear=0
shrinkage=0.1


Tree=14
num_leaves=127
num_cat=0
split_feature=32 27 27 38 37 24 0 33 29 37 44 37 18 43 41 37 0 43 30 43 19 19 44 13 45 43 45 5 8 22 44 7 43 19 8 43 4 43 19 38 44 15 8 16 5 38 23 5 6 32 38 30 37 31 39 45 5 43 34 13 38 13 37 25 31 19 39 31 25 37 34 45 44 19 27 24 39 19 43 44 5 27 34 39 37 8 44 24 24 26 16 33 5 33 22 45 43 22 37 38 37 44 18 26 16 44 37 39 39 4 25 28 39 38 22 44 7 16 34 16 45 5 0 4 39 37
split_gain=298.796 106.808 77.1887 59.1141 48.5881 40.4508 39.4988 42.4399 38.8856 37.8279 41.0348 34.2154 33.5893 32.685 41.1431 32.4136 31.2988 48.2599 36.6916 37.5121 35.9756 34.8722 33.2124 31.0692 33.08 32.6261 30.656 29.948 29.2754 29.1928 36.3841 29.1213 29.0093 28.7028 28.2319 27.7347 31.3383 27.4042 29.5087 43.0297 34.663 32.6508 30.6729 60.4057 31.0482 33.8299 31.7053 30.5842 28.6867 27.371 27.1374 27.0127 26.8207 26.7024 26.1881 27.4453 25.0997 33.2518 26.5284 24.8567 24.7499 24.6718 24.6499 24.5511 24.7379 24.5466 24.4447 24.4443 37.8016 24.1313 24.1101 27.725 37.4592 23.9661 23.5736 33.5926 30.4164 31.8468 24.296 23.5648 23.515 23.3569 24.2474 28.5378 24.989 23.3128 23.2709 23.2415 23.0833 23.2573 23.0392 24.2899 22.8012 26.8766 24.1875 23.8545 22.6249 24.8581 25.4068 24.2274 22.406 25.9452 26.3995 22.3659 28.0728 22.5383 22.9162 22.2657 25.4487 23.9859 22.235 22.15 22.1161 22.0084 31.4428 27.3993 21.9756 35.8151 21.8923 21.8663 21.8873 21.7693 21.7258 21.3726 21.2517 23.3562
threshold=-0.00041236782271880651 -0.0023187673650681968 0.0020577620016410951 16.500000000000004 6.9333331584930429 0.0022983661619946365 -0.00051963311852887262 0.0034099381882697348 0.0085254050791263598 0.93333333730697643 0.61500000953674328 6.2333333492279062 0.016655596904456619 0.45499999821186071 4.1050000190734872 6.2000000476837167 0.00017803914670366797 -0.044999999925494187 0.0019559293286874895 -0.76499998569488514 0.0003572103451006115 -0.00026628600608091796 -0.1950000002980232 0.00044550014717970049 35.500000000000007 0.32500000298023229 26.500000000000004 0.011436370201408865 0.00098066416103392861 58.036424636840827 0.23499999940395358 0.0031936080195009713 0.37500000000000006 0.0010642406996339562 0.00094004100537858914 -0.70499998331069935 -0.011392181739211081 0.82999998331069957 0.00019985831750091168 4.5000000000000009 -0.014999999664723871 0.89285680651664745 0.00011797929255408236 1.0000000180025095e-35 0.0032109096646308903 14.500000000000002 -0.00052114378195255984 0.026916314847767357 9.3404589279089137e-05 0.0032137103844434027 1.5000000000000002 0.0069263391196727761 4.7333333492279062 0.00040855651604942983 2.5000000000000004 51.500000000000007 -0.046617716550827019 -0.39499999582767481 0.59283167123794567 -0.00068967466359026719 6.5000000000000009 -0.00047574189375154669 0.16666667163372043 0.021081059239804748 0.0013178262161090972 0.0015701492666266861 3.5000000000000004 0.00010013667633756997 0.0055820508860051641 6.4333331584930429 1.0875149369239809 19.500000000000004 0.18500000238418582 -0.0019480220507830379 0.011964892502874138 0.0079627349041402357 4.5000000000000009 -0.00041151496407110239 0.28499999642372137 -0.41499999165534968 -0.079860307276248918 0.0026617005933076148 -0.32674475014209742 1.0000000180025095e-35 4.7000000476837167 0.00020419756037881601 -0.64499998092651356 0.0032233338570222263 0.0012523316545411947 0.85674658417701732 5.4126992836245342e-05 0.00015952145622577521 0.026307662017643455 -0.0072355717420577994 56.94012641906739 76.500000000000014 -0.7849999964237212 28.084487915039066 0.20000000298023227 1.5000000000000002 6.4666664600372323 -0.65500000119209278 -0.0011225969064980743 1.0000000180025095e-35 -0.00037673092447221274 0.014999999664723875 7.7000000476837167 5.5000000000000009 1.0000000180025095e-35 0.0060321828350424775 0.02324917167425156 0.0025162617675960068 4.5000000000000009 19.500000000000004 47.496055603027351 -0.78000000119209278 0.00014610424113925549 4.0387894841842362e-06 6.127941608428956 0.0011858056532219054 19.500000000000004 0.055686479434371002 -7.5031282449344863e-06 0.017719320021569732 2.5000000000000004 2.1666667461395268
decision_type=2 2 2 2 2 2 2 2 2 2 2 2 2 2 2 2 2 2 2 2 2 2 2 2 2 2 2 2 2 2 2 2 2 2 2 2 2 2 2 2 2 2 2 2 2 2 2 2 2 2 2 2 2 2 2 2 2 2 2 2 2 2 2 2 2 2 2 2 2 2 2 2 2 2 2 2 2 2 2 2 2 2 2 2 2 2 2 2 2 2 2 2 2 2 2 2 2 2 2 2 2 2 2 2 2 2 2 2 2 2 2 2 2 2 2 2 2 2 2 2 2 2 2 2 2 2
left_child=2 6 13 8 29 -4 7 -2 9 10 67 23 56 16 51 34 17 18 19 22 21 28 -1 25 -25 74 33 -23 -19 -5 49 -14 70 -17 60 -6 -37 38 41 40 92 42 43 -11 -44 46 86 65 -43 88 -9 63 79 -53 -12 -56 57 58 -13 -52 62 66 -10 64 -15 100 -28 116 -69 122 71 -27 -73 -74 75 76 81 -78 -77 -21 -8 -7 -83 84 -84 -18 -46 -58 89 -31 91 123 93 -40 -94 -95 -36 -98 99 -99 101 -41 112 104 -87 111 -107 108 -64 -110 -47 -105 -103 115 -115 -85 117 -3 -34 120 -59 -117 -45 -38 -81 -126
right_child=1 3 5 4 35 11 80 50 15 37 54 12 31 14 -16 26 85 20 -20 52 -22 27 -24 24 -26 32 61 -29 -30 30 -32 -33 118 -35 96 36 90 -39 39 47 -42 48 44 69 45 110 -48 -49 -50 -51 59 53 -54 -55 55 -57 87 119 -60 -61 -62 -63 107 -65 -66 -67 -68 68 -70 -71 -72 72 73 -75 -76 78 77 -79 -80 124 -82 82 83 113 -86 103 -88 -89 -90 -91 -92 -93 94 95 -96 -97 97 98 -100 -101 -102 102 -104 105 -106 106 -108 -109 109 -111 -112 -113 -114 114 -116 121 -118 -119 -120 -121 -122 -123 -124 -125 125 -127
leaf_value=0.0020271865845155851 0.0064974364821486696 0.042292179504616417 0.015096780879433756 0.0032913071402718625 0.0074911608460013828 0.00094296711348151375 0.0045631264977401094 -0.014336820678443036 0.054603339012095721 0.0091483141309034576 0.042991935262499482 0.00045612532890381682 0.0092809435164186906 0.0056049735802535926 0.0060959369646587762 0.010801824194733078 0.023839660144656466 0.0050495624336527115 -0.001764614651816686 0.015423452457525548 0.0050174733203484558 -0.0035022891032055756 -0.011106805071071061 -0.0091716042630357077 0.004365359105914581 -0.036351218335860455 0.030429038208352868 -0.013200147148403285 -0.0060125450663365007 -0.060096841845983219 -0.011125004320881461 0.055892979686729571 0.0039954074524803113 -0.034502033095004846 0.016516414437043533 0.0071311857549503609 -0.0070603049874193137 -0.0096298893107907759 -0.040160591880719257 -0.034280043755083388 0.0053506253981790639 0.030834552754751072 0.0010630942327076716 -0.061862367270057166 0.033130198819973332 0.011783975873978362 -0.004366716435418104 0.0010230804652263945 0.0053508965936232555 0.011273296899150692 0.010836011740213069 -0.024996359116956884 0.0023336874001448275 0.02164551274754677 0.031136345497962459 -0.023440556767143586 -0.0071556783986649226 -0.0334304143659667 0.041024432344774167 -0.0027064471530570851 0.0027179967865709666 -0.0096715981137165188 0.035044756052724557 -0.0042645852646361936 -0.0026856308668005181 -0.046569023563104238 -0.011602803383260619 -0.019906573839665674 -0.0063072715705296536 0.0011773297170210193 -0.020174327772133478 0.012643821230934132 0.023999948300824258 -0.014913090571926963 0.013516549573871975 0.00040146442821248319 0.015013075357072978 0.0031248333778353238 0.027830710685590971 0.0028444310763236021 -0.0051322412836231034 0.0024331437861730438 0.024485849007413747 -0.036128770346083312 0.0031615325989310331 -0.015175068606656334 0.00071262971543222865 0.0027306443249987739 -0.00021516964046312481 -0.0077413893157303754 -0.0026836897181988671 -0.018029341634075095 0.01836125551022744 -0.0065490577680289031 -0.010043712247670989 0.037557015044951375 -0.011141747479567136 0.040907354890883874 0.00010938536716956156 0.0057793313330075256 -0.0019688278305255292 -0.0078834635268852319 -0.0038964031500671945 -0.003705133303201351 0.0041076520547547865 0.0014706043767345053 -0.013474825468625263 0.031994899347725224 0.0081275787411488193 -0.031677202196244314 -0.0076063975493906276 0.0039502553137944832 -0.017608646823164285 0.029511977491465918 -0.005587971386397602 0.0061709217977567819 -0.0032470241084116089 -0.012450348694513745 -0.035095706920935436 0.0023438339460739276 -0.010550000768696626 0.030149026502824888 -0.026135322181474609 0.034989329900093707 0.0043146425567562102 0.01228713782270191
leaf_weight=6747.5950179696083 6383.983717918396 273.82217153906822 3282.3536141961813 66377.762904182076 1924.1951660960913 7750.5852385163307 2564.0766402184963 1858.975084617734 132.78594866394997 635.08515976369381 277.6685082167387 535.13229067623615 427.46346850693226 8924.5998984575272 26030.674450978637 1691.8034846484661 369.68485753238201 6596.4904456287622 13327.066697925329 3045.2372775822878 6325.4081272482872 10218.40473626554 2694.0481012016535 3184.2316762804985 4168.2046987861395 210.1827877163887 320.4387935847044 4625.8469399362803 3753.7447329610586 127.22941003739834 3094.8454623669386 195.25811828672886 26325.495151564479 152.44917741417885 847.73310731351376 1758.1764250099659 3019.3149317353964 4011.9541522413492 233.57787202298641 363.8676064312458 8862.6207996755838 531.05452165007591 61371.043214157224 266.45946446061134 225.11138294637203 2640.4395133703947 37422.424190372229 6984.7410242557526 2626.1812651902437 2134.8276312798262 1464.7561958581209 140.60593523085117 19879.561281099916 966.1785683631897 174.70750454068184 194.96456560492516 2661.095517039299 510.70283173024654 230.67079308629036 18143.606759995222 6400.79545378685 5559.2547600418329 340.6571918874979 9379.4750100970268 6031.3643634915352 150.50830762088299 243.51525437831879 2343.8046587407589 15978.462693989277 187.01252518594265 862.44983021914959 1448.2766580283642 180.7352322191 1273.5081653743982 4553.250545874238 11109.284471556544 8213.7449703812599 3105.2617210894823 332.59663687646389 11221.100142225623 102645.65092274547 7552.9032314121723 1981.9701905995607 150.03571057319641 760.36333137750626 2405.244363963604 13571.456125408411 22344.410675451159 12172.472058862448 254.70233342051506 5836.6397040933371 2931.5554123222828 808.62478494644165 5114.9711546450853 476.39043083786964 125.6353407651186 1862.0519821792841 295.6738298535347 15328.194717794657 584.37820868194103 9335.7793620377779 7820.2445920705795 11056.113454535604 29510.537807643414 1100.4265988767147 30982.734185561538 1061.0870681256056 455.50034675002098 3947.6422938555479 157.42303612828255 762.0527962744236 4334.7071164548397 3335.8283022791147 942.45585046708584 349.9943490177393 13747.348183169961 13492.82042466104 212.07743629813194 144.04738916456699 1027.4253983348608 2305.329476878047 389.35383546352386 471.20549285411835 125.91490396857262 6811.3680698126554 7979.3884369581938
leaf_count=27045 25584 1100 13251 265758 7710 31089 10289 7461 533 2549 1112 2147 1733 35732 104198 6773 1483 26425 53351 12202 25324 40904 10795 12762 16718 843 1284 18514 15026 510 12391 789 105611 611 3395 7040 12091 16065 935 1458 35487 2140 245680 1081 901 10569 149832 27970 10517 8546 5863 563 79634 3868 700 781 10688 2046 926 72774 25635 22250 1365 37547 24144 603 976 9407 64030 753 3461 5811 726 5103 18405 44567 33106 12468 1333 44947 412190 30351 7979 604 3059 9634 54322 89631 48741 1022 23370 11749 3237 20491 1909 503 7457 1186 61367 2340 37393 31343 44254 118148 4415 124017 4249 1826 15811 630 3050 17371 13387 3794 1407 55275 54045 853 579 4126 9237 1563 1893 504 27294 31971
internal_value=0 -0.00159747 0.00221781 -0.000681578 0.00137726 0.00413417 -0.00400949 -0.000660825 -0.00150096 -0.00203007 -0.00514448 0.00385518 0.000911935 0.00108866 0.00330086 0.00143097 0.000430427 0.00153623 0.00296979 0.0040506 -0.00172501 -0.0034178 -0.00172042 0.00475653 -0.0014973 0.00525969 -0.00424564 -0.00652439 0.00103764 0.00232729 -0.00127083 0.0238964 0.00258644 0.00705693 0.00292105 -0.00374954 -0.0053316 -0.00145806 -0.00127112 -0.00319859 0.00123691 -0.000398176 -0.00066771 -0.0145976 -0.000480394 -0.00221461 -0.00285604 -0.00497313 0.00963731 0.000805322 -0.00278956 0.000441131 0.00516404 0.0157201 0.0197843 0.00235256 0.000428631 -0.00635219 0.0126759 -0.00169482 0.00684383 -0.00764986 0.0120899 -0.000253763 0.00226158 -0.00627939 0.0122797 -0.00564407 -0.00804691 -0.0309067 -0.00537899 -0.00127958 0.00126009 -0.0100769 0.00659523 0.00603632 0.00726786 0.0117516 0.00119879 0.00710044 -0.00489595 0.00575851 0.00720098 0.00916649 0.0185733 -0.00120575 0.00124157 0.00167854 -0.000974716 -0.0251821 -0.00717085 -0.0114807 -0.00415696 -0.00697097 0.00783075 -0.00549168 0.000549964 -0.000199072 0.00105806 0.0175814 -0.00608937 -0.00779332 -0.00735943 -0.00133917 -0.00912224 -0.000925068 0.000975707 0.0109381 0.00878064 0.00660113 0.00744113 -0.00272467 -0.0107914 0.00751065 0.0200069 0.00638017 -0.00249461 0.0183991 0.00378267 -0.0101435 -0.0146995 0.00683133 -0.0390407 -0.00537691 0.00612606 0.00861568
internal_weight=0 483478 356719 350417 99757.6 132256 133061 27851.3 250659 212339 32948.3 128974 30237.5 224463 51472.9 38320.3 172990 103225 71705.4 58378.3 31519.9 25194.5 9441.64 98736.3 7352.44 91383.8 7967.46 14844.3 10350.2 84161.8 17784.1 622.722 30444.7 1844.25 30352.8 15595.8 13671.6 179390 175378 54668.9 15621.8 120710 117552 1559.76 115993 54621.5 51219 39047.1 3157.24 14689.2 21467.3 25442.2 48936.7 1106.78 647.341 369.672 29614.8 4609.26 765.803 19608.4 11434.8 6123.21 5034.01 24335.4 14956 32062.3 563.954 32301 18322.3 924.677 3975.15 3112.7 2902.52 1454.24 60939.1 56385.9 44944 11319 11441.9 29057.1 105210 33625 25874.4 18321.5 2742.33 69764.4 13796.6 25005.5 12554.4 381.932 11913.4 6076.79 6759.2 5474.18 1285.02 5240.61 18918 18070.3 16208.2 880.052 31911.8 22576.1 22212.2 69394.7 3505.67 65889.1 32043.8 4901.22 4445.72 4105.07 3402.49 33845.2 11156.1 15579.2 1292.45 14286.7 13978.7 485.9 26469.5 3843.46 2816.03 14136.7 737.665 3145.23 26011.9 14790.8
internal_count=3367371 1937382 1429989 1403221 399432 531188 534161 111682 1003789 850350 132028 517937 121323 898801 206052 153439 692749 413432 287239 233888 126193 100869 37840 396614 29480 367134 31894 59418 41451 336968 71210 2522 122134 7384 121545 62464 54754 718322 702257 218970 62562 483287 470630 6276 464354 218674 205055 156408 12657 58819 86098 101854 196048 4431 2593 1481 118801 18482 3073 78637 45800 24510 20165 97423 59876 128438 2260 129435 73437 3727 15944 12483 11640 5829 245000 226595 180695 45574 45900 116414 422479 135121 104032 73681 11038 279317 55223 100319 50273 1532 47714 24344 27075 21929 5146 20994 75745 72350 64893 3526 127835 90442 88984 277834 14049 263785 128266 19632 17806 16441 13619 135519 44730 62643 5201 57442 55998 1953 106190 15409 11283 56838 2974 12595 104212 59265
is_linear=0
shrinkage=0.1


Tree=15
num_leaves=127
num_cat=0
split_feature=32 10 10 9 0 38 40 37 29 44 44 44 38 44 37 10 37 38 3 38 38 37 5 23 42 37 26 44 5 16 40 38 16 9 16 37 29 32 10 29 6 37 41 11 38 8 5 0 37 13 42 26 34 2 44 5 44 13 44 44 44 45 36 25 37 41 13 26 32 24 42 38 42 31 6 8 38 1 37 32 45 26 44 45 35 28 37 34 44 4 25 32 40 42 26 44 36 45 37 41 44 23 14 41 9 3 6 42 2 44 7 32 11 14 37 26 16 42 37 37 32 44 35 4 9 44
split_gain=223.481 113.031 95.576 62.0159 66.6478 52.2938 48.5498 43.3899 41.841 38.5593 37.3446 35.5625 34.1204 41.6523 33.9893 40.3106 33.6159 33.1774 51.8806 32.801 52.387 84.7084 38.4993 35.7518 33.9906 32.4011 32.0863 30.9247 43.2769 32.0367 29.9776 29.5378 29.4793 28.9908 28.8366 28.6245 55.7255 29.5012 28.593 28.4418 31.9467 28.4053 28.1037 28.0941 27.9499 28.472 37.5582 27.6409 27.5077 27.1754 39.3949 27.149 30.3785 29.3676 32.8988 27.588 38.7841 31.4783 32.1662 30.7987 26.989 28.346 26.7624 26.6976 26.4427 35.5668 31.7602 26.3008 27.309 26.2576 26.2284 26.1539 24.7359 24.4096 24.4023 24.3262 37.9596 25.2905 24.2345 30.3991 26.0001 23.9525 23.936 23.8366 23.8082 33.8938 23.6991 23.6549 23.5962 23.1637 23.1329 22.9552 22.9137 37.4075 22.8777 22.7844 22.7571 22.6067 23.6953 25.7632 26.4226 22.4377 22.2973 24.4593 23.3305 22.235 22.1829 37.7686 21.988 21.9467 22.8206 21.9487 23.7745 21.92 21.7166 21.5982 21.2238 21.1545 34.2467 21.0024 20.9856 24.582 20.9697 20.9079 29.5185 20.8095
threshold=-0.00041236782271880651 60.489812850952156 40.188808441162116 9.8940501629840596e-05 2.9820147346981689e-06 16.500000000000004 1.5000000000000002 2.2333333492279057 0.0083203120157122629 0.63499999046325695 1.0000000180025095e-35 0.78000000119209301 13.500000000000002 -0.044999999925494187 7.7333333492279062 47.217819213867195 0.066666668280959143 8.5000000000000018 -0.0061794596258550874 3.5000000000000004 16.500000000000004 7.7000000476837167 0.019680528901517395 0.00070778786903247248 1.3750000000000002 6.9333331584930429 0.89916831254959118 -1.0000000180025095e-35 0.008950033690780403 -0.0011660351883620022 2.5000000000000004 12.500000000000002 0.00071126592229120444 0.0019027487724088135 -1.3145105185685678e-05 7.9333331584930429 -0.00080106477253139008 0.00032224548340309417 52.881492614746101 0.0024802037514746193 0.0004081355436937884 1.8000000119209292 0.20500000566244128 -0.00046079633466433728 4.5000000000000009 0.00050192858907394122 0.011125481687486173 -7.5031282449344863e-06 2.1666667461395268 5.2201856306055567e-05 0.12999999709427359 0.33663836121559149 4.9544489383697519 0.00060636643320322048 0.044999999925494201 0.011756955645978453 0.39499999582767492 -0.0005819879297632723 -0.47499999403953547 -0.13499999791383741 -0.18500000238418576 39.500000000000007 2.6065000383823648e-05 0.032138172537088401 2.6333333253860478 1.2050000131130221 -6.2508501287084059e-05 1.0196465849876406 0.013202838134020569 0.0088913296349346655 0.49500000476837164 1.5000000000000002 1.0000000180025095e-35 -0.0016019886825233696 0.00096800405299291026 0.00037345787859521812 1.0000000180025095e-35 0.00022571804584003988 0.69999998807907116 -0.0056176320649683467 22.500000000000004 0.21000101417303088 0.13499999791383746 47.500000000000007 0.00010000999827752823 0.001155630103312433 7.5666668415069589 -0.51454398036003102 0.33500000834465032 -0.025089211761951443 0.026971879415214065 -0.00036947568878531451 2.5000000000000004 1.0000000180025095e-35 0.046720635145902641 0.14500000327825549 0.0001175050019810442 77.500000000000014 5.5333335399627694 5.2049999237060556 -0.014999999664723871 0.00019349504145793619 0.0017724824137985708 4.7049999237060556 0.0029392145806923513 -0.0047680858988314858 0.00043220177758485084 -0.22500000149011609 0.00089964177459478389 -0.18500000238418576 0.00012502077879616993 0.0003922665491700173 -8.3817256381735192e-05 0.0045679353643208751 7.9333331584930429 0.42211037874221807 -0.0018929729703813789 0.37500000000000006 3.6333333253860478 3.9333333969116215 0.00065921028726734232 -0.22500000149011609 7.4249999215680881e-06 -0.022159453481435772 0.0011464456911198797 -0.014999999664723871
decision_type=2 2 2 2 2 2 2 2 2 2 2 2 2 2 2 2 2 2 2 2 2 2 2 2 2 2 2 2 2 2 2 2 2 2 2 2 2 2 2 2 2 2 2 2 2 2 2 2 2 2 2 2 2 2 2 2 2 2 2 2 2 2 2 2 2 2 2 2 2 2 2 2 2 2 2 2 2 2 2 2 2 2 2 2 2 2 2 2 2 2 2 2 2 2 2 2 2 2 2 2 2 2 2 2 2 2 2 2 2 2 2 2 2 2 2 2 2 2 2 2 2 2 2 2 2 2
left_child=2 5 6 4 47 7 12 8 10 16 96 14 13 33 27 74 -5 18 -8 23 22 24 62 119 39 -7 42 29 32 71 102 -32 -29 43 63 44 -37 -38 75 60 -41 -26 -17 123 45 46 -9 -3 78 50 -27 53 55 54 -46 56 57 86 -59 109 61 -22 97 -24 65 83 -67 68 105 -55 -40 -4 -63 91 -16 76 -12 -78 79 -31 -80 -64 -14 -50 116 -86 -53 -39 -65 -10 -73 -61 93 -20 -91 -76 -2 98 99 -21 -101 -35 -19 -104 -105 117 107 -30 -52 110 -60 112 113 -112 -23 -84 -42 -47 -119 122 121 -6 -18 -1 -125 -95
right_child=1 3 11 9 120 25 17 35 89 -11 38 -13 82 -15 15 26 19 30 92 20 21 114 34 -25 41 49 -28 28 106 48 31 -33 -34 101 -36 36 37 87 70 40 84 -43 -44 -45 51 67 -48 -49 64 -51 108 52 -54 69 -56 -57 -58 58 59 73 -62 72 81 88 -66 66 -68 -69 -70 -71 -72 90 -74 -75 95 -77 77 -79 80 -81 -82 -83 115 -85 85 -87 -88 -89 -90 94 -92 -93 -94 125 -96 -97 -98 -99 -100 100 -102 -103 103 104 -106 -107 -108 -109 -110 -111 111 -113 -114 -115 -116 -117 -118 118 -120 -121 -122 -123 -124 124 -126 -127
leaf_value=0.039279015961984333 -0.00753776037159129 -0.029691007865493758 0.0086527633066112563 -0.022469731219069436 0.053391884674834161 0.0021332717215139783 0.0044696741936564848 7.9732245207767341e-05 -0.0062186695489073827 0.0098248097880129226 -0.032573439737067854 0.02561060579025572 0.0014068158843192886 0.0053527868242128898 0.0078184283513833153 0.0094581045131441038 0.0095567525013074556 -0.016364864281769094 -0.0027153706792183291 -0.011680710072373297 -0.0021598067226643487 -0.020191538835261258 -0.0020351219141283394 -0.0074997730259154689 -0.036197965132320459 -0.010059160798054641 0.018255894488629069 0.0038592452317686939 -0.017243438615683546 0.01907504457864985 0.008058412428233892 -0.00099451812070706371 -0.0059928075079145231 -0.009490215507701032 0.008645858723342701 0.028610143793036003 0.023723536976127713 0.016816864667169567 0.003064051915449013 0.018803242260771926 -0.017768764483956971 -0.0076432006237830211 -0.017555597946758587 0.0075227329411858852 0.0071243769668024098 -0.0068695699349595784 -0.015360292416039029 0.0040373096099573739 0.00020161403727040391 0.0041890100713485087 0.0048522785403254222 0.0071968329501546253 0.022101468847009524 -0.0041003712741255324 -0.00088475503935680003 -0.0047255261845300595 0.0096298955590335255 0.0051437911208856678 -0.029554109487381536 -0.038644993701812812 -0.0036860650625746673 0.038476709944612809 -0.028279131601934411 -0.0098546289356584681 0.00066522914498604881 -0.0013629013513104431 0.018122673547633961 -0.010247225875365116 -0.035707911357466711 0.009919882981032347 -0.011338214900930824 -0.013415466213451344 0.0082537875407697418 0.00052106364912139194 -0.017686649887656659 -0.0026897734959910207 -0.0096980833222335625 0.020743872106631492 -0.011377044263335568 -6.8341610862982012e-05 -0.0024983439912573077 -0.011226349075271973 0.012978145714110668 -0.034994573428877448 0.0056658125014828111 0.053130446594492856 0.046158169062181238 -0.024184020447057759 -0.051012900512027205 0.01787603499918301 -0.0033167829781949616 -0.0042806166871676484 -0.0003096072733079997 -0.011733626390619617 0.0023785748643778215 0.017781735501478595 0.002451884991905821 0.0038002525975649412 -0.004294311766301219 -0.01329179783903125 0.00090114651001114803 0.022131194633464205 0.0047092386267330805 0.011140980918319585 0.039049760389730528 0.0053297346841563601 0.00058500024479185119 -0.0014309963109010128 -0.014664983391111431 -0.019553380740837012 0.019661337040022531 -0.0079795545854018084 -0.0047547351183927474 -0.016169948303264001 -0.051831310895065208 0.0015038627810270461 0.0019073395728699252 -0.0032529659308411746 0.031947302039770024 -0.026402695107394299 -0.0013476260542818232 0.02086896527411386 0.00034974918919027922 0.019911800111461125 0.005853104018516281 -0.029788673564367114
leaf_weight=414.90491902828217 29133.578149333596 292.37595282495022 1149.6286649554968 1030.7469646930695 427.14128236472607 86591.985931262374 10414.870412915945 8574.7280506193638 2873.6908419132233 1911.5757309645414 697.86003342270851 570.76550735533237 17586.600833654404 20095.379468247294 2392.349007576704 431.11584757268429 3108.219066157937 398.79562582075596 4220.0357291400433 15948.131781309843 3275.4368035197258 1136.0556091815233 13010.894324660301 5727.06947876513 407.02041076123714 6931.8291233628988 319.28738413751125 71174.788843631744 1960.7136540263891 921.3021125048399 4821.0961929112673 14277.961236461997 3172.5050366073847 954.51771162450314 1931.1395013332367 976.64226366579533 273.01756861805916 184.35387460887432 12192.713416486979 1356.9374749660492 608.7727756947279 2417.6716690510511 3609.6163868755102 4439.5554426461458 11299.795241743326 3090.5766142606735 1930.0859686881304 1438.040937975049 1625.9197251051664 4074.6004594266415 3854.5955156087875 1931.0158804655075 512.41830110549927 11872.661110579967 9391.1791096925735 31203.203728318214 3213.2552080303431 5471.9372281581163 391.14628492295742 197.10734288394451 20290.862484306097 307.35446894168854 899.06583867967129 3925.3918758630753 63856.915439084172 1157.9211861044168 3013.2599868029356 1371.7086180448532 172.8325230628252 1505.1539653688669 1410.7847959250212 3757.1375305056572 2277.2061432898045 22731.206486433744 861.41547012329102 17125.948672667146 2902.3077629804611 301.23074522614479 4169.8466213047504 8326.0242379456758 15778.085647046566 9823.7346584349871 4094.9799431413412 218.25045070052147 543.12638619542122 208.08538445830345 169.8544075191021 594.42406567931175 144.41734205186367 1053.7376819700003 5724.1281989216805 14077.743055582047 5762.4863268435001 2051.0132867991924 9920.2056307643652 229.3325229883194 2474.0877293199301 1846.1989685595036 13722.876648142934 1986.659420222044 3860.7018192857504 293.36258612573147 10965.151356086135 5922.6290332078934 315.48725262284279 24476.932749867439 37554.555450364947 6579.1553588956594 678.89259906113148 1312.1580184549093 964.8259592205286 7172.7483182549477 1918.6069015562534 207.44047683477402 268.13301086425781 2736.8502888083458 5510.345091432333 820.57384975254536 416.7739000171423 260.57899981737137 182.75599755346775 509.74508659541607 12118.580948144197 5713.1449541151524 2022.0987286418676 926.8219491392374
leaf_count=1669 116759 1174 4610 4148 1729 346703 41925 34338 11509 7665 2798 2286 70705 80700 9577 1727 12477 1601 16929 64112 13175 4567 52300 23022 1636 27762 1279 285006 7846 3693 19384 57412 12703 3850 7750 3909 1094 738 48841 5435 2446 9718 14459 17816 45261 12377 7728 5769 6509 16313 15443 7732 2051 47513 37599 124950 12863 21908 1581 789 81424 1235 3605 15780 255715 4636 12073 5498 692 6024 5656 15059 9143 91011 3449 68576 11627 1206 16700 33360 63200 39480 16464 874 2176 833 680 2380 580 4225 22933 56340 23123 8243 39729 918 9915 7407 55135 7975 15498 1179 44066 23818 1278 97988 150331 26331 2720 5253 3864 28718 7681 831 1084 10979 22089 3288 1670 1045 733 2050 48620 22983 8140 3726
internal_value=0 -0.00146701 0.00183205 -0.00395266 0.0106392 -0.000526229 0.00415435 -0.00130912 -0.00322534 -0.0042729 -0.00427043 0.000679171 0.00620879 0.00826009 0.000619377 -0.00585428 -0.00448352 0.0021589 -0.00078573 -0.00433745 -0.00505763 -0.00212277 -0.00674627 -0.00074896 -0.00121275 0.00137873 -0.012262 0.000839998 0.00194629 -0.000374635 0.00403436 0.00129068 0.00343884 0.0124822 -0.00293674 -0.000397956 0.0114095 -0.00456207 -0.00200201 -0.00034631 0.00478175 -0.0117578 -0.0146734 0.0139232 -0.000541893 0.00173004 -0.00275712 -0.00166152 0.000185178 -0.00282577 -0.00531872 -0.00128122 -0.00217867 0.00112842 0.00348921 -0.00231544 -0.00105702 -0.00166431 -0.00212779 -0.00294027 -0.00195964 0.0040183 -0.00825241 -0.00424626 0.0012623 0.00760062 0.0127135 0.00328318 0.00392366 -0.00252294 0.00157043 -0.00559144 0.0118479 -0.00151419 0.00216669 -0.00431318 -0.0114394 -0.00683561 -0.00239267 0.0018389 -0.00435432 -0.0126562 0.00335821 -0.00396372 0.0020124 0.0188135 0.0103468 -0.0144782 -0.0113151 0.00177374 -0.00731858 -0.00475512 -0.00500894 -0.00877115 0.00386667 -0.0102293 -0.00675582 -0.00698863 -0.00754942 -0.0095989 -0.00392095 -0.00205638 0.00701139 0.00755328 0.0125524 0.00416146 -0.000461114 -0.00506146 0.00192956 -0.00735021 -0.00584737 -0.0049439 0.0021007 0.0133207 -0.0262332 0.00838152 -5.01773e-05 -0.00244584 0.00860349 0.00174742 0.02965 0.0356967 0.00222916 0.0174097 0.0162367 -0.0173531
internal_weight=0 483357 356982 132713 2850.06 350644 118428 248512 80086.1 129863 66238.5 238554 58351.4 33933 237983 7843.12 127951 60076.3 23375.2 126921 105706 38607 67099.2 21214.4 37202.8 102132 4360.02 230140 120442 109698 36701.1 19099.1 74347.3 13837.6 19011.8 168426 2028.44 1051.8 34630.8 34378.1 8227.27 2824.69 4040.73 12589.7 166398 40854.2 10504.8 1730.42 99067.5 15539.9 11465.3 125543 91474.7 34068.8 20691 90962.2 59759 56545.8 54444.9 48973 26150.9 5860 48087.4 17080.7 69872.3 6015.35 4171.18 30349.4 28977.7 13377.8 13603.5 10630.9 2584.56 37006.1 3483.1 21027.3 3901.4 3203.54 29195.3 9247.33 19947.9 10722.8 24418.4 1844.17 6870.33 751.212 2100.87 778.778 4069.81 13847.6 9481.27 14274.9 12960.4 7197.87 10973.9 1090.75 31607.7 37364.6 35518.4 21795.5 5847.36 1247.88 17602.1 17203.3 6238.12 28804.9 46094.4 8539.87 4533.49 11966.9 10654.8 10263.6 3090.87 1172.27 1404.19 6831.83 6119.12 4327.92 1237.35 15487.4 1119.64 936.886 15226.8 8150.15 7735.24 2977.84
internal_count=3368410 1937146 1431264 533015 11455 1404131 475990 995190 320841 521560 265378 955274 234485 136337 952988 31409 513895 241505 93946 509747 424583 154961 269622 85164 149310 408941 17465 921579 482217 439362 147559 76796 297709 55637 76410 674349 8121 4212 138704 137956 32979 11354 16186 50608 666228 163579 42066 6943 396760 62238 45925 502649 366252 136397 82860 364201 239251 226388 217976 196068 104977 23553 193212 68660 279807 24092 16709 121513 116015 53537 54497 42602 10378 148140 13944 84207 15631 12833 116953 37053 79900 43085 98148 7383 27544 3009 8412 3118 16360 55463 37992 57129 52021 28898 43954 4367 126674 150127 142720 87585 23473 5029 70763 69162 25096 115323 184508 34177 18163 47928 42675 41094 12376 4695 5651 27443 24535 17335 4958 62142 4512 3779 61097 32792 31123 11969
is_linear=0
shrinkage=0.1


Tree=16
num_leaves=127
num_cat=0
split_feature=32 28 16 33 22 40 43 40 9 41 5 19 43 0 0 9 9 0 9 15 8 41 5 32 38 40 38 37 41 37 14 23 1 34 38 34 40 14 7 33 9 7 1 32 9 37 43 14 43 34 43 43 19 37 25 37 16 40 38 0 41 38 16 43 12 31 9 38 24 0 37 37 38 7 34 43 44 26 10 44 43 37 12 24 34 34 8 23 9 13 1 32 38 33 37 19 28 43 26 37 43 11 25 34 7 22 37 25 21 37 21 5 24 37 44 19 20 8 13 43 37 25 8 14 3 5
split_gain=211.776 84.3126 84.0677 45.9828 44.6532 43.6664 45.5128 42.1663 40.8998 33.4792 41.7634 46.7624 36.64 38.179 38.9442 120.84 47.4068 98.4907 48.8777 33.0773 33.3763 32.8004 52.6216 32.69 32.4408 70.4783 50.2492 58.8339 34.7274 32.6621 31.8625 31.8534 31.8519 42.0135 31.8251 31.7906 30.491 29.7254 35.7537 29.4729 28.8619 28.5677 28.4123 28.2745 32.0698 31.1124 31.1808 35.1929 34.8513 27.7782 34.7853 27.453 27.4098 27.3828 27.1551 29.2024 26.6448 26.5046 26.4048 26.4273 26.1751 26.0875 27.1219 25.9663 30.5593 25.8579 32.9612 25.7187 25.4152 25.2875 25.1487 25.5469 29.901 32.687 32.1332 28.3691 34.067 41.8037 26.0047 25.5533 24.986 24.7117 25.7035 36.5953 24.6506 24.3191 24.2441 24.185 24.1751 23.8363 23.687 23.6656 23.6347 23.5689 23.4891 23.4441 23.4411 23.8059 23.4376 23.4054 23.2715 24.0319 35.7438 23.2013 27.5397 23.1723 22.7754 22.6701 30.7008 22.4592 22.3902 22.3862 22.322 22.222 22.1796 22.6629 22.009 21.9727 22.6735 23.0882 21.8827 21.9499 27.5805 21.8627 21.8354 21.7536
threshold=0.00041222227446269249 0.0016001611365936699 4.9191552534466616e-05 0.0012928264914080503 60.176479339599616 2.5000000000000004 -0.24499999731779096 1.5000000000000002 0.00011917855590581895 2.3249999284744267 0.0025340177817270164 -0.00064576716977171589 -0.39499999582767481 0.00030950539803598082 2.9820147346981689e-06 0.00013666473387274894 0.0001675710373092443 -7.5031282449344863e-06 7.6510892540682121e-05 0.63899096846580516 0.0010868646786548199 4.1150000095367441 -0.013660117518156765 -0.0037386243930086489 9.5000000000000018 1.5000000000000002 4.5000000000000009 2.0999999046325688 5.0750000476837167 7.2666666507720956 0.005653160624206067 0.0033046531025320296 -0.0004234407097101211 3.1372281312942509 2.5000000000000004 3.1372281312942509 1.5000000000000002 0.0020267808577045803 0.00062822169275023054 0.0089637432247400301 0.0013595382915809753 0.00021943724277662116 -0.00016364068142138419 0.005316423252224923 0.0011312322458252313 1.1000000238418581 0.33500000834465032 0.0044687930494546899 0.79500001668930065 0.16966073960065844 0.82999998331069957 0.46500000357627874 -0.00024518280406482512 0.49999998509883886 0.010787749197334053 0.59999999403953563 0.0010374420671723785 2.5000000000000004 13.500000000000002 1.7188431229442361e-05 4.2249999046325692 19.500000000000004 0.00080313035869039606 -0.7250000238418578 6.5257423557341112e-05 0.0013726135366596284 9.8940501629840596e-05 2.5000000000000004 0.0024660906055942182 0.00013440302427625286 6.7333333492279062 4.0000001192092904 17.500000000000004 0.00044173364585731184 6.127941608428956 0.7749999761581422 -0.43500000238418574 0.18572249263525012 29.714430809021 0.16499999910593036 -0.7250000238418578 0.10000000149011613 0.00041793420678004628 0.007012533489614726 -0.31038929522037501 -0.80381363630294789 0.0015078512369655075 -0.0011341067147441206 0.00011917855590581895 -0.0005819879297632723 -4.9914791816263453e-05 -0.00012082048488082363 1.5000000000000002 -0.0080654947087168676 0.80000001192092907 -0.00040180697396863247 0.0047176175285130748 0.99000000953674328 0.86557659506797802 7.866666555404664 1.0349999666213991 0.00034041485923808073 0.036357218399643905 1.6250523924827578 0.0011538228136487307 39.970615386962898 1.5666666626930239 0.0072710867971181878 -0.33731105923652643 2.3666666746139531 0.39635524153709417 -0.043143358081579201 0.0034359956625849013 1.666666626930237 -0.47499999403953547 -0.0006609196716453879 0.00062420655740425001 0.0016483205836266281 0.00046054545964580035 -0.15500000119209287 5.6333334445953378 0.020559356547892097 0.00036314928729552781 0.0062573037575930366 0.00035711571399588143 -0.0688914619386196
decision_type=2 2 2 2 2 2 2 2 2 2 2 2 2 2 2 2 2 2 2 2 2 2 2 2 2 2 2 2 2 2 2 2 2 2 2 2 2 2 2 2 2 2 2 2 2 2 2 2 2 2 2 2 2 2 2 2 2 2 2 2 2 2 2 2 2 2 2 2 2 2 2 2 2 2 2 2 2 2 2 2 2 2 2 2 2 2 2 2 2 2 2 2 2 2 2 2 2 2 2 2 2 2 2 2 2 2 2 2 2 2 2 2 2 2 2 2 2 2 2 2 2 2 2 2 2 2
left_child=1 9 3 21 8 6 24 35 -4 34 12 36 13 14 16 80 17 18 -11 52 23 -2 51 -21 25 29 27 28 54 111 -9 43 33 69 42 -5 84 -28 -39 96 -22 -18 -1 44 45 -10 114 48 -48 -45 56 67 61 100 -27 -56 -51 -15 59 60 106 62 -13 64 124 66 -25 -23 -59 99 71 72 74 -74 78 -73 77 -77 -8 109 90 -24 83 110 -12 -60 89 -61 -89 -14 -16 -90 -43 -46 -87 -69 97 -7 -44 -6 101 102 -36 104 -80 -40 -54 108 -68 -75 -83 -3 -78 -30 115 -47 117 118 119 -72 121 122 -117 -33 -19 -32
right_child=2 5 4 7 32 39 70 30 31 10 11 19 86 57 15 -17 41 63 -20 20 40 22 81 65 -26 26 37 -29 113 -31 125 123 -34 -35 53 -37 -38 38 105 -41 -42 92 98 49 93 46 47 -49 -50 50 -52 -53 58 -55 55 -57 -58 68 85 87 -62 -63 -64 -65 -66 -67 107 95 -70 -71 116 75 73 79 -76 76 112 -79 103 -81 -82 82 -84 -85 -86 94 -88 88 91 -91 -92 -93 -94 -95 -96 -97 -98 -99 -100 -101 -102 -103 -104 -105 -106 -107 -108 -109 -110 -111 -112 -113 -114 -115 -116 120 -118 -119 -120 -121 -122 -123 -124 -125 -126 -127
leaf_value=-0.019237211730302059 -0.0042507472744447586 -0.0037387387627341923 -0.025581879761763376 -0.0071215438459986576 -0.001229082583500524 -0.0012649579174303196 0.010430461182458627 -0.0002403862631557246 -0.003524371498576553 -0.046701693983844411 -0.00079755276579886582 0.0028000776997909281 0.024636120927066754 -0.0021412348179029234 0.011980870244463029 0.0018142228587815766 0.014998358257157049 0.0094329056911498909 -0.015166780878316306 -0.017103605622680432 0.015838045039078884 0.013803928188550935 -0.023331981122651904 0.01966313629027025 0.008075778099364243 -0.055792159473012276 0.014256598609548525 0.015311229801707708 -0.0014829017863191441 -0.0087975294385993479 0.0058529947708425992 -0.050468288475059325 -0.0072582608324114027 0.012732110189156185 0.013732315328315484 0.0055241829429287306 0.001663758631189186 -0.023561177623829744 0.0033754385793364353 -0.019281304780544219 0.0027290092426961437 -0.010326370979073109 -0.000810614773516525 0.010520315697555363 0.0044451693674197323 -0.010927034733409564 -0.001836584935613779 0.0064789984510627606 -0.018896388503731792 -0.0029806118323600183 -0.035343802995965123 0.014648239410121638 -0.017391778261773367 -0.0019112372298624573 0.018164216223818717 -0.022419544565744184 0.011731717838527573 -0.057180383142850538 -0.010369062967302171 0.027799917139722987 -0.010477346671433924 -0.0070727420391040116 -0.011895179711783506 -0.0073907901526906322 -0.015496886040379602 0.0020891421153177311 -0.020230879568582039 -0.017400334872178944 -0.011278559649206829 -0.0088200293098890849 -0.015375981274907533 0.0045101163661162343 0.021975996959323826 0.0046287431553885825 -0.037495439612908507 -0.049786537537083092 0.044039567063233337 0.02596976565660556 0.0013533293527369832 0.0050292745247535334 0.016563945549671177 -0.00057469844658900591 -0.0060169807644504733 0.010077766207343457 0.016724170454730517 -0.012871635824532377 -0.0036301027618201713 0.03046487725744472 -0.0063088424348475549 0.0039097959200533423 0.047323553347114251 0.0065996741715545612 0.0016744351701655138 -0.0032271948048072708 0.0017549731784889154 0.002276204251217241 0.0024949546586511017 -0.026546190163486739 -0.031459997449121445 0.022461504350682785 -0.028017007920379002 -0.0065966663024710926 0.059487104410554298 -0.0059646256481548521 0.0089209374182918737 -0.015011792803734929 0.0061629057497466777 -0.0014518643970340187 -0.0026398280876688959 -0.012478660608707394 -0.0094162220218746654 0.010673146265957893 0.015524749026591936 0.032711280797368562 0.0032363419570984528 -0.018309154803089808 -0.037933023609087811 0.011406651706339352 -0.020019863512423203 0.00010342681442971831 0.0023204561303543413 0.0028565310810966197 0.023995904396618722 -0.010083045320559311 0.038091356216728711 -0.0055773313050535601
leaf_weight=1958.6313472688198 30424.771402433515 1189.9690434336662 578.9324938505888 49919.932446748018 22738.083930402994 21235.002239882946 4229.466750562191 27662.011927291751 9353.1149415969849 674.88853035867214 1084.7183670550585 16992.933198750019 559.88195168972015 7683.5249823480844 246.33565351366997 10258.622141420841 1485.483607545495 1437.6241046190262 1808.8331501483917 1140.5490673482418 2424.8931720256805 1888.6476622819901 536.9589146822691 564.76630839705467 33501.955656394362 173.590844810009 451.1011820435524 2377.0757558941841 1158.3692971020937 1080.8892140388489 1766.6427268832922 155.3587559312582 11906.492464914918 2033.9615195095539 898.34755039215088 2070.4273816198111 8151.8699028193951 1810.9705698937178 1426.3081095814705 735.20546221733093 5463.8387670814991 1794.5181584954262 2659.9774127155542 6144.1603056192398 4746.2839815914631 471.19744558632374 11564.780730187893 4732.2781464904547 1335.802664116025 3308.8343272060156 254.7271458953619 2286.9849121421576 528.08247481286526 35988.071034952998 231.58597089350224 756.4048386067152 1960.2383113354445 125.85093183815479 2418.3109249323606 263.65148156881332 13427.73911704123 4141.6035638600588 1356.1640891134739 1738.066422149539 412.64307633042336 22027.82476618886 1905.6889936178923 636.23530559241772 2904.3105420917273 4727.4843356013298 1059.3139683306217 24869.124018728733 447.41842985153198 937.84825526177883 196.36932028830051 166.56765025854111 316.55911774933338 129.45118126273155 22173.444917917252 1619.233651727438 897.59725643694401 29504.4816018641 10855.409339994192 3016.9612596184015 3090.7014412879944 1201.5096368342638 4344.2889292240143 211.79171571135521 7086.7763240337372 62037.916656956077 823.8032224625349 1776.2166354507208 19192.465865060687 25597.104171365499 12737.108965724707 12547.704227671027 34356.336914241314 379.11757183074951 275.32464829087257 424.8189855068922 137.58239251375198 384.0304756462574 210.80117177963257 3219.1570274680853 6140.6088092029095 1319.4023150354624 1843.6009778529406 6379.824035525322 2069.5574782341719 4222.6376626938581 3172.1492672711611 11433.989442750812 2067.794970959425 227.35696618258953 39061.965735554695 164.82584561407566 163.626837849617 1285.3141087442636 684.48704259097576 10660.512125492096 1588.0918071866035 872.77088902890682 2369.3653657585382 977.20826207101345 326.18357940018177 28937.804677441716
leaf_count=7846 121972 4783 2325 200544 91102 85123 17046 110969 37466 2736 4349 68036 2243 30771 988 41077 5953 5772 7251 4565 9707 7567 2154 2271 134727 699 1809 9557 4656 4339 7091 622 47756 8143 3597 8310 32661 7276 5734 2946 21878 7188 10656 24602 19012 1889 46282 18946 5348 13251 1020 9159 2116 144112 932 3043 7849 504 9679 1055 53768 16581 5429 6968 1654 88209 7630 2547 11629 18946 4250 99789 1797 3761 789 669 1271 519 88898 6497 3607 118147 43539 12077 12389 4812 17391 849 28362 248362 3325 7114 76857 102483 50977 50263 138040 1518 1105 1702 551 1540 844 12911 24616 5296 7379 25548 8291 16938 12713 45995 8293 914 156374 660 655 5157 2742 42739 6357 3494 9485 3914 1309 116304
internal_value=0 0.00137927 -0.00182635 -0.00315898 -8.51131e-05 0.00295566 0.00389398 -0.00454684 0.000930749 0.000260319 0.000723766 -0.000606177 0.00204852 5.19038e-05 0.00143791 0.0061683 -0.000565339 -0.00815963 -0.0237356 -0.00128434 0.000897006 -0.00154456 -0.000266973 -0.00045948 0.00607435 0.00323762 -0.00317664 0.00399617 -0.00656273 0.00788615 -0.00270198 0.00106462 -0.00288364 -0.00114304 -0.00232377 -0.00661795 0.00522313 -0.01023 -0.0126541 0.000610455 0.00675856 0.00159686 -0.00990952 0.0012311 0.000696961 0.00185277 0.00266185 -0.000897252 -0.00360306 0.00589393 0.000747961 0.00443914 -0.00271538 -0.00133692 -0.0193156 -0.0129067 0.00249277 -0.00526475 -0.00423914 -0.00627399 -0.00876674 9.59163e-05 0.00171397 0.00172317 0.00900138 0.00011669 -0.0038622 0.00289009 -0.013185 -0.00215492 0.00242116 0.00318422 0.00166635 -0.00420301 0.00284599 0.00556361 0.0153382 -0.0166578 0.0030675 -0.00593066 0.0288679 -0.00200201 -0.00175596 -0.000460072 0.0121723 -0.00111193 0.00359383 -0.00205658 -0.002924 0.00409517 0.039188 -0.00372187 0.000648291 -0.00202709 0.000494159 0.00132665 0.000871745 -0.0017084 -0.00368546 -0.000794586 0.0113373 0.0149634 0.0224283 0.00207993 0.00299455 -0.00546022 0.000918186 -0.00514527 -0.0110728 -0.00936962 -0.00143301 0.00931464 0.0193105 0.00412736 0.00407123 0.0100373 -0.00147507 -0.0010393 -0.00232893 -0.0012957 0.012015 0.0165339 0.0212443 -0.0156229 0.0147328 -0.00491966
internal_weight=0 477989 362295 205227 157068 198434 141728 110357 115237 279555 237043 118290 118753 51810.8 41097.1 12226.4 28870.7 6398.24 2483.72 105962 41976.9 94870.3 64445.5 34088.2 57139 23637 9932.17 4924.38 2547.31 13704.8 58366.5 114658 41830.8 29924.3 42512.8 51990.4 12327.3 5007.78 4556.68 56705.7 7888.73 22472.5 4893.93 113526 101858 71514.2 62161.1 17632.9 12900.6 11668 5523.8 17359.6 63985.5 37618.8 1161.58 987.991 5269.07 10713.7 41494.8 25137.9 15799.4 22490.7 18349.1 3914.52 2176.45 32947.7 10919.8 15072.6 3030.16 27890.4 84588.9 70735.7 43186.2 7227.14 35959 27549.5 2680.37 296.019 35762.7 6779.72 1967.74 47086 46549 35693.6 4175.42 16356.9 66942.1 9338.44 9074.78 62597.8 1070.14 8862.99 20987 30343.4 13938.6 13183.9 55970.5 21614.1 2935.3 23162.9 1630.76 1493.18 1109.15 31533.2 28314.1 2745.71 2371.68 10355.1 3975.25 5160.49 32676.6 12624 2384.35 1385.73 44528.2 5466.25 13853.3 13689.6 12404.3 11719.8 4995.05 3406.96 2534.19 1132.57 1763.81 30704.4
internal_count=3368599 1916215 1452384 823356 629028 796724 569097 443218 461379 1119491 949240 473655 475585 207589 164685 48997 115688 25690 9987 424256 168099 380138 258166 136514 229760 95033 39916 19801 10244 55117 234364 459054 167649 119893 170251 208854 49399 20115 18306 227627 31585 89998 19607 454518 407796 286301 248835 70576 51630 46722 22120 69536 256157 150644 4674 3975 21100 42904 166111 100643 63263 90046 73465 15703 8735 131949 43740 60377 12133 111750 339337 283794 173253 28993 144260 110541 10752 1188 143471 27196 7920 188630 186476 142937 16738 65468 267996 37380 36325 250605 4313 35476 84045 121495 55789 52810 224681 86641 11761 92804 6532 5981 4441 126425 113514 11030 9495 41469 15921 20699 130860 50778 9564 5570 178259 21885 55543 54888 49731 46989 19996 13639 10145 4536 7081 123395
is_linear=0
shrinkage=0.1


Tree=17
num_leaves=127
num_cat=0
split_feature=18 10 10 18 30 5 46 29 45 39 23 38 5 37 23 39 25 32 23 38 45 40 0 23 39 32 17 0 0 37 5 37 25 12 14 34 45 16 30 25 5 39 30 23 24 38 37 37 4 26 14 39 45 15 22 25 10 45 25 37 39 23 19 35 32 23 6 10 38 23 34 45 45 13 32 15 45 45 10 45 37 37 36 34 46 6 5 45 16 16 45 4 1 16 19 8 32 13 37 4 32 22 28 45 10 34 26 37 9 37 46 38 45 45 13 37 38 10 26 45 5 3 46 29 37 38
split_gain=157.831 76.7617 60.8363 43.625 42.1715 43.2262 42.6291 40.5193 70.9571 51.0129 38.4633 35.2835 35.1605 34.7236 34.6173 33.4498 33.3009 31.1556 30.93 36.021 32.6144 30.6521 29.6651 29.5522 29.4855 29.3698 37.9898 29.2721 28.5685 28.4137 27.1103 26.5285 26.6432 26.1547 26.019 30.0272 25.5095 25.0471 24.8892 24.8112 24.7114 24.2265 28.6442 25.7973 24.123 24.1177 34.9355 28.66 33.4573 26.4589 25.0745 24.058 23.9955 27.1253 25.5478 23.4376 22.7912 38.7812 23.6029 23.4524 28.097 22.4928 25.4799 25.7526 24.5857 23.0955 29.2671 30.7491 22.413 22.3915 22.3775 22.0156 21.7422 30.7785 21.741 21.5713 21.5406 21.9497 29.695 21.4114 38.0272 36.2121 21.9217 21.2851 21.0176 20.9724 20.7965 31.786 34.7344 31.5755 27.2402 28.1473 29.4717 24.643 27.1496 32.3696 25.4995 22.8898 22.0037 25.7141 23.2245 22.3489 25.8194 23.6613 37.1873 24.1733 23.8451 27.519 22.3475 21.9212 21.788 27.2652 21.7715 20.7806 25.7314 20.7271 20.7041 22.7169 20.6803 22.3175 20.6289 20.2481 20.2029 20.1386 20.0532 19.8496
threshold=-0.0010439418256282804 31.995339393615726 69.823730468750014 0.00083732680650427948 -0.0011078243260271845 0.011436370201408865 -4.4999999999999991 0.0070522031746804723 55.500000000000007 5.5000000000000009 0.0030387248843908314 1.0000000180025095e-35 -0.079860307276248918 7.866666555404664 -0.0014709383249282835 1.0000000180025095e-35 0.04623182304203511 -0.00029913832258898759 0.00046537513844668871 13.500000000000002 13.500000000000002 1.5000000000000002 1.7188431229442361e-05 0.00015325413551181558 1.0000000180025095e-35 -0.00012082048488082363 -0.0014900095411576328 -1.6442095329693981e-05 -0.00018608054233482105 7.9333331584930429 0.019222346134483818 5.0666668415069589 0.029544345103204254 0.00040061269828584051 0.0043718682136386642 2.0557050704956059 25.500000000000004 0.00027792785840574657 -0.00096864544320851554 0.0034638440702110533 -0.022237587720155712 2.5000000000000004 0.0020450833253562455 0.0015517729334533217 0.01382441306486726 20.500000000000004 7.9333331584930429 0.56666666269302379 0.012706614565104248 0.81057468056678783 0.005653160624206067 1.5000000000000002 21.500000000000004 0.54394555091857921 73.195049285888686 0.012278336565941574 41.287847518920906 33.500000000000007 0.0038600909756496553 7.1666667461395273 4.5000000000000009 -0.00062387905200012017 -0.00051542557775974263 -4.8834999688551754e-05 0.0014143303851597013 0.0010956286569125953 0.00078862873488105844 35.908296585083015 12.500000000000002 0.00033499267010483896 6.127941608428956 68.500000000000014 47.500000000000007 -0.00021225560340099034 -0.0039482987485826007 0.9170108735561372 77.500000000000014 60.500000000000007 18.922067642211918 54.500000000000007 7.6000001430511483 7.3333332538604745 -0.00029976000951137388 -0.60118788480758656 -21.499999999999996 0.0012870923383161428 -0.029455841518938538 73.500000000000014 -0.00069928064476698626 -0.0016639681998640297 19.500000000000004 -0.0051946337334811679 -0.00043743227433878923 -0.00012912359670735893 -0.0017202670569531617 0.0024190841941162948 0.0038114578928798441 0.00014063775597605857 2.0999999046325688 0.0016494856681674721 -0.002167185652069747 23.752689361572269 0.0059887138195335874 30.500000000000004 52.881492614746101 0.68442907929420482 0.24220144003629687 2.3666666746139531 0.00094882454141043137 5.9666664600372323 -2.4999999999999996 13.500000000000002 51.500000000000007 81.500000000000014 4.5856946599087685e-05 4.2000000476837167 1.5000000000000002 42.767545700073249 -0.054430702701210969 23.500000000000004 -0.017379541881382462 0.00089134689187631022 -1.4999999999999998 0.015186860691756012 6.3333332538604745 6.5000000000000009
decision_type=2 2 2 2 2 2 2 2 2 2 2 2 2 2 2 2 2 2 2 2 2 2 2 2 2 2 2 2 2 2 2 2 2 2 2 2 2 2 2 2 2 2 2 2 2 2 2 2 2 2 2 2 2 2 2 2 2 2 2 2 2 2 2 2 2 2 2 2 2 2 2 2 2 2 2 2 2 2 2 2 2 2 2 2 2 2 2 2 2 2 2 2 2 2 2 2 2 2 2 2 2 2 2 2 2 2 2 2 2 2 2 2 2 2 2 2 2 2 2 2 2 2 2 2 2 2
left_child=2 3 7 22 6 10 -3 9 29 18 17 23 -10 86 -4 -14 61 44 21 20 -20 25 -2 -7 40 26 -1 39 -23 31 37 32 -9 -19 -15 -36 55 -11 -27 -5 -22 -16 -43 -44 56 47 50 48 -21 -50 -47 121 116 54 -54 -35 57 58 -6 60 -59 -13 64 -64 65 66 -63 125 70 -28 -26 -12 73 -61 -33 113 77 -41 -79 80 81 -49 -81 -34 -82 -30 90 88 118 -89 91 92 -8 -92 -95 96 -96 -91 100 101 -90 102 -100 104 105 106 107 -103 -109 -93 111 -102 120 -65 -115 -66 -18 -118 119 -88 -104 -17 -70 -58 -55 -68
right_child=1 4 14 27 5 11 13 8 12 30 71 16 15 34 41 51 52 33 19 45 24 28 -24 -25 68 38 69 -29 85 -31 -32 74 83 36 35 -37 -38 -39 -40 76 -42 42 43 -45 -46 46 -48 79 49 -51 -52 -53 53 124 -56 -57 123 59 -60 72 -62 62 63 75 115 -67 67 -69 122 -71 -72 -73 -74 -75 -76 -77 -78 78 -80 82 84 -83 -84 -85 -86 -87 87 89 98 97 93 109 -94 94 95 -97 -98 -99 99 -101 110 103 112 -105 -106 -107 -108 108 -110 -111 -112 -113 -114 114 -116 -117 117 -119 -120 -121 -122 -123 -124 -125 -126 -127
leaf_value=-0.0083084993816749716 -0.011454967689501178 -0.00071025717878954366 -0.021961261782076302 0.030290879479347069 0.033374088225583319 -0.0148574888087119 -0.0010661233659276328 0.0014454495194052813 0.024902640831197521 -0.010439884310557264 -0.015449083089735725 0.0011002008766321245 0.025609019115953532 -0.020565281688398912 -0.0023698400191532534 0.0097170466867574704 -0.043985157214160547 -0.00077478546742117821 0.0070147509001876468 -0.024944600621618983 0.0067763306812124186 0.0055782056592265251 0.030369093431808665 0.00084241340323618942 -0.0039370945150609968 -0.0087507040929545015 0.010074052009660576 0.0010555758752653535 0.001234599145257501 -0.044634440474025837 -0.0016898487972494944 0.025001389405699792 0.0052495052990063906 0.029186786300289803 0.007540433114383337 -0.037993833868028855 0.0019450636322611041 0.0024490480550866068 -0.001979241769848403 0.0053854756861179895 -0.015063236297485495 -0.010581248479765982 0.0033605008786711313 -0.010646184517499728 -0.01729443004252678 0.00059615357877340971 -0.047335704914702098 0.0040544430295799171 0.033866088842817561 -0.0056177600453345966 -0.0093612419276600991 0.0067835069738333212 0.00076984105953841039 0.012178421696836472 0.016964112813015516 0.0069357838372703165 0.0013197274268626283 0.00090543593889192873 0.0081266671977593789 -0.024550379912154141 0.0082375735566464058 0.0054946682865796761 0.0031274419436057009 -0.0042066292221412142 0.0012864545932029807 0.01005311436501592 -0.014577934649676647 -0.007829760785917815 -0.023351014141115633 -0.008255590756087762 0.028392230634751728 0.0063320743503805415 -0.0099906323909823031 0.031959910334800216 0.0020285962651978291 0.0053267663998585978 -0.0043059784218873734 0.032652177897262061 0.0096477665542054943 -0.042894941257544283 0.061486539232944587 -0.019959425766817682 -0.0011402285102847182 -0.0094475703376860828 0.017743991199628866 -0.0056680329686062784 -0.036767797157209965 0.029283400455154485 0.0083374769030061004 -0.0044265127098575925 0.0054603138175848935 0.030277932081766448 -0.019973871540505322 0.011828457962271945 -0.0016777985716341032 -0.018416510669116547 0.011345479909381706 0.0045604323004740967 0.029307266488935887 0.022260086155905676 0.0016419894322622218 0.045529302694147927 -0.010128008630754115 0.0050974279496451957 -0.00051799295111931026 0.0033207668351942343 0.0070222515705290868 0.010616032020469372 0.023318209219121894 -0.018861465750178413 -0.00082826848574307126 0.028689382365162976 0.0045889188990280352 -0.031941061007860899 0.00088149533915635344 -0.01414276250414489 0.0098421784952551234 -0.012265054358533718 0.0013216425243854444 -0.006246560619889702 -0.049432781674666616 -0.012795377376533744 -0.0058147162639381094 -0.012221096782909257 0.039259728911505788 0.01590762923248619
leaf_weight=2029.9152500778437 2259.7683926522732 47173.040970921516 1311.2263305485249 445.93423338234425 383.02794805169106 3536.396735444665 1696.4580047875643 5459.7041036039591 1087.5292829722166 13270.535076841712 2225.8422970026731 21603.308260262012 813.92733880877495 1091.4510398954153 14609.268715426326 581.30801531672478 132.31643813848495 108715.82812400162 2209.7885319888592 888.46708743274212 585.07976646721363 13376.984228849411 183.34678061306477 1813.897341966629 32798.819694310427 6859.7751825153828 4960.5737533122301 11629.173036500812 25550.078335389495 153.48403480648994 7751.7764545679092 437.84368635714054 1136.3290417343378 676.14535456895828 996.09004493057728 169.46169193089008 11141.814595893025 1700.9855013638735 26007.619417175651 22338.482125744224 4525.3572240918875 12201.574947476387 3476.1152157187462 2114.9734122157097 642.85428069531918 5563.3032289892435 188.86274398863316 13818.476653620601 195.66477778553963 1279.9673952758312 4636.6716781109571 8654.725803643465 5859.9617533683777 1495.402088791132 1168.3956455886364 1578.5933334976435 75407.370881810784 17756.140634596348 11125.82107001543 141.254748955369 7406.3386071771383 5941.8074455708265 5422.4553278833628 55668.028652355075 1648.1079982072115 3157.1265379339457 270.41358080506325 5011.4498104453087 1136.3506652861834 769.8983199596405 215.50795687735081 586.28731223940849 2500.6360316872597 303.39183185994625 6967.7552271038294 2344.06680560112 1735.0130051076412 596.57491771876812 9443.7892393767834 127.3262649923563 126.46565856039524 657.85097517073154 10073.765544310212 7419.2215314656496 835.71220228075981 5317.8064872920513 280.49530158936977 343.19353203475475 5208.8754467070103 8565.1715097874403 12267.117208361626 322.36418431997299 1603.6618437170982 1690.0385862439871 14804.97183008492 1055.8815892189741 1673.394931986928 4235.6402584463358 156.80560012161732 1026.1793126761913 1020.2663875669241 358.75793947279453 306.37033170461655 31261.938517063856 2615.7998435795307 2141.5111752599478 2492.0092721581459 2777.307789042592 2763.0323678255081 126.37155249714851 12821.746640533209 587.19919387996197 354.93185974657536 596.09484687447548 398.53266766667366 1845.7190680652857 794.95591263473034 1119.2414101064205 5598.1106983721256 1642.1904409527779 236.69741778075695 1277.557459205389 1557.2612732797861 1114.5781618952751 334.61110670864582 1016.250329837203
leaf_count=8130 9095 189029 5286 1805 1540 14175 6797 21874 4354 53309 8912 86489 3259 4373 58814 2327 530 435346 8872 3569 2346 53582 736 7272 131593 27494 19856 46864 102382 617 31115 1753 4552 2707 3991 680 44598 6818 104333 90131 18156 49244 14017 8532 2574 22296 761 55392 785 5141 18589 34653 23464 5984 4678 6318 301849 71161 44638 566 29735 23810 21712 222862 6597 12643 1085 20068 4559 3082 863 2347 10022 1216 27916 9383 7000 2427 38099 510 507 2637 40362 29727 3350 21312 1125 1376 20928 34330 49173 1291 6425 6791 59359 4230 6699 16976 630 4111 4088 1440 1230 125345 10474 8596 9982 11146 11088 506 51386 2353 1426 2386 1595 7387 3184 4479 22428 6589 950 5115 6248 4461 1339 4081
internal_value=0 0.000902934 -0.00207285 0.00470655 0.00055676 -5.39003e-05 0.00184915 -0.00147431 0.0017044 -0.00204592 0.000718884 -0.00159532 0.00772751 0.00282054 -0.00603208 0.00607856 -0.00122858 0.00085575 -0.00143864 -0.00283105 -0.00481787 -0.000102854 -0.00831623 -0.00953479 -0.00545845 -0.00208605 0.00344719 0.00539537 0.00171821 -0.00176163 -0.0064901 -0.00145444 -0.00401254 -0.000261043 -0.00946988 0.000920123 0.00390808 -0.00897551 -0.00339252 0.00685569 -0.0125629 -0.00538747 -0.0078652 -0.00193789 0.00202352 -0.000604345 -0.00471933 0.000922237 -0.00961322 -0.00038231 -0.00393025 0.00456658 0.00403095 0.00628563 0.00346198 0.0136084 0.00213045 0.00407738 0.00896693 0.00207533 0.00306358 -0.00177521 -0.00252075 -0.00346766 0.00070878 0.00242727 0.000460286 -0.00428928 -0.00444168 0.00761143 -0.00372606 -0.010908 -0.00636761 0.0140078 0.00338682 -0.00407372 0.00654934 0.00713102 0.0110146 0.00189366 0.00424268 0.00296318 -0.0016614 -0.00749554 0.0234934 4.54389e-05 0.00304785 0.00387967 0.00468811 -0.000650305 0.000999139 -0.00705895 -0.0102542 0.0019584 -0.000276182 -0.00144289 -0.000355271 -0.00145284 0.00542047 0.00660601 0.00261383 0.00625268 -0.00813348 0.00659437 0.0101535 0.0128038 0.015224 0.0186888 0.0169508 0.0164394 0.000547625 0.0115223 -0.0146713 -0.00446261 -0.0187895 -0.00686449 -0.00572848 -0.00308404 -0.00175148 -0.0106992 -0.0272591 -0.00575525 -0.0132127 0.0011225 0.0171301 0.00950059
internal_weight=0 582981 256719 48632.1 534349 362884 171465 223006 33989.4 189017 241706 121179 12415 124291 33713.2 11327.5 115828 238894 166293 81420.7 43028.2 84872.7 2443.12 5350.29 40818.4 40627.8 7760.39 46189 44244.9 21574.3 22723.3 21420.9 14015.3 122112 2257 1165.55 13396.6 14971.5 32867.4 34559.8 5110.44 32401.9 17792.7 5591.09 116781 38392.5 10388.8 28003.7 2364.1 1475.63 10200 10513.6 10904.9 8858.37 7028.36 2254.74 116139 39616.6 11508.8 28107.8 25162.5 104923 83320.1 64429.2 18890.9 15397 12239.9 6298.11 35707.9 5730.47 33014.3 2812.13 2945.28 444.647 7405.6 59006.7 34113.9 32378.8 10040.4 25639.6 15438.5 14476.3 10201.1 8555.55 962.178 30867.9 122034 86794.2 73650.2 13144 35240.3 3748.86 3300.12 31491.4 19224.3 17534.2 16478.4 12800.8 66129.4 46491.3 19638.1 45465.2 1054.81 44410.4 13148.4 10532.6 8391.11 5899.1 5540.34 448.736 14429.2 1607.47 898 56662.7 994.628 3493.83 2046.51 1914.2 7520.8 1922.69 543.068 1858.87 2693.61 76521.9 1830.01 1286.66
internal_count=3366680 2336691 1029989 196157 2140534 1453193 687341 894096 136147 757949 967990 485203 49708 498312 135893 45354 463756 956731 666707 326536 172637 340171 9831 21447 163765 162895 31068 186326 177276 86439 91242 85822 56153 488969 9044 4671 53623 60127 131827 139462 20502 130607 71793 22549 467762 153899 41646 112253 9495 5926 40885 42095 43658 35465 28142 9025 465188 158878 46178 112700 100896 420098 333609 257938 75671 61687 49044 25234 143263 22938 132456 11259 11804 1782 29669 236226 137657 130657 40526 102758 61886 58029 40872 34279 3857 123694 489268 347997 295315 52682 141271 15019 13222 126252 77079 70288 66058 51306 265173 186418 78755 182307 4236 178071 52726 42252 33656 23674 22234 1797 57827 6441 3606 226843 3981 13984 8193 7663 30142 7714 2180 7442 10807 306310 7323 5166
is_linear=0
shrinkage=0.1


Tree=18
num_leaves=127
num_cat=0
split_feature=32 0 17 30 40 29 43 28 10 38 11 19 39 44 38 38 37 37 13 45 32 0 13 21 40 9 37 38 37 19 17 9 16 9 0 22 44 38 45 44 39 44 43 43 12 24 43 45 44 31 31 23 31 43 30 0 25 21 37 45 31 31 38 12 18 26 13 11 45 31 13 29 44 25 43 43 4 45 44 43 27 43 45 30 37 44 23 20 40 38 14 37 8 44 43 27 17 19 12 10 35 43 8 28 45 38 31 31 31 43 28 34 26 17 37 26 14 43 35 25 25 31 39 35 19 34
split_gain=141.498 90.8569 56.1511 46.2505 46.6105 54.0092 45.6498 39.7087 39.4165 46.3133 37.3282 34.7981 37.4271 34.4777 33.49 35.0137 88.7458 52.1103 33.1682 32.8017 31.9688 31.3609 31.2056 33.0699 31.1189 29.0328 28.9957 28.957 30.7158 28.9556 33.25 34.7037 34.6987 31.4403 39.2109 33.5646 27.8533 27.8029 32.787 27.8025 34.2549 27.4661 30.7022 33.1034 27.7535 34.0271 27.2822 35.1511 26.3571 26.1516 35.3272 29.3118 25.9822 25.8072 25.4639 29.1494 40.8608 25.5362 25.0375 24.5395 24.4367 24.2878 24.1466 30.6149 24.026 28.5991 23.5249 23.4535 23.2848 22.6225 22.1424 21.7188 21.6272 21.5486 22.7584 22.9959 23.7182 22.3247 21.3135 21.2188 21.192 20.8548 22.2262 26.9311 22.5904 20.9519 20.842 20.7534 24.1361 22.1125 20.6753 20.5756 20.542 20.5322 20.5302 21.517 20.513 20.4508 20.2606 20.1855 20.0541 27.447 23.8974 22.7032 22.7702 20.0414 19.9779 19.8863 24.735 20.5846 19.8832 19.861 19.8433 19.8089 19.6709 19.5714 19.4796 19.1578 19.0715 18.8544 18.8522 25.7637 20.1892 21.8209 26.0157 18.7
threshold=0.0003922665491700173 -0.00017971532361116258 0.0019888201495632534 5.3161065807216808e-05 1.5000000000000002 0.021635913290083412 -0.50499999523162831 -0.0045266263186931601 62.877651214599616 3.5000000000000004 0.0001620181719772518 -0.00020578468684107062 5.5000000000000009 0.80000001192092907 1.5000000000000002 22.500000000000004 7.9333331584930429 7.9333331584930429 4.9995351218967705e-05 76.500000000000014 0.0025828250218182807 2.5371158699272204e-05 -7.3335377237526691e-06 0.0079271802678704279 2.5000000000000004 0.0002574499230831862 7.7333333492279062 16.500000000000004 7.8999998569488534 -0.00011282576451776548 1.698411142569967e-05 0.00019401733879931274 -4.2719316297734613e-06 0.00013666473387274894 -1.6442095329693981e-05 54.626455307006843 0.17500000447034839 14.500000000000002 67.500000000000014 1.0000000180025095e-35 5.5000000000000009 -0.074999999254941926 -0.89499998092651356 -0.80500000715255726 0.00045539370330516254 0.0063158059492707261 -0.35500000417232508 51.500000000000007 0.50499999523162853 -0.0026785240042954679 0.0029984699795022611 7.5974539868184374e-06 -0.034308521077036851 0.75499999523162853 -0.0011078243260271845 0.00015356893709395084 0.0087856352329254168 -0.15598176419734952 5.2999999523162851 80.500000000000014 0.0036730408901348714 -0.0066671674139797679 17.500000000000004 0.00011698768503265457 0.0060506970621645459 0.23029314726591113 0.00022790451475884768 -0.00024176939041353759 62.500000000000007 -0.00056213431525975455 -0.001129841723013669 0.0024802037514746193 1.0000000180025095e-35 0.052710328251123435 0.54500001668930065 1.0349999666213991 0.0088414107449352759 26.500000000000004 -0.47499999403953547 1.0850000381469729 1.0000000180025095e-35 -0.74500000476837147 19.500000000000004 -0.0020094999345019455 5.6000001430511483 0.63499999046325695 0.00030598785087931907 0.00034046696964651352 1.5000000000000002 9.5000000000000018 0.01804277487099171 7.6333334445953378 0.0011800626525655391 0.59499999880790722 0.47499999403953558 -0.0031812628731131549 0.00042577082058414822 -0.0014137647813186047 -0.00044644479930866504 53.468950271606452 8.6755000666016726e-05 0.54500001668930065 0.0018049554782919588 0.025289708748459819 75.500000000000014 1.5000000000000002 -0.010210520587861536 0.0026993410428985958 0.00015055969561217355 -0.47499999403953547 0.0036842582048848276 -0.13274612277746198 0.17197416722774508 -0.0011705909273587165 1.7666666507720949 0.73821821808815014 0.00072145365993492316 0.27500000596046453 0.0003311049949843437 0.0061552324332296857 0.0168827073648572 0.0017360290512442591 3.5000000000000004 -4.8834999688551754e-05 0.00033354504557792103 -0.88028299808502186
decision_type=2 2 2 2 2 2 2 2 2 2 2 2 2 2 2 2 2 2 2 2 2 2 2 2 2 2 2 2 2 2 2 2 2 2 2 2 2 2 2 2 2 2 2 2 2 2 2 2 2 2 2 2 2 2 2 2 2 2 2 2 2 2 2 2 2 2 2 2 2 2 2 2 2 2 2 2 2 2 2 2 2 2 2 2 2 2 2 2 2 2 2 2 2 2 2 2 2 2 2 2 2 2 2 2 2 2 2 2 2 2 2 2 2 2 2 2 2 2 2 2 2 2 2 2 2 2
left_child=2 7 3 4 5 11 119 70 18 86 54 12 46 14 21 16 26 73 71 27 78 -5 -13 -24 48 -23 29 81 -29 49 31 32 -31 34 -32 -35 60 38 107 40 -33 42 -20 -44 45 66 47 64 100 -16 51 -51 -7 67 57 -56 -57 -6 -42 -26 118 -14 63 -37 65 96 92 -52 113 -67 -2 97 -58 74 -17 76 -76 -75 -9 105 -19 -11 83 -83 85 87 -10 -84 -89 -90 -47 -63 -43 -80 95 -69 -1 -3 -60 125 102 103 -8 104 -102 114 112 108 109 -28 -68 -50 -54 -22 -72 117 -34 -106 -12 -4 121 -45 123 124 -122 -73
right_child=1 8 6 13 10 52 24 20 9 19 36 22 61 -15 15 17 -18 80 41 -21 68 25 23 -25 59 -27 37 28 -30 30 33 39 116 35 -36 62 -38 -39 -40 -41 58 44 43 120 -46 90 -48 -49 111 50 53 -53 106 -55 55 56 72 -59 98 -61 -62 91 -64 -65 -66 69 110 94 -70 -71 79 99 -74 77 75 -77 -78 -79 93 -81 -82 82 84 -85 -86 -87 -88 88 89 -91 -92 -93 -94 -95 -96 -97 -98 -99 -100 -101 101 -103 -104 -105 115 -107 -108 -109 -110 -111 -112 -113 -114 -115 -116 -117 -118 -119 -120 -121 122 -123 -124 -125 -126 -127
leaf_value=0.010446674511034412 0.014945656998768653 -0.015888957801787781 0.051169158368158066 -0.0089806590483911108 0.002395390767145132 0.015097841481782618 0.0041125467973558176 0.0057493045162418681 0.0045878428111625711 -0.016171076377479488 -0.00026039927433800942 -0.0017436662540225663 -0.0097126276571348254 0.035591915159241178 -0.0027834621380275659 -0.003177597185697436 0.029168526665773034 -0.053551701766122534 0.011194658010811112 0.0038069230221542045 -0.0058074273183173685 0.028841109933353204 0.0046311603415244568 -0.00095887890473214687 0.00052215139655794457 -0.0014595858804513681 -0.047771998432252327 -0.0030622426640723598 -0.042705916344126342 0.013074503602795341 -0.038588306244598587 -0.0013541883502832183 -0.027825366907168511 0.0016728074243182551 -0.0055822085349932389 -0.0041484486698394763 0.011573419980307489 0.0010302855567688692 -0.040481901915447219 0.0014017843765231259 -0.015931149008720304 0.0029843040050414444 -0.022649163761220406 -0.010941489698692327 -0.0039100740274024496 0.011241444537978229 0.0027324539748296932 0.0037674475979439246 0.0015488663280526296 -0.0037980182238026832 0.0024575944665205531 0.0059158045308802566 -0.00029096029478680997 -0.010201545596247735 -0.00047379538989301626 -0.01609618845002898 -0.0082821445434429226 -0.0019502751898845261 -0.03250332328804878 -0.019933545666492254 0.013257393628673307 0.016966379383082451 0.0011168126094082209 -0.017052519200297166 -0.02751642744250132 -0.0012104824651525449 -0.0081144692706770754 0.0098513401269213936 0.0076383859433282637 0.018825658472114561 -0.014105888747894394 0.0073396065526637093 0.0015154498644540661 0.046429045323254314 -0.014563359506080932 0.018839871936543431 -0.049939476467612577 0.00025597994400590555 -0.00061500038102120719 -0.037306411254241924 -0.015662590351684057 -0.039630487793262115 0.00090049237067192775 -0.011639495853735029 -0.0031842948967241835 0.014265340504547584 -0.0039258108595257692 -0.014484212184389634 -0.001291410753144744 -0.011655110948226213 -0.020439128319856711 -0.01271294132224512 0.033407438165687385 0.012030885366278775 0.0058478128116358141 -0.0071819606008697622 0.027433512292093995 -0.0036069983468448308 0.0045760403893712921 0.0027640650306958144 0.011492717137817292 -0.0010725426837594986 -0.0078547108923446435 0.027494600151538474 -0.006356578556078513 -0.0019047957903974792 -0.021955645188625722 -0.024247859396613992 0.022423233717226949 0.00021377340178178766 0.0063312138225475757 0.047345390561381928 -0.011767851663868486 0.0032124730218874875 0.012252564031648913 0.021276584754958854 0.0055318137298037591 0.027841186518936713 0.018777828161648337 0.01197840197387081 0.043944260752232484 0.0020133487670433137 -0.0052559532340200688 0.00077298684269361717 0.0076832090407636892 -0.0033711354484409909
leaf_weight=1083.0570322573185 716.60566459596157 1381.4286390990019 125.55046673119068 8466.1739529520273 31994.221871674061 585.63021464645863 8562.2306847125292 6338.8527260273695 6788.2792270928621 3026.3236971497536 11714.856212943792 15482.499580278993 413.08678303658962 266.27476070821285 11636.587884277105 6996.8281447589397 1056.9629040062428 298.29454502463341 1467.561750665307 3282.8356074988842 2761.9972900152206 330.43240009248257 44614.628512516618 13873.81329677999 14726.17967441678 7349.8339472860098 130.01405312120914 19748.471876382828 197.39375068247318 3420.2642797231674 593.6807719618082 26294.360205098987 354.59395995736122 7217.8827469497919 914.15241198241711 3931.8734518736601 4061.7643146514893 1402.6297015398741 469.20518130064011 34671.31375734508 3048.0874454975128 14926.14042057097 889.88588394224644 4878.3564957231283 6434.4864799678326 5696.6757400929928 24183.921344995499 7072.0151193290949 149.09542468190193 3494.3575098365545 28067.273238509893 27982.339896276593 3714.0442096740007 2185.334635540843 18049.770799353719 3407.5605117529631 4380.1333030462265 23420.555284902453 167.17401500046253 610.78304228186607 1740.2432041019201 4772.0101689100266 2542.3351860493422 3453.3871556073427 133.71914137899876 1377.2886988520622 3759.086608082056 826.54689502716064 11525.905388906598 953.75786699354649 2352.8968452215195 1774.2500946521759 4639.3006293773651 165.36732667684555 686.7425766736269 141.87375442683697 261.76276677846909 285.50076912343502 59702.6678994596 177.46990776062012 292.24517853558064 433.35532641410828 1759.6798156946898 1661.9957660585642 10993.751151740551 381.66494631767273 4988.5911323279142 7907.2228435277939 3905.4802153259516 4353.9486735314131 213.72797083854675 245.6065388917923 225.28979940712452 1312.1356634199619 2018.4844686388969 7218.0760609209538 2068.8205968886614 72891.181131690741 1243.4893598407507 10927.807012245059 7411.6082623898983 2873.7244396954775 2072.5377707928419 689.41707848012447 1903.3336103707552 30362.055064931512 776.29506430029869 530.37920527160168 313.28267650306225 286.14560189843178 1276.3318571001291 259.54403156042099 2534.5369956642389 20550.540798589587 321.85858808457851 379.57624462246895 345.78158503770828 179.24009042978287 550.92086291313171 5516.7627291232347 261.02953724563122 2240.0241630375385 4540.0570527166128 4989.5972143411636 817.57155676186085 20057.505590498447
leaf_count=4355 2870 5531 513 33940 128332 2346 34463 25392 27264 12194 46920 62029 1661 1066 46604 28020 4237 1208 5878 13187 11081 1325 178795 55622 59242 29451 521 79406 803 13709 2397 105303 1423 28884 3668 15739 16265 5616 1879 138793 12219 59762 3565 19543 25784 22808 96998 28434 601 14008 112444 112107 14893 8752 72375 13650 17542 93980 669 2454 6968 19274 10174 13832 539 5527 15048 3309 46151 3828 9456 7104 18577 662 2750 568 1048 1143 239107 712 1173 1751 7061 6715 44263 1532 20084 31888 15725 17556 856 990 902 5255 8078 28891 8356 292088 4986 43753 29870 11560 8336 2800 7660 121853 3116 2124 1255 1146 5112 1047 10155 82291 1293 1523 1386 720 2206 22317 1045 8976 18190 19985 3276 80295
internal_value=0 -0.00152795 0.00109037 0.000736397 0.00171227 0.00302249 0.00443236 0.000518208 -0.00274382 -0.00473293 0.000150918 0.00355668 0.00584427 -0.000367842 -0.000415458 -3.41476e-05 0.000279377 -0.00607259 -0.00187878 -0.00590025 0.00150237 -0.00478307 0.00224842 0.00330517 0.00323947 -0.000155942 0.000104652 -0.00648638 -0.00345458 0.000278649 -0.000984636 2.09296e-05 0.008922 -0.00473368 -0.0185777 -0.00351619 0.00428244 -0.00943105 -0.0179176 -0.000539688 -0.00272852 0.000177008 -0.00273082 -0.00382858 0.00197221 0.00342253 0.00470276 0.00845805 0.00545225 0.00161415 0.00232694 0.00483743 -0.00513882 0.000366868 -0.00071817 -0.00303992 -0.00676712 0.000558734 -0.0108333 -0.000292481 0.00216804 0.0135948 -0.00728886 -0.0101825 0.0143641 0.0153855 0.00146869 0.000972567 0.00396164 0.00698739 -0.00244586 -0.00288938 -0.00324258 -0.00408557 -0.00527176 -0.0187097 -0.0243262 0.0171911 0.000230321 -0.00282109 -0.0348012 -0.00824309 -0.00747892 -0.0174285 -0.00676743 -0.00891906 0.000981525 -0.00941267 -0.0105352 -0.00675462 0.0100958 0.0155136 0.00343667 -0.000343048 -0.00316936 -0.00543187 0.0215964 -0.00383544 0.000181862 -0.000744488 0.00502473 0.00759254 0.00178033 0.00994989 0.00872486 -0.00263584 -0.00682585 -0.00951374 0.00119948 -0.0147776 -0.00445291 0.0306362 -0.00494619 0.00214382 -0.0109341 0.000393012 -0.0113566 -0.00341329 0.000594708 0.0128505 -0.00288378 -0.00686484 -0.000212392 0.00356106 0.0164587 -0.00250068
internal_weight=0 365200 474661 429201 227844 123885 45459.6 136123 229077 69429 103959 116274 42303.3 201357 201091 184945 175816 9128.62 159648 57652.1 102192 16146.4 73970.9 58488.4 39817.3 7680.27 174759 54369.3 19945.9 171627 88198.4 69545.1 4120.64 18653.3 1507.83 17145.5 18067.8 3131.66 1729.03 65424.4 30753.1 52615.8 20084.1 18616.5 32531.7 26097.3 36872.6 12688.7 24480.3 83429 71792.4 31476.7 7610.51 40315.7 85891.5 30476.8 12427 55414.8 4458.75 15337 14006 5430.7 9927.6 7385.26 5616.64 5482.92 20186.8 38130.4 34838.4 2331.05 33930.9 107032 9019.43 8538.08 8087.21 1090.38 948.505 450.868 67353.7 33214.3 590.54 34423.4 31397.1 2095.35 29301.7 18308 11776.9 17926.3 16166.7 8259.43 5910.4 5017.62 15151.4 61014.8 10063.1 8044.62 3151.88 74272.6 1410.66 32759.6 24071.7 13436.9 10634.8 10563.2 9873.76 33036.8 7024.88 1259.82 729.442 416.16 5035.42 408.639 6248.58 23312.5 2674.76 2462.15 700.376 2082.57 12265.8 5642.31 17726.6 7118.38 10608.3 6068.2 1078.6 21831.8
internal_count=3367737 1464391 1903346 1720240 913733 496918 183106 545461 918930 279429 416815 466408 169962 806507 805441 740725 704153 36572 639501 232081 409277 64716 296446 234417 160276 30776 699916 218894 80209 687375 353182 278488 16518 74694 6065 68629 72359 12541 6925 261970 123177 210730 80458 74580 130272 104488 148037 51039 98580 334193 287589 126115 30510 161474 344456 122144 49769 222312 17874 61696 56094 21925 39745 29571 22605 22066 80824 152722 139523 9355 136184 428771 36119 34191 32386 4366 3798 1805 269754 133314 2381 138685 126491 8466 118025 73762 47348 72230 65169 33281 23664 20264 60664 244362 40278 32200 12711 297619 5655 131152 96932 54133 42799 42573 39773 132602 28164 5046 2922 1667 20160 1648 25048 93372 10749 9903 2809 8380 49126 22830 71015 28519 42496 24306 4321 87399
is_linear=0
shrinkage=0.1


Tree=19
num_leaves=127
num_cat=0
split_feature=32 38 38 29 15 3 6 42 19 44 1 20 41 42 34 42 16 33 9 39 39 42 22 19 22 8 16 1 34 30 46 44 15 42 19 39 21 42 8 46 44 7 46 38 5 33 8 41 7 8 35 5 38 15 1 35 40 44 38 35 39 8 33 23 44 32 8 7 39 44 9 44 7 3 19 14 38 8 2 44 5 13 41 30 44 32 23 15 11 44 38 34 23 41 41 41 25 44 42 25 29 19 46 39 28 38 39 38 11 16 23 8 6 5 41 27 31 31 32 9 34 46 14 32 27 20
split_gain=123.717 54.8046 43.328 55.9352 52.4118 40.0098 30.6736 29.3701 37.5367 34.0204 27.1168 34.5558 31.3991 27.85 27.0808 26.8283 46.689 29.6205 26.366 25.9416 32.4065 30.3232 29.7526 36.4757 25.321 24.8616 24.6746 24.6741 24.5622 24.2172 40.3522 31.1918 26.243 26.6144 38.4043 26.0006 25.0439 24.0975 26.6487 26.1682 23.4292 23.2777 23.1638 22.9612 23.3731 22.891 22.5626 22.0951 21.9898 21.8605 21.8337 27.3335 21.804 21.5964 21.4254 26.9058 23.4359 21.4072 32.446 32.0652 21.4817 21.0905 29.4103 20.9198 20.4549 20.3726 20.1936 20.0957 20.031 20.0288 19.9337 19.6068 23.0105 22.8975 23.707 22.8291 21.3268 21.2233 21.1893 21.5741 21.2674 19.5844 19.5542 20.4433 19.3178 19.2774 24.1929 24.2018 19.1889 19.0545 18.9811 23.1296 24.6105 18.9628 18.8825 37.5211 24.3594 20.9354 29.3149 20.7144 18.879 18.7311 18.6478 21.6558 18.6312 18.5315 18.4024 49.8457 25.1892 19.5246 18.4532 22.9756 18.596 22.0938 21.3978 19.3214 18.3267 18.3244 18.3192 18.1606 17.9951 27.6797 17.9815 17.9673 24.6624 25.5427
threshold=6.3390052673639743e-05 16.500000000000004 5.5000000000000009 0.0023946902947500352 0.78736421465873729 -0.0044678475242108098 0.0015955096459947529 0.24499999731779101 0.00014842618838883939 -0.31499999761581415 0.00082074743113480519 -0.00063327548559755076 4.2249999046325692 0.12999999709427359 4.9544489383697519 1.3750000000000002 2.5813778847805228e-05 0.0060209927614778289 0.00015266169066308069 5.5000000000000009 1.0000000180025095e-35 0.24499999731779101 35.636718750000007 -0.00051542557775974263 58.173744201660163 0.0020437134662643079 1.0000000180025095e-35 -0.0018293929169885812 0.70964774489402782 -0.00091514372616074968 -6.4999999999999991 0.65999999642372142 0.11028550937771799 0.50499999523162853 -0.00040180697396863247 4.5000000000000009 -0.56372752785682667 -0.34499999880790705 0.00066727717057801794 12.500000000000002 0.80000001192092907 0.004522161092609168 -18.499999999999996 20.500000000000004 -0.028227541595697399 -0.00062784654437564303 0.0013569884467869999 1.2050000131130221 0.0020545993465930228 0.00011797929255408236 8.6755000666016726e-05 0.013412240426987411 19.500000000000004 1.10953825712204 0.0023524471325799827 8.6755000666016726e-05 1.5000000000000002 0.12499999627470972 20.500000000000004 0.00043307000305503612 5.5000000000000009 0.0025362329324707393 -0.020494173280894753 -0.00060975638916715969 0.14500000327825549 0.0033722899388521914 0.00048529627383686608 9.6554525953251882e-05 1.5000000000000002 0.044999999925494201 0.00034658735967241233 0.38499999046325689 0.0013061297941021623 -0.0077968481928110114 0.00065949687268584978 0.0062043068464845428 11.500000000000002 0.0011235859128646555 -0.0061260377988219252 -0.44499999284744257 -0.0088156340643763525 0.00012575535220094028 4.0850000381469735 -0.006648801499977707 0.16499999910593036 0.0025828250218182807 0.00046537513844668871 0.54828798770904552 -0.00068344190367497493 0.69500002264976513 13.500000000000002 -0.36321786046028132 0.00050089452997781347 3.7350000143051152 0.20500000566244128 1.9499999880790713 0.030802414752542976 -0.12499999627470969 0.25499999523162847 0.014872014522552492 -0.0015752597246319053 0.00021242030925350266 -26.499999999999996 5.5000000000000009 -0.023021739907562729 18.500000000000004 1.0000000180025095e-35 20.500000000000004 -0.00066755307489074756 0.0013351091183722021 -0.0018934075487777589 0.0010655767982825639 0.00087211609934456657 -0.045426752418279641 4.2249999046325692 0.0063508222810924062 0.00025390216615051037 -0.034308521077036851 -0.0039482987485826007 0.0017669568187557163 -0.61642214655876149 12.500000000000002 0.0075368820689618596 0.0023324987851083283 -0.0038982554106041785 0.0044236241374164828
decision_type=2 2 2 2 2 2 2 2 2 2 2 2 2 2 2 2 2 2 2 2 2 2 2 2 2 2 2 2 2 2 2 2 2 2 2 2 2 2 2 2 2 2 2 2 2 2 2 2 2 2 2 2 2 2 2 2 2 2 2 2 2 2 2 2 2 2 2 2 2 2 2 2 2 2 2 2 2 2 2 2 2 2 2 2 2 2 2 2 2 2 2 2 2 2 2 2 2 2 2 2 2 2 2 2 2 2 2 2 2 2 2 2 2 2 2 2 2 2 2 2 2 2 2 2 2 2
left_child=5 2 3 40 14 10 29 -6 -9 -10 11 13 28 41 18 24 -17 43 26 20 42 -22 54 -24 53 106 -4 -26 -12 30 36 52 33 34 35 -31 -7 38 -34 -40 -2 61 -5 44 -18 -38 105 -11 -27 -28 51 -50 -32 -3 55 -23 -57 58 59 60 -29 -1 64 120 -63 -16 -35 -36 -54 -61 -44 73 75 74 82 -73 88 -74 -78 -80 -81 -14 83 -20 -47 86 -62 -88 -75 117 91 -82 -93 -76 96 -96 -70 99 -99 -97 -69 -58 103 119 -8 -46 107 109 -109 -15 111 -108 113 -112 -114 -116 -84 -83 -52 -65 121 -39 -113 -90 125 -125
right_child=1 15 4 19 7 6 104 8 9 47 12 -13 81 25 65 16 17 -19 71 -21 21 22 23 -25 27 48 49 57 -30 32 31 -33 37 66 67 -37 45 63 39 -41 -42 -43 70 -45 46 84 -48 -49 50 -51 118 -53 68 -55 -56 56 101 -59 -60 69 85 62 -64 102 -66 -67 -68 100 94 -71 -72 72 77 76 93 -77 78 -79 79 80 90 89 116 -85 -86 -87 87 -89 123 -91 -92 92 -94 -95 95 97 -98 98 -100 -101 -102 -103 -104 -105 -106 -107 110 108 -110 -111 112 122 114 -115 115 -117 -118 -119 -120 -121 -122 -123 -124 124 -126 -127
leaf_value=0.0028718608229100877 -0.0020179897185159932 0.0023051979011644787 0.0020484650702590891 -0.018672581949107907 -0.0036451148665364468 0.0077906785904661218 0.0085587359531548429 0.008926172976633508 -0.0041465970625389585 -0.023839937268016864 -0.00039658992272336064 -0.0075137518179327475 -0.0023476790441249707 0.017384472265866795 -0.012821337159573646 -0.010466599564700861 -0.010443894358995679 -0.01277244646633964 -0.0036169398964202718 0.010150406178512456 -0.0020309302797762159 0.03772826447020481 -0.014791009397493433 0.0052197717297369954 0.0054196126951736442 -0.014608621607728432 -0.042048930674383631 0.0053818673320213057 -0.010053071751224961 0.0018504291901438902 0.0026465201761640932 0.027601159739353544 -0.0065990110577449747 0.016027502216657219 -0.027904161472626046 0.010210814871464743 -0.0006731303268192176 0.012979927920386686 0.0018862210077286912 -0.014263749423132797 0.034785999082335449 0.02987772502459754 0.040311778654453997 -0.001785738206756176 0.011061355901195113 -0.012779909832598246 -0.019437248065802257 -0.011009012177448639 -0.011760781767764138 -0.01313476804855287 0.03009646947676798 0.023179560880830209 0.00074616649771967042 -0.0086237036630707597 -0.014263714190145433 -0.0054369922843465392 0.0038020896215881228 -0.0061134244914966898 -0.0052111148287877383 -0.054363185682887706 -0.0021898763257291206 -0.0039157209099703093 -0.018616247772302027 -0.015388490060870631 0.03893333316216608 0.02043769198872851 0.0046374298926251008 -0.0088622939258114503 0.0095294945832821339 -0.0049623809472213974 0.010861378653638124 0.0030175130095078349 -0.047102617971094385 -0.011203588043035062 -0.037903831247652932 0.021172658272878786 0.0091766096329609602 -0.0049212542647622181 0.001403075380533141 -0.0081517709188837825 -0.012666623070262409 0.032461737677854756 0.0063352720076474273 0.016943630952699049 0.0031733111408310706 0.0090499201026036005 -0.0069765390036053811 -0.056685376075395311 -0.0019745651814658967 0.04390974883680248 -0.001311773705729376 0.00052856981897444642 -0.012171721032924909 -0.0019747972708023531 0.039849986688695271 0.016227739974332266 -0.039621724821526594 0.010780256678478751 0.037559516592787646 -0.011087837347973813 0.0004609264109585356 0.051233543178621499 0.00013932072672160232 0.012854350021021858 -0.0049549105038433272 0.032586239321240183 -0.013313149857044319 -0.018306257421065359 0.029826209509948694 0.042201005238305632 -0.012332702465876512 -0.0072174499781971144 0.0070521741089260639 0.0058777514625705848 0.010334769344689507 0.024547235901607525 -0.0077963517077569771 0.0041300585873498535 -0.011524557784017626 0.012930250351326856 0.0018022366604569908 -0.019904487377789066 0.010277526724961579 -0.011499912826583339 0.0037839849094135551 0.0033768667716922753
leaf_weight=52389.61510206759 69025.518730700016 74719.804625436664 927.37628637254238 247.17721442878246 36586.914402931929 2201.5468552410603 1106.3515377789736 1191.5909789502621 7743.7761548012495 1532.5143112540245 7152.002006739378 2668.4627334028482 5018.9931016266346 2163.3237121105194 231.41849152743816 5602.5172885358334 326.28797671198845 936.29358695447445 638.08007864654064 4467.7832936495543 15588.946794316173 607.33469462394714 1044.7389482706785 7111.000955119729 4836.0179897546768 975.27898760139942 311.63759417831898 10214.24734954536 4169.8422276079655 13321.720307290554 46757.559646859765 541.55601418018341 11339.397344663739 2297.9993753582239 326.32085254788399 5161.0399218201637 8529.2338084578514 3232.5871920287609 10080.745121315122 1114.1925095170736 173.40301918983459 313.15569727122784 248.3184761852026 1616.3149034380913 779.23627454042435 3621.7416163831949 142.32997217774391 10800.633313268423 944.97376650571823 1624.6299022883177 438.47066044807434 293.41133780777454 2505.0793185532093 1852.9627132862806 185.19470693171024 443.49003520607948 153.14585217833519 9799.6210390925407 8323.493740901351 152.66220715641975 531.40514566004276 316.79679054021835 1034.4164972007275 1990.3313577920198 171.83722238242626 902.13822977244854 4824.1626498103142 3273.0596194416285 272.8115768134594 177.48707437515259 3086.6399268060923 5999.9505276679993 149.73940996825695 1811.8321470618248 229.08763855695724 782.99873226881027 1216.2919167429209 586.40930525958538 6048.5932157635689 14126.987610265613 4028.8308874219656 233.00885924696922 2336.4237410277128 1997.418267339468 960.28535415232182 451.07179413735867 174.93743692338467 222.54169610142708 39467.484261497855 125.31521475315094 17186.675253555179 5152.5486304312944 2167.6840400397778 409.43664354085922 476.87661677598953 439.05100984871387 159.94931456446648 3202.3855507820845 468.59743112325668 755.06409700214863 6456.0010871738195 182.44776250422001 156364.99518334866 408.89681755006313 13104.997770532966 821.7782725840807 965.61514200270176 567.67684625089169 134.4849378913641 371.46736344695091 717.52404941618443 865.08851011097431 6354.9039476513863 9320.6940698772669 2218.9417327642441 1681.3014379441738 1511.3078020364046 11269.072326868773 139.36135615408421 255.52823266386986 8087.4805206805468 277.97620908915997 1830.8036304265261 2484.8291017711163 14529.814833879471 2155.070998609066
leaf_count=210573 276880 299345 3717 990 147037 8821 4433 4785 31203 6183 28662 10688 20143 8718 927 22498 1307 3752 2556 17915 62435 2434 4186 28496 19367 3920 1262 40971 16722 53452 187526 2174 45402 9259 1329 20768 34196 12943 40353 4460 695 1269 994 6475 3122 14512 570 43468 3803 6522 1772 1179 10049 7453 743 1778 614 39312 33417 612 2134 1278 4157 7968 693 3614 19372 13106 1094 712 12365 24027 600 7259 917 3138 4872 2349 24242 56576 16134 934 9363 8003 3847 1815 701 895 158081 503 68858 20639 8697 1639 1912 1765 641 12841 1883 3030 25903 731 626312 1638 52497 3292 3892 2290 540 1509 2887 3476 25592 37553 8929 6825 6053 45182 561 1023 32382 1113 7390 9981 58207 8654
internal_value=0 -0.00120703 -0.00195565 -0.000304153 -0.00286209 0.00122088 0.000636594 -0.00536297 -0.00831809 -0.00934155 0.00281795 0.0036898 0.00010974 0.00404482 -0.0017406 0.000573667 -0.00432876 0.00311078 -0.001877 0.00305894 0.00196258 0.00070293 0.00508418 0.00265642 0.0010234 0.00649048 -0.0113644 -0.00120973 -0.00395308 0.000851846 0.00246679 0.00371909 0.000351496 0.00284393 0.00147916 0.00418494 -0.00207852 -0.000108664 -0.00318212 0.000278872 -0.00192576 0.00269253 0.010865 0.00714539 0.0141203 -0.00373568 0.0187178 -0.0126034 -0.00249673 -0.0177884 0.00400715 -0.00348235 0.0034841 0.00204073 0.0176828 0.0219502 0.0096504 -0.0022767 -0.000419787 0.00292468 0.00379973 0.00253463 -0.00906552 0.000297262 0.0111529 0.0136478 0.00831249 -0.00349433 0.00821403 -0.0278055 0.0130542 -0.00165969 0.00329083 -0.00197649 0.00351921 0.00511328 -0.00233108 -0.0135013 -0.00386058 -0.00418611 -0.00497853 0.00287302 0.00532988 0.0119657 -0.00943649 -0.00791102 -0.0161474 -0.0348077 -0.0010678 0.00512654 -0.00340758 -0.00658139 -0.00323227 -0.0148653 0.0114536 0.0130811 -0.0086369 0.0104573 0.0141986 -0.00104447 -0.0026756 0.0295885 -1.78068e-06 -0.00831264 -0.00390288 0.0221098 0.0074131 0.0144901 -0.00908745 0.0210213 0.00645681 -7.72848e-05 0.00763575 0.00457608 0.0106307 0.0164614 0.000784668 0.004704 0.0200583 -0.0121665 0.00439741 0.010376 0.00466354 -0.000754614 0.00175708 -0.00459017
internal_weight=0 411116 289435 102565 186870 428761 313916 57855.4 21268.5 20076.9 114846 86877.6 27968.2 84209.1 129015 121681 10224.8 4622.24 127881 33366.2 28898.4 25316.3 9727.35 8155.74 111456 29983.3 2863.64 34883.5 11321.8 299704 70891.7 55578.9 228812 35660.3 28538.1 18482.8 15312.8 193152 22534.3 11194.9 69198.9 54225.8 3582.14 3685.95 2069.63 13111.3 1743.34 12333.1 2791.5 1936.27 1816.22 1238.39 55037.4 76572.8 1571.61 1386.42 779.084 30047.5 20247.8 11924.4 11594.2 53912.7 1523.05 170618 488.634 1133.56 7122.16 10055.4 8279.81 330.149 3334.96 125017 7519.1 117498 7121.75 6782.95 110377 736.149 49927.6 48711.3 42662.7 16646.4 6483.23 2635.5 4582.03 1379.96 928.884 397.479 60449 11627.4 28535.7 11349.1 7320.23 638.524 5774.74 5341.97 432.761 4865.1 3670.98 1194.12 9729.06 335.594 159020 2654.76 14211.3 1601.01 27191.8 3236.95 702.162 2534.79 23954.9 3661.51 20293.4 10038.2 10255.1 3900.24 3847.73 11502.1 577.832 2245.86 11598 3510.56 2695.89 58637.2 19169.7 4639.9
internal_count=3368213 1648569 1160819 411256 749563 1719644 1258004 232676 85639 80854 461640 349494 112146 338806 516887 487750 41016 18518 512346 133681 115766 101417 38982 32682 446734 120836 11501 139936 45384 1201074 284291 222915 916783 143189 114558 74220 61376 773594 90215 44813 277575 217970 14349 14766 8291 52555 6984 49651 11235 7784 7315 4982 220741 306798 6300 5557 3123 120569 81257 47840 46516 216701 6128 683379 1971 4541 28631 40338 33215 1324 13359 500845 30114 470731 28531 27165 442200 2949 200018 195146 170904 66762 25975 10559 18359 5545 3730 1596 242182 46619 114328 45470 29336 2556 23166 21431 1735 19519 14724 4795 39009 1345 636941 10629 56930 6414 109601 13057 2830 10227 96544 14758 81786 40440 41346 15754 15416 46116 2333 8991 46438 14056 10866 234923 76842 18635
is_linear=0
shrinkage=0.1


Tree=20
num_leaves=127
num_cat=0
split_feature=33 10 37 42 46 39 34 31 18 37 37 6 32 15 5 39 44 37 43 19 26 12 32 12 38 44 46 45 14 43 19 43 44 43 43 44 6 15 43 34 43 32 43 37 31 8 37 37 43 43 43 44 22 44 31 44 22 30 15 45 45 8 44 32 43 44 1 26 46 30 25 32 15 37 12 37 37 46 43 42 43 28 46 26 46 45 14 42 32 35 24 37 8 17 3 45 34 3 43 39 5 22 4 19 39 43 5 34 25 22 11 34 43 40 32 10 30 44 27 19 35 27 31 14 39 25
split_gain=88.0367 39.6259 50.7049 54.277 40.0299 45.7468 40.8104 39.2257 37.9745 38.208 37.0802 36.8095 36.1686 33.7167 32.8317 31.9507 31.9371 29.8401 28.9923 37.0657 28.8903 40.2687 28.1072 27.9041 26.4436 25.7346 25.4583 25.1529 25.081 25.0507 35.8936 29.0013 30.1379 25.5439 23.8679 33.9602 29.6805 27.0124 24.1322 23.6729 27.3405 23.6149 23.2665 29.4124 22.849 22.7534 22.7235 33.6315 42.8193 43.7585 32.4864 31.9108 31.2647 25.0478 25.1194 24.2959 22.511 26.9079 24.2131 22.4854 36.1665 22.4765 22.2936 26.3957 33.9988 29.9801 24.513 22.2836 26.1501 26.1345 22.2467 29.187 24.4593 27.4056 30.2574 28.2902 26.1404 23.9713 29.2631 23.3768 33.7445 27.6124 22.1755 28.4492 32.63 37.4737 42.3923 22.1413 21.8704 26.2372 21.8519 21.7521 21.6835 31.0301 23.6508 21.6797 21.6107 25.8552 21.5749 22.6029 21.4354 21.4183 21.3525 23.3077 21.3066 26.7599 28.7702 21.3061 22.8002 21.2278 21.2259 21.0941 23.5302 28.3919 21.0755 20.9907 22.5622 20.9627 26.9859 20.9305 20.8732 20.767 20.7618 22.2006 20.7056 20.6838
threshold=-0.0011437872890383003 42.767545700073249 7.9333331584930429 0.12999999709427359 2.5000000000000004 3.5000000000000004 -0.5332888364791869 -0.0026785240042954679 -0.0025429622037336226 1.6000000238418581 7.7666666507720956 0.0045465235598385343 -0.0023157710675150152 0.65940168499946605 0.042398300021886833 5.5000000000000009 -0.4849999994039535 7.7999999523162851 -0.10000000149011611 0.0011747837415896358 0.12366345524787904 -0.00069023368996568013 0.0041292293462902316 0.0013620593817904594 18.500000000000004 0.73000001907348644 32.500000000000007 57.500000000000007 0.00080272412742488097 -0.93500000238418568 -0.00019370127847651017 -0.40500000119209284 -0.59499999880790699 -1.0099999904632566 -0.77499997615814198 -0.1950000002980232 0.00024479131388943648 0.4851051419973374 1.0850000381469729 -0.90109562873840321 0.46500000357627874 -0.00094745567184872914 -0.42499999701976771 0.29999999701976782 0.0061860803980380305 0.00020419756037881601 5.4333331584930429 5.6000001430511483 0.47499999403953558 0.35500000417232519 0.13499999791383746 0.30500000715255743 60.176479339599616 0.23499999940395358 0.0075969069730490455 0.37500000000000006 47.714673995971687 0.00035879240022040909 0.36056664586067205 28.500000000000004 24.500000000000004 0.0011311601847410204 0.054999999701976783 0.00091278483159840118 0.095000002533197417 -0.42499999701976771 -0.00022033924324205143 0.17644546180963519 -6.4999999999999991 -0.007922269403934477 0.011248508002609016 0.0046560275368392476 0.29848685860633856 6.1666667461395273 -0.0037663171533495183 6.5000000000000009 6.4333331584930429 -3.4999999999999996 0.2950000017881394 1.3750000000000002 -0.32500000298023218 0.010427634697407486 -12.499999999999998 0.27691814303398138 -23.499999999999996 33.500000000000007 0.0034952505957335238 0.24499999731779101 -0.0020406494149938221 0.00042032499914057558 0.0024660906055942182 5.1333334445953378 0.0020947570446878676 0.003188627073541284 -0.001577113813254982 35.500000000000007 -0.74734866619110096 -0.0001916994515340775 0.79500001668930065 1.5000000000000002 -0.00047598793753422791 39.449335098266609 -0.0086270826868712885 0.0013692767242901029 3.5000000000000004 0.23499999940395358 -0.034271290525794022 -0.47682166099548334 0.033650979399681098 36.946228027343757 -0.00021314554760465396 3.1372281312942509 -0.35500000417232508 1.5000000000000002 -0.0050533541943877927 36.374258041381843 0.0069263391196727761 0.21499999612569812 -0.0014269936364144085 -0.00060185612528584887 -3.1799999078430115e-06 -0.0030345370760187502 -0.0080801178701221926 0.0044687930494546899 2.5000000000000004 0.062782574445009245
decision_type=2 2 2 2 2 2 2 2 2 2 2 2 2 2 2 2 2 2 2 2 2 2 2 2 2 2 2 2 2 2 2 2 2 2 2 2 2 2 2 2 2 2 2 2 2 2 2 2 2 2 2 2 2 2 2 2 2 2 2 2 2 2 2 2 2 2 2 2 2 2 2 2 2 2 2 2 2 2 2 2 2 2 2 2 2 2 2 2 2 2 2 2 2 2 2 2 2 2 2 2 2 2 2 2 2 2 2 2 2 2 2 2 2 2 2 2 2 2 2 2 2 2 2 2 2 2
left_child=1 2 3 11 5 17 45 18 26 13 15 16 -12 22 62 20 56 70 101 39 21 27 29 46 -17 28 42 -5 -15 30 33 32 -31 -10 35 36 -8 -37 -36 40 -20 90 43 -2 -24 -7 52 48 49 50 109 96 55 54 -50 67 58 -58 -1 60 -19 82 63 -9 -65 -66 -67 68 -11 -69 110 72 -72 74 124 76 -75 78 102 81 91 -79 83 -49 -85 86 120 -4 -77 107 -18 -81 94 -94 -22 -14 -52 -98 119 -100 -88 -6 103 -76 115 106 -106 -90 -109 -48 -3 -44 113 -113 -107 -63 -117 125 -119 -33 -86 -25 -29 -124 -74 -80
right_child=8 4 87 10 7 6 34 14 9 23 12 -13 95 25 -16 24 41 59 19 -21 92 -23 44 121 -26 -27 -28 122 -30 31 -32 98 -34 -35 38 37 -38 -39 -40 -41 -42 -43 111 -45 -46 -47 47 61 53 -51 51 -53 -54 -55 -56 -57 57 -59 -60 -61 -62 104 -64 64 65 66 -68 69 -70 -71 71 -73 73 75 77 88 -78 79 117 80 -82 -83 -84 84 85 -87 100 -89 89 -91 -92 -93 93 -95 -96 -97 97 -99 99 -101 -102 -103 -104 -105 105 114 -108 108 -110 -111 -112 112 -114 -115 -116 116 -118 118 -120 -121 -122 -123 123 -125 -126 -127
leaf_value=0.02095442833408313 -0.02468870008810771 -0.007021250869993681 0.037716437572932832 0.0031564178788876887 0.012171140619073616 0.041317518309674867 0.029740745283337311 -0.00086581964897742376 -0.0065165940772587269 -0.0056546578741192254 -0.03282235039730734 0.029014472851266682 0.035498617114656947 0.020852490092203999 0.0069034248970375207 0.016573299116927991 0.0091989233909276682 -0.01105169944920751 0.0050134201131182363 -0.011021638235993369 0.0043405267208757141 0.016210327142665508 0.010675057043209958 -0.0027077796544263204 -0.00028981205792420137 0.037980446436598793 -0.021814167406211147 0.049804133852502923 6.8974979577073693e-05 0.01252016711501424 -0.0058184517921182838 0.0018339986655798832 -0.0089228264967877863 0.041390771190895612 -0.0038540439942265216 -0.0025368073864886686 -0.010140787249539925 -0.039805368392654916 -0.044346172356823588 0.0030598716624153145 0.042532035237011212 -0.0025978006977927792 -0.0020564142893131424 -0.0046866646137562473 -0.0076537440503000433 0.00074443532493644992 0.025693402034178931 -0.011527585020620588 0.0074330476766771543 -0.041357981105272903 0.0377423448554201 -0.033166297187297376 -0.0018833885156602935 0.043103805092514685 -0.028989390242031999 0.0056956674155102674 -0.028853185396600228 0.0091264298033727972 -0.017566113808192532 -0.018469065928607774 0.040475966592623647 0.011578099908994945 0.0018057375394229577 -0.016123579585726518 0.017511761268514545 0.010950379287526249 -0.016287041808098483 -0.018295232339273059 0.009738711915277384 0.00074601498219226299 -0.0055012866802351531 -0.0059857868462857115 -0.0086133554995508326 0.012523944647822003 0.011675693824371157 -0.0021845856274889451 0.039505597661694723 0.0053842928305340328 -0.0010244580905088647 -0.0051362561428715536 0.019491784366036446 0.022185246534504193 -0.00057009299283856583 -0.0053750067852384974 0.050681490055162405 0.0038318390755869344 0.021678955138473212 0.0051985882281174543 0.017803091134788264 0.048522595446324007 0.00087693006969326737 -0.03484969486662582 -0.024354397788166882 0.0046456693045116969 -0.0065413931643437109 -0.010429924952847698 -0.027408137896278897 0.016693883549764036 -0.035801754859241398 -0.0075265238289294184 -0.0060676941742508718 0.0037612011564921717 9.5775404056091723e-05 -0.017189121300899789 0.011398285646936313 0.0066246414478799811 -0.0079941584498684892 -0.00080190429065180545 0.018038753378804728 -0.013077557249150221 0.00049399952367270422 0.0084557807166275173 0.0074933152800874458 -0.036438728797248486 -0.019051169092768595 -0.0046121688206705071 0.010454327414602343 0.019889058634163147 -0.024306958283114924 -0.0038590166873850185 0.02318301520153232 0.014476373411394889 0.051149099236571044 0.006953068412460058 -0.055081040433070487 -0.021582559283931897
leaf_weight=1727.2543440163136 763.63889655470848 5477.7223727852106 588.1225323677063 9743.8861856609583 7452.4619524627924 139.32583278417587 207.2999374717474 14698.76861590147 152.49532216787338 1392.4281437546015 499.78648887574673 461.72376857697964 162.43962571024895 597.20731976628304 6640.6106235086918 4219.4117688238621 3370.7192937135696 463.73517303168774 461.2344584017992 1841.1985014677048 19781.12208481133 4325.7899900078773 2325.8589642494917 1014.7095147669315 1192.8008082956076 186.22122749686241 679.60484632849693 181.84554988145828 20929.007800787687 683.97598606348038 666.79762876033783 8563.168444737792 15718.34555695951 411.96439056098461 33257.915929600596 273.67857946455479 1869.3700170069933 672.05880506336689 147.83651892840862 13118.302617371082 335.51657509803772 20401.176094472408 82727.58520051837 19713.675764650106 961.23196302354336 17413.552166849375 145.27702867984772 1016.8574996739626 1453.2050851434469 438.58900614082813 274.05253122746944 168.29239720106125 39459.378864198923 168.83116789162159 217.72169952094555 11466.416441783309 261.85199785232544 648.61537258327007 180.20381505787373 1353.0708799660206 192.86691749095917 1158.6010258346796 18283.217240974307 2983.580910935998 690.82736583054066 484.95871764421463 1036.8838387727737 724.54926371574402 5320.069152072072 139820.25183196366 3274.220677241683 4016.1989371180534 287.38937619328499 1661.1068174690008 3583.1303210109472 2590.4289101064205 458.08810114860535 15248.569411531091 6923.9450522661209 1916.4871343970299 514.52271427214146 1045.2755022794008 90159.354669645429 1952.6851616501808 375.4431080520153 4661.845224454999 456.36996449530125 325.15998367965221 1496.2595186531544 163.11834882199764 49360.70335817337 282.71881771087646 709.32677246630192 768.9351077824831 2221.5726748406887 279.81181561946869 184.73627994954586 474.04448063671589 380.17742834985256 1102.8376947194338 714.08164794743061 5101.147976487875 6663.9548868238926 303.4352298527956 1025.9869146198034 367.14527170360088 3007.7839233577251 2750.180837482214 838.03869086503983 5055.3571431487799 11972.078816637397 277.91339832544327 4097.0893170237541 285.66012585163116 2473.3465091139078 7906.6029092222452 1136.8421437144279 163.29568888247013 897.41529293358326 26268.110278099775 1042.5978215783834 2291.2622111290693 131.57600638270378 834.58316235244274 143.91188764572144 526.6229375898838
leaf_count=6955 3081 21944 2367 39353 29918 560 831 58885 612 5586 2010 1877 652 2402 26597 17073 13572 1859 1848 7385 79511 17449 9317 4063 4833 746 2730 738 83944 2743 2675 34340 63064 1652 133250 1097 7491 2693 592 52555 1344 81782 332589 79308 3853 69752 583 4074 5821 1757 1098 674 158167 676 872 45928 1052 2604 723 5422 773 4653 73223 11950 2768 1941 4155 2902 21362 560144 13112 16092 1152 6653 14365 10373 1835 61085 27725 7683 2062 4192 361273 7821 1504 18676 1828 1309 5991 653 198413 1133 2843 3094 8908 1123 740 1899 1524 4420 2861 20434 26689 1216 4109 1471 12051 11012 3356 20260 47942 1114 16433 1146 9905 31650 4552 654 3592 105229 4177 9172 531 3387 577 2109
internal_value=0 0.00124408 0.0026645 0.00248799 0.000384895 -0.0006734 -0.00289455 0.00225447 -0.000858478 -0.000414742 0.00524097 0.000864832 -0.0143903 -0.0023895 0.000413787 0.00566022 0.000693703 0.000920852 0.00516856 0.00231209 0.00465373 0.00804773 -0.00366235 6.12598e-05 0.0128568 0.000965788 -0.00252015 0.0048059 0.000645577 -0.00420937 0.00989074 -0.00453869 -0.00802865 0.028448 -0.00480318 -0.013313 -0.00615968 -0.0290205 -0.00403324 0.00407637 0.0208127 0.000291179 -0.00239859 -0.00543258 0.00531523 0.00106648 -3.19459e-05 -0.00108174 -0.00712564 -0.0108164 -0.00869074 0.00691303 0.000635678 0.00639616 0.00268721 0.00126193 0.0111403 -0.00179657 0.0173153 -0.0111006 0.00408377 -0.000640237 -0.000715001 -0.00303152 -0.0091577 0.000235153 -0.00760742 0.000916689 0.00654554 0.000647852 0.0012509 0.00222626 0.00286379 0.00342901 0.0022196 0.00810531 0.0183563 0.00251799 1.22334e-05 0.0050309 -0.00356236 0.0064621 -6.96759e-05 0.00434498 0.00609877 0.00918893 0.018837 0.026139 0.00533371 0.00904505 0.00140889 -0.00895607 0.00245413 -0.00926968 0.0032418 0.0064397 0.0141437 0.00432673 -0.00296235 -0.014775 0.00475098 0.00875377 0.00353139 0.00942214 -0.00399415 -0.00829735 -0.0030617 0.00777854 0.00359838 -0.0119945 -0.00186514 -0.00168765 0.00485804 -0.0143 -0.0157325 -0.00109461 -0.00271818 -0.00435009 -0.017503 -0.00245941 0.0304636 0.009202 0.0188062 0.0129719 -0.0241182 -0.00247755
internal_weight=0 324696 122378 121465 202318 129189 53981 73128.7 515017 406472 45052.9 76412.2 942.038 78947.4 44818.8 44110.9 75950.5 75207.8 28309.9 15756.3 38698.6 15217.7 57235 327525 5412.21 21712.4 108545 10891.9 21526.2 53947.9 1231.26 52716.6 16402.3 564.46 36428.2 3022.41 2076.67 945.737 33405.8 13915.1 796.751 73132.6 107866 20477.3 3287.09 17552.9 324219 126036 8580.11 6740.35 6301.76 1101.13 198183 1839.76 1670.93 158724 2817.93 910.467 1907.46 2009.67 656.602 117456 38178.2 19895 5196.25 2212.67 1521.84 147257 6712.5 140545 73198.1 55748.3 51732.1 48457.9 38500.7 9957.22 2119.19 38069.4 19061.8 19007.6 2713.73 16293.8 100379 10219.9 9203.02 7250.34 2588.49 913.283 7838.03 5247.6 52731.4 2199.21 23481 1478.26 22002.7 442.251 932.833 658.781 36314.3 1483.02 1170.45 12553.6 10550.5 3886.57 17076.3 6874.26 4033.77 5084.48 3588.22 5200.63 17449.8 87388.2 4660.66 563.574 2840.49 10202 9043.45 8511.28 1060.71 34831.3 1418.04 3305.97 1148 966.159 431.301 7450.57
internal_count=3367910 1302679 492159 488483 810520 517517 216266 293003 2065231 1628830 181505 306978 3785 316521 179519 177720 305101 301251 113484 63132 155814 61458 229429 1312309 21906 87092 436401 44009 86346 216259 4939 211320 65807 2264 145954 12112 8322 3790 133842 55747 3192 293767 433671 82389 13170 70312 1299074 504985 34380 27011 25254 4411 794089 7369 6693 635922 11334 3656 7678 8054 2632 470605 152922 79699 20814 8864 6096 589994 26948 563046 293197 223311 207219 194107 154234 39873 8488 152505 76350 76155 10878 65277 402214 40941 36867 29046 10370 3676 31385 21012 211985 8816 94356 5937 88419 1775 3737 2639 145513 5944 4689 50352 42270 15581 68391 27536 16160 20359 14368 20843 69886 351282 18693 2260 11376 40855 36202 34080 4246 139569 5681 13235 4656 3918 1729 29834
is_linear=0
shrinkage=0.1


Tree=21
num_leaves=127
num_cat=0
split_feature=0 32 10 43 45 31 38 8 43 40 43 24 16 19 0 7 43 14 45 8 0 7 43 25 41 31 43 41 43 5 41 43 16 37 31 38 14 5 45 10 19 36 45 21 41 24 37 12 22 10 38 27 43 38 25 5 22 37 38 27 43 38 31 43 46 29 0 43 5 31 30 44 6 11 24 27 27 37 45 43 30 11 32 43 17 45 5 7 37 45 44 44 1 10 43 35 43 46 10 45 45 45 41 37 31 43 45 43 30 31 31 1 14 19 22 37 3 22 2 33 8 44 46 43 43 22
split_gain=87.4363 71.0529 56.644 34.9932 37.4659 54.5259 37.577 39.1722 33.9265 33.0212 36.0936 30.8117 44.3075 29.1468 28.7604 65.8954 50.4085 39.7865 51.4273 32.9918 62.5767 63.7484 32.1062 28.9861 31.8517 28.3433 28.1154 27.9836 34.7498 31.5546 27.3054 26.5662 40.9073 26.3664 26.2123 27.683 25.7283 31.5447 31.0757 24.9887 26.9029 26.382 28.0982 24.8204 24.5777 24.4062 24.3637 23.9882 23.7047 23.1854 23.0801 23.0491 22.9712 22.8093 22.7884 22.7541 25.0544 26.5338 22.3867 22.1371 22.0504 23.1327 21.9074 21.3757 28.4679 23.3558 21.2513 27.5662 21.2126 21.2034 23.717 23.113 22.0724 21.0456 25.4849 21.6943 20.7087 20.6802 20.5865 20.4881 26.5216 20.4683 20.4434 21.729 20.3355 20.2425 20.224 24.9486 29.2847 23.2585 20.197 22.0451 20.6108 20.1699 27.475 32.4499 32.6902 27.1586 20.0626 19.9823 19.9629 19.9183 19.8993 19.8717 22.812 20.5402 21.852 26.0946 19.5312 25.8044 22.7741 19.3728 19.3531 19.3486 30.3912 22.7793 22.465 21.9205 28.4339 20.7265 22.0146 19.2903 19.2014 19.0705 19.0431 18.8544
threshold=-0.00018608054233482105 0.00048022967530414468 36.374258041381843 0.014999999664723875 30.500000000000004 0.0051781467627733955 16.500000000000004 0.00032337204902432864 -0.10000000149011611 2.5000000000000004 -0.18500000238418576 0.0027748228749260311 -4.2719316297734613e-06 0.0012173244031146171 -7.5031282449344863e-06 9.6554525953251882e-05 -0.59499999880790699 0.0018253658199682834 35.500000000000007 0.00026639680436346685 8.1708599282137601e-06 9.6554525953251882e-05 -0.62000000476837147 0.012084121350198986 2.3249999284744267 -0.0087187308818101866 -1.0249999761581419 4.0850000381469735 -0.30500000715255732 -0.010638271924108265 0.20500000566244128 -0.70499998331069935 -4.2719316297734613e-06 7.6000001430511483 -0.011135477107018231 16.500000000000004 0.0030933048110455279 0.0058963226620107898 33.500000000000007 47.217819213867195 0.00049048857181333016 -0.000143334997119382 47.500000000000007 0.43184737861156469 5.2049999237060556 0.0058526662178337583 7.4666664600372323 4.26005954068387e-05 54.507320404052741 58.365631103515632 1.5000000000000002 0.0039875912480056295 -0.37499999999999994 16.500000000000004 0.0021480917930603032 0.009865869767963888 38.276012420654304 7.1000001430511483 2.5000000000000004 0.015819299966096882 -0.77499997615814198 4.5000000000000009 0.001142895838711411 0.47499999403953558 -5.4999999999999991 -0.0081610530614852888 0.00017803914670366797 0.24499999731779101 0.0029845609096810226 0.00082637212472036492 0.0093765296041965502 0.51499998569488536 0.00036445488512981688 -0.00037290682666935021 0.0021159207681193952 0.000168565777130425 -0.006851798389106988 0.43333332240581518 49.500000000000007 -1.0249999761581419 -0.0007891429413575678 -0.0003915135894203558 0.0011799688800238075 1.0049999952316286 0.00033431830524932599 50.500000000000007 0.010485014878213407 0.00091052611242048453 4.8333332538604745 70.500000000000014 -0.5349999964237212 -0.14500000327825543 -0.00075473790639080096 66.943767547607436 0.53499999642372142 -5.1299999540788115e-05 0.60500001907348644 7.5000000000000009 63.302179336547859 48.500000000000007 45.500000000000007 51.500000000000007 4.2249999046325692 6.2666666507720956 -0.010504538193345068 0.80500000715255748 24.500000000000004 -0.25499999523162836 0.00051433691987767826 0.0018661390058696272 0.00066137767862528573 0.00078614152153022598 0.0045343944802880296 0.00029687363712582743 55.32170486450196 2.2333333492279057 0.0015621724305674436 73.195049285888686 -0.0018781065009534357 -0.0083003835752606375 0.00065220508258789789 -0.15500000119209287 18.500000000000004 -0.75499999523162831 -0.55500000715255726 44.520868301391609
decision_type=2 2 2 2 2 2 2 2 2 2 2 2 2 2 2 2 2 2 2 2 2 2 2 2 2 2 2 2 2 2 2 2 2 2 2 2 2 2 2 2 2 2 2 2 2 2 2 2 2 2 2 2 2 2 2 2 2 2 2 2 2 2 2 2 2 2 2 2 2 2 2 2 2 2 2 2 2 2 2 2 2 2 2 2 2 2 2 2 2 2 2 2 2 2 2 2 2 2 2 2 2 2 2 2 2 2 2 2 2 2 2 2 2 2 2 2 2 2 2 2 2 2 2 2 2 2
left_child=2 9 73 4 5 46 7 -6 26 13 11 12 99 14 15 44 19 18 54 20 31 78 84 66 -25 59 -8 28 55 39 -12 32 -16 36 35 -15 37 38 -27 -29 58 42 -42 86 -2 79 48 62 -4 -31 -7 101 -9 60 -17 56 -3 76 85 -5 61 -43 100 65 112 -38 68 -68 -18 -51 71 -71 -73 74 -1 -76 -58 -57 -22 125 -81 -39 83 -40 -20 -41 -26 88 -88 -90 111 -92 -93 94 97 96 -96 113 -59 -11 -34 124 -70 -77 -105 106 107 -106 -99 110 -110 -67 -65 114 115 -30 -117 118 121 -115 -121 -116 -54 -56 -13 -21
right_child=1 27 3 25 6 50 8 52 -10 10 30 51 -14 34 16 17 23 -19 22 45 21 -23 -24 24 43 33 -28 29 93 49 -32 -33 47 -35 -36 -37 63 81 82 40 41 53 -44 -45 -46 -47 -48 -49 -50 69 -52 -53 122 -55 123 77 57 98 -60 -61 -62 -63 -64 64 -66 90 67 -69 102 70 -72 72 -74 -75 75 103 -78 -79 -80 80 -82 -83 -84 -85 -86 -87 87 -89 89 -91 91 92 -94 -95 95 -97 -98 108 -100 -101 -102 -103 -104 104 105 -107 -108 -109 109 -111 -112 -113 -114 119 117 116 -118 -119 -120 120 -122 -123 -124 -125 -126 -127
leaf_value=0.016781641160500273 -0.010924834329385702 0.0019730573588752085 0.0084520940814047669 -0.0042990974144572367 -0.010467207784914502 -0.018454915368195452 -0.031561033141135723 -0.0014261990796053546 -0.022079930096338213 -0.047377530849701435 -0.0054777725775289584 -0.012218383351507817 0.0048021512173708966 0.017173137042088574 0.019385573006498166 0.038045887629368516 0.0032812397863801858 0.0011723774227557901 -0.020934174641031433 -0.033315720918967048 0.033879418397877697 0.015233053641548628 -0.0052387065455720746 -0.0013023525299843319 0.0051378320734121307 0.0070343615546643815 0.0047085640002448477 -0.0048538851460336587 -0.00062601920092691737 -0.00084444610332142119 0.0017027625944498446 -0.0090429301695701316 0.0279913632485463 0.0072747956064437447 -0.0111891661999119 -0.015150946745985867 -0.0040198453941194178 0.0075414426331863547 -0.0042304220078770577 0.025491595434898085 -0.014615339652688991 0.0032632850834533309 0.024395558346182757 -0.0014542815654491525 -0.056567613750051475 0.013222304380653511 0.019667757382102559 -0.022543924526766852 0.00083869204966044637 -0.0060831096826977132 -0.00037144315804747935 0.0020739224395461644 0.0032918374643795506 0.0031734299977754887 0.025373612951192011 -0.026908499807901744 0.0040307000110180536 0.010297008581090292 0.0029301745094609667 0.021079015463860807 -0.0036207093565991362 -0.032845648235001711 -0.029518471953305606 -0.0077337649882597073 0.0049793738757174877 0.0045437649976719351 -0.004460238212186554 0.0011319781275951949 0.0051231753772797393 -0.0022711700957361736 -0.0159804449901913 0.028532203635280314 0.0029782547502972944 -0.00042965814908290544 0.044657978939750619 0.0054799916704623601 -0.015732285038447535 -0.0010759146910998124 0.080327519746840256 0.0076803060361911634 0.00048914763649322043 -0.0081360815201248406 0.0054546512581241137 -0.033565271396044337 -0.00060230250118152226 0.0067199525154810315 0.0023212965973798336 0.0058679673472686548 -0.0031411598279615541 -0.018241389308333703 -0.0071032739584428756 0.0057085186962464304 -0.0012264793347596949 -0.0069711939756561606 -0.009625753835795824 -0.006169666609590457 0.021366041999575446 -0.0014886847041777353 -0.02156113475919523 -0.016884726952297771 0.00070311806138549692 -0.0022383575968379309 -0.0043243422975322281 0.012774408518613079 0.038063192341985623 -0.024195874733144246 -0.0024259390982595891 0.0044437864567944746 -0.021174493143713596 -0.0027423122466938986 -0.067265558804930722 0.024538330182215167 0.0015593192578110663 -0.016170974087677509 -0.0098251334978563792 0.016671381758223556 0.0027415374407843114 0.020854314253470108 0.00054685064122405496 -0.013519075988126057 0.0017302299861900927 -0.040698081509068021 -0.0082052504048806627 0.00066766111717135471 -0.0041027197255485556 0.002835449975513475
leaf_weight=1750.3550387322903 199.13915286958218 1382.8307849764824 15952.746891692281 20682.914328947663 3699.9542230367661 777.39923253655434 215.45244716107845 37186.922188252211 492.02433015406132 446.07892170548439 6464.3890550136566 5458.2656833678484 497.44739331305027 767.11326816678047 1545.5952047407627 194.68001072108746 17675.598229393363 28406.000929355621 2593.8527886867523 308.90164984762669 182.42026382684708 3592.191786468029 8052.5587802827358 24787.201195642352 36499.799462229013 4546.7878368198872 26681.626702740788 6610.0657806843519 1957.9691593199968 53707.552063018084 29296.356973782182 1416.8664346337318 363.21384985744953 4953.2599411904812 3635.9387701749802 404.73729883134365 13929.817684620619 905.73745596408844 8093.039658755064 848.17243014276028 246.21642273664474 265.19072350859642 738.16242000460625 11075.4458835572 289.46631656587124 2161.6900195032358 1503.7173668891191 451.51038613915443 5499.343368306756 23006.056814149022 7661.8567093014717 5862.473336070776 22380.106189206243 5174.5575051307678 344.23552227020264 329.90833628177643 569.52969399094582 799.77590654790401 18974.579477071762 349.52628345787525 9518.3379254192114 536.03425359725952 176.89528343081474 3355.6639867275953 20102.717662274837 2011.3495521843433 25005.526879161596 13613.752974763513 2911.7566702514887 30161.907791808248 1192.1691267043352 451.7060289233923 1342.941266566515 8594.7312337607145 134.1277669519186 37089.315683305264 7679.7223933488131 5109.2626082897186 200.08173307776451 7242.1725605279207 17573.736695915461 10337.564362451434 2325.8924632370472 260.63869538903236 607.0543634146452 1780.1316300332546 8360.3327752351761 7494.2012565732002 3724.4845894575119 1404.7622265070677 3540.4704663455486 7118.2087879478931 10768.934771895409 8695.3294067531824 550.86321729421616 15362.525397121906 890.60321685671806 2290.1514223068953 262.56856812536716 414.69529570639133 1023.5861126631498 13179.611138209701 9514.5677666068077 1343.9299655258656 283.99827656149864 371.63129605352879 7479.2141750305891 1234.162899106741 673.19529582560062 754.68733835220337 127.50827856361866 638.3849019408226 6745.9963183999062 875.28408969938755 676.68969275057316 3471.696297571063 1737.0028845816851 386.96201510727406 3164.2155214250088 1072.767808586359 8055.6244466900826 288.7471195012331 1553.4733081161976 3381.9357596635818 6147.8114224374294 270.68690739572048
leaf_count=7117 808 5545 63965 82849 14838 3121 863 149052 1972 1788 25907 21874 1998 3077 6211 781 70844 113924 10410 1239 741 14431 32254 99353 146286 18208 106923 26465 7841 215132 117376 5687 1458 19847 14598 1623 55843 3628 32403 3400 990 1066 2963 44450 1190 8673 6027 1812 22060 92424 30709 23594 89684 20765 1380 1331 2304 3206 76012 1402 38255 2161 710 13438 80550 8060 100219 54531 11669 121245 4796 1813 5394 34505 538 149661 30845 20536 819 29105 70430 41397 9312 1044 2437 7133 33492 30024 14918 5626 14189 28505 43147 35183 2208 61589 3571 9177 1062 1662 4112 52795 38119 5421 1148 1493 30109 4963 2702 3029 512 2560 27037 3508 2711 13900 6955 1552 12690 4315 32346 1157 6226 13554 24637 1084
internal_value=0 -0.000787538 0.00133811 0.000669755 0.00185234 0.00483606 0.000836456 -0.000475762 0.00394202 0.000177228 -0.00177858 -0.00421802 -0.0189566 0.000712842 0.000865611 -0.00144544 0.00137849 -0.00103599 -0.00517002 0.00473534 0.0100094 0.0193656 -0.00860631 0.000622277 0.00176975 -0.000541619 0.00441804 -0.00215916 -0.00386334 -0.00141856 0.000404754 0.00253847 0.00714679 0.000162541 -0.0069973 0.00600895 -0.000209538 -0.00285578 0.000110683 0.00082173 0.00180689 -0.00123638 0.014638 0.00288046 -0.0379652 0.00302197 0.00736289 -0.00223994 0.00650036 -0.0023299 -0.00203724 -0.00356486 0.000129074 -0.00224492 0.00469267 -0.00790871 -0.010587 -0.0124522 0.00412827 -0.00387735 -0.00496185 -0.0208943 0.00362275 0.000817341 0.00280311 -0.000760754 -0.000936379 -0.00248892 0.00105545 -0.00375061 -0.0021318 -0.00161516 0.00941009 0.00413933 0.00492966 0.0044969 -0.0143678 -0.00264277 0.0581758 0.00215371 0.00258779 -0.00687313 -0.00283705 -0.00514568 -0.0170782 0.0127777 0.00371564 0.00124184 -0.00132823 -0.00727671 0.00112478 0.000106294 0.00153331 -0.00258441 -0.00168343 -0.00482358 0.00952238 0.000383242 0.00242296 -0.032687 0.00785012 -0.00489858 -0.00211058 0.00438421 0.000590509 -0.0011572 -0.000205602 0.0107329 -0.00736187 -0.0160095 -0.0285143 0.00936094 -0.00152774 0.00175661 0.00452052 0.00856944 0.012026 -0.00190405 -0.00403658 -0.00147135 -6.1867e-05 -0.0190588 0.00254559 0.00295008 -0.00791947 -0.0164319
internal_weight=0 536940 302553 244272 123605 31395.1 92209.6 64820.5 27389.1 315221 67767.1 32006.4 1358.22 247454 242646 44068.9 198577 43580.3 15174.3 36509.5 8952.36 3974.69 11253.5 162067 93346.2 120667 26897.1 221719 67165.4 154554 35760.7 4977.67 3560.8 99634.5 4807.79 1171.85 94681.2 26469.7 15226.4 44691.4 38081.4 16478.5 984.379 68559 488.605 27557.2 22955.8 2015.21 21452.1 109862 8439.26 30648.2 61120.5 15494.1 3920.85 16133.6 10694.4 9311.6 21602.9 21032.4 10319.6 801.225 1563.7 68211.5 30204.4 38007.2 68721.2 38619.3 30101.9 56154.8 33148.7 31956.6 1794.65 58281.5 49686.7 47936.4 8249.25 5439.17 382.502 25395.5 24815.9 11243.3 10679.6 8353.68 3200.91 2628.3 57483.6 20983.8 13489.6 5129.25 24077.3 21427.6 17887.1 51031.8 42336.5 16804 1441.47 25532.5 1062.34 860.774 1386.8 24785.7 12426.3 47802.3 10712.9 9369.01 8997.38 1518.16 3845.54 1555.39 800.704 2649.73 10101.7 21687 11683.3 7166.67 5208.7 4516.61 4129.65 10003.7 9128.39 965.437 23933.6 3726.17 11606.1 579.589
internal_count=3367313 2153499 1213814 978859 495440 125882 369558 259800 109758 1263710 271631 128348 5448 992079 972781 176738 796043 174740 60816 146512 35981 15991 45101 649531 374149 483419 107786 889789 269775 620014 143283 19990 14303 399168 19298 4700 379321 105992 60967 179210 152745 66200 3953 274796 1998 110531 92052 8092 86025 440804 33830 122900 244962 62247 15715 64829 42962 37417 86545 84251 41482 3227 6280 273329 121025 152304 275382 154750 120632 225672 133248 128452 7207 234955 200450 193333 33149 21867 1560 101858 99535 45025 42759 33447 12847 10533 230346 84060 54036 20544 96461 85841 71652 204946 169763 67368 5779 102395 4268 3450 5570 99306 49788 192795 43134 37713 36220 6111 15420 6243 3214 10620 40475 86975 46806 28696 20855 18110 16558 40169 36661 3868 95910 14934 46511 2323
is_linear=0
shrinkage=0.1


Tree=22
num_leaves=127
num_cat=0
split_feature=18 26 34 24 39 19 37 37 41 16 42 39 34 5 46 31 24 33 32 24 0 44 37 39 18 18 29 40 27 39 19 37 37 3 12 46 27 38 45 46 32 23 39 38 44 23 41 28 34 39 37 40 38 29 38 31 24 6 46 33 44 34 43 39 29 45 45 29 41 38 29 16 37 37 31 44 39 2 14 37 26 43 43 23 25 26 31 44 44 38 45 45 16 12 27 37 20 5 38 25 31 5 2 27 10 44 5 30 38 42 45 38 16 27 37 0 29 25 37 10 39 10 40 24 34 44
split_gain=68.6533 42.3411 46.7988 36.5364 33.1311 65.9342 38.7465 74.3594 44.6562 38.8572 33.5977 33.1769 38.2078 32.8599 32.3056 32.5752 31.82 31.1795 41.5338 30.7243 42.9288 52.4933 37.4263 36.889 35.2477 34.8017 36.9018 32.706 31.6032 32.928 30.2591 29.7291 38.3037 33.9896 29.1383 28.6667 28.3311 27.5664 26.4823 29.5296 29.1635 26.4931 41.5615 31.4251 26.0165 25.9859 28.3584 27.5412 25.8657 25.6205 25.3113 25.2944 25.0985 24.7564 28.4283 31.4206 25.6401 33.2982 24.0984 24.092 26.3384 23.7284 23.6796 23.6583 30.3938 28.0778 28.3335 23.6447 23.548 23.5215 29.7722 30.3075 25.3809 33.8126 25.2532 50.0224 29.9815 52.9944 29.5249 24.4043 33.2676 27.3916 23.888 23.4654 23.2578 23.2552 25.3328 23.2178 31.3825 23.0891 23.0289 35.7147 27.3301 22.9697 38.6158 25.2146 29.3047 24.0293 25.2446 25.2452 24.985 24.12 24.4697 22.8425 27.4454 22.7672 22.6996 28.4252 22.6012 23.5019 22.4744 27.8074 29.6421 23.9866 22.1836 22.1046 21.7908 21.6852 21.6321 21.323 21.1395 36.2137 22.5519 21.055 20.9851 20.9022
threshold=0.0028354035457596187 0.64544299244880687 -0.19515570253133771 0.0021159207681193952 5.5000000000000009 -0.00019370127847651017 4.1333334445953378 3.5666666030883794 2.7049999237060551 5.8692798120318919e-05 1.3750000000000002 3.5000000000000004 2.4046701192855839 -0.0045747053809463969 12.500000000000002 0.0035884001990780239 0.0043455122504383334 0.0047918593045324096 0.0062854769639670858 0.0055158461909741172 0.00039363080577459192 -0.31499999761581415 7.6666667461395273 4.5000000000000009 -0.0019492845167405901 0.0010718481498770418 0.00072447772254236053 1.5000000000000002 -0.00010897887113969772 1.0000000180025095e-35 -0.00058853757218457748 7.9333331584930429 6.2666666507720956 -0.034068483859300606 -0.0011244757333770392 16.500000000000004 0.0031509515829384331 18.500000000000004 80.500000000000014 -3.4999999999999996 -0.0018306255224160848 -0.00048522016732022161 1.5000000000000002 10.500000000000002 0.11499999836087228 0.0007222793356049807 4.7049999237060556 0.0024543629260733728 6.127941608428956 4.5000000000000009 7.9666664600372323 2.5000000000000004 21.500000000000004 -0.010751069057732819 17.500000000000004 -0.0023901652311906214 0.012341602705419065 0.00224383466411382 -3.4999999999999996 0.0004010092379758135 0.18500000238418582 2.0557050704956059 -0.5349999964237212 5.5000000000000009 0.01881410647183657 72.500000000000014 55.500000000000007 -7.3461123974993811e-05 5.0750000476837167 19.500000000000004 0.004924959037452937 -0.00041983791743405158 5.8999998569488534 6.1333334445953378 0.0024831945775076751 0.50499999523162853 1.0000000180025095e-35 0.0003706047718878836 0.00092510544345714163 3.5333333015441899 -0.030821646563708779 1.0850000381469729 0.99000000953674328 -0.0038766578072682019 0.0067678445484489211 0.079837091267108931 0.026987108401954178 -0.074999999254941926 0.11499999836087228 17.500000000000004 26.500000000000004 30.500000000000004 -8.2720787759171785e-05 -0.00076103437459096302 0.00067171198315918456 4.2666666507720956 6.2960974901216118e-05 -0.040120059624314301 11.500000000000002 0.03490158915519715 -0.0016019886825233696 0.028117345646023754 0.0069442794192582378 -0.006851798389106988 46.60783767700196 0.27500000596046453 -0.0063601490110158912 0.00085847874288447212 10.500000000000002 0.37500000000000006 27.500000000000004 3.5000000000000004 4.4922788219992078e-05 0.00082091477815993141 1.5000000000000002 1.0000000180025095e-35 -0.022549672983586785 0.0057047337759286174 2.2999999523162846 40.188808441162116 1.0000000180025095e-35 33.099020004272468 1.5000000000000002 0.012341602705419065 2.1702005863189702 -0.78000000119209278
decision_type=2 2 2 2 2 2 2 2 2 2 2 2 2 2 2 2 2 2 2 2 2 2 2 2 2 2 2 2 2 2 2 2 2 2 2 2 2 2 2 2 2 2 2 2 2 2 2 2 2 2 2 2 2 2 2 2 2 2 2 2 2 2 2 2 2 2 2 2 2 2 2 2 2 2 2 2 2 2 2 2 2 2 2 2 2 2 2 2 2 2 2 2 2 2 2 2 2 2 2 2 2 2 2 2 2 2 2 2 2 2 2 2 2 2 2 2 2 2 2 2 2 2 2 2 2 2
left_child=1 2 19 84 6 14 7 -3 35 108 16 48 44 -12 89 -16 67 34 83 20 21 -1 24 28 -22 26 -25 -26 59 37 -20 32 38 -34 36 -9 61 -30 39 41 125 53 43 -43 -13 51 -47 -48 93 -35 110 103 63 118 55 -55 68 -58 -15 60 -23 -4 -11 64 -51 66 -65 114 -56 74 71 -71 -72 -74 76 -76 77 82 -78 80 -80 -81 105 -19 -2 -44 -87 -75 -89 -6 92 -92 -28 123 95 96 -95 98 -97 -100 101 102 106 -21 -105 -36 107 -99 109 -10 111 113 -113 -31 -7 -61 -53 -29 -5 -96 121 -73 -122 -8 -82 -41
right_child=3 4 17 31 5 10 11 8 9 62 13 12 -14 58 15 -17 -18 18 30 45 22 23 -24 25 27 -27 90 117 29 50 -32 -33 33 49 69 -37 -38 -39 -40 40 -42 42 85 -45 -46 46 47 -49 -50 52 -52 116 -54 54 56 -57 57 -59 -60 115 -62 -63 -64 65 -66 -67 -68 -69 -70 70 72 120 73 87 75 -77 78 -79 79 81 124 -83 -84 -85 -86 86 -88 88 -90 -91 91 -93 -94 94 119 97 -98 100 99 -101 -102 -103 -104 104 -106 -107 -108 -109 -110 -111 -112 112 -114 -115 -116 -117 -118 -119 -120 -121 122 -123 -124 -125 -126 -127
leaf_value=0.0047649348592529945 0.042500571305637301 -0.0006010294332309381 -0.0078306617368877739 -0.032417573513306729 0.007858552322498177 -0.017036514102471402 0.0064807494648734523 0.018154226070953058 -0.0037920750491665222 0.021948303402830258 -0.035758167267376635 -0.0069895862554859899 0.009626703220823438 -0.047640548526974004 -0.00098269055289841351 -0.037790943193139595 -0.00039824277734079345 0.025072308861573425 0.037610687851150695 -0.0093053590728165211 -0.0091595764679989217 0.0017828841792141073 -0.019242479986187635 -0.001903096585055638 0.0024107566991601291 0.0078880265026141302 -0.024951105922599946 -0.02583833579368949 0.0039503342596017418 0.0079031249989556952 0.0022132046548590826 0.020039121293286284 0.021996180183790157 -5.84356531597439e-05 0.010294531174410072 -0.021029649883113136 0.0016203668138569671 -0.0081050876206958927 -0.0061643699141772992 -0.027740069073162184 0.0015323262026059187 -0.014998675901669407 0.024920327804194561 0.0041308101390597094 -0.0014675913572876342 -0.0043556753746745161 0.009924937358977785 -0.01742740025205115 0.022900269559900419 -0.021513582288061273 0.034202557161195392 0.015796194860317504 0.0029171715920899002 -0.0029652820337730756 -0.0088536951028404792 0.0074300711514905197 -0.055021062356199482 -0.0082346832012123675 -0.0052413046601683128 -0.0037750856611432704 0.011329077215929587 -0.02589090612047389 0.0066677702008121056 0.0035095552857621832 0.00061023465871113281 0.034679578499336304 -0.031434651658749813 0.00054041273388226311 0.013821953494273675 -0.011814870709957924 0.012644132198351055 -0.058323876573899064 -0.029948385993444456 -0.0051844087924265685 0.0012025385257499778 0.023860768412783871 -0.021582058914099242 -0.0038976159615067597 0.0096960020359708812 -0.0037128249941880717 -0.00069133083234635935 -0.038447932228016062 -0.030419683212205614 -0.0083519781701799651 0.0051580973380276644 0.0057386589540885354 0.045502922624379626 0.024114545449706887 -0.0010706996448341729 -0.0037379488181962872 0.021926812075692595 0.0042024229735343191 0.00293807862375455 0.019208416818284932 -0.0034277508836326152 0.018870701400452862 -0.01433476779019309 0.0063025863138824346 0.0086498876841082772 -0.013685898049223053 0.00019210815100230026 0.021715222261324545 -0.026073537593894344 0.00081481500405889513 0.0078147388978409508 -0.0030843870162715766 -0.01183962752024361 -0.0062903562189053387 0.0029656948161268949 -0.028139323440262071 -0.0048092857799339368 -0.0053694465488053657 0.014124799746577196 -0.028816879236064526 -0.0073212004088915386 0.0035948794355670703 0.00089321306919850978 -0.0034376465534420282 -0.0040016221626284791 -0.013736244721493922 0.010052052243915546 -0.0030448504906765103 -0.0040464698167297043 0.043017070820114633 -0.0116030179124842 0.0066871901726048375
leaf_weight=32437.812973663211 367.80850352346897 112396.42760039866 4229.3428655415773 473.49201466143131 6960.1183105260134 2809.6190369278193 1676.5260712206364 3504.4585181176662 2285.0088595747948 1277.9195453375578 710.34036727249622 25484.972927510738 1835.9583293199539 149.23409801721573 720.12829039990902 360.94617110490799 9327.2637275606394 213.6427551060915 265.55171290040016 987.63492527604103 5761.999769449234 9283.1125798076391 1301.4162259995937 19119.237551912665 16396.717116817832 9634.914149671793 556.90049396455288 446.12318229675293 11038.894475728273 292.38009352982044 2665.9235149025917 925.74802942574024 604.39174765348434 17666.483785390854 7654.7448282539845 197.21493199467659 2771.3971319198608 2290.3049468696117 2998.1191737949848 177.26599176228046 17863.283978551626 1603.77142816782 765.47189800441265 1848.623705431819 12826.232102513313 8675.037760078907 2924.4603569507599 421.13508412241936 451.54828663170338 2442.0590232461691 174.03781391680241 1020.7927272319794 1701.4156108945608 6565.7940835505724 2446.1644834578037 5218.6504296958447 251.26045446097851 385.52110634744167 1317.6136899143457 10426.013252556324 4196.8511024713516 878.60682451725006 4913.0739682763815 842.29351632297039 832.69866099953651 197.33862274885178 320.25639744102955 3129.9538143277168 563.4569226950407 1948.9050631523132 4459.1648218482733 126.7431253939867 313.58203862607479 1466.8451402634382 22406.724505782127 1018.6405342817307 783.60893423855305 7483.0802934169769 3014.5200370848179 37613.862796261907 37521.21104209125 228.40693499147892 164.11719228327274 12458.889868915081 305.16976056993008 7269.7768672704697 163.82307335734367 981.31495800614357 997.86318571865559 2279.1536349654198 1231.8624389320612 14740.276578590274 952.09590105712414 294.78820577263832 4664.2309805601835 1293.4481040686369 2236.0939621180296 2815.2454459667206 1564.462383300066 747.96111184358597 55341.53251555562 331.21503506600857 558.43119417130947 7356.7480041086674 23472.777971029282 1525.4104691147804 3100.6826697140932 4933.7921008467674 5816.2090294808149 479.69254887104034 36221.297343015671 1238.8297265321016 2105.9968313574791 454.32018192112446 14375.592697545886 6675.1124089062214 25252.152252182364 13803.545645996928 616.99547973275185 3521.5977968424559 3562.6074706017971 1824.230101659894 1664.7578680515289 174.10719145834446 1849.3642620742321 34319.237242072821
leaf_count=130129 1506 450933 16946 1899 27894 11317 6711 14064 9162 5120 2860 102244 7367 601 2886 1446 37481 856 1063 3977 23192 37184 5220 76603 65679 38771 2233 1787 44238 1171 10710 3733 2449 70930 30711 791 11117 9179 12049 715 71800 6445 3087 7429 51434 34751 11712 1687 1811 9797 698 4092 6846 26400 9832 20994 1008 1549 5306 41755 16807 3522 19677 3400 3343 794 1293 12553 2273 7812 17890 511 1258 5881 89754 4080 3147 29992 12118 150770 150400 915 657 49935 1244 29226 657 3933 4000 9132 4937 59064 3815 1180 18686 5187 8970 11285 6273 2999 221955 1330 2252 29472 94039 6118 12434 19777 23333 1925 145131 4962 8440 1822 57767 26746 101159 55276 2477 14093 14288 7309 6671 697 7413 138399
internal_value=0 -0.000344294 0.000286383 0.0023384 -0.00126416 -0.00386149 -0.000834469 0.000365349 0.00624496 0.00378376 -0.00611421 -0.00210226 -0.00446554 -0.0181041 0.0030841 -0.0132721 -0.00523357 -0.00105761 -0.0053071 0.00109059 0.000461262 0.00116442 -0.00257944 0.000270365 -0.00198382 0.00254075 0.0011331 -0.000634669 -0.000973421 -0.00243214 0.00541973 0.00219507 0.00204231 -0.00142527 -0.000604953 0.0160666 -0.00652031 0.0018789 0.00306381 0.00340736 0.00481198 0.000796838 0.00444844 -0.00475558 -0.00514087 0.00289282 -0.00133935 0.00648189 -0.000968782 -0.00201503 -0.00385143 0.00376859 -0.00747048 -0.00177841 -0.000749361 0.00163822 -0.00846554 -0.0266956 -0.00955492 0.00159361 0.004755 -0.0109372 0.00982192 -0.0112839 -0.015888 -0.000196672 -0.00611679 -0.00745361 -0.00460839 -0.000268691 0.00317561 -0.000755715 0.0075415 0.0014894 -0.000761377 0.00218782 -0.0014675 0.00237343 -0.00226533 -0.00207665 -0.000428664 -0.00392248 0.0073954 -0.00778849 0.0255672 0.00832399 0.00661499 0.00435018 0.0114166 0.00499791 0.00445381 0.00556943 -0.00735452 -0.00109824 -0.00134869 -0.000620431 -0.0104278 -0.000269287 0.00768307 0.0014253 -0.000696759 -0.00488704 -0.00565939 0.0056648 0.00614437 0.00807144 -0.00460868 -0.00171531 -0.000572672 -0.00801647 -0.00401572 0.00300953 0.00690468 -0.0144387 -0.00890956 -0.000898354 0.00147224 -0.00413896 -0.0163399 -0.00786253 0.00224682 -0.006636 0.0055621 0.00991808 -0.00120389 0.00651028
internal_weight=0 729847 432984 109736 296863 42140 254723 130870 18473.6 14771.9 31819.6 123853 40147.2 2177.19 10320.3 1081.07 29642.4 162093 15604 270891 200780 163070 37709.8 130632 36408.4 46235.3 36600.4 30646.4 84397.2 53816.1 2931.48 109063 108138 24606.9 146489 3701.67 7879.35 13329.2 83530.7 80532.6 52359.8 28172.8 11651.5 3452.4 38311.2 70110.7 12020.6 3345.6 83705.7 24002.5 40486.9 58090.1 6336.06 16521.3 15430.8 11784.4 3646.4 636.782 1466.85 30581.1 13480 5107.95 6190.99 4634.65 3274.76 1359.89 1162.55 20315.2 3009.62 138610 17346 9127.24 8218.77 3759.61 121264 23425.4 97838.3 16827.4 81011 80227.4 42385.1 37842.3 9344.27 12672.5 672.978 8199.07 7433.6 3446.02 1979.18 9239.27 17481.1 15972.1 1509 83254.1 81403.5 73217.7 2530.88 70686.8 3605.87 2312.42 67080.9 11739.4 11408.2 31817.2 30829.5 9180.16 10849.7 7749.04 8580.91 2764.7 40312.8 4091.53 3344.83 746.7 17185.2 17101.1 26272.9 14249.7 1090.49 8185.83 7178.34 1950.97 5227.37 1850.63 39370.6 34496.5
internal_count=3368012 2926438 1735505 441574 1190933 169243 1021690 525005 74072 59217 127885 496685 161045 8767 41358 4332 119118 649777 62564 1085728 804839 653685 151154 523556 145934 185423 146652 122742 338133 215641 11773 438824 435091 98852 587213 14855 31585 53417 336239 324190 210914 113276 46844 13874 153678 280889 48150 13399 335640 96403 162224 232739 25473 66432 62056 47394 14662 2557 5907 122492 53991 20468 24797 18627 13140 5487 4693 81637 12105 555628 69553 36591 32962 15072 486075 93834 392241 67478 324763 321616 169931 151685 37486 50791 2750 32970 29883 13814 7933 37026 70049 64001 6048 333829 326421 293642 10150 283492 14459 9272 269033 47078 45748 127488 123511 36829 43496 31062 34420 11087 161526 16395 13402 2993 69084 68501 105251 57063 4376 32779 28779 7820 20959 7408 157813 139114
is_linear=0
shrinkage=0.1


Tree=23
num_leaves=127
num_cat=0
split_feature=32 38 37 27 16 37 38 10 9 43 38 37 43 10 23 34 39 45 41 2 0 39 30 27 37 33 43 37 8 32 45 5 3 45 11 30 37 38 36 31 6 41 36 43 32 43 46 32 30 5 33 10 8 32 45 21 24 42 46 0 42 26 37 37 30 37 37 43 31 43 41 21 46 41 37 41 32 5 20 43 8 4 33 32 23 23 32 36 45 10 7 5 31 30 34 7 37 37 11 36 45 33 37 37 37 39 41 31 32 43 37 45 34 1 45 46 8 6 5 32 10 42 37 10 31 41
split_gain=67.7034 51.3187 64.1232 46.6932 30.1564 38.4205 29.6931 52.7803 35.4066 40.0163 27.1924 56.0419 47.0711 44.1232 30.8385 35.1077 27.1717 27.3585 34.2053 25.6478 25.5158 25.014 24.8322 26.6491 32.454 29.5497 29.2739 27.3739 25.0893 24.5358 24.9009 24.2084 24.187 23.8056 23.7754 23.6163 39.7061 33.8881 23.3691 23.1225 22.9936 22.9773 22.9087 22.8314 47.4352 32.7055 22.7687 22.7034 22.6727 22.605 22.567 23.4696 22.4628 37.3929 29.425 28.9834 22.3725 22.0552 22.2267 21.9969 33.4197 28.1493 24.3876 23.4797 32.5623 29.8849 22.4571 22.0474 21.8827 25.7674 23.0169 21.8299 21.6044 22.7793 23.8106 21.5521 21.5499 21.8835 21.4745 21.4283 21.3194 21.576 21.9345 21.2133 25.6503 22.7222 21.0889 21.0527 21.4754 20.9668 24.3869 20.8321 20.749 23.1019 23.6688 24.0362 20.6054 23.9098 28.6802 20.49 20.4448 26.31 23.1749 20.7534 24.7487 28.9857 20.5066 20.3454 20.2676 20.179 20.1765 20.1122 25.7999 28.8742 22.7572 32.1348 19.9284 30.4069 20.2941 19.9279 19.8999 19.7767 23.0899 20.257 19.6431 19.8453
threshold=-0.00041236782271880651 16.500000000000004 7.8999998569488534 -0.0012921291054226456 -0.00041983791743405158 7.7000000476837167 9.5000000000000018 50.887680053710945 9.8940501629840596e-05 -0.7849999964237212 13.500000000000002 2.0999999046325688 -0.4549999982118606 64.165515899658217 -0.00030820371466688806 -0.32674475014209742 5.5000000000000009 39.500000000000007 5.0750000476837167 0.0017411832232028248 -7.5031282449344863e-06 4.5000000000000009 -0.0024418958928436037 6.1422608268912895e-05 0.066666668280959143 0.0042188181541860112 -0.42499999701976771 1.7333333492279055 0.0013082851655781271 0.0012380279367789628 54.500000000000007 -0.0093818553723394853 0.008166575804352762 80.500000000000014 5.214033990341705e-05 -0.0013911821879446504 7.5000000000000009 11.500000000000002 0.00019869000243488702 -0.043026566505432122 0.0011388129787519576 4.7049999237060556 -3.6049999607712375e-06 -0.7250000238418578 0.0069417199119925508 -0.73500001430511464 7.5000000000000009 0.0043838536366820344 -0.00062597607029601921 0.037701101973652847 0.0045864577405154714 72.301803588867202 0.0011311601847410204 -0.0037386243930086489 71.500000000000014 1.729416072368622 0.0028448955854400997 0.37500000000000006 19.500000000000004 -0.00025537940382491792 1.3750000000000002 0.70142725110054027 5.4333331584930429 2.8666666746139531 -0.0035380439367145296 5.0666668415069589 5.6000001430511483 -0.4549999982118606 -0.0037730871699750419 -0.64499998092651356 4.5750000476837167 -0.55924752354621876 -10.499999999999998 4.5750000476837167 4.5000000000000009 5.2049999237060556 -0.00074874848360195745 -0.014699284452944992 -0.00054708810057491053 -0.11999999731779097 0.00021787800505990165 -0.001325116434600204 0.0084457425400614756 0.0007122343231458218 0.0037063318304717545 0.0012596625601872804 0.00030086409242358064 -2.899999913097417e-06 49.500000000000007 60.160257339477546 0.00081018637865781795 0.0077951219864189633 -0.017393730580806729 -0.0029282135656103487 2.4046701192855839 0.00095318222884088765 0.43333332240581518 3.8666666746139531 -0.00026462430832907552 4.6479999582516036e-05 22.500000000000004 -0.01129042077809572 1.7333333492279055 7.9333331584930429 7.4333331584930429 4.5000000000000009 4.4500000476837167 0.011720836628228428 0.00065921028726734232 -0.4549999982118606 0.16666667163372043 20.500000000000004 1.3187624216079714 0.00059676278033293795 30.500000000000004 -21.499999999999996 0.00058343380806036304 0.0003571201086742804 -0.013660117518156765 0.00088517050608061265 45.863647460937507 1.0049999952316286 4.2000000476837167 57.382640838623054 0.011394748929888012 4.7049999237060556
decision_type=2 2 2 2 2 2 2 2 2 2 2 2 2 2 2 2 2 2 2 2 2 2 2 2 2 2 2 2 2 2 2 2 2 2 2 2 2 2 2 2 2 2 2 2 2 2 2 2 2 2 2 2 2 2 2 2 2 2 2 2 2 2 2 2 2 2 2 2 2 2 2 2 2 2 2 2 2 2 2 2 2 2 2 2 2 2 2 2 2 2 2 2 2 2 2 2 2 2 2 2 2 2 2 2 2 2 2 2 2 2 2 2 2 2 2 2 2 2 2 2 2 2 2 2 2 2
left_child=4 6 32 -4 5 39 22 8 20 99 11 29 31 -13 15 40 35 96 -19 52 -8 49 28 24 26 -26 -24 38 33 30 -9 46 59 -2 -33 41 37 75 83 -1 47 -11 -17 44 45 80 -12 -14 -21 -16 51 -45 54 55 -6 -54 -39 76 -59 -3 61 116 121 -62 109 -66 -64 -67 -38 -70 -71 -30 108 91 -75 86 77 -41 -23 -31 -36 -82 -83 85 -85 -27 -37 -73 -89 90 -28 -74 -44 94 95 -94 -18 98 -98 -10 101 -25 -103 104 -102 -106 -105 -56 -15 -65 -43 112 -29 -114 -113 -116 118 120 -61 -95 -118 -63 -123 -124 -78 -126
right_child=1 2 3 -5 19 -7 7 10 9 16 12 13 14 72 21 42 17 18 -20 48 -22 78 23 100 25 27 89 111 71 79 -32 34 -34 -35 43 36 68 56 -40 57 -42 110 92 50 -46 -47 -48 -49 -50 -51 -52 -53 53 -55 107 -57 -58 58 -60 60 63 62 66 64 65 67 -68 -69 69 70 -72 87 73 74 -76 -77 124 -79 -80 -81 81 82 -84 84 -86 -87 -88 88 -90 -91 -92 -93 93 119 -96 -97 97 -99 -100 -101 103 102 -104 106 105 -107 -108 -109 -110 -111 -112 114 113 -115 115 -117 117 -119 -120 -121 -122 122 123 -125 125 -127
leaf_value=0.018047592092914826 0.0042564301371788389 0.0036479470686428617 -0.036321368068430296 -0.005031345780935878 0.0023637975544535885 -0.012442941621031184 -0.043428597464996319 -0.053333341922406352 0.014088378468801338 0.0059151190427477931 -0.021785249457394983 -0.0032025644576554276 0.0040167562743361656 0.024211748747260245 0.0063669467596220294 0.00031289444445137477 0.04580458015361618 -0.0075176953882208387 0.010131425283160078 0.008995199338739053 -0.0078904014216412792 0.035369166196167943 -0.035202980129544592 -0.037924686605370406 0.00098116724679252914 -0.023860352846993969 -0.0076999154635708352 -0.012174826464732787 0.011080027710023761 -0.00062205305172801598 -0.012959731093353556 0.011635399087762385 -0.0022180356866278706 0.030246605085875691 0.027881068900154373 -0.0034960732637152451 -0.016930201347252687 -0.00015770338328069405 0.012478952573627519 0.0026929459988034748 0.024598012771814982 0.032918577791510452 0.016595578243157428 -0.011106123021655832 0.045245012742288732 0.031286995561065366 0.015885384039891075 -0.038795466656250464 0.0017368909417064986 -0.0045751226696661498 -0.02747699687051245 0.028559618348295984 0.0011060427500556795 -0.002871758537730884 -0.0012658399822887329 0.011705689095024998 -0.0081871900778109612 -0.0037627606754914752 0.021722394541558956 0.010983638316370432 -0.014479174357262573 0.00011958469567940368 -0.02263611457923094 0.051660227393142549 0.0042463598447847741 -0.00068410454419986718 -0.0038696725652053936 -0.019907723036991246 -0.019390475060843213 0.0095302928340594961 0.036118238055531937 0.0030085796134532226 -0.022044773516858761 -0.0020100820844055458 -0.016160712937018953 -0.0062747366437229989 0.0085341479945217191 -0.0016122573757795626 -0.0043739581088219383 -0.031062059386785551 0.0074841009141248778 -0.022683334762366694 0.0166685848040455 -0.0042141113338477146 -0.028485177192769204 0.00027418528077935927 0.0083636909984775108 -0.013327641337088667 -3.4817556273740465e-05 -0.022101725355573695 0.031454418943586505 -0.0095758739710250854 -0.042523579042399923 0.0087647141967421797 -0.056433241243882472 -0.012756121854867958 -0.028664704642661184 0.01793516891208027 0.0088578586689796526 -0.0097966411504495452 -0.0032989327068157943 -0.0046116757204642343 0.0094618714803144117 0.049598855335622499 -0.0060973796886588279 -0.030177117570230089 -0.00064441672190514382 0.011821069797139276 -0.004663349825107679 0.0058881382108215731 -0.005036233667198845 0.0058960141438516075 0.042617129236564917 -0.014664237231349532 -0.03474597949246102 -0.00070706188747199665 -0.0058957563264099245 0.0032511295342674187 -0.0012988229716057154 -0.01195722996573359 0.018294150559162649 0.022229751684542581 0.011316442831068365 -0.038208560677480373 -0.030597067267941449 0.011537014694552157
leaf_weight=684.04892307519913 14560.254619240761 36899.755175217986 764.44952976703644 1267.9471292942762 165205.51954758167 2677.0873912423849 300.44565041363239 422.71355552971363 2826.1157043427229 7103.174981251359 1782.9990823119879 35520.638932302594 1522.3429815322161 290.6570735424757 11256.854157790542 2192.2998164892197 177.19701412320137 2490.6763460189104 1964.0401703864336 8411.9736039936543 616.77015866339207 139.3978097140789 471.99964037537575 152.54933869838715 83773.986968830228 1302.4350892305374 498.13597813248634 2417.3166813999414 1152.6768462210894 540.91535702347755 239.21213564276695 705.55666427314281 19080.528024703264 361.16160608828068 145.14237628877163 2301.9434571415186 230.28635402023792 4584.6188596487045 666.09232410788536 18563.40245385468 522.15527540445328 145.46353802084923 241.97892755270004 2130.0685518532991 207.10214015841484 224.76689285039902 176.31331832706928 134.83834095299244 8811.7324310392141 2268.4936831444502 841.59772889316082 160.40051643550396 26263.225340381265 30276.320380359888 34215.780033424497 2860.6674840152264 14273.979569092393 19250.119852498174 348.41042773425579 1482.1324999183416 2176.6498937010765 15491.785902068019 683.34882374107838 169.18981692194939 2139.6327698528767 1020.7985628694296 9537.2873468697071 1435.6962273716927 179.53887586295605 756.54402700066566 571.59106370806694 2972.2992523014545 2956.4787528216839 3302.2950301021338 1858.2153919786215 2774.5521086603403 4837.2674638181925 32437.937255457044 5506.7363852858543 403.96804097294807 434.01909585297108 1213.9239392131567 160.35339212417603 11386.715265706182 452.73945166170597 556.89403769373894 4300.3136900365353 2837.0719286650419 2126.2103533744812 479.35330091416836 233.70316603779793 2450.5218363106251 331.95339697599411 593.47992599010468 177.7608235925436 1483.5621395409107 280.97383996844292 1681.4478673934937 740.70631548762321 411.45208117365837 43713.058895006776 1861.985703676939 3148.7012250125408 144.41606673598289 1519.1637796759605 745.07143226265907 185.67772816121578 1230.660343080759 1485.1403947770596 223.61514940857887 3769.7696986198425 5932.9579908251762 194.41158618032932 160.77487434446812 281.68426550924778 18012.83560025692 402.74154585599899 31151.185499086976 14564.245360821486 2128.6369223743677 2185.8460443913937 856.79100787639618 207.19575595855713 137.33043479919434 268.96262410283089 191.29226016998291
leaf_count=2743 58368 147840 3097 5104 663342 10734 1229 1696 11326 28453 7160 142384 6103 1171 45197 8791 711 9981 7873 33732 2480 558 1906 611 336049 5228 1999 9715 4618 2177 959 2829 76647 1447 585 9218 922 18363 2680 74392 2095 583 971 8552 834 904 708 541 35280 9112 3389 650 105549 121446 137301 11619 57157 77172 1398 5938 8735 62119 2742 678 8585 4097 38265 5761 719 3029 2288 11914 11967 13318 7497 11109 19377 129932 22150 1625 1741 4884 646 45802 1822 2237 17217 11375 8520 1934 938 9906 1330 2377 713 5949 1129 6739 2967 1649 175119 7459 12610 579 6083 2985 745 4934 6010 896 15101 23851 780 648 1131 72322 1613 124793 58348 8539 8755 3438 830 552 1077 766
internal_value=0 -0.000763922 0.000834262 -0.0168005 0.001053 -0.000667175 -0.00142899 -0.00255633 -5.63769e-05 0.00029004 -0.00407921 -0.00560905 -0.00201606 -0.00499237 -9.67034e-05 -0.00481224 -0.000430999 0.00517446 0.000263626 0.0015447 -0.0195314 0.00219792 -0.000656443 -0.00106301 -0.000284156 -9.86285e-05 -0.0140774 -0.00228548 0.00236268 -0.0239788 -0.0387428 -0.0087016 0.00109055 0.0048855 -0.00564949 -0.00143404 -0.00288933 -0.00379232 -0.0058123 -0.000255525 0.00629905 0.00252479 -0.00819914 -0.00785986 -0.000488571 -0.00483689 -0.0183954 0.000533294 0.00528181 0.00453172 -0.0134737 -0.00832835 0.00129719 -0.000410974 0.00180287 0.00214718 -0.00623518 -0.000420488 -0.0033097 0.0016133 0.000718076 0.00132823 -0.00127735 -0.00581295 -0.00203191 -0.00439373 -0.00512439 -0.0119193 0.0117809 0.0161664 0.020973 -0.00177937 -0.0101429 -0.0118579 -0.00710549 0.00112076 0.000585294 -4.5255e-05 -0.00339274 -0.0136361 -0.00899338 -0.0119531 -0.0180917 -0.0067017 -0.00514223 -0.0166317 0.00422866 -0.00364726 -0.00763316 -0.00584477 0.0048035 -0.0163937 -0.0119634 -0.013429 -0.0216086 -0.0181989 0.0127696 0.010604 -0.00146128 0.0110529 -0.00298209 0.00298657 0.0042321 -0.00364759 -0.00382696 -0.0140211 0.021337 -0.000811477 6.28376e-05 0.0256032 -0.00362609 -0.000409095 -0.0084771 0.0166888 0.000514177 -0.00123117 0.00273677 0.00411651 -0.000164347 -0.0074394 0.0145306 0.00107807 0.0134384 -0.00842455 0.00665583 -0.0130852
internal_weight=0 482816 141878 2032.4 356534 79258.5 340937 138635 52481.6 51564.4 86153.5 49470.8 36682.7 47863.9 28500.5 9329.01 48326.8 7335.04 4454.72 277276 917.216 19171.5 202302 178293 126822 125139 1683.19 41364.9 24009.7 1606.81 661.926 8182.24 139846 14921.4 6222.93 40991.8 29973.4 28235.4 14364.9 76581.4 2179.34 11018.4 7149.67 5517.37 2385.31 2178.21 1959.31 1657.18 17223.7 13525.3 3132.07 2290.47 260052 59400.2 200652 29123.9 18858.6 75897.4 19598.5 120765 83865.5 76699.9 26913.7 7165.58 4988.93 4596.13 10220.6 2456.49 1737.96 1507.67 1328.14 9088.26 12343.3 10567.5 5160.51 9376.81 56298.9 51001.3 5646.13 944.883 1953.44 1808.3 1374.28 13698.8 11839.5 1859.33 6602.26 7935.58 4963.28 1211.19 731.839 5407 4957.37 4715.39 1993.28 1815.52 2880.33 2703.13 1021.68 3237.57 51470.6 5163.24 5010.69 46307.4 45977.3 2264.24 330.094 35446.4 1775.8 392.805 3915.23 27000 2772.5 355.186 24227.5 18294.5 49786.2 33739.8 16046.4 2722.12 2588.59 16693.1 1201.32 344.526 5297.52 460.255
internal_count=3367363 1936569 568833 8201 1430794 317591 1367736 556261 210243 206534 346018 198710 147308 192253 114426 37409 193559 29400 17854 1113203 3709 77017 811475 715233 509042 502265 6777 166216 96242 6457 2655 32882 560632 59815 25014 164159 120022 113064 57769 306857 8739 44137 28670 22185 9594 8760 7868 6644 69012 54309 12591 9202 1044191 238614 805577 117168 75520 304114 78570 483985 336145 307393 107946 28752 20017 18443 41007 9858 6958 6036 5317 36427 49869 42688 20815 37544 225544 204324 22708 3802 7856 7271 5530 55089 47624 7465 26435 31809 19895 4871 2937 21873 19879 18908 7992 7279 11546 10835 4096 12975 206191 20680 20069 185511 184187 9068 1324 142235 7181 1574 15684 108447 11143 1428 97304 73453 199447 135161 64286 10916 10368 66939 4820 1382 21220 1843
is_linear=0
shrinkage=0.1


Tree=24
num_leaves=127
num_cat=0
split_feature=18 37 35 0 42 6 41 0 43 7 7 0 43 7 27 46 7 10 13 43 45 46 12 37 16 42 42 39 13 37 39 37 37 46 10 0 22 45 43 40 43 42 29 16 25 43 32 40 10 21 31 30 41 43 21 38 27 26 4 17 6 18 34 45 16 12 45 43 38 23 46 25 29 25 38 34 38 37 37 45 17 18 18 42 32 13 21 27 27 34 28 35 43 37 37 30 46 17 37 34 26 25 22 17 12 43 20 31 29 46 43 40 38 37 38 18 40 29 31 13 16 34 15 45 40 10
split_gain=51.4553 34.7952 33.0312 32.5677 53.7419 39.3012 36.4889 45.849 98.53 78.6183 42.282 58.7235 75.4615 49.0224 33.8714 32.3813 30.9755 30.2399 33.9181 29.8646 28.9071 39.2615 28.7246 27.1825 39.3466 26.9836 26.8324 26.377 25.7167 25.3291 25.0814 40.711 56.2974 25.722 25.0574 25.3487 25.326 24.9933 24.7326 28.3931 38.1025 36.1369 56.7838 40.0213 33.2775 26.7174 25.8771 24.6366 35.9029 24.4095 32.1114 24.0882 31.4364 25.2504 32.914 29.7042 26.4183 28.3499 24.3404 23.7729 23.6417 23.6295 23.453 23.3341 22.7361 22.6998 35.4701 35.4087 33.9403 28.4597 27.9608 24.77 22.2975 22.1701 22.1071 21.9418 21.5526 22.5098 21.5099 21.4863 21.2637 21.9682 21.2061 21.1204 20.9545 20.6447 29.4422 24.7856 21.1555 20.5759 22.6067 20.4737 20.2482 20.2066 20.176 20.1513 20.0437 20.0258 19.9722 19.7543 26.2737 23.1518 19.6109 20.6653 27.625 25.3625 21.7302 19.5115 19.4961 19.3109 19.1157 29.523 25.3626 26.082 26.0799 24.7622 27.2588 19.0136 21.223 19.0003 23.1436 18.8807 19.463 18.7998 18.7205 24.7698
threshold=0.0028354035457596187 0.10000000149011613 4.8700001570978209e-05 -0.00018608054233482105 0.75499999523162853 0.00018925770564237612 4.0850000381469735 -7.5031282449344863e-06 -0.57499998807907093 0.0002007166112889536 0.00018923551397165286 8.1708599282137601e-06 -0.67500001192092884 9.6554525953251882e-05 -0.0043817327823489896 -30.999999999999996 0.0010513826273381712 42.617029190063484 -0.0002475071523804217 -0.39499999582767481 75.500000000000014 14.500000000000002 -0.0037663171533495183 7.7000000476837167 -0.00013913452130509538 0.74500000476837169 1.0049999952316286 2.5000000000000004 -0.001129841723013669 0.3666666597127915 3.5000000000000004 0.90000000596046459 3.5333333015441899 26.500000000000004 50.415578842163093 0.0016498928307555618 42.029785156250007 30.500000000000004 0.45499999821186071 2.5000000000000004 -0.57499998807907093 0.24499999731779101 0.011418013833463194 -0.00021286569244693962 0.0168827073648572 0.50499999523162853 -0.0045898323878645888 2.5000000000000004 57.796630859375007 0.066332682967185988 -0.0028346196049824353 0.0019989277934655551 4.7049999237060556 -0.41499999165534968 -0.27998152375221247 19.500000000000004 0.00057195802219212066 0.23831145465373996 -0.0011585613247007129 8.6751184426248087e-05 0.00043906348582822835 -0.00082747620763257135 1.3187624216079714 25.500000000000004 0.00012208637053845453 -0.0014772800495848057 38.500000000000007 0.53499999642372142 3.5000000000000004 -0.00047384439676534379 19.500000000000004 0.0068759811110794553 0.063620336353778853 0.01832651719450951 7.5000000000000009 -0.069925729185342775 19.500000000000004 3.9000000953674321 0.56666666269302379 40.500000000000007 0.0016114386962726714 0.016655596904456619 0.0011876492644660177 0.25499999523162847 -0.00050423789070919145 -0.00022658670786768195 1.2154933810234072 -0.0015645554522052405 -0.0027693033916875716 -0.39918002486228937 -0.0031717424280941482 5.21949987160042e-05 -1.0099999904632566 7.6000001430511483 0.3666666597127915 0.00012334106577327478 3.5000000000000004 -0.00050909642595797766 5.7000000476837167 -0.79586249589920033 0.81832236051559459 0.078000713139772429 63.623138427734382 -5.1149048886145458e-05 5.9826792494277477e-05 -0.68500000238418568 -0.00031797272094991053 -0.014431288000196217 -0.013759321533143519 1.0000000180025095e-35 -0.73500001430511464 2.5000000000000004 1.5000000000000002 5.0333335399627694 18.500000000000004 0.00061404990265145909 1.5000000000000002 -0.0026080867974087592 -0.0012422697036527095 -8.5261497588362531e-05 0.00046373244549613451 2.7299706935882573 0.85377731919288646 49.500000000000007 1.5000000000000002 26.104125022888187
decision_type=2 2 2 2 2 2 2 2 2 2 2 2 2 2 2 2 2 2 2 2 2 2 2 2 2 2 2 2 2 2 2 2 2 2 2 2 2 2 2 2 2 2 2 2 2 2 2 2 2 2 2 2 2 2 2 2 2 2 2 2 2 2 2 2 2 2 2 2 2 2 2 2 2 2 2 2 2 2 2 2 2 2 2 2 2 2 2 2 2 2 2 2 2 2 2 2 2 2 2 2 2 2 2 2 2 2 2 2 2 2 2 2 2 2 2 2 2 2 2 2 2 2 2 2 2 2
left_child=3 62 22 4 5 -1 17 8 9 64 11 102 13 -13 -12 -4 29 18 -5 47 65 80 78 38 89 95 84 -26 -7 -6 -21 37 34 121 -33 -36 -37 -32 39 40 63 -41 43 44 117 -40 -47 48 -19 50 76 52 58 54 -54 98 57 -55 -30 -28 -48 -15 -2 -16 123 66 -17 71 73 72 -71 -67 92 -68 79 -51 77 94 -3 -39 -22 -82 108 -75 -10 87 -87 -53 -88 -25 -91 -73 -70 -60 -42 -20 -81 -50 124 -52 101 -101 103 104 105 -9 -105 -58 -11 -18 111 -31 -112 114 -114 116 -116 -43 -119 120 -111 -34 -123 -8 125 -56
right_child=1 2 15 6 16 28 7 10 26 82 14 12 -14 61 23 20 109 19 25 30 21 -23 -24 24 27 -27 59 -29 51 110 31 32 33 -35 35 36 -38 74 45 41 49 42 -44 -45 -46 46 60 -49 97 75 99 85 53 56 55 -57 107 -59 93 -61 -62 -63 -64 -65 -66 67 68 -69 69 70 -72 91 -74 83 -76 -77 -78 -79 -80 96 81 -83 -84 -85 -86 86 88 -89 -90 90 -92 -93 -94 -95 -96 -97 -98 -99 -100 100 -102 -103 -104 106 -106 -107 -108 -109 -110 119 112 -113 113 -115 115 -117 -118 118 -120 -121 -122 122 -124 -125 -126 -127
leaf_value=-0.011672726746858349 0.024558902263273646 -0.048277208662139907 -0.017382587180823604 -0.0049553339087351871 -0.0078455618761953082 0.017057625760315536 -0.022571334873464216 0.031060072302853289 0.0017079842307476834 0.014577367019439694 -0.0031635688847327353 0.062689212224814259 0.0039797772351334 -0.0055633081636360651 0.02570269563092812 0.0015528350125986483 0.0037934622593945818 -0.00087601429181577884 0.0067069191426413922 -0.00059362610943739186 0.0028889487073649536 0.035108699744068321 9.0448918364870884e-05 -0.018072130606097036 0.012136674215574517 0.010930975030638727 0.0015604683834789194 -0.0043197344722057896 -0.0021745502069452824 0.011001654673537423 0.00013764768052690151 -0.0032210955507116518 -0.0018984282903181271 -0.026289202376312021 -0.014304228329679515 -0.023955839059815635 0.010593673145635446 0.0097826309124813601 0.0070821943514051593 0.00022252285476348166 -0.0089380979618867134 -0.0089692242158519973 0.0098001442279179226 -0.0024799294921772153 -0.0060549448230114286 -0.014468059247474373 -0.0018115589037997364 -0.012396983347373745 -0.00764794113827553 -0.0066913602175560282 -0.0043232562546035675 -0.0028527066823317245 0.0042762643276325982 0.016161245060526946 0.029240584212873139 0.0075067183072190964 -0.014347848331160862 0.0047890409271736552 0.00075155449253580455 0.030421556047766491 0.0038714531199264372 0.025764717672348426 -0.0064029899281886835 0.0031617668014003817 -0.011822896870896557 0.021470595260950607 0.0031543587851017999 -0.0034795228668564877 -0.036628335896418 0.011958201012627442 0.042580815042845895 0.025328319105612424 0.036556954850275908 0.02075901180394063 0.0071190806533787815 -0.00052567588794012504 0.01015202303088999 -0.0023243244641575748 -0.0088019994797329075 0.077294816758173221 -0.0086788190186892211 0.016541295734966675 0.0065272655529251189 0.048773872981210081 -0.0027639646775275716 -0.0040795115278829631 0.011626259882569873 0.0052599018384337313 -0.007654415153951025 0.010127671273038409 -0.010152909403974879 0.0032898179731126113 0.0039727186006384765 0.011571133626696489 0.0061844524179316797 -0.0052707547401585801 0.022679840396631522 -0.022235175827535772 -0.010889806676186886 0.0011646745090072676 -0.0041952609355603559 0.034803364398665 -0.033993574120964633 0.011385126530123595 -0.00271024338638198 0.0017225260935862701 -0.0067698966478603566 0.0016102814615450421 -0.0098215394999972283 -0.030089180891352121 -0.0079150986833955439 0.042786966997511583 0.0079195181630788772 0.002352837023489015 0.01513461133467945 0.0031653096252270856 0.045057805537017513 -0.017348801708659108 -0.035751811371480244 0.00025452272655727287 -0.0057240318849015436 0.032253482141931321 -0.01411807051282982 -0.043354688975393491 0.0016061077538897105 -0.0079145334935741395
leaf_weight=2834.5734467953444 1092.0600632727146 147.01166652143002 768.11770924925804 4708.8390643596649 1200.0079612582922 899.22563734650612 842.91086709499359 699.41373690962791 16045.044974774122 343.28144229948521 30130.089392632246 335.09076462686062 3446.8572065681219 280.40703800320625 464.7049135863781 9052.5169040858746 5637.2432184666395 11095.317184343934 2769.54909491539 57628.903580516577 3638.293146148324 278.04905907809734 34011.410407662392 2181.598285600543 1664.4601659178734 4648.6223866939545 652.30301333963871 2347.9297825843096 44957.459939390421 2104.7763734608889 3312.2087158411741 4036.9883536845446 23500.829988002777 426.48804412782192 8985.2489238530397 285.61451514065266 825.08604881167412 216.77072259783745 10718.178350135684 26065.165217325091 960.47813777625561 1295.7124446481466 2094.5804748833179 7456.1328103393316 3892.1206293702126 1004.8785810768604 11421.620830237865 4758.4176021665335 4958.4184014648199 9665.5295577645302 11358.112541601062 7423.0617056339979 10626.720491781831 2429.7149539738894 185.88520036637783 2400.7794314026833 800.32730154693127 22415.841748356819 35773.256843954325 507.40822723507881 20385.055227532983 1702.9039856940508 315.27880135178566 39107.173600509763 687.04338575899601 797.49975448846817 565.25882264971733 7790.2560678273439 124.71225257217884 3475.7609272450209 326.14950807392597 427.74609342217445 207.40984727442265 1484.9610230028629 968.46007524430752 14327.351665318012 4352.9887567311525 6647.7372547984123 2260.5530064851046 145.34292124211788 5107.1795148402452 370.43349796533585 1042.3046989142895 328.66878120601177 30200.154160633683 31156.436515316367 2122.0108269304037 7644.1394944339991 777.63416434824467 720.55981549620628 2317.1052451580763 29026.674704164267 8146.7327068597078 1813.6393872499466 10829.870663419366 2850.0707761794329 124.98195712268353 1161.5892273187637 3662.5470150411129 44538.616521835327 10707.624337375164 205.54462449252605 168.18526786565781 805.36207981407642 1202.0403378456831 509.22002345323563 3634.6368640810251 17953.71100372076 7122.3184125125408 538.29811543226242 1221.7262168526649 339.32942990958691 9595.8220984637737 7441.5690135806799 656.9343800842762 532.23646399378777 567.35126538574696 1835.8033260852098 951.42708007991314 2973.5635949522257 1413.597912222147 315.54782481491566 126.91699425876141 899.88741783797741 5720.0636361241341 5163.300737336278
leaf_count=11385 4399 593 3086 18873 4825 3603 3406 2819 64307 1377 121221 1379 13830 1128 1865 36441 22609 44470 11113 231180 14604 1117 136801 8764 6672 18683 2616 9414 180130 8451 13315 16170 94357 1711 36083 1147 3322 871 42944 104407 3851 5203 8395 29876 15598 4024 45768 19114 19982 38763 45499 29748 42593 9736 758 9633 3207 89780 143341 2038 81670 6855 1272 156863 2776 3248 2287 31280 504 14004 1315 1722 846 5982 3894 57449 17446 26634 9117 584 20530 1518 4198 1331 121039 124935 8528 30616 3116 2897 9292 116897 32857 7269 43400 11418 502 4665 14685 178408 42968 823 677 3234 4822 2041 14591 72009 28558 2158 4904 1361 38503 29851 2633 2141 2274 7362 3812 11929 5663 1265 512 3647 22936 20730
internal_value=0 0.00199992 0.00179698 -0.000322567 0.00062879 2.12351e-05 -0.000791763 -0.000250034 -0.00280962 -0.011365 0.000260625 0.0058845 0.0133627 0.0273125 3.5296e-06 0.00303956 0.00429943 -0.00217025 0.00207205 -0.00268735 0.00326004 -0.00190804 -0.000656757 0.000385967 -0.00493902 0.00529468 -0.00083564 0.00250688 0.000183781 0.00630961 -0.00195981 -0.00377932 -0.0048587 -0.00194671 -0.0098799 -0.0125425 0.00170933 0.0049373 0.000590549 0.000113351 0.000754205 -0.00213842 -0.00564973 -0.00774684 -0.012671 0.00274751 0.00133155 -0.00602808 -0.00426768 -0.000176714 0.00058184 0.000109045 0.000724428 0.00226156 -9.59129e-05 -0.00280782 0.00376254 0.00590116 -0.000604412 0.0141881 0.00183071 0.0213355 0.0176227 0.00342647 -0.0272293 0.0040462 0.00647462 0.00253253 0.00951389 0.00739616 0.0145852 0.00408071 0.00417261 0.0204464 0.0158592 -0.00300952 0.00382308 0.0023289 -0.0112125 0.0332366 -0.00303711 -0.00697326 -0.00683418 0.0258359 -0.0012124 -0.00181895 -0.00318252 0.00126311 0.00645552 -0.0106632 -0.00534218 0.00360987 0.00336056 0.00127362 0.00495252 0.00063227 0.0520441 -0.0104166 -0.00448873 -0.000523855 0.000254372 0.0013192 -0.000258022 0.000570192 0.00802396 0.0186996 -0.0034768 0.000929269 -0.00869963 -0.000203255 0.00706591 0.0154146 0.00604646 0.00695405 0.00997019 0.0211729 0.0290014 -0.0189779 -0.0236307 -0.00477754 -0.0124435 -0.00151311 0.0189522 -0.0333027 -0.00237077 -0.00662339
internal_weight=0 109743 108335 729608 240983 206760 488625 350775 58342.7 10937.7 292432 12784.1 5765.26 2318.4 279648 71916.4 34222.5 137850 14977.1 122873 71148.3 9393.96 36419 249518 9231.65 10268.2 47404.9 4012.39 203926 23659.8 100899 43270.5 38502.7 24369.8 14132.9 10095.9 1110.7 4767.76 240286 196757 153166 43590.9 17525.8 15431.2 7975.06 43529.7 32811.6 21973.7 17215.3 113594 89601 203027 153903 71358.9 27759.3 17132.6 43599.6 24845.6 82544.4 1159.71 31806.7 1983.31 1407.34 39571.9 2429.84 61754.3 23712.2 38042.2 14659.7 12280.8 3801.91 30251.9 8478.85 2378.89 1455.56 23992.9 22791.1 18438.1 2407.56 487.096 9115.91 5477.61 8507.9 1813.63 46245.2 49123.3 34056.1 15067.2 2899.64 5219.26 3037.67 29454.4 8271.44 37586.9 11790.3 5619.62 270.325 6120.01 14731.8 66809.9 55451.8 44744.2 7018.86 6850.67 2410.67 1208.63 4440 18754 7465.6 10562.7 22459.7 2444.11 20015.6 18793.9 11352.3 1756.52 1224.29 4082.94 2787.23 4925.46 1951.9 23943.3 442.465 1742.8 11069.2 5349.19
internal_count=3367648 441751 436080 2925897 966040 828738 1959857 1406626 233962 43962 1172664 51376 23192 9362 1121288 289569 137302 553231 60087 493144 286483 37769 146511 1000067 37039 41214 190000 16086 817353 94943 404913 173733 154567 97845 56722 40552 4469 19166 963028 788622 613969 174653 70246 61851 31975 174406 131462 88231 69117 455241 359029 813750 616807 286067 111335 68742 174732 99516 330740 4654 127438 7983 5671 158728 9829 248714 95567 153147 59126 49526 15319 121867 34207 9600 5851 96212 91331 73885 9710 1957 36652 22048 34133 7313 185346 196943 136579 60364 11644 20953 12189 118619 33361 150610 47251 22531 1086 24647 59109 267698 222199 179231 28184 27507 9682 4860 17825 75216 29935 42359 90118 9812 80306 75402 45551 7048 4907 16377 11174 19750 7821 96134 1777 7053 44424 21488
is_linear=0
shrinkage=0.1


Tree=25
num_leaves=127
num_cat=0
split_feature=32 8 33 43 16 15 35 44 4 30 34 44 10 16 39 43 6 6 16 22 38 19 21 22 38 44 5 0 42 21 38 7 4 33 46 20 24 11 42 23 27 15 25 46 45 5 44 43 26 2 44 46 22 43 43 30 38 45 5 5 22 42 2 3 38 16 45 26 27 45 11 30 24 22 43 38 39 44 38 46 44 45 45 43 38 30 45 23 39 46 44 38 22 46 46 38 26 34 23 45 5 44 34 45 5 39 6 17 20 46 15 32 28 34 45 44 22 25 25 6 41 24 27 32 33 23
split_gain=47.5147 34.2461 38.5744 36.8305 28.8594 28.2376 24.9867 29.7446 27.134 25.1315 24.8952 24.1416 23.333 32.7454 30.4315 30.1088 39.1306 26.9636 42.6769 33.4562 26.7067 26.5776 26.0196 27.5633 25.2846 25.0589 51.1698 30.4768 28.1534 29.4872 28.9947 35.3455 25.5145 26.0305 24.9334 29.6645 23.9032 23.4076 27.1431 24.1855 23.4015 22.8426 22.7801 31.0853 22.6159 22.4243 22.2521 25.3686 22.635 22.3754 25.8477 27.724 23.2833 22.7287 22.2208 21.6432 21.6101 21.4796 35.4189 22.5706 21.4497 21.1026 21.0924 30.7802 21.0423 20.912 20.8628 20.7498 20.4852 32.371 49.8553 20.3504 20.0956 25.6772 19.8202 19.726 48.2679 31.519 30.9049 34.5993 24.4497 37.2476 23.7401 22.6697 26.9725 22.2616 21.9524 21.8876 25.5991 45.9853 27.7684 25.1959 21.7484 23.5496 21.9333 21.5743 23.3999 21.5682 21.3457 34.1039 20.4468 28.7725 20.2544 19.9431 25.9751 25.8965 20.3303 19.8775 25.8635 19.7765 19.7198 19.7051 23.9318 19.6956 23.9646 25.7058 23.8239 19.6329 19.4431 19.4352 33.8459 19.4338 24.7289 25.2807 19.266 19.2448
threshold=0.0003922665491700173 0.00046377658145502215 0.0048982247244566688 0.56499999761581432 0.00028459103486966347 0.92714112997055065 3.2599999713056609e-06 1.0000000180025095e-35 -0.045553371310234063 0.0048137798439711341 2.9278379678726201 0.65999999642372142 40.82752990722657 0.00038852643046993768 4.5000000000000009 0.53499999642372142 0.00011271426774328576 6.7714212491409867e-05 -4.2719316297734613e-06 54.977008819580085 2.5000000000000004 0.00039919943083077675 6.6477842330932626 29.564896583557132 16.500000000000004 -0.03499999921768903 0.00084970518946647655 -0.00040532190178055311 0.24499999731779101 -0.15598176419734952 18.500000000000004 0.0012349744793027642 -0.0042094765231013289 0.00172028603265062 2.5000000000000004 0.00012660839274758476 0.013242785818874838 -0.00055550195975229133 0.75499999523162853 -0.00068111586733721186 8.2926620962098254e-05 0.014998202212154867 0.01674990821629763 10.500000000000002 30.500000000000004 -0.025356535799801346 0.38499999046325689 -0.15500000119209287 0.35667571425437933 0.00073151383548975002 -0.03499999921768903 12.500000000000002 62.03395080566407 -0.50499999523162831 0.88499999046325695 -0.0050921458750963202 22.500000000000004 74.500000000000014 0.00023546713782707232 0.022038509137928489 81.777236938476577 -0.34499999880790705 0.00028119048511143779 -0.0024538991274312134 19.500000000000004 -0.00013412525004241613 85.000000000000014 0.016378036700189117 0.00586445420049131 35.500000000000007 -0.0040305799338966599 -0.0013911821879446504 0.0052097304724156865 52.317304611206062 0.55500000715255748 17.500000000000004 1.0000000180025095e-35 0.034999999217689044 6.5000000000000009 -2.4999999999999996 -0.024999999441206452 42.500000000000007 24.500000000000004 -0.28499999642372126 18.500000000000004 0.0023369301343336706 13.500000000000002 -0.0017698943847790358 1.0000000180025095e-35 1.0000000180025095e-35 -0.58499997854232777 20.500000000000004 31.220457077026371 -22.499999999999996 -27.499999999999996 6.5000000000000009 0.13365244120359424 -0.35279685258865351 0.0008594781393185259 22.500000000000004 -0.012241415213793514 -0.33500000834465021 -0.46249674260616297 29.500000000000004 -0.039166439324617379 3.5000000000000004 0.00057527274475432943 0.0043849237263202676 -0.0011704711359925566 1.5000000000000002 0.43982976675033575 -0.0011695016874000428 -0.014780902769416569 -0.52868703007698048 44.500000000000007 0.024999999441206459 58.173744201660163 0.0071744513697922238 0.0092381206341087835 0.0029067274881526832 5.2049999237060556 0.0076013167854398498 0.0028670863248407845 -0.0036404611309990282 0.034075781702995307 0.00097775121685117505
decision_type=2 2 2 2 2 2 2 2 2 2 2 2 2 2 2 2 2 2 2 2 2 2 2 2 2 2 2 2 2 2 2 2 2 2 2 2 2 2 2 2 2 2 2 2 2 2 2 2 2 2 2 2 2 2 2 2 2 2 2 2 2 2 2 2 2 2 2 2 2 2 2 2 2 2 2 2 2 2 2 2 2 2 2 2 2 2 2 2 2 2 2 2 2 2 2 2 2 2 2 2 2 2 2 2 2 2 2 2 2 2 2 2 2 2 2 2 2 2 2 2 2 2 2 2 2 2
left_child=11 4 3 5 46 66 7 9 -8 -5 41 12 14 17 20 16 -16 18 -14 -20 68 24 75 -24 67 27 28 -19 29 -27 31 32 33 -30 65 -36 -23 38 121 54 -32 -4 43 56 55 -26 49 -48 -49 52 -51 -52 -2 -54 -39 -7 125 59 -59 -18 62 -58 63 -41 72 -34 -3 -15 -1 70 -70 -66 73 117 -63 76 80 87 79 85 95 -82 -79 84 97 86 -78 -77 -89 91 -91 100 -85 94 -94 -22 109 -84 119 -100 101 -90 -88 104 -92 -105 -107 108 -86 -97 -68 -44 -113 116 -115 -116 -45 -10 -46 -80 -121 122 -29 -124 -69 -28
right_child=1 2 10 6 -6 44 8 -9 64 -11 -12 -13 13 21 15 -17 57 25 19 -21 22 36 23 -25 45 26 42 37 30 -31 40 -33 34 -35 35 -37 -38 39 -40 60 -42 -43 111 113 118 -47 47 48 -50 50 51 -53 53 -55 -56 -57 61 58 -60 -61 -62 74 -64 -65 71 -67 110 124 69 -71 -72 -73 -74 -75 -76 77 78 82 98 -81 81 -83 83 92 107 -87 102 88 89 90 103 -93 93 -95 -96 96 -98 -99 99 -101 -102 -103 -104 105 -106 106 -108 -109 -110 -111 -112 112 -114 114 115 -117 -118 -119 -120 120 -122 -123 123 -125 -126 -127
leaf_value=-0.0053849644742238094 -0.00126606728018947 0.0014175589853716378 0.0060567031842893694 0.017902423440816401 0.0026599566559893256 -0.024104824469777769 -0.036088515039490794 -0.0053639816900979895 0.025268065299834108 -0.027948771815232309 0.0038933436894377088 0.0082600218580621068 0.026083008918919882 0.0064481507396255749 -0.01273739871098825 -0.0019985085811170529 0.008073653635893914 0.0037285462186389382 0.0073872806117318279 -0.040419258837490091 0.023668882721128427 0.0096385549767146559 0.047225684378864208 0.0077265840326436845 -0.0077215740809500836 0.0054388212804544417 -0.00019753839525436966 -0.012785205616158811 0.0092400129556326691 0.00097615071512454981 -6.0867644079287027e-05 -0.019850481032415608 -0.014978420173787102 -0.015994858212829983 0.011822773776559947 -0.0097077124436684183 -0.015573204763957613 0.0025775252680607886 0.0012600947379017827 0.0081044901259110218 0.016654893128891617 -0.0027628842871026053 -0.00040143625734489992 -0.012163564124813658 0.0084171087601041701 0.0037329560820751617 0.0077810215969366233 -0.028003682659751838 -0.0012882417170960482 -0.011486606176984592 -0.002912312892377355 -0.020189647298606183 0.0011371114438796695 -0.017370657370587347 0.026205681144548507 -0.0051914518545902785 -0.034697435579043111 -0.0094333999658448887 0.010559718274074216 0.00089240294901580391 0.032941757538036819 -0.010603972102579384 -0.0031151474305575362 -0.00072342350044726235 0.015032652588533577 -0.0026688227370211827 -0.029637572972132827 -0.0067433519490150322 -0.041148756888775291 0.012092817073646525 0.0017182563174101908 -0.0022817676592438853 -0.0016670287584414072 -0.014961168526008393 0.026818059612619256 -0.014381849918375418 -0.037895968023581611 0.028236684801716084 0.0010862310821833107 0.00062181747508163222 -0.0090707260125402218 0.0078182013782785893 0.057529525361959266 0.016864231401749027 0.017099700418040729 0.010143455520128826 -0.001615928384283356 -0.011074832928513098 0.03565927843430098 0.020852026422776244 -0.026646243722819325 0.013036513966474352 -0.0063121661046779704 -0.0014533275486631058 -0.055515427262223471 0.033369302021859552 0.004812301786723692 0.014934833409116322 0.027605437257778753 0.0048532450821617184 -0.0080782496380951627 -0.0010157833603163314 -0.01534976132406024 -0.0089126479249333323 0.0092426127889577055 -0.051404583066947541 -0.017496556268252039 -0.030842537048424896 -0.0016299786795528047 0.0057485642707641241 -0.0024692277572124655 0.028417985885833219 0.0037845978836098522 0.017677029428772913 -0.044039618689591498 -0.0044996887373303616 -0.046903429208493677 -0.0055497592890830496 -0.0015490578158940734 0.0065361768241849003 0.062105584777586764 -0.0013421149929186092 -0.010774125690569068 0.0057784333874042419 0.031644506681385125 -0.01843748038930226
leaf_weight=10793.264937609434 19507.601559221745 161610.38708615303 3038.706645578146 1496.2211494594812 7601.1199268251657 664.14946679770947 272.42279393970966 1477.1327282935381 215.30358771979809 129.9212141931057 6604.1084342002869 4210.4941887110472 1023.9055327326059 1325.7897769957781 1171.3139911144972 6942.194628700614 24001.737393379211 14161.708301186562 551.2411043047905 199.31764316558838 1349.4053402990103 2629.6340630799532 241.9265604019165 654.93626029789448 2315.6416074484587 43725.796701088548 40108.880436554551 6378.7668000757694 3058.8997950106859 22386.621359094977 1840.8754139989614 1118.5700578391552 2466.2660085856915 471.82344473898411 1674.3999457806349 1035.7832159399986 438.80621266365051 14162.482600927353 6446.1199887394905 4459.8693406879902 1536.5944124609232 87414.073444932699 21130.718077883124 2496.0949310064316 2222.9994797259569 6524.7989902496338 3176.1972066164017 396.66959644854069 1581.8803224116564 8085.2557345628738 11831.621793746948 1007.8735895007849 1023.9491364061832 1885.1487618386745 409.52427262067795 6797.943920314312 325.74539770185947 2189.5584785789251 1488.4267985224724 5352.7238520979881 183.35511645674706 1312.0071711540222 34236.411947205663 34522.244567632675 991.65411594510078 3133.6164769381285 410.38021521270275 19260.650684118271 338.27486100792885 1946.7390463501215 1370.5145367830992 2151.8392440676689 6893.2099519222975 3910.4957840442657 158.64513793587685 1849.580176025629 298.84623672068119 356.86782303452492 32511.119392514229 9194.8753958493471 1705.6637503951788 5571.0232272744179 178.7368827611208 607.32501965761185 1322.1433920562267 519.44639356434345 1779.1611256450415 2822.7561021745205 308.04245455563068 312.28053918480873 261.40589733421803 2611.6100966781378 211.0972992926836 6208.6955570578575 158.7130406498909 626.15539997816086 3154.7856706827879 354.97043983638287 784.71250987052917 4106.026260972023 1561.5027195066214 700.03276363015175 2708.6973185837269 2102.7833979278803 882.48550705611706 288.21717418730259 457.50384704768658 148.38476765155792 1666.6481230258942 442.36126199364662 765.53801353275776 407.31925581395626 12426.297607854009 461.68548031151295 174.52177837491035 2841.1160681247711 214.35692435503006 5184.6707042306662 16392.040463894606 503.348766669631 140.11725416779518 4909.5232222080231 1846.0510715246201 1844.7363050580025 131.63186180591583 586.91608074307442
leaf_count=43351 78184 647641 12170 6001 30456 2677 1092 5921 864 521 26502 16898 4157 5324 4739 27926 96883 56760 2218 805 5431 10535 1000 2671 9277 175137 160628 25550 12277 89703 7375 4487 9880 1890 6708 4150 1758 56777 25863 17872 6167 351293 84624 9994 8951 26134 12739 1588 6348 32557 47546 4047 4118 7572 1640 27428 1305 8826 5988 21574 735 5259 137277 138299 3974 12553 1643 77137 1369 7877 5523 8628 27635 15701 636 7458 1201 1433 130766 36959 6849 22381 718 2446 5334 2084 7142 11361 1239 1257 1052 10494 847 24926 637 2534 12701 1433 3150 16485 6281 2816 10892 8463 3549 1159 1846 606 6687 1795 3067 1633 49770 1849 699 11379 859 20780 65886 2040 569 19675 7410 7401 527 2351
internal_value=0 -0.000796305 -0.000383204 0.000373962 -0.00306915 0.000831595 -0.0034297 0.00490821 -0.00474853 0.0142391 -0.00203384 0.000721592 0.000654104 0.000178556 0.00169736 0.00400592 0.00522461 0.000516003 0.0128052 -0.00530818 0.000802197 -0.00282522 0.00143205 0.0183814 -0.0037448 0.000440456 0.00124652 -0.000636547 0.00300912 0.0039277 -0.000708199 -0.0028589 -0.00125375 0.00586778 -0.00427949 0.00359421 0.00603312 -0.00120161 -0.00416566 -0.000479741 0.00754404 -0.0024666 -0.000511928 -0.00189871 -0.00222346 0.000732587 -0.00396712 0.00224415 -0.00664429 -0.00470584 -0.00705758 -0.00426855 -0.00251062 -0.0108563 0.00324156 -0.0068748 -0.000934401 0.00586154 -0.00134248 0.00676417 -0.00121851 -0.0116681 -0.00130405 0.000286561 -0.00430724 -0.00809014 0.00132099 -0.00565531 -0.00319366 0.00327637 -0.00676777 0.00318028 -0.00575981 -0.00878999 -0.00656711 0.00126458 0.00218282 -0.00110218 0.000839356 -0.00308884 0.00767676 0.00385942 0.00285825 0.00202404 0.00841736 -0.00951894 -0.0116527 -0.00423892 -0.00271477 -0.000227028 -0.00786566 0.00611936 -0.00124199 -0.00291354 -0.0274289 0.0126614 0.00914429 0.0291997 0.00233659 0.0085038 -0.000910935 0.0101912 -0.00990514 -0.0101119 0.00104117 -0.0145907 -0.0306018 0.00488181 0.00665542 0.0219344 -0.0119506 0.0014757 0.00456642 -0.00852071 -0.00353973 -0.00678795 -0.014911 -0.00432101 -0.000358903 0.00142685 0.0186366 -0.00650059 -0.00901567 -0.00250079 -0.00648278 -0.000460595
internal_weight=0 364741 308643 211586 56097.3 188863 22722.9 3103.28 19619.6 1626.14 97056.9 474525 470315 323056 147259 41146 34203.8 290429 1774.46 750.559 106113 32627 91664.4 896.863 29558.5 288654 165094 123561 82449.2 66112.4 16336.8 12959.4 11840.8 3530.72 8310.07 2710.18 3068.44 109399 21425.2 87973.9 3377.47 90452.8 82644.3 48680 26077.1 8840.44 48496.2 5154.75 1978.55 43341.5 20924.8 12839.5 22416.7 2909.1 14572 7462.09 42492.2 33032.4 3677.99 29354.5 73401.9 1796.4 73218.5 38982.1 19347.2 5599.88 162786 20718.1 14448.8 3655.53 1708.79 3143.49 16203.7 9310.47 1470.65 90767.5 65395.7 25371.8 52546.4 14501 12849.4 7276.69 11213.6 10856.7 3670.88 5306.15 4786.7 14158.2 12308.6 9485.86 4304.68 5181.19 7185.83 6578.51 369.81 5572.71 4223.3 533.707 38045.3 4890.74 2569.58 1008.08 4487.86 3992.4 1143.89 2848.5 745.721 3137.18 2988.79 1068.52 1175.92 33964.3 12833.6 6187.78 3477.32 3015.64 2710.45 5399.97 18615 33154.6 643.466 14979.1 10069.6 3690.79 19392.3 40695.8
internal_count=3367620 1463530 1238375 848410 225155 757293 91117 12443 78674 6522 389965 1904090 1887192 1294444 592748 165936 138010 1163752 7180 3023 426812 130692 368692 3671 118399 1156572 661313 495259 330327 264840 65487 51945 47458 14167 33291 10858 12293 438499 85899 352600 13542 363463 330986 194959 104942 35411 194699 20675 7936 174024 84150 51593 89874 11690 58417 30105 170179 133271 14814 118457 294183 7200 293448 156171 77582 22433 652351 82988 58120 14769 6892 12602 64980 37345 5895 365021 262979 102042 211288 58278 51691 29230 45067 43634 14778 21319 19235 56975 49517 38156 17326 20830 28856 26410 1484 22461 17030 2151 153010 19635 10336 4055 18034 16069 4601 11468 3005 12627 12021 4329 4710 136027 51403 24780 13927 12078 10853 21644 74837 133375 2609 60036 40361 14811 77664 162979
is_linear=0
shrinkage=0.1


Tree=26
num_leaves=127
num_cat=0
split_feature=18 44 45 31 33 13 44 44 43 46 11 32 11 37 27 44 44 45 37 37 2 38 22 32 31 19 9 9 25 5 2 37 37 42 39 5 31 14 37 38 15 44 26 8 39 16 26 45 46 43 33 7 16 18 42 33 38 16 37 42 22 14 46 43 43 19 44 44 10 27 46 43 42 41 44 37 46 8 5 45 12 44 38 37 39 46 17 44 33 42 43 2 44 44 38 31 44 39 5 37 45 38 5 13 38 2 8 28 33 38 22 44 9 45 12 6 15 32 10 5 38 4 44 31 9 5
split_gain=46.4758 26.0736 24.8659 33.9705 24.0614 34.2035 40.3648 31.138 30.7469 34.7912 29.5917 29.2964 61.9531 35.4077 29.9084 27.0453 37.7984 34.0503 26.9991 35.0094 25.9708 25.9427 39.4687 30.1547 34.6807 38.4819 28.1751 27.1255 26.6564 26.6441 25.4255 30.9836 32.8812 42.9669 53.2771 28.8622 33.5135 26.5573 25.0182 26.5275 24.9291 24.51 23.6178 23.1852 23.0721 23.0702 28.8092 28.4146 30.693 22.8196 28.4487 24.8454 29.4909 23.8782 22.7395 25.8906 22.9905 22.6156 22.189 28.4292 23.1447 24.252 24.0764 22.2592 22.0408 22.6915 21.7868 34.9829 25.0926 21.4612 21.41 37.5003 32.0644 25.1153 40.1489 25.8516 25.0549 25.5578 24.8314 23.2883 25.0254 23.2801 33.0561 21.1032 25.9069 29.3856 22.8524 21.5032 21.0821 21.0787 23.8859 21.967 21.0338 26.0632 20.9796 21.846 31.742 20.944 20.8487 21.0443 20.7845 44.8855 32.8286 39.4324 22.2798 22.0726 28.4922 20.9814 20.6937 20.7869 20.6719 20.6486 26.5284 20.6208 22.5816 20.6003 20.5944 20.5511 20.5325 20.5232 21.8322 20.3603 20.3377 26.5049 21.5772 20.3322
threshold=-0.002487181685864925 0.65999999642372142 72.500000000000014 -0.0076946865301579228 -0.0010954919271171091 0.00049371435306966316 -0.33500000834465021 -0.13499999791383741 -0.31499999761581415 14.500000000000002 -0.0016319222049787638 0.0036253822036087517 0.00013702780415769669 1.5333333015441897 -0.0025895833969116207 0.22500000149011615 0.27500000596046453 38.500000000000007 1.1999999880790713 0.93333333730697643 0.0002370711954426952 7.5000000000000009 33.37572097778321 -0.0043036406859755507 -0.0056536926422268144 -0.00041151496407110239 0.00068487078533507894 0.00083171424921602022 0.023649590089917186 -0.044210191816091531 -0.00078143255086615671 6.2333333492279062 3.7000000476837163 -0.4549999982118606 2.5000000000000004 -0.046617716550827019 0.0085807624273002165 0.0051853035110980281 5.8333332538604745 20.500000000000004 0.78002113103866588 0.054999999701976783 0.48138551414012914 0.00037345787859521812 5.5000000000000009 -0.00010845722863450645 0.80649736523628246 49.500000000000007 17.500000000000004 0.19500000029802325 -0.00047073085443116719 0.00016282765136566016 8.2485621533123793e-06 0.00039056366949807858 -0.34499999880790705 -0.0030349195003509517 21.500000000000004 0.00057769197155721496 7.866666555404664 -0.34499999880790705 23.752689361572269 0.012723075225949289 20.500000000000004 0.55500000715255748 0.84499999880790722 -0.00064576716977171589 1.0000000180025095e-35 -0.095000002533197389 33.099020004272468 0.0029344565700739626 -2.4999999999999996 0.57499998807907116 -0.21499999612569806 4.9500000476837167 0.21499999612569812 1.1000000238418581 -21.499999999999996 0.001024822471663356 -0.038300363346934312 69.500000000000014 0.00017755831504473465 -0.39499999582767481 7.5000000000000009 1.2333333492279055 4.5000000000000009 -1.4999999999999998 0.0010143960244022312 -0.13499999791383741 -0.0020849767606705423 -0.014999999664723871 0.23499999940395358 -0.0019605528796091671 -0.22500000149011609 0.16499999910593036 21.500000000000004 -0.00045215930731501425 -0.31499999761581415 5.5000000000000009 0.0023163795704022054 2.5333333015441899 11.500000000000002 18.500000000000004 0.010173842310905458 -0.00020340071932878343 10.500000000000002 -0.0044292432721704236 0.00087594334036111843 -0.002482492476701736 -0.0012871890212409196 11.500000000000002 44.644887924194343 0.65999999642372142 0.0021046565379947428 71.500000000000014 -0.0025698327226564284 0.00069284997880458843 0.74946972727775585 -0.0036404611309990282 38.97743225097657 -0.012582021765410898 6.5000000000000009 -0.022992745041847226 0.21499999612569812 0.0087831295095384138 0.0018538525910116734 -0.059102557599544518
decision_type=2 2 2 2 2 2 2 2 2 2 2 2 2 2 2 2 2 2 2 2 2 2 2 2 2 2 2 2 2 2 2 2 2 2 2 2 2 2 2 2 2 2 2 2 2 2 2 2 2 2 2 2 2 2 2 2 2 2 2 2 2 2 2 2 2 2 2 2 2 2 2 2 2 2 2 2 2 2 2 2 2 2 2 2 2 2 2 2 2 2 2 2 2 2 2 2 2 2 2 2 2 2 2 2 2 2 2 2 2 2 2 2 2 2 2 2 2 2 2 2 2 2 2 2 2 2
left_child=2 4 111 54 5 6 45 -7 9 10 -8 13 -13 18 -14 30 17 98 19 49 64 22 -12 26 25 -25 -24 40 29 44 31 32 66 34 38 -36 -37 108 39 -34 -23 -42 116 -19 -29 -2 47 48 -47 51 -51 52 92 -54 55 -4 -56 -16 59 63 -61 62 -62 97 65 -20 67 83 -69 -31 71 76 -72 74 81 -75 -21 78 -78 80 -80 82 -74 -10 87 -86 -87 -85 -50 122 91 -91 -6 -94 95 119 -97 -33 -17 -100 101 102 104 -104 -15 106 107 -102 -32 -110 -49 -1 -113 118 -115 -73 -22 -103 -35 -11 -121 -39 123 -52 -124 -68
right_child=1 -3 3 -5 11 7 8 -9 15 94 21 12 14 100 57 16 -18 43 20 70 42 27 23 24 -26 -27 -28 28 -30 69 37 58 33 113 35 36 -38 121 -40 -41 41 -43 -44 -45 -46 46 -48 110 88 50 89 -53 53 -55 56 -57 -58 -59 -60 60 61 -63 -64 -65 -66 -67 125 68 -70 -71 72 115 73 75 -76 -77 77 -79 79 -81 -82 -83 -84 84 85 86 -88 -89 -90 90 -92 -93 93 -95 -96 96 -98 -99 99 -101 105 117 103 -105 -106 -107 -108 -109 109 -111 -112 112 -114 114 -116 -117 -118 -119 -120 120 -122 -123 124 -125 -126 -127
leaf_value=-0.0025560631682135073 0.001018451790891606 0.0066000824703243231 0.025121426731237663 -0.00066755308377114051 0.043830943181974946 -0.0083642951230206136 0.0073278013534273908 -0.00017161515760289242 0.0093469076114167295 0.015269776651493148 0.010946016234526882 -0.0068421226114893201 -0.0017424121642153078 -0.011035845071598566 0.0048123063764986306 0.0084791514752114265 0.00025532629050280606 -0.023633361717549248 0.00064037022879821304 -0.02014194391500097 -0.0029461339907077399 0.0060016989196519334 -0.061493533256308186 -0.011265102252524622 -0.0030902280950669513 0.016649933669288925 -0.012249478664423444 -0.024038295264407955 0.0039321832268425757 -0.0046213315111194812 -0.0013758717540596401 -0.0053214968947272474 -0.021213074340647869 0.0097534811450022199 0.037670817531133688 -0.0080449952086998604 0.033097726945792542 -0.0046694004368501175 0.0087578277818754057 -0.060189636375708559 -0.0073471670672151214 0.0056733989813689692 -0.0059527224960408956 0.013944669318090476 0.015465694579537143 0.0062356676359553399 -0.020388523861300183 0.0045794672949782868 0.035815109948488612 -0.012028139808505556 0.0022819626958148916 -0.0051482414186879337 -0.02169373335515698 0.02690755494890474 0.011702501118854507 -0.0059255348115571232 0.040915345415679052 0.012933048822784838 0.0087525658753095995 0.016505772183285732 -0.0078863581051348657 -0.023492081233005072 -0.032829451975122916 0.028926572453531696 -0.038628002099144985 -0.011426069667171711 -0.012331090822157159 -0.0011995729410592595 -0.016338400091935403 0.0037595317325755245 0.015292553953495045 0.067678957480918678 0.029374086102394684 -0.0023930696097716332 0.03164155759007152 0.017534393909703936 -0.038266502215633928 0.026162048963236591 0.019763803088772038 -0.019119791965442029 -0.0027500159901495298 -0.014804081264960212 -0.0094210154487362231 -0.016435688908934178 -0.013129012986227344 0.0041323138157318027 0.048690433420856764 0.0082728682372649343 -0.0076762135942492413 0.061836520897041086 0.0034617545478477247 0.014071575064048472 -0.016450742332220821 0.040687211124572353 -0.011207347376542762 0.049565931746307676 0.0031407347006634969 0.024128164935887188 0.011847577530352959 -0.016307310714033883 0.034585746448515579 0.03984710249051799 -0.020197090847338502 0.016805086899119189 -0.030802013089990882 -0.00010475090109310532 0.0014865471277623955 0.0091530767728051198 0.00019234355565778149 0.019354543662596049 -0.0067835981332034796 0.018687293824910699 -0.015604093591269602 0.035300875645778801 -0.0088892343216976765 0.017679761360826132 0.016528454248816656 0.0043687191645459507 0.0015558911832184179 0.012870473534258773 0.060216832311865545 0.0060865206692453959 -0.011084290513805179 -0.024813668079186189 -0.056736548204508665 -0.00013426638652777904
leaf_weight=103283.89655125141 22342.585762992501 6543.6257443875074 334.94849891960621 16961.614725887775 296.20831814408302 7141.2655150145292 8405.6375363171101 13240.610014930367 1465.563210055232 610.76351776719093 2352.2199301570654 4892.9161749184132 4092.8970144838095 1410.1948910355568 8907.8259473741055 1221.3891020864248 24261.505450665951 169.54776991903782 2005.6643522679806 321.72659488022327 1040.8128839880228 22436.486098185182 127.24197427928448 670.7637250572443 20635.09509138763 1872.1763795614243 1337.3005291819572 928.61253398656845 9841.8549382388592 8422.4858676195145 36703.857529610395 1985.4736217111349 1046.4311663508415 6578.0073864161968 219.0079540759325 1205.8099808245897 236.87932114303112 2090.1480470299721 221.15840178728104 209.59309820830822 3135.6463016420603 2682.5261468589306 3642.5332246869802 5194.6278176158667 175.8399748057127 28506.473029196262 437.83749349415302 3523.7811006605625 569.8202665746212 1640.3641677647829 3232.7140539288521 26294.470601305366 360.47517889738083 140.48673044145107 2320.5745204389095 1355.9435751289129 304.78490616381168 5576.0978758782148 850.60663412511349 307.82153318822384 7384.0940721929073 1399.2210611999035 408.38418579101562 264.38084410130978 253.62123084068298 6990.180572271347 1504.1502967327833 1485.6106833964586 4162.6930595040321 4794.9507413357496 1223.3847807645798 158.65257148444653 322.74698981642723 1762.8794205337763 246.99504852294922 1032.1638963371515 129.25586250424385 690.40007770061493 1211.4056915193796 302.97105170786381 833.37366105616093 2719.8010842651129 687.45105513930321 1653.0851297080517 319.52207915484905 230.92555165290833 229.4824046343565 447.57841405272484 138.55942164361477 125.64394362270832 8027.5734778344631 412.03344634175301 193.6160487383604 135.84391689300537 321.43645548820496 165.37623217701912 1345.4653252959251 274.9294149428606 352.96872200071812 1071.0060780495405 363.18111778795719 194.61416736245155 494.28025633096695 690.11900247633457 957.40763421356678 283923.08344309032 11869.743141338229 3036.0500106662512 1325.7364363223314 987.99249590933323 2934.0363272577524 938.84659487009048 296.95968802273273 124.6038536131382 1607.2635721564293 171.4599681198597 1135.3589994460344 1013.7449899464846 5705.6050583273172 149.12931920588017 280.72871792316437 11138.738367959857 565.10849557816982 406.40171228349209 126.75284078717232 14963.097807824612
leaf_count=415685 89562 26251 1342 68129 1201 28631 34047 53083 5891 2462 9471 19599 16410 5652 35692 4901 97339 680 8052 1289 4167 90141 513 2696 82799 7506 5375 3728 39482 33761 147009 7960 4197 26492 879 4842 950 8375 888 842 12566 10747 14614 20828 707 114645 1755 14217 2293 6574 12958 105537 1465 566 9306 5438 1222 22325 3419 1239 29613 5627 1638 1060 1017 28015 6047 5992 16688 19343 4901 636 1295 7070 990 4140 518 2767 4857 1214 3343 10906 2758 6639 1285 927 926 1799 557 504 32184 1654 779 546 1293 665 5407 1106 1415 4294 1456 780 1981 2765 3837 1137931 47652 12225 5309 3957 11782 3766 1191 504 6456 687 4550 4062 22864 600 1129 44617 2265 1629 508 60082
internal_value=0 0.000316746 -0.00176796 0.00134806 0.000258574 0.000917671 0.00119583 -0.00304211 0.000603408 0.00203981 0.00168556 -0.000257934 0.00316892 -0.000473677 0.00580571 -0.000320436 0.00222174 0.00817816 -0.00252151 -0.00147317 -0.00626263 0.00108834 -0.00143028 -0.00261164 -0.00173232 0.00928665 -0.0165279 0.0023854 -7.44557e-05 -0.00282778 -0.0010749 -0.00254547 -0.00127306 0.00213708 -0.00843831 0.00384525 -0.00128965 0.000515131 -0.0222562 -0.0277171 0.0044891 -0.00134391 -0.00102834 0.0127569 -0.0177489 0.00354409 0.00510678 0.0054197 0.00674662 -0.00282717 0.00037585 -0.00452517 0.0100168 -0.00806428 0.00926883 0.000224552 0.0150939 0.00793867 -0.00685597 -0.00796012 -0.0104669 -0.0113702 -0.00919356 0.0014716 -0.00955545 -0.0087358 -0.00348376 -0.00716691 -0.0123566 -0.00158097 0.00333531 0.00949459 0.000393152 -0.00229846 -0.00740382 0.00496582 0.00644669 0.00914741 0.00440503 0.00675432 0.010588 -0.00998934 0.00297359 -0.000422329 -0.00539264 0.0101712 0.0263415 -0.0111712 0.0273082 0.0019536 0.00482844 0.0252332 0.0244939 0.00710855 0.0128687 0.0159018 0.00822242 -0.00173958 -0.00110649 -0.0093284 -9.87289e-06 -0.00656562 -0.0122292 0.00136313 -0.0190289 9.44337e-05 0.00379823 0.0118704 -0.000797657 0.00837485 -0.000583213 -0.00240232 0.0104472 0.00450552 -0.00570986 0.0417094 0.00721421 0.0100827 0.00594579 0.0270513 0.0437911 0.0043871 -0.00373189 -0.000743968 -0.019448 -0.00124835
internal_weight=0 713342 125798 21277.9 706798 310535 290153 20381.9 231700 90691.7 87818.8 396263 23469.7 372793 18576.8 141008 32271 8009.54 68840.5 53772.4 15068.2 79413.2 26994.8 24642.6 23178 2542.94 1464.54 52418.4 24163.7 14321.9 108737 56491 43616.1 17154.4 3138.88 1661.7 1442.69 52246.5 1477.18 1256.02 28254.7 5818.17 5818.71 5364.18 1104.45 58453.1 36110.5 35672.7 29214.9 41957.7 14536.6 27421.1 1126.63 500.962 4316.25 1690.89 2625.36 14483.9 12874.9 12024.3 9499.52 9191.7 7792.48 2524.78 9249.47 8995.84 26461.7 9994.46 5648.3 13217.4 11814.7 3819.25 7995.42 6772.04 3976.99 2795.04 3489.13 3167.41 2477.01 2347.75 2044.78 3730 1010.2 4346.16 2880.59 779.93 460.408 2100.66 708.38 12896.2 8565.25 537.677 625.668 329.46 2872.9 2551.46 1510.84 2260.4 2645.36 1423.97 303952 4760.36 3552 1184.4 2367.6 299192 15269 3399.23 39017.6 2313.73 6457.82 104520 1235.81 14015.5 1731.87 330.113 2176.17 1208.36 12283.6 1040.62 429.858 13228.9 4330.98 3639.12 691.861 16467.2
internal_count=3367392 2861313 506079 85437 2835062 1246539 1164825 81714 930014 364438 352882 1588523 94026 1494497 74427 565576 129457 32118 276156 215741 60415 318835 108360 98889 93001 10202 5888 210475 97021 57539 436119 226852 175190 68914 12598 6671 5792 209267 5927 5039 113454 23313 23331 21508 4435 234811 145249 143494 117495 168370 58276 110094 4557 2031 17308 6780 10528 58017 51662 48243 38117 36878 31251 10126 37084 36067 106276 40147 22680 53104 47371 15311 32060 27159 15949 11210 13988 12699 9932 9414 8200 14959 4053 17467 11576 3138 1853 8438 2850 51702 34342 2158 2526 1325 11556 10263 6072 9066 10610 5709 1218341 19077 14235 4746 9489 1199264 61333 13681 156275 9266 25999 420642 4957 56316 6960 1323 8717 4842 49356 4191 1729 52992 17360 14587 2773 66129
is_linear=0
shrinkage=0.1


Tree=27
num_leaves=127
num_cat=0
split_feature=32 22 21 37 1 39 5 33 44 45 39 44 33 44 22 11 30 43 31 34 10 27 22 0 45 37 10 34 37 10 37 29 38 45 37 11 27 4 22 20 41 10 39 37 23 37 33 7 0 1 16 41 38 38 37 20 37 45 32 19 33 37 12 34 4 37 37 43 5 14 16 29 14 38 38 45 44 39 21 41 19 38 20 19 34 37 45 37 43 23 27 4 44 38 22 45 43 39 37 41 39 9 25 44 44 1 45 32 37 20 4 28 43 14 40 29 28 43 19 37 44 44 5 11 36 28
split_gain=41.9832 31.8858 33.3096 31.6077 30.4097 44.3663 52.8687 31.1915 27.0537 25.6606 25.2706 27.6841 27.6204 26.5062 25.8668 27.0647 25.2203 25.0556 28.3151 24.8884 23.7248 23.3664 22.9254 22.0176 24.863 24.9293 22.8913 45.2158 21.8618 28.2617 24.468 23.3871 26.7954 21.7991 31.2373 22.7016 20.8472 20.7539 28.9924 20.7518 20.2489 28.3443 37.2797 23.09 27.526 22.5957 22.312 21.8745 30.3899 23.3393 20.2777 45.5982 21.4084 22.3585 27.5953 34.8116 20.2198 22.5553 20.1717 28.5737 24.2876 20.1018 19.963 19.667 19.5946 26.7859 39.9349 23.7989 22.9495 20.4494 19.478 24.4237 22.7705 19.5615 26.0103 25.801 21.919 21.5584 28.8797 19.7945 22.4695 21.7123 19.2774 19.128 18.8775 25.6008 18.8149 18.8045 23.0671 18.6908 22.1446 18.5726 18.454 20.2154 18.4 18.3783 31.037 21.5699 18.2486 25.7692 18.1216 17.9696 17.9453 17.901 19.2986 17.7878 17.7148 17.5637 17.3908 17.3535 17.9385 17.2935 17.259 17.2305 24.0708 17.2111 22.6709 20.5916 17.1787 18.0861 18.0712 17.1664 17.1142 16.9958 16.9795 16.8229
threshold=-0.00041236782271880651 53.284664154052741 -0.10920247435569762 0.49999998509883886 -0.00039592500252183521 5.5000000000000009 0.049658223986625678 -0.0031755944946780796 0.074999999254941954 82.500000000000014 1.0000000180025095e-35 -0.35500000417232508 0.0020825881510972981 -0.54500001668930043 57.343709945678718 0.0011184696340933444 6.9622918090317412e-05 -0.37499999999999994 0.015626573935151104 3.1372281312942509 27.847782135009769 -0.00057688032393343736 75.310398101806655 0.00012815109948860484 14.500000000000002 7.7666666507720956 51.252508163452156 0.23440133780241015 7.7999999523162851 45.622688293457038 7.9333331584930429 -0.0014928761520422993 22.500000000000004 22.500000000000004 4.3999998569488534 0.0018639740883372726 0.00095941263134591292 0.0017350644338876011 58.604530334472663 -0.0014827005797997115 4.7049999237060556 48.424383163452156 5.5000000000000009 0.10000000149011613 -1.5158581391006008e-05 7.866666555404664 6.2996947235660641e-05 0.00026465112750884151 8.1708599282137601e-06 -0.0015567157533951102 0.00017104614380514252 2.7049999237060551 4.5000000000000009 13.500000000000002 7.5333335399627694 0.00099916552426293514 4.5333335399627694 14.500000000000002 0.010043452959507706 -0.00021898039267398414 0.0012928264914080503 7.9333331584930429 -7.7238535595824928e-05 1.1721726655960085 0.0033123659668490295 4.0666668415069589 3.5333333015441899 -0.66500002145767201 0.013062580022960903 0.010665148496627809 6.3523057178827016e-05 -0.00087068468565121282 0.0017212444799952211 20.500000000000004 13.500000000000002 12.500000000000002 0.33500000834465032 3.5000000000000004 0.31439279019832617 1.2050000131130221 0.00026931955653708434 9.5000000000000018 0.00038283431786112493 0.00033354504557792103 0.45214641094207769 4.2333333492279062 73.500000000000014 0.10000000149011613 0.41499999165534979 0.00067828438477590691 0.00034167584090027964 -0.0020207680063322182 0.024999999441206459 14.500000000000002 51.24969673156739 29.500000000000004 -0.51499998569488514 4.5000000000000009 7.5000000000000009 4.4500000476837167 2.5000000000000004 0.0001813497437979095 0.04920227266848088 -0.03499999921768903 0.18500000238418582 -0.0012831976637244222 13.500000000000002 0.0035367306554690008 5.7666666507720956 0.0016774344840086999 0.0021688203560188417 -0.0013750840444117782 0.48499999940395361 0.0033938474953174595 1.5000000000000002 -0.0019892124691978093 0.0013259268016554417 0.84499999880790722 -0.00024518280406482512 4.9333331584930429 0.13499999791383746 0.014999999664723875 0.030126906931400303 0.00039066254976205533 -0.00019860500469803807 -0.0051006316207349292
decision_type=2 2 2 2 2 2 2 2 2 2 2 2 2 2 2 2 2 2 2 2 2 2 2 2 2 2 2 2 2 2 2 2 2 2 2 2 2 2 2 2 2 2 2 2 2 2 2 2 2 2 2 2 2 2 2 2 2 2 2 2 2 2 2 2 2 2 2 2 2 2 2 2 2 2 2 2 2 2 2 2 2 2 2 2 2 2 2 2 2 2 2 2 2 2 2 2 2 2 2 2 2 2 2 2 2 2 2 2 2 2 2 2 2 2 2 2 2 2 2 2 2 2 2 2 2 2
left_child=22 2 40 9 19 7 8 -6 56 17 11 13 -13 14 -9 83 -12 18 21 23 -4 -3 28 24 63 64 27 -27 125 30 89 32 -31 34 -14 -36 108 38 -23 -19 50 42 47 44 -43 -45 62 48 -42 -49 52 102 -2 54 55 -54 57 -7 60 -60 87 100 -44 -5 82 66 67 -66 -68 84 71 72 -18 74 79 -76 106 -75 -79 80 -74 -81 86 -16 -67 -86 -26 88 -22 112 -91 -62 -32 -94 -55 96 97 -53 103 -100 -34 -51 107 -35 -105 -64 -77 -52 -21 -83 -111 -33 -30 -97 -115 116 -89 -117 -96 120 -120 -92 -57 -56 -104 -1
right_child=1 3 20 4 5 6 -8 10 -10 -11 16 12 33 -15 15 -17 70 39 -20 36 58 37 -24 -25 25 26 -28 -29 29 31 92 111 61 98 35 -37 -38 -39 -40 -41 41 43 46 45 -46 -47 -48 49 -50 101 51 95 53 94 123 122 -58 -59 59 -61 91 -63 105 -65 65 69 68 -69 -70 -71 -72 -73 73 77 75 76 -78 78 -80 81 -82 109 -84 -85 85 -87 -88 115 -90 90 121 -93 93 -95 118 113 -98 -99 99 -101 -102 -103 124 104 -106 -107 -108 -109 -110 110 -112 -113 -114 114 -116 117 -118 -119 119 -121 -122 -123 -124 -125 -126 -127
leaf_value=-0.0015803092370293072 0.0022506580439385282 -0.021181907564998464 0.0092287050451662477 -0.011526888301249949 0.0062678948088078328 -0.043916848267388835 0.008711190761860008 -0.021481841941615502 -0.0037343231787829454 0.026984249456571387 -0.0083032122021023842 0.00092184710213470331 0.022212801323210407 -0.020798109524926209 0.0042564955626313043 -0.023371009404459006 0.0066818257231811735 -0.036698756743677272 0.011109774361249741 0.0059422068329121761 0.020544874084118574 -0.030807545764577761 0.011328407464831169 -0.0030099206214067031 -0.0017671331707630898 0.0093976149748806886 -0.0046744918872349099 0.053637299172076082 -0.0043899459036241227 0.0074719538524947865 0.0014867511756023117 -0.039298493786103228 -0.025955066314752764 -0.019164978397652147 -0.025403174949024821 0.023853264758616623 -0.029638944340850865 0.0037359269404632837 0.01865300821215702 -0.0029418846680660531 -0.01579209913246777 -0.035305888817186999 0.0092944834222566993 0.0040047694144629492 0.015258480502308212 -0.01288914253874107 0.017712605827908432 -0.0083975340649832461 0.010627562501061028 -0.03595831917365442 0.006257238514095609 0.0080129416580951279 -0.0027339251489652016 0.0012502143502598911 0.0011072366800715949 -0.013890595102975859 -0.0069082865061885481 -0.014308449148660175 0.032959009446169717 0.0025775969129505144 -0.0069363347657907699 -0.041533467711106407 0.022573227360287496 0.017160967288705486 0.012093282938070967 -0.0023771874575141154 0.02400919415126939 -0.0008938542270736481 0.0045380458763008289 0.0063936822635572085 -0.0036803775276034118 -0.0062752254607414326 0.017580766889032672 -0.00066994932487689034 -0.021132318512385763 0.040946345841830586 -0.0070661584658523596 -0.016447870176422071 0.010725139490856664 4.3891922876360629e-05 0.0012775878898388816 -0.0020541778643941621 0.0068493587583164876 0.041310196166612016 -0.051471223601822304 -0.0089701083632342839 0.014175729167529237 0.0075534776997245173 -0.015329708137253649 0.016651682558449832 -0.045988753317739474 -0.001168327587815798 0.048071103809014457 0.011512581466839108 -0.028134308314936025 -0.0066875747355822053 -0.00082581019620419987 0.032554932332661372 0.033188585732437235 -0.011578910723890622 0.015749351259278541 0.0013492364908727818 0.031371908207278226 -0.0031592654120957196 -0.015363346620360811 -0.013383186565361095 0.0052518031703704263 0.016468800261413348 0.02335819220624763 -0.039252322980186292 -0.0093387933704311074 -0.013431377931766643 0.014889346319673775 0.0076839350937508199 -0.0033923423207235974 -0.0014816133399534865 -0.0064766852224091053 -0.015159426715604541 -0.0017959189432942707 -0.010791986861557159 0.023375639996978472 -0.0067885408291711762 0.0019077882013703537 0.023274789589158726 -0.006772645272298399 0.0010716117961349447
leaf_weight=25856.487295150757 16250.86473338306 2553.380543589592 1997.8260635137558 2301.9168320894241 5164.6484869271517 271.11873237788677 2071.6455363333225 426.81100553274155 7828.2933070212603 230.77923318743706 4452.6501368433237 8118.2420783042908 570.58897542953491 1926.0684659779072 323.31861901283264 190.05489510297775 5790.2502597570419 185.86220498383045 452.33084391057491 1694.5922961384058 797.75085996091366 510.6252259016037 2059.5283195227385 17553.930015817285 6509.7727051079273 886.43551191687584 492.78024253249168 312.4653567969799 2050.2280416339636 1168.6386886835098 765.08407214283943 295.07573534548283 205.0715504437685 1714.3536967784166 353.92036645114422 127.19638542830944 127.22032444179058 944.05223870277405 154.33303712308407 9019.0751010477543 2313.1447932124138 319.48790401220322 1664.7402378022671 48626.403330042958 162.3769306242466 804.81382675468922 1450.9272719472647 3507.9268999993801 536.33778522908688 130.59345991909504 9167.3659186214209 1224.7232066988945 20525.182118862867 23119.691174149513 923.01710368692875 4795.6972159445286 4889.5608379244804 5043.4103426188231 367.03830650448799 1976.9214118868113 14707.949597850442 231.1525991410017 161.34733512997627 266.65075738728046 1592.0701535046101 11937.642782837152 1238.0656192153692 12406.849186614156 1184.4306195378304 2045.8786158561707 16408.82538408041 5444.8073413968086 1110.3646292984486 4973.638460278511 402.57888361811638 140.27588604390621 1503.3632608354092 2254.133220821619 473.24057386815548 18774.833737120032 3542.3152083009481 4980.4445340335369 9617.7786211818457 244.80426026880741 148.18150520324707 3253.6817895919085 835.20688131451607 4411.1118284463882 231.17149049043655 130.856639072299 272.99872913956642 8997.3156276345253 232.13487930595875 434.10404250025749 322.70779195427895 6225.0979702472687 4022.2378627806902 506.11182326078415 240.19158954918385 276.71007594466209 211.80296067893505 11331.894892662764 127.56751322746277 3643.233316719532 2010.9334883838892 934.18887546658516 15747.380670189857 2063.4813329577446 866.5435024946928 212.05036310851574 3670.995276004076 2082.600998878479 600.292799025774 2885.6102982163429 6129.9927294552326 45547.29634873569 1558.6704451143742 1127.9275900870562 1513.5565866231918 1970.3313118070364 351.43462035059929 189.08878400921822 800.09410208463669 553.12537223100662 1369.4409891068935 319580.10434707999
leaf_count=103609 65137 10333 8079 9225 20691 1093 8339 1714 31479 927 17877 32570 2299 7747 1297 768 23219 745 1822 6787 3204 2060 8251 70391 26089 3553 1977 1252 8229 4682 3086 1186 822 6897 1423 514 510 3801 624 36274 9292 1282 6686 194853 652 3237 5821 14051 2150 523 36730 4911 82239 92670 3697 19296 19709 20323 1471 7947 59000 937 647 1069 6384 47822 4959 49728 4745 8207 65807 21868 4456 19990 1620 564 6037 9066 1909 75507 14296 20014 38520 986 594 13041 3346 17717 927 524 1095 36166 937 1751 1292 24926 16113 2032 966 1112 849 45379 511 14640 8077 3749 63278 8265 3471 855 14832 8349 2407 11555 24547 182642 6242 4520 6072 7904 1408 758 3217 2223 5485 1283118
internal_value=0 -0.000622351 0.000134934 -0.00149382 -0.00118743 -0.00208368 -0.00641839 -0.0013273 -0.00815654 -0.00608609 -0.00168374 -0.00488292 -0.00330049 -0.0135581 -0.00179018 0.0092951 -0.000965962 -0.00663834 -0.012652 0.000423761 -0.00153465 -0.0152342 0.000808396 7.38121e-05 0.00105749 0.00152782 0.0134698 0.0209276 0.000747245 -0.00415503 0.00119196 -0.0101145 -0.0015718 -0.00713594 0.00638746 -0.0123809 0.00987214 -0.00579575 -0.019328 -0.00362349 0.00090669 0.00219865 -0.000788957 0.00351735 -0.0182669 0.00372971 0.00767294 -0.00278867 -0.0108193 -0.00126012 2.01689e-05 0.00203988 -0.000937405 -0.00188153 -0.00388835 -0.00464006 -0.0115491 -0.0158189 -0.00180437 0.00733499 -0.00208122 -0.0178811 0.00239563 -0.00854872 0.0011299 -0.000261689 0.00263457 0.000583148 0.0144892 -0.00299736 -0.000583539 0.000152697 0.000703201 0.000104129 0.000825591 0.00389553 0.00447489 -0.00458799 -0.0117329 -0.000866065 0.00516835 -0.00188191 0.00390335 0.0202229 -0.00424987 -0.0108214 4.57498e-05 -0.00090383 0.0124848 -0.00361402 -0.0196638 -0.00474709 0.0120826 0.0242505 0.000148781 -0.000823317 0.00399238 0.0151892 -0.0089396 0.00922345 -0.00476615 0.000924187 0.00676255 -0.0102137 -0.00749971 -0.00808763 0.00556696 0.00813344 0.0118348 -0.00596118 -0.0109723 -0.0166416 -2.35512e-05 -0.00264115 0.000152825 -0.0011655 0.0038903 -0.00181214 -0.00597547 -0.004111 0.00294735 -0.0299478 -0.0116317 0.00941364 -0.00352216 0.000873111
internal_weight=0 483152 258512 224640 210589 135317 20104 115213 18032.4 14050.4 110049 20166.4 17055.4 3111.06 1184.99 758.178 89882.1 13819.7 4614.72 75272.1 81721 4162.39 356365 72583.7 55029.8 52461.2 1691.68 1198.9 354306 8869.13 4674.79 4194.34 1816.67 8937.13 1051.71 481.117 2688.36 1609.01 664.958 9204.94 176792 71944.2 22031.1 49913.1 481.865 49431.2 4211.2 17819.9 2849.48 14970.4 104847 33721.6 71125.7 54874.8 27597.1 26121 10204.1 5314.53 79723.2 2343.96 77379.2 648.027 2760.28 2568.57 50769.6 33806.8 16421.4 13998.9 2422.5 17385.4 85429.5 69020.7 63575.9 57785.6 50084.6 17793.6 17391 7701.01 2727.37 32291 4652.68 27638.3 16962.8 568.123 15339.5 3401.86 7344.98 53673.9 1028.92 3243.46 592.944 23705.3 1431.32 666.239 27277.7 20993.8 5753.07 1730.84 7885.42 516.902 416.875 11462.5 12727.9 7368.52 5654.17 1095.54 15887.7 11230.8 2561.14 8863.49 3883.05 2377.68 2650.52 15240.7 9015.6 52645 5969.78 46675.2 4158.03 3835.32 1864.99 462.088 5595.79 1476.14 1497.01 345437
internal_count=3369152 1938562 1036467 902095 845509 543839 80943 462896 72604 56586 442205 81010 68498 12512 4765 3051 361195 55659 18640 301670 327915 16818 1430590 290902 220511 210217 6782 4805 1422339 35612 18787 16825 7290 35928 4236 1937 10768 6485 2684 37019 708552 288322 88298 200024 1934 198090 16903 71395 11442 59953 420230 135075 285155 220018 110672 104752 41125 21416 319836 9418 310418 2608 11082 10294 203435 135480 65816 56112 9704 69664 343318 277511 255643 232424 201459 71499 69879 30965 10975 129960 18752 111208 67955 2283 61457 13635 29435 215252 4131 13013 2377 95166 5774 2688 109346 84084 23056 6943 31692 2078 1671 45902 50991 29614 22717 4396 63842 44995 10258 35701 15687 9535 10636 61028 36102 211121 23959 187162 16676 15384 7480 1853 22513 5920 5996 1386727
is_linear=0
shrinkage=0.1


Tree=28
num_leaves=127
num_cat=0
split_feature=0 9 42 38 37 42 10 1 39 0 9 9 0 37 9 5 37 9 38 46 25 13 31 42 9 13 22 33 27 34 24 44 13 11 39 0 36 42 41 44 34 37 10 30 39 25 24 34 22 37 5 1 30 30 36 37 39 20 13 16 32 41 39 42 32 30 37 38 44 37 42 13 44 1 40 46 39 44 44 3 33 29 39 37 37 37 41 5 31 28 0 24 44 44 1 15 25 44 44 22 24 13 33 32 44 25 39 31 21 44 31 15 41 12 46 22 19 32 38 38 16 37 11 44 31 34
split_gain=41.0028 39.736 42.1372 41.8741 36.6674 34.1786 56.6478 57.2277 47.8456 34.1531 82.001 72.0845 113.718 44.6035 41.0283 33.3565 42.9192 31.9305 31.0566 31.4829 31.0268 29.3241 28.6467 27.2702 37.3521 29.0503 31.6137 27.4399 27.2206 27.173 26.258 28.8298 26.5662 25.5247 25.3701 25.251 24.6714 25.1066 24.0958 24.0068 23.3133 22.9939 22.9761 22.8765 21.4824 22.3546 21.2568 21.1514 28.742 30.1647 24.7107 24.815 23.252 22.2864 21.2022 21.1592 24.4433 22.5721 21.1813 20.9062 20.8432 23.0451 20.6124 20.407 20.4068 20.3334 20.1162 25.3346 27.6816 28.784 25.6311 22.8565 20.5989 19.9861 21.563 19.714 19.5625 21.8484 21.8885 19.4741 24.3963 20.4694 23.2277 19.364 39.1078 31.2671 27.6932 19.2548 18.8934 20.7286 18.8812 25.3706 18.8788 18.8669 20.9704 24.4179 18.8455 18.8154 18.4967 19.2533 18.4894 18.2907 18.2767 19.5666 18.1837 20.6823 18.7241 19.5957 18.1454 17.9176 19.6573 17.8552 17.7214 17.7183 19.1383 17.5717 17.4795 17.662 17.3722 17.2402 17.2293 17.0063 17.2549 16.9668 16.7674 20.5184
threshold=-0.00018608054233482105 0.00021730664593633267 -1.0000000180025095e-35 1.5000000000000002 0.13333333656191829 1.3750000000000002 48.663999557495124 -0.001007786893751472 5.5000000000000009 -2.6849239702642076e-06 7.6510892540682121e-05 0.00015266169066308069 8.1708599282137601e-06 7.4333331584930429 7.6510892540682121e-05 0.029456886462867263 4.7999999523162851 0.00019401733879931274 2.5000000000000004 11.500000000000002 0.0090603986755013483 0.00044550014717970049 -0.0014796485775150357 1.0049999952316286 0.0011545887100510301 -0.00027686251269187773 27.271883964538578 0.0027995823184028272 -0.0055071732494980088 0.27559785544872289 0.0056441992055624732 0.78000000119209301 -8.5261497588362531e-05 0.00098082859767600916 1.0000000180025095e-35 -7.5031282449344863e-06 -0.00052408999181352545 -0.44499999284744257 4.2249999046325692 -0.69499999284744252 -0.35279685258865351 0.26666666567325598 45.123697280883796 6.9622918090317412e-05 3.5000000000000004 0.012475029565393926 0.0077390442602336415 -0.38394679129123682 46.502498626708991 7.5333335399627694 -0.063610158860683427 0.00075227563502267014 -0.0040056246798485509 3.6013923818245537e-05 1.5495000297960363e-05 7.866666555404664 3.5000000000000004 0.00020568414038280028 9.336940820503516e-06 5.8692798120318919e-05 -0.00039111198566388333 3.7350000143051152 2.5000000000000004 -0.46500000357627863 0.0016804980696178975 0.00035879240022040909 7.0000000000000009 22.500000000000004 0.46500000357627874 7.1333334445953378 -0.1199999963864684 0.00018680975335882979 -0.5349999964237212 -0.0004537042550509795 1.5000000000000002 -17.499999999999996 2.5000000000000004 0.42499999701976782 0.33500000834465032 -0.02301861438900232 0.00051760487258434306 -0.0061996944714337579 1.0000000180025095e-35 5.0333335399627694 3.2000000476837163 6.6333334445953378 2.7049999237060551 -0.11293875426053999 -0.018236745148897168 -0.0042231203988194457 0.00021602271590381863 0.0074718839023262271 -0.22500000149011609 0.22500000149011615 -0.00038394471630454058 0.10076126083731653 0.026733755134046081 -1.0000000180025095e-35 -0.58499997854232777 66.984077453613295 0.0021489827195182447 1.4842914424662014e-05 0.0016702971770428123 0.0012969170929864051 -0.30500000715255732 0.036357218399643905 1.5000000000000002 -0.018236745148897168 0.45115749537944799 0.18500000238418582 0.0034111543791368608 1.0038843750953677 0.20500000566244128 -0.0012361606350168584 -5.4999999999999991 55.543754577636726 0.00047171379264909779 0.0011799688800238075 16.500000000000004 18.500000000000004 -0.00018405416631139812 0.63333332538604747 0.0003488351649139077 -0.12499999627470969 0.0036730408901348714 0.31871977448463445
decision_type=2 2 2 2 2 2 2 2 2 2 2 2 2 2 2 2 2 2 2 2 2 2 2 2 2 2 2 2 2 2 2 2 2 2 2 2 2 2 2 2 2 2 2 2 2 2 2 2 2 2 2 2 2 2 2 2 2 2 2 2 2 2 2 2 2 2 2 2 2 2 2 2 2 2 2 2 2 2 2 2 2 2 2 2 2 2 2 2 2 2 2 2 2 2 2 2 2 2 2 2 2 2 2 2 2 2 2 2 2 2 2 2 2 2 2 2 2 2 2 2 2 2 2 2 2 2
left_child=1 73 -3 4 22 9 7 90 18 10 35 12 -11 21 92 16 43 65 19 115 59 30 29 25 83 26 -5 28 -27 -4 31 66 -32 44 -20 97 -23 41 75 -30 116 -38 62 111 45 -34 -28 52 50 109 54 55 -15 -54 -49 56 -52 -57 -58 -9 61 -22 119 -53 93 -12 71 98 69 70 -69 -13 -71 100 -75 -26 -51 78 -78 -6 81 -81 -83 84 123 -85 108 -35 -66 -90 -7 101 -14 94 95 -29 -64 -2 -68 -100 -1 -92 -44 -104 -48 -106 107 -107 -86 -50 -111 118 -46 114 -77 121 -41 -118 -10 -19 -73 122 -8 -25 125 -84
right_child=5 2 3 23 79 6 8 20 15 11 17 13 14 47 -16 -17 -18 42 34 -21 60 36 -24 24 38 27 46 64 39 -31 32 -33 33 87 -36 -37 37 -39 -40 40 -42 -43 102 -45 112 -47 104 48 49 76 51 63 53 -55 -56 57 58 -59 -60 -61 -62 -63 96 -65 88 -67 67 68 -70 72 -72 120 -74 74 -76 113 77 -79 -80 80 -82 82 124 85 86 -87 -88 -89 89 -91 91 -93 -94 -95 -96 -97 -98 -99 99 -101 -102 -103 103 -105 105 106 -108 -109 -110 110 -112 -113 -114 -115 -116 -117 117 -119 -120 -121 -122 -123 -124 -125 -126 -127
leaf_value=0.0045900688012874653 -0.04408470866235057 -0.0012000291725457364 0.040587180436947617 0.022651667170340849 -0.026335940601773314 -0.00032094083613528257 0.04226250486596847 0.006404478344323632 -0.0077008695094403076 -0.00039472185252194367 -0.0051849952104883676 -2.6017766490980365e-05 0.049074287393213276 -0.031422105935038351 0.013913674710954747 0.0072344506964052251 -0.0053684015797826985 4.290782166147823e-05 -0.012959843283033616 0.052497592590388234 0.0097058159218814232 0.037497516036726367 0.00094753752016164469 0.0038007770953692442 0.024711678983698072 0.016275549365427557 0.0055670236426293204 0.00060476483537443286 -0.012891110817438321 -0.012093913093266215 -4.9049763110119892e-05 0.021111853094566323 0.029108820517570827 0.032342649241915988 -0.003877753511657399 -0.0026371869971652724 0.039113702011530457 -0.0043216620973044583 0.011042385345990549 0.0026409667444321108 0.00039599395519136088 0.0024375045127891341 -0.00084433850049878535 -0.04038528440820538 -0.0054184649163280842 0.0058787750991433378 0.0076164007752384496 0.021962083856505301 -0.015475377207139655 0.0095593276988856241 0.0081591396739422294 0.0090122222505169287 -0.0015535408222054378 -0.010649523870259527 -0.020806235688367439 -0.0095279573520028644 -0.022566549490017043 -0.051256253720317016 0.0048509297700083803 0.021930903834436254 -0.0064676887914597693 -0.0036355877642508154 0.0052620607709345443 -0.019089773345353705 -0.013295764407784492 -0.018098883757880737 -0.02209363239055398 -0.020427088987780964 -0.034535128193241872 0.03194938765687573 0.017746061360672371 -0.0036213908208187215 -0.0079856021714629164 -0.017210860062013014 0.024099840706570719 0.013613612432135323 -0.00067047449496958713 0.027891884057624286 -0.038625501292783027 -0.010161940898897121 -0.0072535635948414445 0.015473703462497768 -0.0054820210052273317 -0.0020702181031499148 0.027688681333622608 0.010442337574935939 0.010103703685513908 -0.0012026363867654525 -0.0012623272234475937 0.0056358787137352935 -0.021376724777475563 0.0023326844293604589 0.023332839659497229 0.0030441307160845804 -0.0017664862410122382 -0.012695799214825252 -0.0054534744439164269 -0.015911091737500185 0.0083465381413815581 -0.010560990824836622 -0.0313123597531757 0.016355923425467028 -0.0081402781892319625 -0.0015761592248727486 -0.0095717890793495884 -0.028518931705933864 0.0048609227669707718 -0.0013276530066658864 -0.0023048878624467562 0.028091266367605783 -0.014109050652698827 -0.051922721868463001 0.0030963484539203445 0.00093585549229756337 -0.010556563063928522 -0.0089109373115125352 0.013365579530021094 0.0029601840547012984 -0.033263746267949451 -0.0099028576818899344 0.0037991599917500899 0.0030735397606295573 0.0044797416396952739 0.020185042867496634 0.010945239614837874 0.0077071096715318026
leaf_weight=1205.1089987754822 670.25230523943901 63794.839040949941 470.0191965252161 911.38954746723175 375.15349788963795 2116.8924358189106 258.62517005205154 1963.7345510870218 848.65162561833858 7867.924561560154 4673.8903998285532 192524.07737369835 527.39682160317898 387.18592250347137 4361.2369089573622 552.16978421807289 1398.5262357294559 8489.4798463732004 3722.8271401226521 135.81264191865921 3754.6203821599483 150.46481016278267 844.54351323843002 7243.8423645794392 310.09015785157681 1281.9947412014008 21109.214877679944 1878.2550029307604 1128.5576038062572 123.67286682128906 45550.129200071096 635.26090849936008 421.39068007469177 173.47047095000744 17695.460226789117 337.7098872512579 178.35049015283585 24810.668412089348 2148.8793439865112 40593.129852607846 56097.820824727416 4114.1672099679708 27649.290515437722 869.11170603334904 2878.0130556672812 24458.155484735966 2396.6599147468805 498.82642497122288 1376.7752529829741 3840.5364737510681 1786.5302998572588 290.75808824598789 4970.5741214603186 5880.3067322820425 151.0036333501339 798.95008727908134 643.36278304457664 154.7377758026123 501.34287269413471 1553.1068274080753 2136.4045139700174 1976.1718217283487 12221.79722699523 2322.4568816721439 882.49666883051395 1649.5790461301804 221.49988429248333 209.44704529643059 256.86049784719944 135.31451949477196 1097.9790437370539 30147.616802424192 2840.9850937575102 2230.1422844231129 133.94099673628807 373.45039309561253 3723.9695332497358 256.92055933177471 158.40525043010712 1659.8566204309464 8568.5497641414404 1109.0606559216976 4622.7714111953974 4513.6216259747744 2033.9044704437256 3581.9346334338188 3049.5035720616579 12574.442019566894 10162.105189278722 7624.3989521414042 1876.1261757463217 792.02701044082642 619.66871799528599 3415.3567790091038 8320.2744347304106 5206.1738670617342 1895.871291205287 366.7490706294775 8532.9188719689846 574.84425435960293 162.82215425372124 137.91180466115475 9276.4334538131952 8895.9773966521025 2624.2880273908377 368.94493609666824 3836.9548784792423 941.02653229236603 223.90671376883984 228.05968517065048 213.91454148292542 153.00541341304779 16218.393763139844 12282.999583154917 2668.323582932353 840.65147624909878 3296.767581179738 3228.9539324045181 387.11902865767479 2193.1130832135677 3491.2663465440273 1500.6268467158079 226.9302567243576 692.45891650021076 1167.6644884496927 1583.6071879118681
leaf_count=4847 2764 255805 1890 3727 1522 8516 1038 7884 3407 31603 18754 772200 2176 1553 17511 2223 5630 34048 14958 546 15082 605 3397 29118 1246 5150 84938 7524 4526 500 182699 2549 1688 697 71104 1360 716 99777 8651 162793 225177 16520 110787 3513 11535 98014 9631 2003 5525 15413 7161 1166 19940 23610 606 3207 2582 622 2009 6245 8565 7939 49068 9319 3541 6625 889 840 1030 543 4403 121112 11392 8959 537 1508 14960 1032 636 6659 34400 4461 18577 18133 8169 14381 12255 50597 40860 30552 7552 3183 2505 13684 33353 20853 7605 1489 34214 2309 653 555 37191 35745 10552 1483 15421 3781 901 915 858 618 65008 49317 10785 3388 13211 12942 1553 8795 14006 6019 913 2780 4693 6377
internal_value=0 0.000951045 0.00107915 0.001698 -0.00261702 -0.000504685 -0.00314594 0.00155735 -0.00582862 -0.0002637 -0.00217855 9.87628e-05 0.00732011 -0.000142494 0.0183398 -0.015675 -0.0191346 -0.00174605 -0.00412897 0.00546735 0.00545301 0.000147954 0.0127805 0.00211103 0.0044982 0.00157828 0.00429267 0.00096778 0.0017927 0.0296131 0.000407197 -0.000163222 0.00174949 0.00319375 -0.00545636 -0.0263865 -0.00289116 -0.00309997 0.00111351 0.00161476 0.00177337 0.00396137 -0.00113648 -0.0276613 0.00433586 0.00627223 0.00375771 -0.00397805 -0.0017472 0.00177024 -0.00656899 -0.00842832 -0.00734207 -0.00648283 0.0120238 -0.00336006 0.000849488 -0.0162985 -0.0105586 0.0132613 0.00196252 0.00510525 0.00131527 -0.015963 -0.00135647 -0.00855379 -0.000219528 0.00347715 -0.00264901 -0.000737057 0.0116308 -0.000446233 -0.00617 -0.00930369 -0.0148703 -0.000251128 0.0044191 -0.000350135 -0.00221908 -0.00377726 -0.00332498 -6.19319e-06 0.00198094 0.00731896 0.00967416 0.00346605 0.0163192 -0.00074616 0.000986063 0.00169467 -0.00745113 -0.0128301 0.0351682 -0.0036802 -0.00517104 -0.0091695 0.00382306 -0.0341207 0.00645878 0.00715317 0.000316673 -0.018793 -0.00246345 -0.00492693 1.44181e-06 -0.00234703 0.00133669 -0.0089859 0.0247142 -0.00985169 0.00766641 -0.0196985 0.00181308 -0.00075624 -0.0075891 0.00320782 0.00341321 0.00821695 -0.0157087 -0.00199894 -0.00285124 0.00833709 0.0246043 0.00523034 -4.83762e-05 -0.00211671
internal_weight=0 302479 298747 234953 20524.9 536973 44896.5 16307 28589.5 492077 78320.1 413757 13376.2 400380 5508.3 4208.58 3656.41 76945.4 24380.9 2962.65 11384 372196 1438.24 214428 39122.9 175305 32188.5 143116 105627 593.692 342942 240668 102274 56723.9 21418.3 1374.71 29253.7 29103.2 17783.7 104345 103217 4292.52 70622 2257.89 43976 24879.5 31277.1 28184.6 16946.6 9798.58 7147.97 6498.14 11238.1 10850.9 649.83 3884.92 2931.24 953.688 1144.71 3516.84 7867.2 5730.79 24800.3 2613.21 37489.1 6323.47 240033 13869.8 4540.59 4283.73 1307.43 226163 2976.3 3732.01 2364.08 15634.9 7979.83 4139.3 3882.37 19086.7 18711.5 10143 8483.1 21339.2 13243.6 8095.56 5307.31 12747.9 18669 17786.5 4922.96 2806.06 1147.07 18820.1 15404.7 7084.43 14117.7 1037 9329.26 9107.76 1367.93 2014.04 45821.7 18172.4 10167.9 7771.21 5146.93 1309.97 2257.81 1818.75 441.974 1388.78 19096.4 15324.8 3041.77 2826.83 47118.9 6525.72 1235.77 10682.6 33638.9 1986.18 485.555 7936.3 7374.04 6206.38
internal_count=3369137 1214220 1199224 943419 82476 2154917 180431 65521 114910 1974486 314231 1660255 53795 1606460 22192 16944 14721 308618 97966 11904 45715 1493343 5787 860943 157244 703699 129533 574166 423799 2390 1375725 965487 410238 227539 86062 5613 117618 117013 71507 418649 414123 17236 283239 9091 176245 99702 125806 113117 68014 39339 28675 26066 45103 43550 2609 15581 11752 3829 4591 14129 31586 23021 99516 10485 150367 25379 962938 55620 18208 17178 5243 907318 11935 14996 9496 62856 32041 16628 15596 76689 75167 40767 34108 85737 53223 32514 21325 51294 74953 71412 19806 11290 4681 75414 61730 28377 56673 4253 37412 36523 5500 8107 183723 72936 40868 31237 20685 5264 9070 7298 1773 5578 76543 61610 12293 11358 188946 26153 4960 42843 135118 7970 1951 31898 29647 24954
is_linear=0
shrinkage=0.1


Tree=29
num_leaves=127
num_cat=0
split_feature=10 38 15 8 42 22 37 38 44 12 38 10 32 18 37 38 21 37 37 44 44 37 43 37 44 43 43 43 46 15 43 42 39 42 13 45 26 39 31 5 32 46 43 26 39 31 40 40 21 18 45 2 32 34 45 5 38 37 39 46 34 43 38 45 29 23 37 31 38 37 43 46 32 42 26 21 23 34 46 5 39 22 45 43 30 43 26 34 21 29 22 31 45 5 46 30 32 45 25 37 22 8 37 23 28 27 2 25 22 45 20 44 29 44 32 23 22 44 44 23 25 23 31 42 42 44
split_gain=28.854 27.9963 26.3553 26.5346 24.6873 22.3224 35.6634 64.7538 26.6185 28.8764 31.6808 26.2676 25.571 23.496 23.0772 22.2111 23.5997 22.5742 49.6834 39.837 36.2265 36.1632 31.8177 30.6038 33.7047 28.6655 26.6172 25.66 24.825 29.9755 27.4114 24.7378 23.6577 22.6684 24.7031 22.568 22.1485 24.2472 21.9579 21.9099 25.7326 21.7437 21.6781 21.3713 20.8684 23.3337 20.7429 20.6875 22.8408 21.6407 23.0954 28.389 27.4495 21.8331 40.1485 21.8421 21.2947 20.5321 26.1395 28.5384 24.8538 20.5046 20.503 22.2614 21.8841 20.353 20.228 26.5782 20.0376 20.608 23.0425 21.4385 19.9456 19.7556 19.7534 19.5081 19.49 22.337 19.3248 38.567 24.3215 21.3676 19.2881 27.8342 20.571 23.3072 19.2346 22.211 19.2152 19.1876 18.879 18.8272 19.3829 23.5604 23.8018 19.8184 21.1018 19.6 30.8852 18.7818 21.7861 19.8452 18.3597 18.3365 20.8079 18.3086 18.0569 18.0369 22.1936 17.9653 17.917 17.886 17.8499 17.794 17.7767 17.735 17.6804 17.6547 34.0926 18.6415 17.6359 17.5593 17.5032 17.426 21.178 17.4221
threshold=66.012958526611342 2.5000000000000004 0.87497332692146312 0.00011797929255408236 0.24499999731779101 59.507543563842781 7.8999998569488534 22.500000000000004 0.65999999642372142 8.2898775872308774e-05 7.5000000000000009 31.995339393615726 -0.0018722334643825886 -0.00016120790678542105 2.4000000953674321 1.5000000000000002 -0.66397550702095021 4.0000001192092904 3.9000000953674321 -0.15500000119209287 -0.054999999701976769 5.8333332538604745 0.99000000953674328 7.1333334445953378 -0.4549999982118606 0.16499999910593036 -0.90500000119209278 0.39499999582767492 3.5000000000000004 0.62686154246330272 0.014999999664723875 0.62500000000000011 1.0000000180025095e-35 1.0049999952316286 -7.1380218287231387e-05 29.500000000000004 0.27303439378738409 4.5000000000000009 0.010512969456613066 -0.0020233913091942664 0.00011967778482357973 -1.0000000180025095e-35 -0.14500000327825543 0.24613841623067859 5.5000000000000009 0.0090079912915825861 2.5000000000000004 2.5000000000000004 -0.50722715258598317 0.0025670747272670273 19.500000000000004 -0.0048700287006795398 -0.0019973624730482693 1.6250523924827578 37.500000000000007 0.025153593160212043 1.0000000180025095e-35 6.2666666507720956 2.5000000000000004 -2.4999999999999996 0.33479669690132147 -0.60500001907348622 9.5000000000000018 74.500000000000014 -0.0093789002858102304 -8.3302056737011285e-05 7.2666666507720956 -0.00089176301844418038 16.500000000000004 3.3333332538604741 -0.34499999880790705 2.5000000000000004 -0.01124765584245324 -0.24499999731779096 0.83918786048889171 -0.036079527810215943 -0.0014298149617388842 0.66034403443336498 -12.499999999999998 0.0095452722162008303 1.0000000180025095e-35 61.62103462219239 40.500000000000007 -0.35500000417232508 0.0048137798439711341 -0.67500001192092884 -0.041792027652263634 0.39835123717784887 0.75814226269721996 0.019454447552561763 78.840587615966811 0.0083788856863975542 39.500000000000007 -0.0076870582997798911 2.5000000000000004 0.0043476975988596686 0.0028144795214757328 71.500000000000014 0.013894070871174337 1.7666666507720949 63.371141433715827 0.00077311738277785491 6.9666664600372323 0.00030598785087931907 -0.0028354339301586147 -0.001261477416846901 -0.0013705593883059917 0.032138172537088401 23.752689361572269 78.500000000000014 -0.0021851006895303722 -0.30500000715255732 -0.0089519675821065885 0.28499999642372137 -0.0018722334643825886 0.00040190559229813522 32.966810226440437 0.2950000017881394 0.25499999523162847 0.000235814368352294 0.023846729658544067 0.0013547192793339493 -0.0045764679089188567 -1.0000000180025095e-35 1.3750000000000002 0.054999999701976783
decision_type=2 2 2 2 2 2 2 2 2 2 2 2 2 2 2 2 2 2 2 2 2 2 2 2 2 2 2 2 2 2 2 2 2 2 2 2 2 2 2 2 2 2 2 2 2 2 2 2 2 2 2 2 2 2 2 2 2 2 2 2 2 2 2 2 2 2 2 2 2 2 2 2 2 2 2 2 2 2 2 2 2 2 2 2 2 2 2 2 2 2 2 2 2 2 2 2 2 2 2 2 2 2 2 2 2 2 2 2 2 2 2 2 2 2 2 2 2 2 2 2 2 2 2 2 2 2
left_child=5 39 -3 -4 43 8 11 73 47 10 66 12 -7 38 42 16 -13 18 22 -20 -21 27 25 -23 -25 32 -26 28 31 30 -30 82 41 34 -33 114 -16 -38 -9 40 -2 61 -12 -5 68 -46 88 49 -49 -1 51 75 53 57 55 56 -55 58 59 -52 -61 103 64 -64 -54 -39 67 -10 76 -70 105 -72 -60 -8 -50 -51 -34 -78 79 -28 -81 -82 83 -19 -84 -86 -62 -88 -45 111 109 92 -79 -94 95 96 -95 98 -96 -18 101 -101 -11 -17 -105 112 -69 -59 -109 -90 123 -6 -71 -87 -35 -41 -53 118 -85 -119 -83 -36 -110 -89 -125 -27
right_child=1 2 3 4 89 6 7 13 9 102 14 15 -14 -15 36 17 99 21 19 20 -22 23 -24 24 26 125 78 -29 29 -31 -32 33 44 35 121 -37 37 65 -40 115 -42 -43 -44 46 45 -47 -48 48 74 50 52 116 62 54 -56 -57 -58 107 72 60 86 -63 63 -65 -66 -67 -68 106 69 70 71 -73 -74 -75 -76 -77 77 91 -80 80 81 120 84 117 85 113 87 110 90 -91 -92 -93 93 94 97 -97 -98 -99 -100 100 -102 -103 -104 104 -106 -107 -108 108 122 -111 -112 -113 -114 -115 -116 -117 -118 119 -120 -121 -122 -123 -124 124 -126 -127
leaf_value=0.00042881634843179264 0.015410577864789006 0.00086291612553335739 0.023797844899574497 -0.011260832505321892 -0.0025311431748964199 0.019960972059184054 -0.0043406725525637988 -0.0480521272868146 0.01854878169457216 0.020998441817598294 0.0038331470487602015 -0.028397841013087677 0.0013149904772047634 0.011907805492432016 0.031418893564296231 -0.014794316208777192 -0.0064799744759492239 -0.041408326186505841 0.042337639587382403 -0.034690249543812404 0.014887731326783558 0.0022597019285271864 -0.016844700875745064 0.010901156556872349 0.034619150619393219 0.0057232499956414735 0.024487343124812225 0.0001215697432878256 -0.011485828297345652 -0.0023131090368237158 -0.02913721962062862 0.024881146441024935 0.025950432970163202 -0.028259310395719685 -0.013735036884376285 0.016541903424016281 0.017919820137375676 0.014017148102819527 0.0011580899734727752 0.01130533865408051 -0.0072591228090686105 -0.014804585650657044 -0.037469973960082378 -0.0051285384204282575 -0.013186127139901499 0.0035451663556428214 0.0034634638176036792 0.0019847988900552295 -0.0014710357126541133 -0.018029595616727328 -0.0033745460848535955 -0.0082939142986910228 -0.027698788480139631 -0.04662480747904716 0.0049169040813821438 0.025574372601728824 -0.0086810537356351077 -0.001454947982509242 -0.0066512532256327367 0.0027653141499189926 0.0029578575776984927 -0.0076193103685322219 0.003934956537438943 -0.0078454364122425915 -0.0024976368259041438 -0.032533078217029734 -0.048948556835370673 0.0039735629175288306 0.00212919576597962 0.023173492976027731 -0.015095833751710891 0.021993207045408511 0.010951345339222053 0.030951942338670813 0.0045234010938584339 -0.003137838675825658 -0.0039831913882382814 0.023955558982566093 -0.0076173808093342246 0.022714256909591946 -0.050822746751481906 -0.02991523194645479 -0.0018683932929214522 -0.010890805913244934 -0.042222226774754262 -0.0049081733176267054 0.060285402056089857 0.0025082152862104853 0.0015589358979886364 -0.030114490247751258 -0.024995275281909913 -0.0032279496664230087 -0.03466493983225416 -0.02435420412091845 0.04754585612587945 0.022052693878509964 0.013618660966429509 0.045611063734809776 -0.0078173806963884318 0.011366795735591457 0.018907719183513846 -0.030359554614568313 -0.011731147814487759 0.011139438672862052 0.057542698181653008 0.044133902870028434 -0.027705117616980107 -0.02765746367830187 0.024902962407018604 0.024350304754636322 -0.00084337894047396421 -0.0093304786334051665 -0.018359284130847104 -0.030099888532481758 -0.0035286829215542405 -0.00058621105531198893 0.0059563623307053587 0.029840799334187613 -0.061874060396036185 -0.011139833455795995 0.0054081744006330805 0.019696241428034097 0.0024007467450290168 0.040869651946688082 -0.0015201355783326671 -2.2436452421040325e-05
leaf_weight=401143.10856384039 613.63495101034641 15421.453533530235 342.50908052921295 2440.9977087974548 6328.7690397202969 1120.7079531848431 186.19038212299347 235.48786380887032 303.65250466763973 1652.0237868577242 496.84398984909058 445.72959268093109 2139.7506560385227 219.9199505597353 562.72641192376614 174.50936903059483 8365.8934100717306 333.81371860206127 463.73289102315903 171.61467082798481 1043.8256217390299 21498.702404901385 1106.5594253987074 1394.3737928122282 162.9819542914629 11755.242810428143 589.17239847779274 7802.1822302341461 2958.2489142715931 2191.0803593099117 1252.1758503317833 743.96054100990295 256.58894395828247 333.93799993395805 429.78647795319557 496.90007430315018 717.46487076580524 160.94280128180981 147.44703520834446 3610.3127683103085 2721.0625586807728 2396.4647791534662 170.74367594718933 13602.001522853971 2445.9317947924137 1264.4381167143583 6392.6711673140526 27570.557978779078 119330.76056152582 1502.9204313308001 3866.8351088911295 1153.4353095591068 358.75708450376987 155.74235090613365 6573.4639273434877 176.53020504117012 2940.2063369899988 5677.6583539545536 677.21592666208744 3946.7949456870556 764.30711622536182 1484.964044675231 13323.321372911334 1823.6697007864714 8718.380534350872 225.56432729959488 125.59536662697792 280.95634517073631 6416.1677376925945 517.93902385234833 379.69873717427254 264.35365326702595 13012.035435140133 1070.6243324875832 5762.7267292290926 2121.2992686778307 12345.278000965714 717.80078233778477 10377.464433997869 201.45304125547409 145.52007062733173 228.84433476626873 6570.5165877789259 1692.9672266989946 244.14856621623039 1568.9791602045298 140.53348448872566 252.56832244992256 4814.8265578895807 357.29020091891289 248.94592535495758 1849.2563537508249 141.67657960951328 441.15075075626373 148.30473117530346 235.11845883727074 218.98782755434513 230.72056871652603 314.34199991822243 227.92594800889492 661.89893889427185 228.00133015215397 191.22820423543453 387.95825260877609 128.68861474096775 319.42068620026112 500.4039790481329 136.75517523288727 752.07206788659096 372.61974057555199 353.75327968597412 9953.5771368891001 129.31515793502331 341.39665268361568 2242.5538235455751 1921.7427081763744 3551.2735273987055 201.72613541781902 142.17583198845387 246.80642515420914 369.65409611165524 247.63058778643608 639.70084573328495 619.33872173726559 145.55847796797752 9576.698438346386
leaf_count=1608052 2465 62189 1408 9818 25658 4535 747 955 1222 6619 1997 1792 8609 884 2266 702 33640 1339 1859 688 4184 86211 4439 5593 654 47150 2363 31292 11858 8802 5019 2983 1028 1338 1725 1994 2878 646 596 14527 10974 9620 687 54829 9842 5072 25781 110498 478752 6042 15567 4628 1439 628 26568 711 11857 22846 2736 15931 3094 5958 53624 7324 35077 905 504 1131 25709 2075 1521 1059 52550 4295 23118 8544 49540 2885 41621 808 583 918 26357 6792 979 6293 567 1016 19440 1446 1003 7419 569 1771 596 944 880 926 1262 915 2658 915 766 1558 516 1279 2007 551 3023 1499 1428 40249 518 1369 8999 7749 14264 809 570 990 1482 994 2572 2503 589 38403
internal_value=0 -0.00193148 -0.00270325 -0.00392934 -0.0041427 0.000201098 -0.000954276 0.0127999 0.000452025 0.00745068 0.00217179 -0.00114301 0.00772412 -0.014143 0.00897981 -0.00136159 -0.00591017 -0.000992403 0.000454162 0.0174015 0.00788754 -0.00226802 -5.72274e-05 -8.19385e-05 -0.00381945 0.000283367 -0.00551931 -0.00481266 -0.00654376 -0.011799 -0.0167353 -0.00441959 -0.00155404 0.00185869 0.0123013 -0.0029708 0.0152726 0.0070423 -0.029104 0.00331499 -0.00308755 -0.00823344 -0.00673063 -0.00232305 -0.000487495 -0.00748435 -0.00146516 0.0003919 -0.000620648 0.000717656 0.00229655 -0.00266147 0.00293132 0.0045135 0.000411357 -0.00863899 -0.0105898 0.00581701 0.0072341 0.00337217 0.00756453 -0.000996922 0.000264477 0.00251662 -0.00349367 -0.0131494 -0.0109554 -0.0065575 0.000554021 0.00466793 0.0147807 0.000127498 0.0100805 0.0257235 -0.00119489 -0.00931327 -0.00140003 -0.00182171 -0.00606849 0.00440533 -0.00810881 -0.0164546 -0.00690752 -0.0144364 -0.00464888 -0.0131283 0.0158866 0.0224231 -0.00312009 -0.00719068 0.00190511 0.00438772 0.0101405 0.0044094 0.00789412 -0.00287801 -0.0117575 0.0218028 0.0099297 -0.00485327 0.00732115 -0.00949983 0.0176029 0.0132314 0.0226978 0.0245435 -0.0163143 0.00114091 0.0107831 0.00319606 0.0185427 -0.00668765 0.0148756 -0.0094101 -0.00673401 0.00717441 0.00246268 -0.0104938 -0.0148407 0.00729108 -0.00809823 -0.00151419 0.0145603 0.0252828 0.032803 0.0031438
internal_weight=0 69142.4 60275.7 44854.2 44511.7 769965 137385 1859.67 632579 5388.15 3544.89 135526 3260.46 602.855 2334.29 132265 9929.45 122336 57326.7 1679.17 1215.44 65009.2 55647.6 34968.2 13469.5 54541 12075.1 30041 22238.8 6401.51 4210.42 15837.3 33209.1 4494.77 1421.38 3073.39 1666.7 1103.97 382.935 8866.75 3334.7 4572.59 667.588 27872.1 28636.5 3710.37 25431.1 627191 152664 474527 73384.1 8328.93 65055.2 40831.1 9845.94 3272.48 3095.95 30985.1 23778.9 10089.7 6222.85 2176.12 24224.1 15147 9077.14 386.507 1210.61 1085.01 24926.1 8026.89 1610.73 644.052 13689.3 1256.81 125093 3624.22 16899.2 16642.6 11912.1 1534.64 945.472 744.019 11342.5 2617.49 8725.04 2154.52 2276.06 1511.75 19038.4 16639.6 5436.39 4297.36 2448.1 1730.3 1588.62 895.257 660.139 693.367 462.647 9483.72 1117.83 455.927 1843.25 691.156 516.647 966.675 781.36 7206.19 1528.53 5187.45 1371.22 16282.3 647.254 1910.38 2576.49 5532.06 4704.71 2283.68 1835.14 448.533 598.498 677.417 1391.77 1017.47 764.897 21331.9
internal_count=3368010 279035 243320 181131 179723 3088975 551248 7477 2537727 21628 14243 543771 13144 2435 9379 530627 39920 490707 229972 6731 4872 260735 223241 140233 54022 218802 48429 120502 89210 25679 16877 63531 133249 18033 5702 12331 6695 4429 1551 35715 13439 18354 2684 112370 114895 14914 102552 2516099 612368 1903731 295679 33478 262201 164737 39764 13196 12485 124973 95981 40695 25128 8734 97464 60948 36516 1551 4864 4360 99981 32161 6452 2580 55286 5042 501870 14586 67820 66792 47775 6154 3791 2983 45498 10500 34998 8641 9197 6103 76771 67353 21942 17252 9833 6948 6379 3595 2651 2784 1858 38128 4488 1830 7385 2776 2074 3872 3138 28992 6146 20939 5536 65907 2593 7662 10337 22276 18892 9161 7362 1799 2400 2719 5595 4108 3092 85553
is_linear=0
shrinkage=0.1


Tree=30
num_leaves=127
num_cat=0
split_feature=16 39 29 25 45 32 13 37 43 45 41 37 37 43 26 25 43 37 37 14 8 35 45 46 9 46 37 25 19 30 43 37 46 22 26 37 43 37 41 46 37 15 39 37 45 29 26 45 43 25 26 23 43 37 14 11 24 10 25 12 43 45 39 38 26 45 41 8 37 45 38 38 41 22 43 41 13 34 39 38 13 22 15 43 7 29 35 34 23 12 27 43 24 37 38 32 43 34 10 28 13 43 45 46 37 22 15 11 7 32 38 1 34 19 45 40 43 38 39 18 36 45 43 23 12 45
split_gain=24.2376 62.68 51.2946 43.5258 47.6747 35.8013 31.614 40.6022 35.193 32.6028 44.3439 61.2734 42.2003 40.9959 38.3867 33.4275 30.8204 27.5768 26.7582 28.914 40.1895 34.5851 30.6265 39.4625 26.8821 26.2109 31.9431 28.5313 26.1763 25.9513 25.7342 25.6121 25.5116 25.9055 24.9745 24.8852 24.8727 41.0849 26.1861 46.1988 32.4597 28.103 23.8706 29.2118 26.6902 23.5211 28.5912 23.9784 26.6126 23.3284 26.9889 29.6656 22.9705 22.439 21.7139 21.6517 21.6364 21.6242 27.806 21.9368 23.0871 21.7135 21.5991 26.704 23.8347 22.3048 21.509 31.3909 21.4354 22.3694 21.3235 21.27 24.1153 43.5318 22.2943 21.2265 26.5764 21.1265 21.0133 21.2904 20.9811 20.9128 20.8101 20.2736 28.7373 27.1458 27.0565 26.6007 27.8133 22.3653 22.2085 21.7541 20.2695 20.1501 20.0616 19.9266 21.0108 19.6756 19.6332 24.2366 22.9906 32.4098 19.6302 19.6006 24.4434 21.7759 19.8986 19.4306 19.4115 19.3321 19.3278 19.2339 19.0702 20.4528 19.0531 21.4664 18.8373 31.6918 27.3129 23.7489 19.7357 18.7814 22.0351 21.5973 19.1193 20.1168
threshold=0.00013753271196037534 5.5000000000000009 -0.0034554940648376937 0.029221848584711555 33.500000000000007 0.0013534204335883262 -7.3335377237526691e-06 7.7999999523162851 0.57499998807907116 29.500000000000004 1.2050000131130221 3.9333333969116215 0.76666668057441723 0.40500000119209295 -0.16034544259309766 0.010431583970785143 0.32500000298023229 0.066666668280959143 7.7000000476837167 0.010326029732823374 0.0014886472490616145 8.6755000666016726e-05 70.500000000000014 -3.4999999999999996 0.00023824645177228379 3.5000000000000004 7.5333335399627694 0.0040461719036102304 0.00025627577269915497 0.00014000713417772206 0.18500000238418582 7.0000000000000009 -9.4999999999999982 48.046682357788093 0.69049659371376049 7.3333332538604745 -0.20499999821186063 2.0666666030883794 4.7049999237060556 -9.4999999999999982 2.6666667461395268 0.53936183452606212 2.5000000000000004 7.2000000476837167 19.500000000000004 0.0093635520897805708 0.34861417114734655 78.500000000000014 -0.29500000178813929 0.011527659837156536 0.69778797030448925 -0.00034686778963077808 -0.22500000149011609 0.10000000149011613 0.010834345128387214 -8.9861670858226703e-05 0.0036507232580333952 47.346906661987312 0.0087856352329254168 -0.00036931791692040855 -0.39499999582767481 26.500000000000004 4.5000000000000009 7.5000000000000009 0.067159894853830351 40.500000000000007 4.5750000476837167 0.00080225837882608186 7.5666668415069589 80.500000000000014 14.500000000000002 11.500000000000002 4.2249999046325692 45.107799530029304 -0.35500000417232508 4.0950000286102304 -1.6774296454968859e-05 2.9278379678726201 3.5000000000000004 10.500000000000002 -0.00013707696780329567 63.623138427734382 0.71128198504447948 -0.1649999991059303 0.0023407295811921362 -0.010751069057732819 -3.2504998671356582e-05 0.028939903713762764 0.00052316251094453048 0.0011198729043826463 0.0052610877901315698 0.034999999217689044 0.0035014083841815595 7.2666666507720956 17.500000000000004 -0.004059186438098549 -0.43500000238418574 -0.39918002486228937 26.104125022888187 0.00048470546607859438 -0.0001866386519395746 1.0649999976158144 15.500000000000002 -7.4999999999999991 3.466666698455811 43.765586853027351 0.54828798770904552 -0.00027971855888608838 0.00059754928224720072 -0.0052167850080877534 4.5000000000000009 0.0013412907719612124 -1.0622723102569578 -0.00043107729288749391 44.500000000000007 1.5000000000000002 -0.33500000834465021 6.5000000000000009 2.5000000000000004 -0.0010439418256282804 3.4619999496499083e-05 46.500000000000007 -0.41499999165534968 1.0000000180025095e-35 -0.00030994298867881293 51.500000000000007
decision_type=2 2 2 2 2 2 2 2 2 2 2 2 2 2 2 2 2 2 2 2 2 2 2 2 2 2 2 2 2 2 2 2 2 2 2 2 2 2 2 2 2 2 2 2 2 2 2 2 2 2 2 2 2 2 2 2 2 2 2 2 2 2 2 2 2 2 2 2 2 2 2 2 2 2 2 2 2 2 2 2 2 2 2 2 2 2 2 2 2 2 2 2 2 2 2 2 2 2 2 2 2 2 2 2 2 2 2 2 2 2 2 2 2 2 2 2 2 2 2 2 2 2 2 2 2 2
left_child=5 18 92 4 -4 6 36 9 77 10 11 12 17 81 -13 31 80 -8 19 20 22 -21 23 62 55 27 71 -26 -18 -16 -31 57 33 -19 56 98 37 94 39 -39 -40 52 43 -32 -44 46 82 -47 -49 70 51 -51 97 -22 108 -25 -33 58 -12 -59 61 -61 64 93 -2 -65 -38 -68 -11 111 107 72 73 -27 -73 -75 -77 -9 79 -74 -6 -14 -7 84 90 89 87 91 -89 102 116 -87 -3 -64 114 96 -23 -41 -24 100 101 -100 -85 104 105 -15 -105 -37 -34 -104 -50 -70 113 -66 115 -1 -17 118 -118 -119 -120 -42 123 -123 -124 -126
right_child=1 2 3 -5 16 45 7 8 -10 68 15 14 13 103 29 83 28 32 -20 21 53 95 35 24 25 26 -28 -29 -30 30 42 34 54 -35 -36 49 66 38 40 41 121 -43 44 -45 -46 47 -48 48 110 50 -52 -53 -54 -55 -56 -57 -58 59 -60 60 -62 -63 63 65 112 -67 67 -69 69 -71 -72 74 78 75 -76 76 -78 -79 -80 -81 -82 -83 -84 85 -86 86 -88 88 -90 -91 -92 -93 -94 -95 -96 -97 -98 -99 99 -101 -102 -103 109 106 -106 -107 -108 -109 -110 -111 -112 -113 -114 -115 -116 -117 117 119 120 -121 -122 122 124 -125 125 -127
leaf_value=-0.0057516865986190092 0.0063608050097610494 -0.0091997300206053314 0.013963594502089761 -0.0036105572660522752 0.013279978078366323 -0.00050480561248693377 -0.038151334734171032 -0.0084928999935181028 0.016995226244788005 0.0015031785680544676 0.01214606953048163 -0.034649903145598314 -0.020621192110799432 -0.0079235985211778843 0.0063988504294646064 0.0029369337316211223 -0.0036010746424029131 0.058004623414022349 0.0051266188382890826 -0.0008929215523418131 0.020406374534249136 0.019593546040927886 0.010494949887777785 0.0011357881324521363 0.022056337887716382 0.016385972944506864 -0.016455769443683221 0.0031438723933552605 0.023282720776572442 0.033509199827482801 0.0087192202610789412 0.023732825855767622 -0.020647262856842388 0.0058505079645417247 -0.017778025278581994 -0.076180090206388176 -0.0007621805249693578 -0.020835962789967577 0.0068505272217740517 0.0024003074998559426 0.0026554722671560684 -0.0051944166227837919 -0.029927324190260715 -0.026950091004695659 -0.0056891529068165397 0.00052793985192556769 -0.0016191945631404859 0.031979456828473807 0.036195397160530385 -0.010841861226957386 -0.024154538553467643 0.026023993926552209 -0.022343509351608556 -0.005021207411791781 -0.030457762276897938 -0.014472217658126119 -0.015692720746895473 -0.02215351795569788 -0.017259525655539787 -0.0039131295506738169 0.0008575289876728544 -0.01671551958921505 -0.011185547075345951 -0.0090624414602560304 0.025210417199872954 0.0032017958248861571 0.00019079965182407539 0.0099292829788211103 0.010858610071166085 0.045037270983748545 -0.011088213893977933 0.0034476498509806597 -0.0040279728259760344 0.00055816261052956838 -0.0035162149159247789 0.034105397683812017 -0.014327102004112496 -0.048518381374339559 0.0054399493179894034 0.012959095767766963 0.0046746349432535512 0.0098726604273687499 -0.0079565852153122337 0.0018076740501887806 -0.02106899411590293 -0.00010244779954256825 -0.00042109140103760488 -0.01304931229746005 0.033925416290593584 0.022411804912177508 0.024662066220342393 0.025200602371316012 0.00087905845696647621 -0.043258697237953524 -0.030410913976120786 0.0026231841292285703 0.0065462426493484022 0.010931584183377427 0.0062213187224188626 -0.0046608849573582418 -0.0023611923978887556 -0.031027850714570454 0.014174287835905167 0.0060365682353714116 -0.027973622309953844 0.020084972183606248 -0.01630240320817351 -0.025397581908211848 0.012322571467878012 -0.021689072432974254 -0.0067752594556428937 -0.0028036530203201238 -0.0018271189711101213 0.00070053767759795365 -0.0040240156617781754 -0.018958445377167718 0.042010660813028435 -0.0064430220717069499 0.020989597616485958 0.012821993545498797 -0.017991523330828058 -0.011980193263059696 0.0046285039967311377 -0.0040202176943864619 -0.018501120757252628 -0.0023854999925736276
leaf_weight=2836.32390666008 4328.1037041693926 2609.1370271146297 8679.7243421524763 3760.7181170284748 4283.0754780471325 5210.0668264478445 146.47785575687885 5632.1456085145473 552.24350729584694 169127.63624860346 1400.7122157812119 296.37365740537643 4655.1541679650545 441.66455411911011 5485.2180794775486 8876.1826321780682 4790.3573441058397 175.88270597159863 10425.772573783994 17452.784477725625 352.88543745875359 1479.3144138306379 1239.5187254995108 1731.4488470852375 809.09861779212952 3056.2580913454294 1117.5574135035276 56489.878698408604 391.8059386909008 174.33629228174686 1453.5583872199059 851.11765412986279 222.7011978328228 207.71417823433876 253.81434990465641 137.23908090591431 49605.804836750031 806.60608850419521 3228.4589976966381 5282.891779050231 3988.294771656394 2787.7236094474792 634.43936884403229 272.66808374226093 1600.1451806128025 20486.041149094701 109050.72329343855 524.38702094554901 130.6588529497385 530.61181029677391 527.54431089758873 370.81575883924961 278.05073839426041 20993.617429494858 193.74761971831322 1826.2140113860369 166.41287903487682 817.68685214221478 417.39682029187679 3172.7554838508368 3850.5963632762432 2274.5205708891153 3082.0526269078255 2587.9291727989912 541.89939434826374 3472.9938659667969 9417.1066170781851 5103.8650293648243 3536.7077082395554 158.50131709873676 311.75137160718441 6392.9248739778996 8921.6716651171446 6639.5268017053604 16366.273627147079 410.02996106445789 156.55770027637482 135.03438372910023 4840.8398073911667 804.33055020868778 8370.3782924264669 236.31563577055931 13350.900005072355 723.5296431183815 392.25466670095921 465.13173772394657 8277.7807585299015 636.136300817132 157.19051684439182 206.75204473733902 633.81850396096706 1260.7737358063459 8482.6695405691862 209.17655451595783 355.30612052977085 13549.67148219049 7450.28257137537 5536.3774099349976 6640.3914659321308 20515.707693010569 11801.600081443787 242.0999119579792 167.57895393669605 524.08266539871693 201.65112388134003 747.1869050860405 1667.3084881454706 167.06770575046539 901.3024255335331 1458.2704559117556 526.32206304371357 1454.1002791523933 41091.528780996799 915.90649756789207 10825.051643505692 2174.1564135700464 516.94202449917793 1067.1565527319908 561.50153861939907 1598.208593532443 168.9627343416214 5889.5040293633938 3564.6116401106119 8091.7765705436468 876.55384184420109 6658.1171662211418
leaf_count=11403 17423 10475 34999 15129 17334 20860 588 22640 2218 678229 5629 1189 18668 1770 21995 35625 19259 705 41843 70202 1417 6030 5017 6960 3261 12289 4479 226742 1570 699 5828 3415 894 834 1022 550 198779 3235 12951 21194 16001 11180 2547 1093 6422 82198 438769 2102 524 2126 2114 1485 1115 84141 778 7335 667 3276 1676 12757 15450 9131 12365 10383 2174 13935 37740 20456 14177 635 1249 25692 35799 26621 65642 1643 627 543 19422 3228 33680 949 53578 2900 1573 1865 33185 2550 630 832 2548 5053 34056 838 1426 54428 30099 22228 26605 82292 47278 971 671 2100 808 2996 6684 669 3614 5845 2109 5830 164737 3668 43464 8730 2074 4287 2253 6406 678 23644 14304 32459 3512 26669
internal_value=0 0.000692573 0.00432594 0.00645729 0.00788523 -0.000413021 0.000116208 0.000789096 -0.00712081 0.0010019 -0.000995843 -0.0048162 -0.0102097 -0.0131958 0.000797295 0.000919193 0.00492719 0.00348301 0.000155735 -3.65273e-05 -0.000468428 0.00244705 -4.48904e-05 0.000568958 0.00167421 0.00196117 0.000255635 0.00341093 -0.00156848 0.00188931 -0.00409253 -0.00320811 0.00706752 0.0297637 0.0102849 -0.00244039 -0.00115871 -0.00256692 -0.00107003 0.00243011 -0.0026622 0.00378167 -0.00574758 0.00308503 -0.0125708 -0.00171949 -0.00223672 0.0013268 0.0151798 -0.0132028 -0.00618998 0.00432346 0.00603653 -0.00460086 0.00046069 -0.00687609 0.0172849 -0.00464558 0.00539521 -0.00645025 -0.00506925 -0.00925879 -0.00158461 -0.00597256 -0.000709206 -0.00203486 0.000228702 0.0036137 0.00169669 0.00805261 -0.0294692 0.000648082 0.00267217 0.00638516 -0.00156011 0.00214362 0.0207227 -0.00943007 5.63656e-05 -0.00262316 0.00758746 -0.019148 -0.00586487 0.00292526 0.00561092 0.000146699 0.00234051 0.0114147 -0.0037417 -0.00911989 0.00639059 0.0183814 -0.00149179 -0.013224 -0.00691117 0.00504018 0.00870771 0.00676589 -0.00189613 -0.00228795 0.000317613 0.00491103 -0.0118948 -0.00506736 0.00421915 0.00967964 -0.0109599 -0.0482999 0.00579019 -0.0179926 0.00177065 0.00687803 -0.00142836 0.00981141 -0.0063839 -0.0114824 0.00548506 0.0112655 0.024421 0.00510868 0.0119729 -0.00371871 -0.00473233 -0.00737329 -0.00140562 -0.00426033
internal_weight=0 321349 41367.9 30276.1 26515.3 517793 368514 241207 6319.42 234888 60611.1 20237.9 10321.2 8473.36 9916.74 40373.2 17835.6 1847.83 279981 269555 229623 39932.1 208277 165792 109563 106005 48706 57299 5182.16 9620.37 4135.15 13205 1701.35 383.597 1271.34 42484.3 127307 63179.8 46989 14691.6 32297.3 13885 3960.81 1726.23 2234.58 149279 127612 21667.4 1181.37 2045.03 1428.97 901.428 11097.3 21346.5 1317.75 3557.66 1017.53 11933.7 1818.11 10115.6 9297.87 5447.28 56229.6 9352.15 46877.4 6060.92 64126.8 14521 174277 5149.31 616.058 47588.4 24829.2 10262.4 22759.2 7206.11 566.588 5767.18 14566.8 9726 12653.5 4891.47 18561 27168.2 13815 13353.1 10797 2519.23 793.327 2556.13 13422.8 1725.91 11091.8 3291.23 16190.8 22479.3 8929.6 10819.3 40439.3 39199.8 18684.1 6882.49 2349.38 3581.89 1390.5 1188.85 2191.39 304.307 1124 1625.85 656.981 4990.81 42549.3 1457.81 15835.5 5010.48 12789 3912.77 1247.41 2665.37 730.464 29068.9 25080.6 13981.3 11099.3 7534.67
internal_count=3368342 1290281 166502 121971 106842 2078061 1477921 967431 25401 942030 243159 81161 41388 33975 39773 161998 71843 7413 1123779 1081936 921177 160759 835619 665263 439740 425445 195442 230003 20829 38584 16589 53023 6825 1539 5104 170356 510490 253515 188492 58952 129540 55717 15890 6921 8969 600140 513207 86933 4735 8193 5725 3611 44537 85558 5286 14295 4082 47919 7305 40614 37338 21888 225523 37521 188002 24318 256975 58196 698871 20642 2468 190963 99629 41180 91334 28891 2270 23183 58449 39027 51014 19617 74438 108975 55444 53531 43283 10098 3180 10248 53871 6918 44531 13203 65023 90557 36129 43422 162163 157146 74854 27576 9416 14358 5574 4766 8784 1219 4508 6516 2633 20007 170579 5842 63597 20133 51323 15698 5005 10693 2931 116589 100588 56103 44485 30181
is_linear=0
shrinkage=0.1


Tree=31
num_leaves=127
num_cat=0
split_feature=32 42 29 37 43 35 37 36 43 38 38 10 44 14 45 8 30 38 37 28 34 15 5 1 37 14 4 37 36 44 31 37 32 38 44 45 30 33 1 5 32 43 26 35 44 13 37 24 22 4 44 43 33 37 37 43 13 26 38 43 1 10 37 37 43 18 41 44 44 41 43 22 37 32 5 45 12 28 15 10 21 20 43 5 8 37 45 10 37 13 43 35 37 21 28 45 45 9 21 45 41 5 22 40 4 37 38 31 25 37 37 2 14 8 43 32 44 22 38 44 31 33 8 25 29 3
split_gain=27.3696 23.1799 24.1001 24.0114 25.7048 28.9194 27.5246 24.6632 24.2997 26.5427 32.05 40.1459 23.9118 23.6981 23.4966 28.5403 23.474 22.4069 44.6408 44.4029 29.3984 24.6996 21.9019 21.5357 21.0508 20.8787 26.0669 33.9338 26.2086 19.937 24.542 21.6028 21.3278 19.7515 65.9311 28.5552 20.9673 20.6957 19.7508 19.4672 18.9594 18.9457 18.9033 23.8505 23.0127 20.0943 19.8325 22.7448 22.562 33.53 21.1876 31.5163 20.6005 21.1872 19.708 18.843 18.7452 18.6796 18.6423 18.6014 26.1635 21.7489 21.0347 42.9456 33.7192 25.8817 32.0642 31.1135 29.7085 30.5386 27.1456 25.7733 29.1965 24.9807 23.5046 23.093 36.5287 30.2426 24.4615 22.7286 23.1335 22.1054 21.2139 22.0189 29.8165 31.6283 25.4794 21.4365 21.0938 40.3695 38.0548 26.0228 21.0383 20.3316 27.0543 20.271 22.5704 21.8479 19.8426 19.8312 22.6354 25.4547 23.5045 21.2491 25.6608 23.8427 21.7866 22.0119 21.1761 21.1129 24.8927 20.937 20.7324 25.9388 19.8454 19.5643 19.4225 19.044 19.8945 23.3591 29.5923 20.4841 18.6459 28.3613 25.1054 20.2061
threshold=-0.00041236782271880651 -0.22500000149011609 0.063620336353778853 0.49999998509883886 0.40500000119209295 9.7450001703691686e-06 0.53333333134651195 0.00017628500063437971 0.30500000715255743 6.5000000000000009 12.500000000000002 42.190694808959968 0.22500000149011615 0.0020749397808685903 48.500000000000007 0.0028672087937593464 -0.0055319301318377248 16.500000000000004 7.9333331584930429 -0.0012874327367171643 -0.03634489327669143 0.18719801306724551 -0.07566047832369803 -0.0058489616494625798 1.166666626930237 0.0048878982197493323 -0.016072804108262059 5.9666664600372323 -2.899999913097417e-06 0.2650000005960465 -0.01343164825811982 1.1333333253860476 -0.0033916560932993885 17.500000000000004 -0.36500000953674311 49.500000000000007 -0.010076708626002072 0.0025440732715651397 0.0010609428863972428 -0.052147632464766495 -0.0012585442746058104 0.78499999642372142 0.70142725110054027 0.00067032501101493846 0.14500000327825549 0.00022258437093114483 4.1333334445953378 0.0048024239949882039 58.604530334472663 0.018795798532664779 0.064999999478459372 0.57499998807907116 0.0027995823184028272 7.2333333492279062 4.2999999523162851 0.38499999046325689 -0.00028384232427924866 -0.16034544259309766 2.5000000000000004 -0.90500000119209278 -0.0025677221128717061 33.099020004272468 2.1333333253860478 4.7333333492279062 -0.89499998092651356 -0.00016120790678542105 2.3249999284744267 -0.42499999701976771 0.034999999217689044 5.0750000476837167 -0.60500001907348622 49.991178512573249 4.0666668415069589 -0.0029432014562189575 -0.0688914619386196 14.500000000000002 -0.0025698327226564284 0.003874335554428399 0.76114577054977428 43.716539382934577 -0.620957851409912 -0.0019315471872687338 -0.77499997615814198 0.015597250312566759 0.00078104776912368845 3.7333333492279057 25.500000000000004 48.17755317687989 4.8999998569488534 0.00023292286641662943 0.17500000447034839 0.00030631999834440654 1.5666666626930239 -0.30597190558910364 0.0012809740728698673 75.500000000000014 74.500000000000014 0.00087104289559647452 0.31439279019832617 33.500000000000007 3.7350000143051152 0.063267510384321227 19.065262794494632 1.5000000000000002 0.017719320021569732 7.4666664600372323 13.500000000000002 -0.0014796485775150357 0.020406880415976051 5.8333332538604745 7.866666555404664 -0.0011582072474993763 0.0020513810450211172 0.0004555017658276484 -0.29500000178813929 -0.0067347073927521697 -0.51499998569488514 38.482757568359382 13.500000000000002 0.074999999254941954 -0.0035879331408068533 -0.0024394657230004664 0.0010184603743255141 0.011707187630236151 0.036115517839789398 -0.004990173038095235
decision_type=2 2 2 2 2 2 2 2 2 2 2 2 2 2 2 2 2 2 2 2 2 2 2 2 2 2 2 2 2 2 2 2 2 2 2 2 2 2 2 2 2 2 2 2 2 2 2 2 2 2 2 2 2 2 2 2 2 2 2 2 2 2 2 2 2 2 2 2 2 2 2 2 2 2 2 2 2 2 2 2 2 2 2 2 2 2 2 2 2 2 2 2 2 2 2 2 2 2 2 2 2 2 2 2 2 2 2 2 2 2 2 2 2 2 2 2 2 2 2 2 2 2 2 2 2 2
left_child=1 2 16 7 6 14 -5 22 23 40 11 -11 33 -14 15 -6 -1 -2 42 20 -20 -21 38 57 -13 -12 27 -27 -28 32 -31 -32 -15 36 35 41 -7 -38 -3 -26 55 -35 43 -19 46 -45 47 -44 49 56 54 52 -52 -54 -48 -10 -49 -8 -39 60 -25 -62 64 65 -61 74 71 98 -69 70 -70 72 115 -73 -64 76 -66 78 79 80 -78 92 -71 122 85 87 -86 -85 89 90 91 -65 -79 94 -72 96 -77 -98 116 100 102 109 -90 104 -101 -106 107 112 -103 -102 117 -110 -105 -114 -108 -67 -68 118 -111 121 -121 -120 123 125 -124 -84
right_child=17 3 -4 4 5 12 8 -9 9 10 25 24 13 29 -16 -17 -18 18 19 21 -22 -23 -24 59 39 26 28 -29 -30 30 31 -33 -34 34 -36 -37 37 58 -40 -41 -42 -43 44 45 -46 -47 50 48 -50 -51 51 -53 53 -55 -56 -57 -58 -59 -60 62 61 -63 63 88 75 66 67 68 69 82 93 73 -74 -75 -76 95 77 81 -80 -81 -82 -83 83 84 86 -87 -88 -89 99 -91 -92 -93 -94 -95 -96 -97 97 -99 -100 103 101 108 -104 106 105 -107 114 -109 111 110 -112 -113 113 -115 -116 -117 -118 -119 119 120 -122 -123 124 -125 -126 -127
leaf_value=-0.0078557205172145022 -0.00099555784543107497 0.038828156334962831 0.023957019355573064 -0.016508670297980858 0.012041650987327859 0.019527179661886575 0.026207041851495291 -0.013347409299794118 -0.023737050725948283 0.028349902152103132 0.0034141156770043945 0.035942976754267421 -0.012517969883841983 0.030778268924939935 0.00233844263215837 -0.026509814077842194 -0.0007252624133098107 0.0014737237622927018 -0.053282400334319947 0.027919810029861644 -0.003020562677896584 -0.012776745002408413 0.0045164976234350332 0.017622732040658812 0.020725498278820392 -0.011458318864137319 -0.0056782796796433672 0.033389866202638355 -0.031371799923991354 0.045157839796155473 0.029849778905395075 -0.0012476090877388125 0.010218589813623377 -0.0037458739725472292 0.001304342624537638 -0.040285065770465291 0.00048713094198981829 -0.0053224238263047188 -0.00029405019987374024 -0.013812682651224893 0.00062330812366064036 -0.020438483096877184 0.0068286231673353494 0.0084268164731839887 -0.0039758915780225895 0.046572393462242984 -0.017866901283719715 0.013746953670097393 0.0027068121354917101 -0.038084912656205915 0.01739219580097626 -0.018492362875619339 0.0063898383667896387 -0.020072216590317472 -0.0021994550373816289 0.010867810481980293 -0.0085939723546546148 0.0052224937089155286 0.009146529738840262 0.034025896602876263 -0.020336234269956475 -0.0038096788802539751 0.021334038313913391 -0.0028898272829369163 -0.044545549584788083 -0.018061604525873732 0.011213096300017912 0.0016534317106020068 -0.026277339663286815 -0.02248046840427511 0.01697766852351662 -0.02392820272732744 0.016659683965106403 -0.0027086806127805049 -0.0010609971012709048 -0.00080560070052854897 -0.043744034534048251 0.014680699712262262 0.012767645995343158 -0.033943857296438305 0.0049566908817516887 0.037179980004372212 0.025789048457425329 -0.012877746132779897 -0.033354180850908154 0.0077918765777262788 0.011025268358556035 -0.047505612086594567 -0.036556010199349502 -0.037711915686308273 -0.035861380082942158 0.037803843603411519 -0.024244821451423378 0.01222635740272132 0.050472374058551497 -0.01034042312112521 -0.0017521494706983388 0.039158111384547285 -0.002174990923994743 0.00028239082473406743 -0.0025077669355942807 0.063355211422813015 0.00047407991144685107 0.02481826390131403 0.010135126681424474 0.053823721713217268 0.0013802381498157388 -0.010018474050929569 0.039396905686798656 0.018719029147123322 -0.018443721160701716 -0.010256578410958339 -0.035267159246364636 -0.0010112864387959149 -0.0078311106985241245 0.0014042564594614441 0.027671517249910169 0.013295431404262387 0.015016177219628139 -0.0021804850054267639 -0.059646113806633941 -0.028931746403547478 -0.0032794498601988811 0.017092599653632138 0.031755416171531034 0.0032945446819169898
leaf_weight=5022.0880364179611 340806.57127843797 355.66095152497292 380.08386538922787 984.50653705000877 6348.2204479426146 663.45607273280621 484.6875097155571 752.10577061772346 1460.2333223968744 689.40057048201561 1277.538792386651 128.84049810469151 537.37211094796658 704.07746383547783 6352.5602904111147 198.0236401706934 57226.90251404047 83791.436412096024 405.69656752049923 203.0484319627285 163.1781670153141 561.64520858228207 17781.999967619777 513.14219830930233 203.69929967820644 543.21694053709507 725.18928420543671 244.71313898265362 877.26864524185658 136.11114045977592 246.11845315992832 2418.9356234222651 1780.5409528911114 1439.4148123562336 10254.060725107789 398.59692884981632 30037.122473627329 1068.0729503929615 202.52727299928665 820.69127134978771 611.97518350183964 1288.6228470504284 8331.2661665081978 414.55854526162148 15861.649768412113 207.07888777554035 841.70069549977779 474.24952046573162 6704.4709389507771 329.24123328924179 1460.2533298283815 504.46099841594696 1876.2432424724102 360.7458893507719 17404.476440891623 176.35773399472237 1804.9008642137051 3398.983716532588 5355.6060762405396 266.38291126489639 897.57058072090149 7057.1311238408089 483.37192586064339 3124.310072094202 286.64354276657104 615.45812687277794 1846.3783203661442 17532.579030111432 130.96625906229019 260.41465039551258 562.00867636501789 854.09431965649128 1115.159331291914 1583.1941778212786 15388.665411680937 36351.002861514688 126.76108686625957 347.55502687394619 257.58978115022182 644.91268341243267 423.0801578015089 207.39216491580009 442.00976847112179 922.66629154980183 138.62651088833809 668.34205676615238 1936.9193888008595 221.7357279509306 173.10735191404819 397.52884125709534 342.64788322150707 165.46732959151268 231.22240373492241 1277.4173804521561 422.38770121335983 2223.3916559666395 244.5415568202734 280.02097824215889 609.61331789195538 23893.351644590497 2570.1881328970194 129.58404664695263 17502.230500936508 288.92479731142521 692.93214154243469 152.38796167075634 11044.477448552847 6905.6989384740591 179.14233820140362 381.80894061923027 326.50172181427479 161.45947435498238 233.50746597349644 4141.4350083321333 2967.298646569252 3205.2877721935511 1172.2411441653967 4159.8812012076378 431.03897023200989 197.34803883731365 164.14665229618549 140.66877099871635 1943.24664054811 3874.5000788271427 228.59514220058918 4135.3018628656864
leaf_count=20162 1368092 1434 1541 3960 25460 2668 2010 3023 5866 2772 5122 516 2152 2828 25477 796 229425 335906 1658 816 664 2274 71464 2079 816 2184 2910 983 3521 546 988 9708 7138 5780 41121 1603 120504 4284 813 3287 2454 5169 33446 1661 63639 831 3381 1900 26905 1322 5857 2025 7534 1450 69915 708 7242 13833 21457 1072 3639 28312 1937 12563 1152 2477 7443 70561 529 1048 2252 3429 4488 6348 61641 146095 509 1398 1033 2584 1699 833 1792 3707 557 2684 7780 888 696 1595 1376 664 930 5150 1703 8926 980 1124 2463 95960 10331 520 70282 1158 2776 611 44343 27707 719 1538 1314 647 938 16629 11911 12886 4719 16692 1740 792 659 568 7815 15591 921 16618
internal_value=0 0.00059938 -0.00114725 0.000971779 0.000733403 0.0023999 0.000171801 0.00440093 0.000252128 -0.00523686 -0.00150074 0.00925913 0.00142183 0.00748963 0.00667105 0.0108755 -0.00130053 -0.000556147 0.000500689 -0.0177091 -0.0388651 -0.00197062 0.00512876 0.000468671 -0.00215331 -0.0069061 -0.0124217 0.00247051 -0.0197442 0.00952367 0.00373958 0.00162424 0.0160447 0.000722223 -0.00257177 -0.0152838 0.00190948 0.0015889 0.0246335 -0.00694479 -0.014393 -0.0116308 0.000673693 0.00161851 -0.000751675 0.0211338 0.000523925 0.00303262 -0.000363278 -0.00825448 -0.00144792 0.00495424 0.00815336 0.00212246 -0.0029222 -0.0200081 -0.00394523 0.00784139 0.00674076 0.000320156 -0.00426267 -0.00567446 0.000530685 0.00111 -0.00143914 0.00309996 0.00430824 0.00547006 0.00454871 0.00750597 0.0179863 -0.00173089 0.00242369 -0.0101446 -0.000378972 -0.0016661 -0.0109345 -0.00663062 -0.0151823 -0.0212084 -0.00627084 0.00916754 0.0058084 0.00631604 -0.000122582 -0.00949274 0.00806115 -0.0195871 -0.000405126 -0.00745736 -0.00414633 -0.00084304 -0.000870101 0.0205493 0.0313497 -0.00106751 -0.000508406 0.0200865 0.0142812 -3.52499e-05 0.00217783 0.00630873 0.000111417 -0.00120147 0.000888176 0.018011 -0.00322229 -0.00643389 0.0289491 0.00503715 0.00837977 0.0158591 -0.00112626 -0.00283965 -0.000570466 -0.00173137 0.0176045 0.00997942 -0.000510389 -0.00837788 -0.0282743 0.00420278 0.00867259 0.0107963 0.000408112 0.00546673
internal_weight=0 356372 62629.1 293743 274651 69226.9 205424 19092.3 204439 7759.12 5510.56 1842.63 56328.1 5823.16 12898.8 6546.24 62249 482507 141700 1333.57 568.875 764.694 18340.2 196680 1153.23 3667.93 2390.39 787.93 1602.46 5285.78 2801.17 2665.05 2484.62 50505 13380.7 3126.63 37124.3 36460.8 558.188 1024.39 2248.57 2728.04 140367 84413.1 55953.7 621.637 40092 17644.1 9312.86 2608.39 22447.9 4201.7 3697.24 2236.99 18246.2 1636.59 2279.15 3883.67 6423.68 192797 8467.84 7954.7 184329 142438 41890.5 61571.2 45699.1 38325.9 34697.7 17165.1 2392.78 7373.19 4935.91 2437.29 15872 41624.1 2525.16 2238.51 1452.34 1194.75 549.841 786.17 14772.4 14511.9 3888.29 1812.74 2075.55 1144.4 80867.1 4029.95 3632.43 3289.78 578.777 2261.81 984.396 39099 36875.6 524.563 3628.23 76837.1 26517.1 8841.77 17675.3 50320 24738.7 845.32 25581.3 11569.6 470.186 8371.58 5801.39 340.602 4663.87 4374.94 14011.8 3820.75 3018.62 5474.89 1315.01 933.202 361.495 571.708 10623.7 8451.81 2171.84 4577.31
internal_count=3367522 1431004 251128 1179876 1103142 277679 825463 76734 821503 31139 22111 7391 225946 23360 51733 26256 249587 1936518 568426 5412 2322 3090 73711 790364 4619 14720 9598 3167 6431 21208 11242 10696 9966 202586 53673 12552 148913 146245 2247 4103 9028 10949 563014 338398 224616 2492 160977 70815 37369 10464 90162 16866 14841 8984 73296 6574 9142 15843 25741 774521 34030 31951 740491 572156 168335 247427 183849 154221 139596 69035 9634 29628 19851 9777 63578 167263 10138 8986 5825 4792 2208 3161 59401 58353 15616 7279 8337 4595 324729 16198 14603 13227 2328 9105 3955 157125 148199 2104 14625 308531 106498 35520 70978 202033 99347 3387 102686 46432 1886 33634 23303 1366 18725 17567 56254 15363 12162 21989 5297 3759 1451 2308 42737 34001 8736 18410
is_linear=0
shrinkage=0.1


Tree=32
num_leaves=127
num_cat=0
split_feature=10 23 39 22 44 37 11 15 2 26 22 37 45 10 29 45 45 34 1 37 31 38 44 45 39 24 25 8 4 25 38 26 25 35 39 46 24 32 34 8 23 30 8 37 22 33 23 31 9 24 46 44 44 15 42 37 45 34 22 45 44 35 16 45 37 32 8 37 45 45 7 31 37 2 36 7 24 34 36 12 37 15 25 32 12 1 1 32 37 11 7 44 29 12 16 11 12 10 44 4 26 38 45 9 27 45 42 35 0 39 27 44 24 34 1 42 15 10 4 9 33 40 16 25 44 37
split_gain=27.5752 34.9558 23.9539 20.8485 19.3647 22.5115 21.2241 24.5534 19.9545 19.2182 18.6272 24.9382 27.7005 23.1574 25.3706 28.5445 20.8046 19.9313 22.4851 22.7309 19.758 19.9291 21.4595 22.7248 19.2319 31.5794 23.5057 21.2454 18.785 19.5597 28.3648 18.1738 18.1643 25.7077 17.7831 39.4357 30.4317 27.397 27.3826 22.1444 25.0073 21.3363 21.1312 20.2093 19.484 19.1486 25.5418 18.9286 18.83 18.7952 18.652 18.3897 41.3807 24.2297 19.8125 24.7787 39.9152 21.455 27.1801 18.4381 17.8362 20.3739 17.648 17.6477 17.5776 19.6677 17.0372 16.9231 16.7137 16.5582 18.7085 17.5068 16.3247 24.8802 24.0162 16.7357 22.7853 21.6159 18.8521 17.68 16.3172 21.1677 19.6517 17.1763 16.3058 16.2943 16.1874 16.1268 17.8418 22.1987 21.5566 17.1075 17.9295 18.6981 15.9433 15.8931 21.2795 17.6744 16.6445 18.1153 16.8495 18.2934 24.8548 18.1236 15.7965 20.9179 15.5434 18.0462 15.5053 31.0588 28.0226 24.7016 23.2639 25.6765 22.754 26.8723 21.8345 21.6482 22.01 21.8351 21.3016 24.0627 20.6035 20.0823 20.9782 23.3066
threshold=69.823730468750014 -0.0018339558737352488 2.5000000000000004 65.560371398925795 0.65999999642372142 6.9333331584930429 0.00041775043064262723 0.18719801306724551 0.0016261282726190986 0.95333468914031994 59.507543563842781 7.866666555404664 14.500000000000002 32.377223968505866 -0.0052635679021477691 64.500000000000014 21.500000000000004 6.127941608428956 -0.0014632698730565605 1.2666666507720949 0.019661335274577144 4.5000000000000009 -0.58499997854232777 45.500000000000007 5.5000000000000009 0.0032668185885995631 0.013059925753623249 0.00056790959206409763 0.022258024662733081 0.065058194100856795 1.5000000000000002 0.69428828358650219 0.020559356547892097 8.141500074998477e-05 1.0000000180025095e-35 -12.499999999999998 0.006488695042207838 -0.0001446468158974312 1.3187624216079714 0.0017727004014886918 0.00099958869395777605 0.0056470637209713468 0.00078973989002406608 0.93333333730697643 69.178936004638686 0.026620761491358284 0.0010693912045098843 0.017721164971590046 0.00032495103369001305 0.010543394833803179 -30.999999999999996 -0.38499999046325678 -0.55500000715255726 0.13746339827775958 0.50499999523162853 4.3999998569488534 52.500000000000007 0.61447185277938854 67.379528045654311 13.500000000000002 -0.34499999880790705 3.7920000977464958e-05 -0.00041983791743405158 65.500000000000014 6.6333334445953378 0.001384358562063426 0.00091741755022667359 0.733333319425583 19.500000000000004 65.500000000000014 0.00067050565849058341 0.0061860803980380305 2.0666666030883794 -0.0013705593883059917 -1.1260000064794438e-05 0.00055737595539540063 0.0029803849756717686 -0.4196785688400268 5.6254999435623183e-05 0.00055308552691712986 2.7666666507720952 0.32278709113597875 0.016251606866717342 0.0022399026202037935 0.0022519301855936651 -0.00094671480474062253 3.3622851333348087e-05 0.013202838134020569 2.466666698455811 0.00016859808238223198 0.00042628670053090906 -0.064999999478459344 -0.0045381833333522073 0.00040061269828584051 0.00060423093964345764 8.7859909399412586e-05 -0.00092761171981692303 58.65727615356446 0.76499998569488536 0.0075782409403473147 0.52851495146751415 5.5000000000000009 69.500000000000014 0.00053627853048965346 0.00057195802219212066 29.500000000000004 -1.0000000180025095e-35 0.0001416199957020581 -0.00018608054233482105 5.5000000000000009 -0.00026093327323906118 -0.33500000834465021 0.0058526662178337583 -0.58609521389007557 0.0016291835927404465 0.25499999523162847 0.42632612586021429 44.241987228393562 -0.0073188387323170892 0.0015467961784452202 0.0027995823184028272 1.5000000000000002 0.0039519045967608699 0.051408823579549796 -0.5649999976158141 5.866666555404664
decision_type=2 2 2 2 2 2 2 2 2 2 2 2 2 2 2 2 2 2 2 2 2 2 2 2 2 2 2 2 2 2 2 2 2 2 2 2 2 2 2 2 2 2 2 2 2 2 2 2 2 2 2 2 2 2 2 2 2 2 2 2 2 2 2 2 2 2 2 2 2 2 2 2 2 2 2 2 2 2 2 2 2 2 2 2 2 2 2 2 2 2 2 2 2 2 2 2 2 2 2 2 2 2 2 2 2 2 2 2 2 2 2 2 2 2 2 2 2 2 2 2 2 2 2 2 2 2
left_child=4 -2 -3 87 10 8 7 -7 9 63 17 13 -13 14 -12 -16 -14 20 -19 -20 28 22 -22 94 34 27 -27 62 108 -30 -31 -18 33 -23 35 39 37 41 50 44 -41 47 -43 -37 64 66 -47 48 -36 51 -39 52 -45 -54 104 59 57 -57 -59 -56 61 -52 -26 67 -15 -66 -38 -6 -55 70 -62 -71 73 -64 -75 76 77 -74 79 -79 83 -82 -83 -61 -40 -29 -73 88 89 -4 91 -91 -93 -94 -24 96 -65 -97 99 100 101 -98 -103 -102 -53 -106 -90 -108 109 110 120 123 114 116 -110 -116 -114 118 -111 -119 -1 -122 -113 124 125 -112
right_child=1 2 3 -5 5 6 -8 -9 -10 -11 11 12 16 24 15 -17 31 18 19 -21 21 32 23 -25 25 26 -28 85 29 30 -32 -33 -34 -35 36 43 45 38 84 40 -42 42 -44 49 -46 46 -48 -49 -50 -51 60 54 53 68 55 56 -58 58 -60 80 69 -63 72 95 65 -67 -68 -69 -70 71 -72 86 75 74 -76 -77 -78 78 -80 -81 81 82 -84 -85 -86 -87 -88 -89 106 90 -92 92 93 -95 -96 97 98 -99 -100 -101 103 102 -104 -105 105 -107 107 -109 112 117 111 122 113 -115 115 -117 -118 119 -120 -121 121 -123 -124 -125 -126 -127
leaf_value=0.0042992717730577371 -0.022745570269387637 0.00076298580741504995 0.033645651901343047 0.0023906750967068614 0.038848223848482265 -0.029897686800789955 -0.038120050939899112 0.0094396219964685609 0.018042272542722292 -0.018557750774707938 0.013042055168706591 -0.036237008914390745 0.046244904632542258 0.0041351662670965029 -0.014205704483640747 0.021603067550914106 0.041734236293297824 0.0061219979264357637 -0.046684418037583789 -0.011110379260119823 0.035841870258335455 0.022079502491410039 -0.028576315785991818 0.0063781866556383423 0.013626604148493962 0.011629334665522453 -0.0030079328940103068 0.0018114113149370109 -0.0081618522500056922 -0.032424249474738445 0.0080958053766100116 0.0064424505032720028 0.011769664501231583 -0.030565596344882203 0.01645855694182138 -0.015263940456794162 -0.038794441723587036 -0.029960482977454531 0.0028729283908335876 0.06576737114178241 0.01142865024033432 0.037808594693232528 0.0090269005087563799 0.0041781068369701208 -0.011779903186701912 -0.032819640393405423 0.0065031978419121594 0.015227031723306134 0.0011346349663476476 0.015330932679471311 -0.003773072089898018 -0.004151214227291462 0.012817885975553845 -0.0022514888126392301 0.048059805564800745 -0.024802865118716579 0.039759773517522579 0.034418140174132007 -0.026620506784088002 -0.013710596078133845 -0.0013017211789875039 0.0068677850767500312 0.019554799948499835 0.019796202330163826 0.0092210934713561222 0.058664591635985287 -0.0036161093636928746 0.0096902020664358553 -0.039376913777187578 -0.0027333846361764784 -0.007004090670435459 -0.00025347827489013638 -0.015691643749039742 -0.058488444574151414 -0.018642300172750453 -0.023993404784661328 0.029331963019873272 0.010910703694980636 -0.027154713380475037 -0.018308931045953679 0.058636722129696575 0.035611968029223062 -0.01169335370387535 0.028509904201454623 0.01489165288557817 -0.039526457419470466 0.010771164340707799 -0.029094537020050267 -0.015879914645792133 -0.032178979730399924 0.0018569944642548388 0.02385761087232554 -0.00047451681662742385 -0.040941554758072624 0.0018051699810244571 0.022191824105762571 -0.018083219189891312 -0.013173269807079495 -0.027870658883174932 0.032186889975553877 -0.0072088322074452581 0.050399132593859954 -0.0063320501020208021 -0.05683276305640559 -0.053792515911030486 -0.011674138285163805 -0.0071991127696441216 0.012025800528483462 -8.9104093099935292e-05 0.00074160182204845528 0.002192768062807029 -0.00092242786360055757 0.00017496474092274709 0.00047418497765415652 -0.001271493632241401 -0.0083631629858534496 0.0063195931414193086 0.0029337065650159293 0.0093908159770040769 -0.0082933847354173945 -0.0030953125232508522 0.0029338934160969971 0.010508379876780575 -0.0070205847337898213 0.0050369149035686218 -0.010736602835638454
leaf_weight=30837.314195528626 840.75911502540112 15885.876204580069 183.11979503929615 3594.447040617466 220.44805678725243 219.16832745075226 196.57268159091473 574.85085022449493 1401.7529075294733 335.96331341564655 2332.6573262810707 129.17980389297009 159.08069396018982 1880.4362416267395 867.59157349169254 299.44120270013809 156.59463292360306 647.70220057666302 210.43024735152721 1226.6962519586086 128.61551706492901 148.85485324263573 520.07826389372349 696.22166395187378 333.59415501356125 1249.6952445954084 8985.9577917456627 125.04628390073776 4902.3043419718742 192.77025024592876 1664.1641638875008 2139.3634897768497 3934.5281294137239 246.1303563863039 839.98782403767109 1908.6528223305941 138.37429010868073 228.30090844631195 6703.4779334962368 124.70252484083176 263.97372867166996 284.87792038917542 2439.4268284589052 694.13813918828964 651.1895687431097 174.6743932813406 3039.4251122325659 1118.2910330891609 17676.884904026985 471.29077085852623 2816.8219462931156 8836.605509147048 130.29686465859413 144.77111864089966 149.76060517132282 609.5005712211132 162.48435299098492 168.37381838262081 128.72717632353306 360.48009397089481 13128.028243288398 4981.5597469508648 128.06797824800014 284.63455025851727 201.21525900065899 134.0484331548214 27136.599686563015 2050.7799621075392 746.80215205252171 6367.8925317525864 10242.087338790298 2778.051347002387 1380.3130550533533 195.6416317820549 666.83477970957756 505.68718962371349 188.32162721455097 1133.230960264802 201.61883619427681 253.37789388000965 126.28393661975861 168.18976467847824 183.76991438865662 131.50968290865421 1357.3971231281757 401.57659889757633 2558.30603300035 297.95945879817009 1974.5172756165266 359.97840310633183 3516.3999320715666 161.67046643793583 331.8878022134304 174.06566865742207 258.61948536336422 524.55790622532368 260.20811922848225 193.42765560746193 385.80849309265614 124.99170975387096 179.73427310585976 134.04470227658749 182.19270159304142 124.63101132214069 136.12351609766483 881.58239844441414 8192.4568009972572 519.21041305363178 273224.70505295694 4131.6310155242682 5044.5284390002489 112327.36761440337 8960.0551343113184 78208.977816671133 21038.419800624251 7162.3632923960686 16309.29665723443 14247.579508945346 10219.668237268925 1972.0597807914019 11203.88170479238 16177.487648189068 1599.2892958670855 2029.9352066069841 18912.208999216557 1926.6978043019772
leaf_count=123511 3408 64144 745 14541 885 881 788 2305 5622 1347 9413 520 640 7547 3498 1205 630 2636 848 4940 516 597 2084 2794 1351 5032 36104 502 19659 774 6672 8611 15791 989 3364 7683 555 917 26924 500 1059 1141 9772 2786 2614 701 12200 4478 70809 1891 11321 35464 522 581 601 2446 653 676 517 1447 52719 20016 514 1150 806 538 108875 8236 3002 25579 41147 11142 5550 791 2696 2033 757 4557 811 1023 506 676 737 529 5447 1617 10274 1211 7990 1458 14248 653 1338 705 1039 2103 1045 775 1549 501 720 539 734 500 545 3531 33217 2093 1095971 16745 20302 451000 35929 313742 84374 28776 65377 57115 41264 7908 44904 64818 6546 8164 76037 7742
internal_value=0 -0.00259455 -0.00211313 -0.00447976 0.000233224 0.00532729 -0.00870148 -0.00141842 0.00749758 0.00454221 0.00018588 -0.000838026 0.00889773 -0.00101439 0.00701969 -0.00501777 0.0112726 0.000414556 -0.00934736 -0.0163193 0.000445953 0.00619024 -0.00333302 -0.00674914 -0.00121645 -0.00450727 -0.00122083 -0.0106086 0.000392891 -0.00485107 0.00388938 0.00884951 0.0097174 -0.0107257 -0.000796473 -0.00357638 -0.000278101 0.000823412 -0.000452739 0.00646355 0.0288626 0.00374344 0.0120366 -0.0056016 0.00342681 -0.00293429 0.00436615 0.0025928 0.00182978 -0.00430567 -0.00145322 -0.00497826 -0.0146633 -0.027462 -0.00359828 0.00500725 -0.0058823 -0.0140624 0.00797147 0.0154018 -0.00130142 0.00302424 -0.00859134 0.00620566 0.00789603 0.0289901 -0.00379458 0.0125203 -0.0333486 -0.00226318 -0.00380082 0.000807045 -0.0101842 -0.0215738 -0.0276809 -0.00710388 -0.00439841 -0.00653823 0.0014169 0.00557134 0.0103609 0.0235143 0.0109123 -0.00242499 0.0048968 -0.0297108 0.00503185 -0.00605159 -0.00560614 -0.00049069 -0.00186636 -0.0146075 -0.00513303 -0.0143966 -0.0184861 0.000215412 -0.00511684 0.0126644 -0.0102125 -0.00343907 -0.00849458 0.00155554 0.0177148 -0.0275288 -0.00550995 -0.0173077 -0.00786901 -0.00605332 0.000448663 0.00110313 0.000649493 -0.000108748 7.58839e-05 0.00136958 -0.000368236 -0.00307262 0.00414082 0.00407178 0.00690077 0.00156866 0.00249682 0.000466869 -0.000761964 0.00255731 0.00330847 -0.00138063
internal_weight=0 36032.3 35191.6 19305.7 802943 7393.77 990.592 794.019 6403.18 5001.42 795549 145238 2584.22 142654 3499.69 1167.03 2455.04 650311 2084.83 1437.13 648226 5933.05 1603.53 1474.92 139154 15749 10235.7 5513.31 642293 6759.24 1856.93 2295.96 4329.51 394.985 123405 19394.9 104010 73521.4 51161.9 3255.57 388.676 22359.5 2724.3 16139.3 2866.89 30489.1 3214.1 19635.2 18516.9 14230.7 43101 13759.4 1716.01 1021.87 12043.4 2189.08 1069.09 906.602 297.101 1119.99 42872.7 7798.38 4986.69 4665.46 2215.7 335.264 27275 2271.23 891.573 35074.4 23370.1 11704.2 4653.09 990.544 862.476 3662.55 3156.86 2968.54 1588.23 1386.61 970.233 478.244 351.96 491.99 8060.88 526.623 5336.36 15711.3 15413.3 4727.12 4544 1027.6 667.624 505.953 778.698 2394.23 1676.25 717.986 1391.61 1005.8 880.811 576.446 316.237 304.365 9854.31 1017.71 10686.2 8711.67 635533 230630 200059 141840 404904 103478 301425 28200.8 25269.4 30570.9 14351.3 16219.6 58218.7 27381.4 113927 27913.4 25883.4 6971.23
internal_count=3368088 145751 142343 78199 3222337 29680 3974 3186 25706 20084 3192657 583093 10401 572692 14116 4703 9881 2609564 8424 5788 2601140 23810 6433 5917 558576 63338 41136 22202 2577330 27105 7446 9241 17377 1586 495238 77857 417381 295050 205486 13064 1559 89564 10913 64793 11505 122331 12901 78651 74173 57110 173115 55219 6891 4105 48328 8788 4292 3639 1193 4496 172198 31337 20083 18737 8891 1344 109430 9121 3583 140861 93866 46995 18732 4001 3487 14731 12698 11941 6391 5580 3895 1919 1413 1976 32371 2119 21416 63658 62447 19147 18402 4154 2696 2043 3123 9616 6738 2878 5588 4039 3538 2318 1273 1220 39540 4076 43300 35310 2550225 926056 803024 569791 1624169 415048 1209121 113150 101306 123032 58009 65023 233233 109722 457546 112245 104081 28044
is_linear=0
shrinkage=0.1


Tree=33
num_leaves=127
num_cat=0
split_feature=44 37 38 3 15 3 22 45 5 38 13 39 3 24 31 3 44 37 45 5 22 34 14 39 39 46 44 22 37 0 39 37 45 45 44 22 46 7 44 12 31 38 1 42 31 38 25 33 45 25 26 38 42 44 37 14 37 30 42 44 5 32 37 37 45 3 44 44 1 23 23 10 37 38 32 46 34 44 38 38 7 33 32 36 34 44 23 37 44 37 33 28 25 12 46 3 42 32 46 9 46 38 45 37 38 44 44 16 22 27 1 45 44 25 46 26 36 28 46 37 37 42 2 5 22 25
split_gain=19.4255 25.8731 30.0902 19.9618 18.4917 33.0911 32.5579 21.0423 18.6482 24.3083 23.124 22.5883 20.9286 20.8188 21.502 20.0851 19.1088 22.151 20.095 18.2602 17.4491 30.0908 30.8758 25.9195 32.0392 55.0581 34.9078 33.359 33.6087 28.1809 27.1296 26.7549 25.8159 27.8935 25.8079 24.6536 25.7096 23.7528 25.6088 23.6716 23.5968 33.398 23.4968 51.6723 38.4449 35.1313 26.586 26.1191 39.9493 32.5645 22.8877 22.0316 34.5632 31.9626 30.1794 41.7925 27.793 26.5342 21.9834 23.8524 21.8253 25.2341 24.7492 35.2943 28.8891 32.2677 25.2323 23.5378 22.9335 21.1756 21.5735 21.0966 21.0664 20.9184 20.7899 21.5748 22.5193 20.7016 36.05 24.6863 24.9902 22.3745 23.8248 20.6775 20.4917 20.2701 20.1905 20.0782 20.0629 29.1694 20.1016 19.9877 25.5581 21.7773 21.1674 20.8315 19.9238 24.0422 25.0779 22.2736 20.7641 19.9839 21.1904 19.815 19.7797 19.4342 19.4337 25.3729 19.8852 29.4865 23.3755 19.3263 19.1763 19.0935 19.0269 21.7353 23.2251 21.8431 20.036 23.8952 31.7019 24.6008 21.9239 19.2179 19.1464 20.425
threshold=0.80000001192092907 3.0333333015441899 20.500000000000004 0.0042903404682874688 0.076109647750854506 0.0016129318391904237 28.084487915039066 25.500000000000004 -0.0079716444015502912 2.5000000000000004 -3.5945793570135713e-05 1.5000000000000002 -0.034068483859300606 0.0044386750087141999 0.0064698986243456611 -0.008746165316551922 0.14500000327825549 0.53333333134651195 37.500000000000007 -0.0024744529509916897 54.406101226806648 -0.54309433698654164 0.0035995946964249019 5.5000000000000009 1.0000000180025095e-35 -12.499999999999998 -0.1950000002980232 65.560371398925795 0.49999998509883886 -0.0002255959916510619 1.5000000000000002 4.2333333492279062 14.500000000000002 17.500000000000004 -0.44499999284744257 76.866218566894545 11.500000000000002 0.00094720997731201362 0.38499999046325689 0.00033546630584169185 0.0090079912915825861 5.5000000000000009 0.001159379549790174 0.49500000476837164 -0.043026566505432122 1.0000000180025095e-35 0.04920227266848088 -0.023214689455926415 47.500000000000007 0.011991375125944616 1.1948674321174624 16.500000000000004 0.74500000476837169 -0.42499999701976771 3.966666698455811 0.0033172494731843476 2.5000000000000004 0.00043606742110569035 -0.34499999880790705 0.40500000119209295 0.0058963226620107898 0.0012688947026617827 3.0666666030883794 4.1000001430511483 28.500000000000004 0.01263651065528393 -0.62499999999999989 -0.60500001907348622 -0.00020858593052253124 0.0030387248843908314 -7.4983538070227937e-05 57.120603561401374 6.2000000476837167 19.500000000000004 0.00088517050608061265 2.5000000000000004 0.5720157027244569 0.074999999254941954 1.0000000180025095e-35 1.5000000000000002 0.0012815558002330365 0.0051181581802666196 0.0017160482821054759 0.00031203500111587351 -0.10275077074766158 0.5249999761581422 0.00057232021936215471 7.9333331584930429 -0.24499999731779096 6.9333331584930429 -0.0028938641771674152 -0.001166956208180636 0.04010430537164212 0.0009990771650336685 -5.4999999999999991 -0.0010588296572677789 1.3750000000000002 0.0042555732652544984 -4.4999999999999991 0.00088810903253033768 5.5000000000000009 17.500000000000004 23.500000000000004 7.9333331584930429 5.5000000000000009 0.16499999910593036 -0.024999999441206452 0.00025754899252206093 58.319101333618171 -0.0019494192092679439 0.001159379549790174 73.500000000000014 -0.61500000953674305 0.028928600251674656 7.5000000000000009 0.96791484951972973 -9.1050001174153277e-06 -0.0039499979466199866 2.5000000000000004 6.0333335399627694 7.4666664600372323 0.25499999523162847 -0.00013227831368567419 0.0069604164455086001 56.297685623168952 0.13645192980766299
decision_type=2 2 2 2 2 2 2 2 2 2 2 2 2 2 2 2 2 2 2 2 2 2 2 2 2 2 2 2 2 2 2 2 2 2 2 2 2 2 2 2 2 2 2 2 2 2 2 2 2 2 2 2 2 2 2 2 2 2 2 2 2 2 2 2 2 2 2 2 2 2 2 2 2 2 2 2 2 2 2 2 2 2 2 2 2 2 2 2 2 2 2 2 2 2 2 2 2 2 2 2 2 2 2 2 2 2 2 2 2 2 2 2 2 2 2 2 2 2 2 2 2 2 2 2 2 2
left_child=4 3 -3 -2 5 6 7 -1 9 11 13 -8 -11 -10 19 -16 17 18 -13 -15 21 22 -6 24 25 50 29 105 -29 -27 34 32 -25 39 -26 36 51 38 -33 -34 41 -37 46 44 -44 84 -23 48 71 -49 77 52 -32 60 55 74 57 -57 59 -56 61 -54 67 66 65 -65 -64 68 -62 70 73 104 86 -38 75 76 -53 78 -22 -79 81 82 -81 -24 -45 112 -66 -48 89 90 -55 92 93 94 -36 -93 97 99 -99 100 -59 102 -98 -51 -47 -28 108 -108 109 110 -90 -42 -58 -85 118 116 117 -116 124 -120 122 123 -121 -122 -60 -126
right_child=1 2 -4 -5 20 -7 8 -9 10 12 -12 16 -14 14 15 -17 -18 -19 -20 -21 23 42 83 31 30 26 27 28 -30 -31 35 37 33 -35 91 40 69 -39 -40 -41 111 -43 43 45 -46 47 87 49 -50 103 -52 54 53 88 58 56 85 96 114 -61 62 -63 63 64 72 -67 -68 -69 -70 -71 -72 -73 -74 -75 -76 -77 -78 79 -80 80 -82 -83 -84 113 -86 -87 -88 -89 106 -91 -92 95 -94 -95 -96 -97 101 98 -100 -101 -102 -103 -104 -105 -106 -107 107 -109 -110 -111 -112 -113 -114 -115 115 -117 -118 -119 119 120 121 -123 -124 -125 125 -127
leaf_value=-0.004537443830357789 0.049581388206177662 -0.0090972984856191024 0.042753248880919303 0.004914403739691973 0.00011866325423949455 0.006132735090716936 -0.02220433672838161 0.016240848667835376 0.0040172478468847436 0.026435783911574508 -0.0064916636506370286 0.039774834124112292 -0.00095138312348691393 0.0062857002085669328 0.010861896103656885 -0.00015569559940064136 0.011188834546177836 -0.013684638573391401 -0.0048935632573304123 -0.0063326864860122865 -0.039737869387860142 0.00041810777244969609 0.0027354596200006719 -0.027127800256389969 0.0098960012158252082 -0.0010040646749109529 0.0015509034949085223 -0.040402566494062611 -0.0076430657539169004 -0.013956703447536868 -0.00021247577101848951 -0.0038463197584248108 -0.0087424335864681579 -0.0059008166424109176 -0.0040832389104741755 -0.01628423066385265 -0.0075854580946693312 0.0065885038095542863 0.011616831902863316 0.047689085059288809 0.0041051534053589281 0.024275125551014784 0.021314903774355406 0.027073983451176661 -0.0005952722847656325 -0.054884277483023519 -0.0033267333595710571 -0.014419382145619532 0.019059694487652813 -0.0037857035375622248 -0.02709402493021722 0.016198070659598895 0.021727370814965206 0.0081245350044783938 -0.0065695997232433192 -0.037045322807658258 0.045245736808100456 -0.0026087160668780036 0.0087871863099088839 -0.042338153502118961 0.043036659332802173 -0.0027659796984375873 0.065808016270606104 -0.0012932556968194241 0.015886431717136641 0.044231269664590622 0.014208187768262224 -0.018321321241226745 -0.0085705787109143158 -0.026948703603300213 -0.0022020537959426064 -0.068943417164132034 -0.050064620068932697 -0.029197497855285855 0.0043365723582248434 0.032933638963758435 -0.02590336553575125 0.037069659073178711 0.013240006660051446 -0.012587005467821469 0.025759078342241185 -0.037119740636237339 0.02398379620559999 0.0037726860297909873 0.0005548152767652848 -0.032088959711910253 -0.036289117830199925 -0.04019027297964306 0.03170198852243216 0.0088776122499853553 -0.019801725922198078 0.0018775097268227993 -0.003244613897886077 0.0093336777492600189 0.0041587019388494122 -0.01073340644766331 -0.011365812817517737 -0.031774713037427925 -0.0016540458151401731 0.0079802011091105792 -0.042031452415552138 -0.00019978242891839729 -0.06431746583266891 -0.042406247070321292 -0.016261813668338308 -0.0053945623091711491 -0.029034358701947954 0.0051466220008416479 -0.0075796404580303319 -0.0047172728351340502 0.0015411600062953054 -0.023262373002500548 0.0067634806906298351 0.029014589087754894 0.020194932970139027 -0.013253378626036986 0.021493699782175298 -0.032729147344599585 -0.014376924135198805 -0.0086796482470179129 -0.034336972680220082 -0.048080867465789004 0.017981309888829258 0.015347299928176539 -0.0010222186826580775 0.034924444803182901
leaf_weight=637.53201076388359 263.44207465648651 557.51392114162445 140.03549836575985 161.31964395940304 88390.608200445771 12491.329731479287 988.21985284984112 2069.5042658299208 24115.704935029149 282.13376416265965 3349.8491545021534 158.73116159439087 25339.572893112898 1378.3391263782978 2341.5925640612841 5639.9417045265436 600.45804877579212 1833.1417779177427 275.5408564209938 6827.7989491373301 133.16101090610027 232292.24394676089 64901.547314718366 562.67292772233486 4149.3774533122778 2342.0253746509552 12329.800764843822 333.90896750986576 5041.6801063418388 5939.8205686956644 73449.969329476357 12128.645340323448 126.16389593482018 17118.096772328019 4020.5650147944689 245.68199396133423 2112.9141146689653 3688.3970408737659 1174.7423256933689 180.93957687914371 3640.8403136879206 1169.1471374183893 811.68659742176533 460.83494572341442 59937.763964012265 169.60750341415405 17163.115274429321 3795.9037823230028 195.30579172074795 15771.528638541698 201.12361226975918 1731.1510203033686 922.27407491207123 281.77920563519001 2378.2314460724592 217.82297205924988 132.43098984658718 712.78119324147701 2690.0555588901043 202.29384328424931 134.91676773130894 773.30317388474941 126.65567217767239 1139.793939486146 167.43300946056843 180.32852418720722 376.40999542176723 1333.0149360746145 238.02803547680378 417.27040959894657 11459.273334771395 125.05234432220459 185.71888634562492 568.31567946076393 1545.9593667984009 777.29858051240444 137.10784819722176 146.93625883758068 3626.4460184574127 801.64600841701031 214.32176874577999 263.3684579282999 229.03504103422165 619.47433078289032 792.39904417097569 131.39911685883999 133.14774955809116 149.03414490818977 513.67838455736637 483.4656520485878 3023.1074607670307 2748.2902562171221 6047.286255672574 5850.445171251893 13851.372281372547 2502.6712483465672 156.89690169692039 416.29987931251526 822.61379812657833 3213.8859843611717 164.42339833080769 291.86942952871323 145.81103956699371 133.97702044248581 607.69619677960873 5983.9158779829741 691.48271469771862 316.60526184737682 4522.3738954663277 1753.497619882226 514.18125903606415 277.71644684672356 5835.3631228655577 580.46694876253605 141.36453162133694 327.49322852492332 1201.3882827758789 173.93766415119171 2042.8946881741285 462.62208069860935 124.36549483239651 193.5077899992466 925.44695480167866 208.15338250994682 11883.487800896168 160.19918189942837
leaf_count=2591 1059 2240 563 647 354308 50063 3985 8442 97111 1163 13515 641 102110 5552 9476 22674 2419 7395 1111 27495 536 932060 260422 2268 16660 9403 49463 1348 20257 23902 294860 48784 506 68889 16127 988 8473 14829 4720 729 14626 4700 3259 1851 240501 681 68845 15265 786 63391 810 6931 3703 1130 9540 874 532 2858 10787 811 542 3119 509 4576 673 727 1511 5362 959 1675 46003 503 745 2278 6195 3112 549 591 14554 3212 860 1058 920 2486 3186 527 535 600 2066 1943 12160 11013 24261 23528 55562 10028 631 1671 3304 12882 659 1175 585 541 2440 24004 2782 1270 18194 7033 2079 1115 23401 2329 568 1317 4820 697 8193 1853 500 778 3716 838 47698 643
internal_value=0 0.0131601 0.00131188 0.0326174 -4.90581e-06 0.00136357 0.000578043 0.0113474 0.000179403 -0.00176385 0.00149162 -0.00916604 -0.000649809 0.00215516 -0.000618895 0.0030766 -0.00467327 -0.00887388 0.0114332 -0.00421325 -0.000166218 0.000188058 0.00134119 -0.000823503 -0.000433779 -0.00310125 -0.00470533 -0.00275158 -0.00967795 -0.0102938 9.4278e-05 -0.00335772 -0.00604568 -0.00536492 0.0024389 -0.000515134 -0.000760125 -0.00051218 -0.00248086 0.024506 0.00616237 0.0172321 -0.000347882 -0.00180762 -0.000302526 -0.00595385 0.000136361 -0.0069336 -0.0219467 -0.00609715 0.00603052 -0.000316474 -0.0011708 -0.00512277 0.00165496 0.00493123 0.00198033 -0.00276772 -0.000674201 -0.00937359 0.00104337 0.0105567 -0.00297375 0.00377371 -0.00275004 0.00492539 0.0271994 -0.0121083 0.0100989 -0.00474658 -0.00409142 -0.0308222 -0.023586 -0.0121664 0.0135496 0.0189333 0.0131083 0.00726085 0.0113636 -0.00205747 -0.005869 -0.0111073 -0.00446034 0.00297595 0.0103064 0.00676202 -0.00722568 -0.00364408 -0.00803305 -0.0140645 -0.0174207 0.00155536 0.00255871 0.00403808 0.00230455 -0.004133 -0.00150748 0.000429382 -0.0117752 0.00412532 -0.00999812 -0.0188702 -0.036872 -0.00411102 -0.0246892 -0.000718493 -0.00528403 -0.0182993 -0.00348762 0.00316584 0.0166142 0.00216556 0.00761744 0.0159834 0.000419009 0.0101096 0.0151542 -0.00900084 -0.000537143 -0.00685495 0.00117318 -0.0197324 0.00909562 -0.00323513 0.00115961 -0.000544074
internal_weight=0 1122.31 697.549 424.762 837665 88329.4 75838.1 2707.04 73131 29477.8 43653.2 3856.09 25621.7 40303.4 16187.7 7981.53 2867.87 2267.41 434.272 8206.14 749336 486898 154492 262438 227458 37587.2 31971.2 23689.3 5375.59 8281.85 189871 34979.7 17987.9 17425.2 39170 150701 145367 16991.8 13303.4 307.103 5333.39 1414.83 332406 82801.8 60749.5 22052.3 249604 20799.1 1097.66 19701.4 5616.04 130810 91261.2 17811.2 39548.6 16433.1 12241.6 6142.4 23115.4 2580.53 5711.02 1695.58 4015.45 2309.49 1806.42 1320.12 503.066 1705.96 372.945 14557.8 14140.5 902.356 486.3 2681.23 4191.52 2645.56 1868.26 5414.91 3759.61 1655.31 1508.37 1294.05 1030.68 66101.5 1253.23 6099.19 300.581 17312.1 12100.2 3788.35 3304.89 35020.6 29769.7 23722.4 17871.9 5250.96 5924.58 5330 1238.91 4091.09 877.205 594.577 302.708 15905.5 777.304 18313.7 8311.82 1008.09 7303.73 2781.36 1027.86 3918.56 5967.79 1199.94 20534.9 1844.18 1516.69 315.302 18690.7 3956.99 1914.1 526.027 1388.07 332.519 14733.7 12043.7
internal_count=3367509 4509 2803 1706 3363000 355743 305680 11033 294647 118824 175823 15551 103273 162308 65197 32150 11566 9147 1752 33047 3007257 1953454 619545 1053803 913078 150918 128377 95072 21605 33305 762160 140725 72392 70124 157179 604981 583552 68333 53504 1235 21429 5688 1333909 332404 243760 88644 1001505 83607 4410 79197 22541 525123 366478 71618 158645 65886 49099 24639 92759 10351 22961 6822 16139 9276 7256 5303 2020 6863 1501 58429 56754 3624 1953 10751 16787 10592 7480 21731 15090 6641 6050 5190 4132 265237 5037 24460 1208 69445 48657 15233 13290 140519 119478 95217 71689 21041 23765 21374 4975 16399 3517 2391 1216 63932 3121 73467 33424 4052 29372 11178 4145 15741 23933 4815 82408 7402 6085 1265 75006 15878 7685 2116 5569 1338 59128 48341
is_linear=0
shrinkage=0.1


Tree=34
num_leaves=127
num_cat=0
split_feature=17 42 43 0 43 45 45 34 31 44 37 37 21 22 31 22 17 39 31 17 42 5 34 32 34 37 44 23 5 7 34 5 13 15 42 37 43 43 7 37 37 5 16 42 42 17 37 14 44 9 45 16 45 24 4 45 14 37 36 5 39 25 5 41 27 30 5 23 45 14 45 44 2 16 43 7 34 13 37 12 39 21 6 13 11 37 34 5 40 0 41 39 9 43 45 20 9 0 7 25 43 21 21 0 13 34 39 37 31 32 13 30 25 43 36 22 32 27 11 28 24 14 31 24 45 22
split_gain=20.5369 24.4811 26.9328 24.2752 23.4366 19.7294 18.5118 17.2332 16.5067 15.7097 18.1645 23.2472 15.5411 41.014 23.9128 24.3701 23.7481 31.6683 24.3044 24.7978 30.0002 25.2777 22.3287 22.1042 19.9888 20.357 25.3233 21.6083 31.6622 23.4344 20.4138 20.6513 19.7235 22.2971 18.6401 18.6134 18.7394 18.5493 18.4167 23.2286 18.3411 18.2874 26.9024 35.784 24.885 42.5962 39.5406 29.7556 26.94 24.7216 25.5628 23.2021 24.0577 22.8285 21.8467 31.53 31.1392 21.7495 29.1993 22.9675 20.8946 20.4164 19.4913 19.4298 18.1487 18.0974 25.8276 17.8248 17.7831 17.6606 29.8695 17.5778 22.7724 17.4123 20.9137 17.355 18.4561 20.9497 17.2788 25.1697 24.1351 20.8734 19.2593 24.2544 17.2532 17.2134 17.0911 21.4405 17.0747 31.7586 41.6852 26.4935 22.6792 20.7136 26.7767 27.8837 19.1776 23.8322 23.3336 20.4281 23.5247 17.9064 16.9719 16.8785 16.7288 19.8826 16.7169 19.3468 18.397 16.6892 19.8052 17.8052 16.8056 16.614 23.9992 25.6721 16.4978 24.7084 20.4853 22.8699 16.4454 17.7952 16.4339 20.216 16.4074 16.4029
threshold=0.0049221827648580083 1.3750000000000002 -0.66500002145767201 -0.0024079623399302359 0.78499999642372142 24.500000000000004 49.500000000000007 -0.16211238503456113 -0.0084954113699495775 0.80000001192092907 4.6333334445953378 6.366666555404664 -0.22663229703903195 51.24969673156739 -0.0019209664897061882 54.738767623901374 0.00042577082058414822 5.5000000000000009 0.0074105456005781898 -6.8543664383469136e-05 1.3750000000000002 -0.0011391551233828066 -0.40446096658706659 -0.0031637175707146521 0.38221022486686712 0.33333332836627966 -0.074999999254941926 -0.00078931881580501784 -0.038300363346934312 0.00084609311306849133 0.55057707428932201 -0.049228668212890618 -0.00030604966741520906 0.77614045143127453 -0.4549999982118606 1.8999999761581423 0.5249999761581422 0.78499999642372142 0.0010363576584495606 3.466666698455811 7.9333331584930429 -0.0058312888722866765 0.00011192729289177807 0.25499999523162847 0.50499999523162853 -2.5402975552424319e-05 0.10000000149011613 0.001345172990113497 -0.36500000953674311 0.00074083884828723978 14.500000000000002 8.2485621533123793e-06 51.500000000000007 0.0055158461909741172 -0.0035539410309866066 27.500000000000004 0.0031182059319689874 6.0333335399627694 4.7464998715440749e-05 -0.050640648230910294 5.5000000000000009 0.05030390992760659 -0.029455841518938538 0.20500000566244128 0.0039875912480056295 0.0013129877042956652 -0.025356535799801346 0.00029689897201024001 81.500000000000014 0.00086777642718516301 28.500000000000004 -0.32500000298023218 0.0049582135397940883 5.8692798120318919e-05 0.80500000715255748 0.00090478325728327047 -0.59589958190917958 0.00013753047096543017 3.4333333969116215 -0.0015360272373072801 4.5000000000000009 -0.62773025035858143 0.00019625073036877441 -9.2516107542905943e-05 -0.0016319222049787638 7.7333333492279062 -0.83509030938148487 0.014480677898973228 1.5000000000000002 1.0000000180025095e-35 3.8649998903274541 1.0000000180025095e-35 0.0001675710373092443 -0.42499999701976771 48.500000000000007 0.00011349827036610806 0.00082623961498029541 -0.00020062596013303843 0.00033091545628849422 0.01674990821629763 0.5249999761581422 -0.40036007761955256 -0.51855739951133717 0.00084325516945682477 -0.00036805399577133352 0.30363717675209051 2.5000000000000004 7.6333334445953378 0.00098247732967138312 0.006004379829391838 0.00064876006217673432 -0.0053060699719935647 0.011248508002609016 -0.50499999523162831 -4.4055001126253039e-05 53.956937789916999 0.0045180050656199464 -0.0019915502052754159 3.4621882150531753e-05 -0.0071492171846330157 0.0021807294106110935 0.0021985329221934084 -0.0013655556831508873 0.0036507232580333952 24.500000000000004 30.704277992248539
decision_type=2 2 2 2 2 2 2 2 2 2 2 2 2 2 2 2 2 2 2 2 2 2 2 2 2 2 2 2 2 2 2 2 2 2 2 2 2 2 2 2 2 2 2 2 2 2 2 2 2 2 2 2 2 2 2 2 2 2 2 2 2 2 2 2 2 2 2 2 2 2 2 2 2 2 2 2 2 2 2 2 2 2 2 2 2 2 2 2 2 2 2 2 2 2 2 2 2 2 2 2 2 2 2 2 2 2 2 2 2 2 2 2 2 2 2 2 2 2 2 2 2 2 2 2 2 2
left_child=9 2 6 7 -5 -3 -2 -4 -7 12 -11 -12 13 41 15 22 17 37 19 20 -19 -22 -14 -17 -24 26 64 28 32 -30 -28 -32 34 125 -27 36 113 88 39 -39 116 44 53 63 45 47 -47 -1 51 50 -45 52 54 -43 55 -46 -57 61 59 -59 -60 78 124 -44 -26 66 -37 -52 -31 70 -68 72 -49 85 -75 -55 77 -77 79 102 -81 -80 -82 -84 -29 -73 -40 -88 89 93 91 -91 101 94 95 -15 97 98 -90 -99 -101 -92 -48 -94 105 -25 107 -65 -108 112 111 -111 -86 -21 -115 -116 117 -18 -118 -120 -71 -122 -96 -124 -53 -34
right_child=1 5 3 4 -6 8 -8 -9 -10 10 11 -13 14 16 -16 23 40 18 -20 35 21 -23 24 104 25 27 30 84 29 68 31 -33 33 -35 -36 65 -38 38 86 -41 -42 42 43 49 48 46 57 71 -50 -51 67 62 -54 75 -56 56 -58 58 60 -61 -62 -63 -64 106 -66 -67 69 -69 -70 120 -72 73 -74 74 -76 76 -78 -79 81 80 82 -83 83 -85 109 -87 87 -89 96 90 92 -93 103 -95 122 -97 -98 99 -100 100 -102 -103 -104 -105 -106 -107 108 -109 -110 110 -112 -113 -114 114 115 -117 118 -119 119 -121 121 -123 123 -125 -126 -127
leaf_value=0.017228661968455624 0.051939284162668409 0.0081706611015352516 0.00028041034739095517 0.0016938032042915546 -0.026066987859718473 -0.0046816922906840345 0.01466905976437779 0.01499621630667972 -0.038291448356443034 0.022710676640683321 -0.024954798621747185 0.020327177870887114 0.0012513410714017285 0.010116566047431915 9.6179317857781086e-05 0.017918554172615696 -0.0072806153357727671 -0.0071950610970614136 0.0028724792443160429 -0.021372225444194037 -0.047453511066887125 -0.012376852569174313 -0.0031367272199882392 -0.01124316215860304 -0.033156444520043633 -0.014419511173659123 0.027225045478670634 0.010016283037265377 0.0034433089173159246 -0.0075520219514814725 0.019129048880817352 -0.011985643309169486 0.00083776171968899722 0.0098323648970491707 0.017166612436884079 0.028792836663922929 -0.032877119704534295 -0.020753013846847797 0.030114135422572741 -0.0041341879272821565 0.019290247250423224 -0.0015752940635883575 0.0074322482472466665 0.044640178282475046 0.014637462139639604 0.031425266342087227 0.041211441973895285 0.002150839205002929 -0.0026150839480505962 0.0026991053356891104 0.012854335778586398 -0.014076059104802325 0.040892344064013583 0.0079395249625708736 -0.0085415804841982891 0.024887986544396015 -0.016335886846482694 -0.016745467180136666 0.0037244963380074513 -0.0034479736600250988 0.034310667386290045 -0.0076143578674571517 0.014805906142963648 -0.0042482533733717914 -0.0052939311009581351 -0.0087620165370757251 0.027870156636833801 -0.0083286695427614767 0.016193934899075637 0.010201286990780512 -0.017627855786194371 0.0051808094325055051 -0.015162452494539881 0.010210185077939388 0.042706616928408082 -0.0017489804522873229 -0.0018869624308079332 0.012052910489315751 0.014362610736664675 -0.0035349380905782706 0.031480346075813251 0.0033705508697311998 0.010058309903738868 -0.0033443971848529661 0.0055203248652386074 -0.008051897267611267 -0.012748626974127023 0.011879264352385677 0.04172291664692717 -0.018881551228966276 0.0032395683989981197 -0.0032678734611622708 0.00088463821879125777 -0.0021513253608522959 -0.025977070020625111 -0.0080189990745255027 -0.00063495210605498938 -0.00069116480957818669 0.0080972169354763517 0.0044225487200763806 0.025836856416752187 0.023902844555194109 0.0089310292909667195 0.010192744679944981 -0.0092900592300614419 0.010607788358859479 -0.0011495557449571212 0.016315176762777519 0.0057856522931656988 0.044113838005643204 -0.0089064972632679016 0.011590523774751782 -0.0014317184305083148 -0.031529656414109347 0.029950771433842713 -0.0040667393761458772 -0.0078666743996965837 0.001002037532439441 -0.00041629774549185026 0.016903213249026768 -0.0098720648006979158 0.0070568598722011433 -0.013117532843702776 0.0044584195662178356 0.0069350956904691945 -0.010171112159882457
leaf_weight=1933.2964729517698 194.3740082681179 344.86105343699455 1139.4926220327616 3917.9472910016775 329.70221121609211 283.84104633331299 423.91379813849926 2638.3095752000809 301.17811843752861 644.06318451464176 238.15306892991066 216.3922243565321 29411.688456326723 1350.0780068337917 235376.20948579907 361.10097080469131 3886.5646550357342 12747.06640547514 3916.0336143225431 517.9918490499258 345.03685823082924 507.82702620327473 57037.46597109735 707.3228215277195 574.83585174381733 217.4096320271492 216.86733968555927 2586.9184826314449 2694.7163709402084 11424.035069912672 265.85400156676769 1079.335872143507 4717.1836957782507 1955.9809416383505 1328.4806665331125 363.35079051554203 310.13117133080959 1371.5753606110811 194.51762019097805 2174.3953531682491 545.2952980697155 63083.794935792685 3784.9078421741724 236.22097413241863 1408.1278546899557 415.83047489821911 209.38157525658607 7081.1523974686861 19139.978765413165 5161.1572084128857 4430.8931770324707 499.84854629635811 135.1835516244173 4381.1221562772989 2473.3712339550257 230.7790642529726 889.43134094774723 1581.6631835848093 1444.6777440309525 7265.3964587450027 264.19367119669914 2201.6792923808098 2571.2132147401571 10051.33169990778 394.02461482584476 1686.92474848032 171.98263880610466 436.35612107813358 324.32917599380016 2217.82895873487 896.18407936394215 30955.655116960406 851.01433309912682 3354.4940750896931 210.46872098743916 1967.2655979841948 9086.9704922139645 2493.9837042987347 2015.9872127771378 10543.488488867879 253.87138852477074 12075.290482461452 2676.635168209672 2724.6860961765051 4725.3890168219805 1015.2750301361084 773.04494482278824 651.32533226907253 216.87373071908951 1295.8132106810808 829.71777148544788 6735.7673589587212 22952.541969522834 19980.70698812604 762.85320177674294 2278.7273166626692 31818.684506043792 12014.817896276712 4259.47672316432 4250.9477906674147 583.40248973667622 848.00927433371544 733.2693862169981 2128.7806089222431 7679.3014349341393 1012.5212436467409 8858.3170512914658 479.34856036305428 6731.6857327818871 195.68830387294292 407.757454007864 1203.9679337888956 13163.760147258639 204.72576159238815 312.80458226799965 762.94741804897785 749.39081445336342 49135.854043275118 1213.3603059053421 2051.4630328416824 1277.5484142303467 1208.1164638251066 3865.8908009827137 787.77594682574272 1449.1415382176638 1897.9891631901264
leaf_count=7753 799 1404 4614 15872 1331 1152 1757 10765 1223 2590 958 868 118118 5415 945717 1448 15580 51295 15719 2091 1401 2056 229027 2836 2312 872 871 10429 10836 45912 1069 4339 18946 7857 5346 1455 1245 5509 781 8729 2196 252941 15190 949 5654 1671 843 28381 76842 20755 17826 2008 542 17563 9926 926 3572 6338 5789 29128 1061 8823 10351 40294 1590 6767 691 1752 1302 8891 3609 124088 3421 13441 843 7885 36439 10001 8088 42266 1020 48462 10754 10936 18990 4078 3107 2616 869 5208 3329 27055 92031 80109 3061 9154 127658 48191 17068 17049 2339 3407 2953 8539 30940 4061 35553 1922 27029 785 1646 4837 52833 823 1253 3069 3002 196953 4867 8217 5117 4839 15528 3158 5824 7613
internal_value=0 0.00461649 0.00627508 0.00472572 -0.000460987 -0.010801 0.0263859 0.0105575 -0.0219846 -4.17665e-05 0.0119084 -0.00339772 -5.76241e-05 0.000342381 -0.00052691 -0.0015343 -0.000688259 -0.00135259 -0.00442194 -0.00563591 -0.00840993 -0.0265676 -0.00118748 -0.00636077 -0.00186155 -0.00038847 -0.00912405 8.35062e-05 -0.00196228 -0.00496734 -0.00124629 -0.00583635 0.00232773 0.00045258 0.0127244 -0.00183688 -0.0101754 -0.000662785 -0.00652756 -0.0105623 0.00103738 0.00123276 0.000368802 0.00248472 0.0021155 0.00293573 0.000733601 0.00508958 -0.000442496 0.00757917 0.0125144 0.00386348 -0.000734516 -0.000680374 -0.00185959 0.00467714 -0.00784319 0.000443479 -0.00351378 -0.00582528 0.00845316 0.00169287 0.00908879 0.000736133 -0.0218251 0.000410972 0.00293324 0.0109552 -0.00689648 0.00130527 -0.0103023 0.00454968 0.000293357 0.00549976 0.0121287 0.00246837 0.000699153 0.00596673 0.00234897 0.000216386 -0.000707998 0.00494314 0.00456252 0.00329734 0.00233831 0.00476059 0.00231006 -0.00148697 -0.000403803 -0.0015064 0.000531234 -0.00578698 0.00242761 -0.00394871 -0.00791905 -0.00127176 0.000920218 0.00324061 0.00972634 0.00151753 0.0070068 0.0136838 0.0161012 0.00167466 -0.00729355 0.00162112 -0.000234139 -0.00331222 0.00184503 0.0013299 0.0104876 0.0161377 0.000404652 -0.00626062 -0.000147525 0.00582479 0.000862873 0.000394916 0.00704397 0.0104665 0.00394136 -0.00164404 -0.0123724 -0.0101423 0.00154646 -0.00232084
internal_weight=0 9573.62 8643.74 8025.45 4247.65 929.88 618.288 3777.8 585.019 829001 1098.61 454.545 827902 446942 380960 145584 207154 149572 27446.5 23530.5 13599.9 852.864 135824 9760.25 106412 49374.5 2530.92 46843.6 24560.1 14443.1 1562.06 1345.19 10117 8571.15 1545.89 9930.54 2108.6 122126 5164.86 3545.97 57581.9 239788 121183 40170.2 118604 89807.4 44406.1 45401.4 28797.1 10264.6 5103.47 9657.1 5136.89 81013.1 5001.71 2528.34 1120.21 43990.2 10555.9 8847.06 1708.87 33434.3 4520.2 29905.6 968.86 7821.94 6135.01 4867.25 11748.4 5771.66 1068.17 43468.1 7932.17 35535.9 3564.96 17929.3 13548.2 4461.25 31232.6 17141.3 16198.7 14091.3 5655.19 5401.32 22283.5 31970.9 1618.89 1424.37 116961 63816.7 34790.6 8031.58 26759 29026 9045.33 3628.81 53144.2 21325.5 4476.35 16849.2 4834.35 1677.73 942.651 25081.3 9399.15 1719.84 26120.7 10530.7 15590 19696.6 1807.41 1399.66 17889.1 1798.47 1280.48 1075.75 57036.6 53022.4 4014.21 3264.82 4703.49 2485.66 5416.52 4653.67 1948.99 6615.17
internal_count=3366792 38917 35138 32582 17203 3779 2556 15379 2375 3327875 4416 1826 3323459 1792927 1530532 584815 831046 600231 110321 94602 54752 3457 545530 39285 427412 198385 10181 188204 98684 58050 6279 5408 40634 34416 6218 39850 8481 489910 20742 14238 230815 961881 486099 161270 475782 360137 178132 182005 115645 41282 20527 38803 20620 324829 20078 10152 4498 176461 42316 35466 6850 134145 18183 119988 3902 31369 24602 19578 47214 23147 4300 174252 31802 142450 14284 71888 54325 17886 125322 68772 64976 56550 22710 21690 89520 128166 6504 5723 469168 255994 139569 32263 107306 116425 36316 14569 213174 85516 17937 67579 19388 6736 3796 100570 37837 6897 104798 42216 62582 79091 7268 5622 71823 7236 5145 4322 228619 212533 16086 13084 18847 9956 21747 18686 7832 26559
is_linear=0
shrinkage=0.1


Tree=35
num_leaves=127
num_cat=0
split_feature=22 23 26 45 34 43 38 44 45 30 38 29 45 25 22 15 12 8 26 35 38 44 12 35 30 23 10 1 33 7 44 9 24 22 44 42 3 43 44 38 14 4 26 17 25 15 22 34 36 30 43 43 8 26 12 38 44 12 0 9 42 45 38 43 21 42 10 8 43 0 9 44 9 0 9 21 45 41 43 36 29 8 9 14 38 29 43 22 12 24 8 28 7 9 22 30 35 44 3 17 10 29 9 34 8 45 24 25 6 14 1 27 40 10 24 23 18 24 24 6 41 43 10 36 26 41
split_gain=18.5899 29.1193 40.4203 24.4279 24.1108 24.4182 36.837 26.1304 46.5249 24.1387 23.2033 26.3927 22.678 36.5141 26.502 25.069 26.0537 22.5033 19.9714 23.5398 23.3105 20.8587 19.8772 25.4919 22.171 19.73 20.4854 19.7213 19.4672 19.0795 19.0599 18.913 17.3979 17.1578 18.415 17.0088 23.5922 17.2922 38.012 17.69 16.8121 19.5521 29.303 16.7612 17.9026 17.4132 16.4154 16.9665 23.2503 16.1681 27.5469 29.1992 19.2873 16.0844 16.0454 15.9836 16.5944 16.3559 15.5823 27.9591 24.7893 30.1555 22.6048 22.3085 22.5775 20.1544 38.9506 43.1353 29.3575 28.9152 88.9449 39.6076 35.4948 68.6022 35.8637 29.7879 24.419 23.5963 23.3063 22.1981 23.6585 22.0136 20.041 43.0713 20.0552 19.6515 19.468 19.6643 19.1383 20.2799 18.9843 18.537 18.3695 22.2773 17.9215 21.5729 18.2865 17.641 17.0173 16.779 16.6091 16.5253 20.3359 16.5179 16.4625 21.3056 16.4307 19.6267 23.9645 17.925 15.9203 15.8525 15.582 26.4755 17.8451 16.2267 15.6636 15.5312 16.848 15.4646 15.2432 15.2245 15.1213 19.1627 15.0733 18.1928
threshold=38.067361831665046 -0.00065348076168447722 0.17644546180963519 10.500000000000002 -0.61164289712905873 0.13499999791383746 19.500000000000004 -0.085000000894069658 27.500000000000004 -0.0025043544592335816 10.500000000000002 0.050615644082427032 40.500000000000007 0.016132210381329063 36.169958114624031 0.9684966802597047 -0.0047855577431619159 0.0011086665908806028 -0.054430702701210969 0.00058973499108105909 19.500000000000004 0.49500000476837164 -4.9685282647260458e-05 -0.00022064500080887226 -0.0037585902027785774 0.0010956286569125953 50.182687759399421 0.0024822144769132142 -0.034238621592521661 0.0024455907987430696 -0.60500001907348622 0.0039740863721817741 0.0096765169873833674 30.704277992248539 -0.23499999940395352 1.0049999952316286 -0.0018842806457541881 0.55500000715255748 -0.38499999046325678 14.500000000000002 0.023391034454107288 -0.018041361123323437 0.25774393975734716 0.003399951616302133 0.029221848584711555 0.4851051419973374 30.704277992248539 -0.14024019241333005 -6.2175000493880348e-05 -0.0069982958957552901 -0.73500001430511464 0.75499999523162853 0.0024190841941162948 0.29682919383049017 -0.0004166052676737308 1.5000000000000002 -0.59499999880790699 -0.0011603804887272415 -0.00018608054233482105 0.00023824645177228379 -1.0000000180025095e-35 24.500000000000004 1.5000000000000002 -0.60500001907348622 0.63712775707244884 1.3750000000000002 48.17755317687989 0.00063629835494793962 -0.39499999582767481 -7.5031282449344863e-06 0.00011917855590581895 -0.054999999701976769 0.00015266169066308069 8.1708599282137601e-06 9.8940501629840596e-05 0.10330623388290407 24.500000000000004 5.2049999237060556 -0.57499998807907093 1.7289999959757555e-05 -0.00087068468565121282 0.00047272430674638605 0.0012877528788521888 0.0084018837660551089 4.5000000000000009 -0.001254349132068455 -0.55500000715255726 38.482757568359382 -0.00095199895440600802 0.0017977079260163011 0.00067487740307115029 -0.011019969359040259 0.0009346898295916618 0.00056563483667559933 44.644887924194343 0.0010570764425210657 2.6889999389823064e-05 -0.36500000953674311 0.00043277330405544495 0.00059319235151633631 41.889547348022468 0.00015007924230303618 0.0014902911498211326 -0.39396494626998896 0.0004767579230247066 56.500000000000007 0.013242785818874838 0.047095140442252166 0.0017894252086989584 0.0074554844759404668 0.00017014367040246728 -0.0011124985176138578 2.5000000000000004 63.085428237915046 0.0036905384622514252 -0.00068111586733721186 -0.00014336063759401438 0.0043018050491809854 0.0025734567316249017 0.00037553951551672077 5.2049999237060556 0.79500001668930065 51.834341049194343 -1.2105000223527894e-05 0.28532116115093237 3.7350000143051152
decision_type=2 2 2 2 2 2 2 2 2 2 2 2 2 2 2 2 2 2 2 2 2 2 2 2 2 2 2 2 2 2 2 2 2 2 2 2 2 2 2 2 2 2 2 2 2 2 2 2 2 2 2 2 2 2 2 2 2 2 2 2 2 2 2 2 2 2 2 2 2 2 2 2 2 2 2 2 2 2 2 2 2 2 2 2 2 2 2 2 2 2 2 2 2 2 2 2 2 2 2 2 2 2 2 2 2 2 2 2 2 2 2 2 2 2 2 2 2 2 2 2 2 2 2 2 2 2
left_child=1 2 10 -3 -5 25 -7 9 -9 -8 12 18 15 14 -14 16 29 -4 19 21 22 27 23 -20 30 40 -27 54 -29 -1 -24 -30 -13 55 122 37 -37 -25 121 -40 41 -6 -43 45 -45 -15 -44 -48 -49 50 -22 52 -52 -10 -12 -18 57 -57 59 63 61 -61 124 64 -2 69 67 88 112 70 71 77 73 79 75 -75 101 -60 99 111 -81 103 84 106 85 91 -80 -88 -67 98 94 -64 93 -69 -83 -96 -97 -95 -90 104 -76 110 -103 -78 -72 -106 107 -84 109 -109 -70 -71 113 115 -114 -68 -116 118 -26 -93 -77 -39 -35 -124 125 -62
right_child=58 3 17 4 5 6 7 8 53 -11 11 32 13 43 -16 -17 33 -19 20 -21 49 -23 24 35 117 26 -28 28 31 -31 -32 -33 -34 34 -36 36 -38 38 39 -41 -42 42 46 44 -46 -47 47 48 -50 -51 51 -53 -54 -55 -56 56 -58 -59 65 60 62 -63 82 -65 -66 66 68 92 76 72 78 -73 -74 74 100 120 81 -79 86 80 -82 90 83 -85 -86 -87 87 -89 89 -91 -92 119 -94 97 95 96 -98 -99 -100 -101 -102 102 -104 -105 105 -107 -108 108 -110 -111 -112 -113 114 -115 116 -117 -118 -119 -120 -121 -122 -123 123 -125 -126 -127
leaf_value=-0.047968181462715059 -0.017396755188803095 0.024817712426178348 0.00068590332954086462 0.010395373528689531 0.013616073355010389 -0.0032487403035458893 0.0040639807452516365 0.066086769904100548 0.015226283840934628 -0.043171449263385862 -0.0048868103683225739 0.038152226972333954 0.0017415097001908396 0.0031322704827217427 -0.019193791020582652 -0.02159496745922046 -0.014524550334343987 -0.0092848251575482141 0.037185036349813509 0.028784094132200507 -0.037241845442975742 0.024068125959760156 -0.041616537942159929 -0.002689497437105207 -0.046900209655647139 -0.020087704561265511 0.0096296884279343589 -0.045706764516453877 -0.014842512811176212 -0.0082417182697500698 -0.0018073195004196072 0.02161415988794467 0.0073658504123225044 0.008029944100313045 0.00072751405941856714 0.0047326234747907259 0.039983551291652292 0.0037178396849848853 0.035932119044278905 0.0090995636954424846 -0.025144398333824487 0.0056864975406035224 -0.0404000243549145 0.0012931067731591307 0.031813763136225519 0.011376154376099857 -0.012559190729279711 0.045079801587319113 -0.00080069352324489782 0.010600654961709024 0.011936353482869869 -0.031281763605964699 -0.020294641237326144 -0.018896704725355106 0.01266887665737 -0.046126818517528846 0.0025365833695320545 0.002551050391451648 -0.020528474929329507 0.0044195325447542099 0.01403533528788522 -0.0023613867586028 0.039329882736099754 -0.00053313827639323963 0.017247653501051546 0.046840478885454312 0.0083194398507874193 0.01910213744834683 -0.0025384768276668153 -0.039343979500802546 -0.011889985142874107 -0.0082048798513042736 -0.00025400449007202306 0.030008450223607781 -0.0090854132650869546 -0.025253028424703686 -0.04121938975657008 -0.048052010187450644 0.017998411837725516 -0.0082273807465323544 0.014713841549724391 0.034499305020984868 -0.0040014088995986115 0.0023514836289404897 0.0015196718973720582 0.0081196608277818317 -0.021981036781934495 -0.00091011274236871926 0.015961146487887542 0.0049519251682464318 -0.0065844149096852302 -0.0078199827757924317 0.0025886448199028121 -0.0050586686588442991 -0.0066082929914197258 -0.0045229202177636246 0.040013049083472474 -0.019688630517495594 0.055496734360907143 0.0052830123279643971 0.01051215859356522 -0.011347753638994568 0.031674248828014208 -9.5264065276224992e-05 0.003706626305524219 -0.018321167243549673 -0.01847542004673676 0.0022678810913973678 -0.032046074152022617 0.02050317195784513 0.012558489911987037 -0.0030132829543844421 -0.029741978073320685 -0.015040491477693841 -0.0070606533164383522 -0.0051227394177785464 -0.027416262219929863 -0.045744646998490318 -0.0072115791702287105 0.003090523440396023 0.01695340464927798 -0.040757052880480565 0.057304403203996747 0.015823508709088163 -0.0038446881090422541 -0.0013946648076646961
leaf_weight=167.97985967993736 2102.0125619918108 520.72623464465141 3411.6219828873873 3974.3987802416086 2480.7906555682421 11877.607571676373 469.63769315183163 175.48838418722153 1274.8078902959824 140.57038666307926 9414.0061062425375 204.97447824478149 2357.5311784595251 4945.3320554047823 813.26362529397011 523.1136868596077 880.25649659335613 6726.4583726972342 186.81262266635895 208.07034730911255 188.03014434874058 239.72854952514172 125.37654323875904 10414.596059799194 130.16091254353523 640.76042881608009 363.59074394404888 185.37475095689297 1630.5164728760719 431.30133076012135 2952.1255593448877 155.90685446560383 1757.0201897770166 1710.2244950532913 2898.6247362941504 1200.7484530955553 225.5142168700695 133.29528614878654 351.05120395123959 818.71576642990112 182.88123144209385 15059.94528734684 135.82491292059422 285.55830749869347 587.7888245433569 5316.9827033728361 1143.2139996439219 129.1522494405508 762.80755081772804 3260.6119526475668 1390.6701519787312 219.13879197835922 214.26785528659821 154.92530420422554 551.08985447883606 145.10159608721733 3253.6900817900896 131.65540750324726 666.30393555760384 7638.5897153317928 1112.4387200325727 46371.87020380795 127.71999645233154 2404.038671001792 206.59761662781239 129.34385330975056 1007.4277300834656 297.35437642037868 990.16124610602856 122.52736023068428 4610.9701801389456 1245.512757524848 348122.58748541772 1655.0496383160353 513.14613837003708 157.3158722370863 279.37929831445217 584.92501004040241 540.20923589169979 634.98687754571438 1539.083016499877 198.29779770970345 21106.292696222663 29295.336758628488 109062.32877592742 9884.3366956561804 446.39525075256824 56653.56256558001 730.91144292056561 4103.859472066164 4539.0850917100906 1618.5132885426283 3309.6795277148485 2868.6634617298841 864.92819613218307 155.28071655333042 226.93292161822319 1156.4836591333151 127.92645464837551 1027.611181885004 2750.1952455639839 927.2599271684885 124.63952744007111 150.16857644915581 1803.8827643692493 580.35390564799309 692.34391221404076 2622.6685977131128 174.1452761888504 678.5153271406889 2371.4179445803165 6068.2807128876448 587.88909792900085 2623.7137230634689 2232.2110955119133 8269.691688388586 455.09929777681828 199.9068801254034 600.02312076091766 6583.3036378026009 187.62594920396805 182.14267306029797 151.51337504386902 420.31905421614647 14232.191179841757 2440.5216595381498
leaf_count=679 8456 2091 13690 15977 9983 47666 1886 704 5119 566 37985 839 9501 19905 3272 2103 3544 26988 751 838 757 967 503 41854 522 2574 1458 745 6545 1745 11841 627 7105 6893 11651 4839 907 535 1408 3283 745 60743 545 1171 2405 21348 4589 518 3061 13114 5585 879 860 621 2215 584 13085 528 2708 30629 4474 185943 513 9649 835 523 4038 1194 3978 493 18517 5027 1397014 6730 2064 640 1124 2418 2168 2551 6182 796 84651 117799 437741 39690 1792 227226 2941 16495 18253 6489 13289 11523 3480 626 915 4642 513 4134 11027 3721 501 604 7237 2328 2774 10512 698 2721 9553 24382 2374 10645 9004 33196 1823 802 2407 26400 769 731 608 1686 57164 9818
internal_value=0 0.00111809 -7.46935e-05 0.003302 0.00301447 0.00217615 -0.00104071 0.0107972 0.0174932 -0.00681739 0.000880207 -0.000705579 0.00323414 0.00583946 -0.0036281 -0.00024484 0.000851118 -0.00592952 -0.00133514 -0.00456756 0.000421204 -0.00513747 -0.00133315 0.000501159 -0.00751811 0.00434541 -0.00932955 -0.005724 -0.0148616 -0.0193771 -0.00342914 -0.0116608 0.0105822 0.002115 0.00601757 -1.30975e-05 0.0103063 -0.00124994 0.00884453 0.0171521 0.00503577 0.00531578 0.00412076 0.00853528 0.0218344 0.00740349 -0.00674058 -0.00449419 0.00584262 0.00625067 -0.000798465 0.00295821 0.00763334 0.0115287 -0.00391595 -0.00246883 0.000537054 -0.0229704 -0.000267084 0.000356453 0.000498253 -0.00140238 0.00101247 -0.00727543 -0.0142964 -0.000610831 -0.00279579 0.00173784 -0.00501422 -0.000414002 -0.00230336 -0.0208289 -5.80159e-05 0.00494837 0.0138927 0.0244369 -0.00103629 -0.0333952 -0.00159896 -0.000679581 0.00801333 -0.00497562 0.00134526 -0.000258017 0.00203266 0.00510434 -0.000896084 -0.00107484 0.00886604 0.0078763 -0.00340609 0.00152617 -0.00301795 -0.00731083 0.00657474 0.00213469 0.0219196 -0.00926207 0.0218501 -0.00664878 0.00743053 0.0046887 -0.00625008 -0.0268425 -0.00840158 -0.00165522 -0.00328272 -0.00285481 0.00410866 0.00601591 0.00811164 -0.00373233 -0.00785233 -0.00617135 -0.0139604 -0.00366302 -0.0105079 -0.0210478 -0.0142864 0.000937488 -0.00229547 -0.0219632 0.0127369 0.0268143 -0.00239012 0.0034365
internal_weight=0 111785 72298.2 39487.1 38966.4 34992 14093 2215.43 1605.22 610.208 62160.1 37139.9 25020.2 14306.5 3170.79 10713.8 10190.7 10138.1 35177.9 12384.7 22793.2 12176.6 17520.5 13512.9 4007.59 20899 1004.35 11936.9 1971.8 599.281 3077.5 1786.42 1961.99 9591.39 5180.68 13326.1 1426.26 11899.8 1485.2 1169.77 19894.6 19711.7 17230.9 11135.7 873.347 10262.3 2171 2035.17 891.96 5272.72 2012.11 1824.08 1604.94 1429.73 9965.1 4410.7 3530.45 276.757 726992 258354 253641 54010.5 199631 4712.65 2308.61 468638 38727.8 12724.2 26003.6 429911 68159.7 2496.74 361751 13628.2 5263.33 1999.99 10827.6 1251.23 65663 8364.88 2174.07 6414.07 181846 54569.3 127276 18213.9 57640.2 57100 5092.04 4962.7 5984.52 8329.54 7632.18 4322.5 1445.44 1247.14 382.214 4025.15 858.838 8022.82 3263.34 4413.48 1051.9 429.548 6995.21 2384.24 25274 24581.6 3475.33 3301.18 3361.58 6190.81 15176 11900.8 3275.2 9277.12 2687.31 930.091 730.184 8201.82 344.942 315.438 2282.06 571.832 17785.2 3552.96
internal_count=3367790 449676 290830 158846 156755 140778 56562 8896 6444 2452 250152 149444 100708 57602 12773 43106 41003 40678 141500 49922 91578 49084 70383 54308 16075 84216 4032 48117 7917 2424 12344 7172 7944 38579 20838 53557 5746 47811 5957 4691 80184 79439 69456 44829 3576 41253 8713 8168 3579 21195 8081 7324 6445 5740 40200 17741 14197 1112 2918114 1036956 1018016 216572 801444 18940 9291 1881158 155751 51120 104631 1725407 273555 10153 1451852 54838 21230 8139 43551 5126 263402 33608 8733 25798 729988 219155 510833 73092 231186 229018 20472 19949 24070 33402 30648 17359 5817 5021 1541 16165 3454 32216 13091 17753 4222 1728 28082 9565 101356 98582 13931 13233 13531 24875 61080 47879 13201 37234 10827 3731 2929 32889 1409 1266 9187 2294 71456 14292
is_linear=0
shrinkage=0.1


Tree=36
num_leaves=127
num_cat=0
split_feature=33 40 43 25 7 16 39 43 23 39 37 37 20 37 26 38 25 44 44 37 4 16 43 37 37 5 37 44 37 19 12 42 42 37 6 41 34 26 38 44 8 12 29 38 10 37 46 9 38 43 29 5 6 25 40 27 38 37 19 0 9 20 42 44 40 9 9 9 5 13 42 14 38 39 40 42 39 4 5 46 18 10 42 5 46 6 26 37 43 38 39 39 24 31 34 43 43 16 16 6 12 41 37 44 19 4 35 6 19 10 46 31 43 19 18 4 26 44 5 46 7 24 44 19 35 5
split_gain=19.5737 34.3592 28.3316 33.0937 37.832 33.9947 40.101 27.0008 26.4823 26.2836 28.6096 44.0904 28.2714 26.304 29.2815 30.7573 24.2144 24.0942 26.3094 24.3946 23.4484 22.6485 29.9588 21.9073 26.6681 20.8311 26.7717 20.7535 22.114 24.1753 20.5284 23.2873 27.5632 25.4867 24.3444 26.3465 19.8426 19.7518 19.4657 29.1801 21.7848 18.7677 22.3764 20.5067 28.2712 22.0777 20.6039 19.5051 19.1985 19.0425 19.2483 18.593 18.5694 18.4137 21.4584 69.8979 39.0434 46.721 36.8188 40.3351 71.3148 50.4438 44.6117 33.3906 31.4421 29.7848 27.3203 27.23 25.3184 24.6226 23.3318 22.4961 21.9783 43.0716 26.6421 52.0316 43.653 37.121 24.7377 23.6683 23.1492 20.7084 20.4785 30.0517 23.1705 21.3253 20.4169 26.1002 27.2178 19.9244 36.6129 34.7621 38.6561 28.4406 26.0784 24.1481 19.3056 25.1127 36.6624 25.3221 22.9206 19.5793 19.2627 24.0159 19.1172 19.5786 21.4015 18.9568 22.1393 18.7411 18.68 22.8451 22.5843 27.2914 19.1722 18.6793 18.3895 19.1664 22.3151 18.4298 18.3694 25.9976 18.5922 19.6697 18.3662 18.3646
threshold=-0.0011437872890383003 2.5000000000000004 0.32500000298023229 0.011158953420817854 0.00024369236780330541 6.815308734076099e-05 5.5000000000000009 0.37500000000000006 -0.0011890934547409413 1.5000000000000002 2.8666666746139531 5.9333331584930429 -0.0023782143834978338 2.9000000953674321 0.56986990571022045 1.0000000180025095e-35 0.017789885401725773 -0.1950000002980232 -0.054999999701976769 0.63333332538604747 -0.001325116434600204 -0.00044750679808203126 0.33500000834465032 4.2000000476837167 7.4666664600372323 -0.019480287097394463 6.8333332538604745 0.18500000238418582 1.8000000119209292 -0.00080271708429791022 -0.00045676533773075784 0.014999999664723875 -0.1199999963864684 2.7999999523162846 0.0032064518891274933 3.8649998903274541 -0.84397399425506581 0.13869708031415942 10.500000000000002 -0.4849999994039535 0.00059078604681417357 -0.00024126879725372416 0.0037659071385860447 7.5000000000000009 51.950145721435554 0.49999998509883886 1.5000000000000002 0.000546113238669932 16.500000000000004 -0.37499999999999994 0.0038750061066821222 -0.0068744933232665053 0.00051350923604331921 0.027506127022206787 1.5000000000000002 0.00052574550500139605 22.500000000000004 7.8999998569488534 -0.00015848290058784184 -7.5031282449344863e-06 0.00019401733879931274 0.00054457964142784487 0.62500000000000011 -0.5649999976158141 2.5000000000000004 0.00093045635730959486 0.0031670271418988709 5.0559334340505309e-05 0.0043990926351398238 9.5999301265692352e-05 0.49500000476837164 0.0025520214112475519 16.500000000000004 5.5000000000000009 2.5000000000000004 0.24499999731779101 1.0000000180025095e-35 0.0052263045217841872 0.016721475869417194 -22.499999999999996 -0.0045710243284702292 49.602600097656257 0.62500000000000011 -0.030091767199337479 -14.499999999999998 0.0010778895812109115 0.5780392885208131 4.5666668415069589 0.42499999701976782 9.5000000000000018 5.5000000000000009 1.0000000180025095e-35 0.0030261527281254534 0.00082637212472036492 0.52938750386238109 -0.60500001907348622 -0.70499998331069935 -0.00037673092447221274 -1.7654293515079186e-05 0.00012788798630936074 2.6202757908322386e-05 5.2049999237060556 4.0333335399627694 0.054999999701976783 0.00046220111835282301 0.0033123659668490295 0.00035676998959388589 0.00037553951551672077 0.00032593206560704863 42.617029190063484 5.5000000000000009 -0.00045215930731501425 0.65999999642372142 1.0000000180025095e-35 -0.0076370493043214074 0.0069110507611185321 -0.06728262826800345 0.18500000238418582 -0.039166439324617379 25.500000000000004 0.0021810005418956284 0.012762816157191994 0.034999999217689044 -0.00027341481472831214 6.4255000324919833e-05 0.00084970518946647655
decision_type=2 2 2 2 2 2 2 2 2 2 2 2 2 2 2 2 2 2 2 2 2 2 2 2 2 2 2 2 2 2 2 2 2 2 2 2 2 2 2 2 2 2 2 2 2 2 2 2 2 2 2 2 2 2 2 2 2 2 2 2 2 2 2 2 2 2 2 2 2 2 2 2 2 2 2 2 2 2 2 2 2 2 2 2 2 2 2 2 2 2 2 2 2 2 2 2 2 2 2 2 2 2 2 2 2 2 2 2 2 2 2 2 2 2 2 2 2 2 2 2 2 2 2 2 2 2
left_child=1 2 3 4 -1 17 20 9 27 13 124 21 -13 14 15 -4 -3 19 36 -6 25 -12 -23 -15 -25 26 -7 -5 37 -30 31 32 34 -33 35 -9 -19 -29 39 -18 -41 43 47 -20 45 -45 51 -43 -47 50 -50 -46 -8 54 58 56 72 63 82 60 67 62 96 -58 -59 69 89 -60 109 70 81 -67 110 74 75 78 -77 107 -74 -75 -79 -63 -2 -84 -85 -86 87 -81 -89 90 91 93 94 -57 -93 -94 97 -61 99 100 -99 -100 103 -80 105 106 -62 108 -78 -64 -56 114 -113 -114 -112 -83 125 119 -119 120 122 -122 123 -118 -11 -32
right_child=53 16 7 8 5 6 52 30 -10 10 11 12 -14 23 -16 -17 38 18 41 -21 -22 22 -24 24 -26 -27 -28 28 29 -31 116 33 -34 -35 -36 -37 -38 -39 -40 40 -42 42 -44 44 46 48 -48 -49 49 -51 -52 -53 -54 -55 55 66 57 64 59 61 104 65 68 -65 -66 71 -68 -69 -70 -71 -72 -73 73 79 -76 76 77 80 102 86 -82 115 83 84 85 -87 -88 88 -90 -91 -92 92 95 -95 -96 -97 -98 98 101 -101 -102 -103 -104 -105 -106 -107 -108 -109 -110 -111 111 112 113 -115 -116 -117 117 118 -120 -121 121 -123 -124 -125 -126 -127
leaf_value=0.0082084793884110406 0.00052748833420816256 -0.0035499412052312309 0.016437792596164305 -0.00063814338609097178 0.021570888793794717 -0.001007317246032087 0.0074466748843546558 -0.045778506292191823 0.0040360393229113825 -0.00061064778194226286 -0.035270873881461481 0.028519491292708945 -0.0017282110902065403 0.011786343284849433 0.020556622457447986 -0.035642357015449863 0.01220749355655772 -0.032750768486371505 -0.0125237919953645 0.00018002759197450916 -0.0049808293216200656 0.011182103851183884 -0.018507933307286218 -0.018221421577639507 0.019712215884185633 0.0046788312533013318 -0.031005591996551313 0.026011779927055324 0.016713995918064863 -0.0016942305267720699 0.029938102336746743 0.011065262515178288 0.0044003069158233266 -0.028869904040547224 0.040543969177179305 -0.0024614157124388629 -0.0096656402274912668 0.00066128014200437992 -0.0014779800257760805 0.041879493281241395 0.00079247399675661315 -0.0054160791280128042 0.012847013977448172 0.027722701030145541 -0.0044152315123953279 -0.005972298375997314 -0.0012620309422251884 0.0056898396224512177 0.031125529595032588 -0.0020245537915703953 -0.0035899352709340485 -0.038908762923553879 0.023535368328425961 -0.0014521825597794795 0.00072487798396807116 0.011998495543557357 0.03249924179514483 -0.058037283830803504 -0.03830451786115275 -0.012573621842387151 -0.0020844356086799055 -0.026595181055910928 0.01816204573262117 -0.0054458360314490577 -0.0064217741982743205 0.02673071429244191 0.038516905095800615 -0.011585268434744316 0.003107034753238899 -0.0081646390702629825 -0.007990420466030216 0.00079888821662431927 0.0069499940230171092 0.029137115721958609 0.0022791054130306904 -0.0028454854657881602 0.054020594721982777 -0.01244014937984096 0.020445121247596731 -0.0056795957960614632 0.014659666856204302 -0.00179653977472453 -0.0090835673586812781 -0.016963941635208587 0.0089251124419180688 -0.0079594880984362494 -0.0094091548904881098 0.0079225984168475542 0.053815680543378625 -0.001123154052509797 0.0053321880491147486 -0.031505382547082114 -0.019650523778382053 -0.0090511971139731247 0.008961569585192522 -0.0059005022767081722 0.0025680399563252224 0.040010617930881773 0.01030310556933195 0.010223149884274672 0.014344969221751776 -0.0065520734041864623 -0.015354753722491527 -0.0089620091788314513 0.00083132992067418826 -0.0058323425244283427 0.01585825526997367 0.022954847973435555 0.011646934460665856 -0.0087810349199226364 -0.025862760787267611 0.00022002992355371338 -0.017207314133794119 0.035436952268057841 0.0079424102736358314 0.006095327849533331 -0.0065250345553861562 0.035364501046403367 0.0024661615191014941 -0.017378534829336673 -0.034476515859001779 0.0091931828981870571 -0.0053252598624092878 0.0020119799407789627 0.019353224180503299 -0.0057773705768671873
leaf_weight=5140.3249254822731 52736.078865662217 26645.574806928635 128.34444232285023 25353.876076087356 575.53370942175388 1596.9750863313675 2597.6086496710777 143.1351428180933 76554.917551547289 986.50556896626949 466.11113558709621 416.55450215935707 1196.7964259386063 528.12331202626228 130.27397103607655 973.70174260437489 2581.386752218008 416.05637402832508 3287.2952009290457 7236.7414808422327 5702.4774618893862 467.3381881415844 1245.9609214812517 1160.0755181759596 220.56536097824574 9932.6394744366407 365.60485465824604 887.16153234243393 923.11517432332039 3140.711193010211 366.95262394845486 239.62608447670937 22499.510604903102 479.78407856822014 128.8971990197897 7380.5722440034151 3543.1138433814049 470.27188429236412 35398.319232404232 129.75090505182743 23756.014935776591 4837.0449286997318 1222.9913205206394 288.31109772622585 234.90755754709244 2726.7741675972939 531.6132990270853 2349.5387112051249 489.3622512370348 889.92716692388058 237.09840068221092 466.81112137436867 991.11044436693192 115664.17882943153 68989.614881649613 1419.5864282548428 244.51657430827618 278.0944257825613 407.44027300179005 539.40023519098759 31920.68283893168 298.09064450860023 269.58729614317417 4496.9722462445498 205.03042542934418 342.90457734465599 157.73990640044212 5971.5267484933138 3344.1390175819397 10149.185349717736 5395.0955236703157 13705.888671278954 6461.6301909089088 215.37094762921333 9587.7132540941238 1079.3777765482664 463.84998640418053 358.57778696715832 483.55007691681385 1194.0722561180592 2606.4186253994703 13245.43720524013 1342.6430195122957 396.91718453168869 9850.2712429016829 809.49476331472397 3349.5209207981825 578.62089841067791 166.38994739949703 20380.889444246888 2470.6419378072023 1189.790068000555 1524.4221688061953 1171.6235888004303 183.85933367908001 7877.3863795697689 32608.408337235451 675.32872632145882 1244.7900574952364 2734.9755278378725 717.78041031956673 1544.0283222794533 1024.3664187639952 652.39231023192406 15665.87601685524 17828.573126167059 678.90344665944576 2059.0812321156263 167.9471310377121 6094.5731063336134 170.48856972157955 11952.24098713696 133.25383311510086 377.29518690705299 10507.394363164902 3877.0517675578594 3428.0688452124596 214.79663540422916 5140.7847318798304 835.60223698616028 397.93333876132965 207.36298267543316 9811.7336227297783 12688.240772500634 864.77596297860146 236.92215941846371
leaf_count=20689 211491 107002 515 102021 2311 6449 10526 574 307547 3957 1868 1673 4799 2118 522 3908 10371 1668 13183 29049 22886 1875 5002 4653 885 40061 1470 3578 3736 12611 1473 962 90397 1927 522 29612 14213 1888 142162 521 95399 19373 4903 1157 941 10941 2130 9415 1965 3571 956 1869 4040 464270 276970 5693 983 1133 1725 2164 127910 1195 1084 18045 835 1376 634 24046 13424 40986 21727 55233 25893 865 38447 4329 1858 1447 1938 4788 10450 53193 5390 1593 39578 3253 13461 2320 667 81783 9937 4768 6112 4697 737 31568 130683 2766 4994 10971 2910 6213 4106 2614 63010 71533 2720 8255 674 24465 691 47983 534 1517 42155 15593 13746 861 20597 3349 1596 832 39313 50852 3468 951
internal_value=0 0.000650531 0.00128075 0.00201398 3.52661e-05 -0.000796352 0.00225594 -0.000356696 0.00304011 -0.00555623 -0.00147573 -0.00644989 0.00608151 -0.0128883 -0.0242772 -0.0295771 -0.00102966 -0.00300093 -0.00472771 0.0017559 0.000291267 -0.0157265 -0.0104094 -0.00553539 -0.0121613 0.00281867 -0.00659563 0.000562665 0.00617854 0.00248728 0.000354808 0.00221278 0.00263702 -0.015568 -0.00254726 -0.0032855 -0.0120916 0.0172293 5.58337e-05 0.00210722 0.00101566 -0.00306757 0.00034276 -0.00620121 -0.00265732 0.000925502 -0.0161117 -0.00178518 -0.00085337 0.00778203 0.0197953 -0.0273617 0.01189 -0.000341364 -1.90103e-05 0.000857704 0.0019585 -0.0065076 -0.000633096 -0.00141058 -0.00319454 -7.47708e-05 0.00214399 -0.00348902 -0.0361325 -0.00242376 -0.00300986 -0.0132919 -0.00393787 -0.00406692 -0.00224411 0.00143184 0.00231935 0.00464853 0.00641521 0.00899744 0.0155832 0.0191001 0.00385283 -0.00335833 0.0113823 -0.000464498 0.00138726 0.00504401 0.00675956 0.00764291 -0.00468166 0.00348449 0.0181723 -0.00319072 -0.00585144 -0.00791858 -0.0104194 0.00248081 -0.026089 -0.00812995 0.00361772 0.00820827 0.0098289 0.0158129 0.0267867 0.000971242 -0.00541099 0.00355607 -0.00222001 -0.00316793 -0.00171077 0.0276042 0.0427566 -0.00763972 0.00154955 0.00400817 0.00109984 0.0216967 0.00740266 -9.58115e-06 -0.0013662 -0.00168529 0.00378562 -0.00275584 -0.00229533 -0.0195161 -0.00189331 0.000196088 0.00871493 0.0159256
internal_weight=0 324486 235975 162990 55659.9 50519.5 21186.4 72985.1 107330 8785.13 5644.04 3792.76 1613.35 3141.08 1232.32 1102.05 88511 29333.1 21520.8 7812.28 17597.7 2179.41 1713.3 1908.76 1380.64 11895.2 1962.58 30775.1 5421.26 4063.83 64199.9 30871.5 30152.1 719.41 7652.6 7523.71 3959.17 1357.43 61865.5 26467.2 23885.8 17561.7 8409.57 9152.1 5864.81 4631.47 1233.33 7186.58 4343.16 1616.39 726.461 701.719 3588.72 514239 398575 164180 127804 5224.61 234395 169260 72473 96786.7 49773 4741.49 483.125 47013.7 36375.9 6378.97 9708.3 32964.9 22815.7 14048.8 122579 30448.9 24944.9 15357.2 6735.25 5655.87 8621.94 5503.97 2965 17420.6 65135.4 12399.3 11056.7 10659.8 5288.6 1939.08 745.011 36218.2 15837.3 13366.7 10775.5 2591.21 1373.65 9401.81 40064.7 7456.3 6916.9 4128.08 1393.11 2788.82 2160.31 1135.94 66094 50428.2 32599.6 2690.88 631.797 6364.16 92130.3 23140.7 12462.8 510.549 10677.9 17122.5 33328.4 32724.5 5355.58 27368.9 26533.3 605.296 25928 16116.3 1851.28 603.875
internal_count=3367792 1303409 947954 655147 223766 203077 85432 292807 431381 35243 22642 15217 6472 12601 4945 4423 355455 117645 86285 31360 70866 8745 6877 7656 5538 47980 7919 123834 21813 16347 257564 123994 121105 2889 30708 30186 15881 5466 248453 106291 95920 70404 33691 36713 23530 18590 4940 28788 17433 6492 2921 2810 14566 2064383 1600113 658887 512958 20996 941226 679921 290944 388977 199674 19028 1968 189303 145929 25771 38973 132694 91708 56609 491962 122112 100011 61564 27013 22684 34551 22101 11897 69981 261305 49814 44424 42831 21236 7775 2987 145295 63512 53575 43185 10390 5505 37680 160701 30018 27854 16647 5676 11207 8658 4552 265173 202163 130630 10787 2532 25549 369850 92880 50034 2051 42846 68786 133570 131146 21458 109688 106339 2428 103911 64598 7425 2424
is_linear=0
shrinkage=0.1


Tree=37
num_leaves=127
num_cat=0
split_feature=33 37 34 31 46 42 34 11 43 45 5 29 39 5 37 44 45 34 34 31 43 25 38 42 1 21 10 45 22 15 21 37 25 46 45 45 44 38 44 34 42 46 46 10 38 38 31 8 22 20 46 27 1 35 45 44 5 43 43 41 22 12 5 46 45 5 37 45 12 26 45 27 46 33 15 8 35 38 5 45 8 33 35 33 46 8 26 5 37 8 16 30 25 38 34 36 45 41 3 3 12 45 33 43 37 22 5 16 38 19 22 43 43 37 15 43 3 46 36 46 46 31 44 32 17 36
split_gain=20.3482 22.4781 36.896 23.0998 22.5415 23.991 36.7664 23.5876 23.5103 34.0979 25.3953 22.492 22.9802 22.0766 21.6565 23.3729 23.6691 21.6394 21.4407 21.4356 21.1802 20.888 28.6017 40.6036 29.4642 24.406 23.3726 23.2772 25.3672 22.8116 22.4683 22.2282 21.5504 20.9742 20.8333 20.6206 23.4876 26.8445 19.9618 19.9255 19.8816 19.8276 24.5618 20.1383 19.3124 18.8586 18.806 18.5691 35.6654 27.1944 26.936 22.5217 22.4567 26.3653 20.7547 18.2143 22.818 18.0465 33.9661 26.694 25.5519 23.4798 18.0195 17.9068 17.8421 27.4487 21.8862 18.9842 19.6978 17.824 23.94 17.6218 17.513 17.4775 17.679 17.3468 17.2785 17.199 17.1941 23.7334 17.9613 19.8429 21.7633 17.1455 17.0486 24.8125 20.4905 20.5879 19.1316 16.9904 16.9579 16.7755 16.6978 21.2097 16.5783 18.0727 16.546 26.2037 24.2903 19.6739 19.3043 18.1061 18.1423 17.0811 16.5072 17.4234 16.3437 16.3082 16.135 16.1202 16.0302 15.9697 18.649 15.9688 26.2745 28.1958 28.1327 32.855 31.142 25.3978 34.3216 27.2182 23.3025 22.0667 20.4405 25.154
threshold=-0.0038955823983997102 0.69999998807907116 2.2830406427383427 -0.008282659109681843 4.5000000000000009 -0.014999999664723871 -0.62708452343940724 0.00061258056666702043 0.13499999791383746 50.500000000000007 -0.024263129569590088 0.0070522031746804723 4.5000000000000009 0.025718269869685177 1.1000000238418581 0.16499999910593036 67.500000000000014 1.4285385608673098 -0.2464732229709625 0.0013178262161090972 0.32500000298023229 0.018198240548372272 1.5000000000000002 0.62500000000000011 0.0027237609028816227 6.6477842330932626 53.350755691528327 53.500000000000007 42.855453491210945 0.6634727716445924 -0.32801358401775355 7.7666666507720956 0.070505753159523024 1.0000000180025095e-35 46.500000000000007 73.500000000000014 0.054999999701976783 19.500000000000004 0.095000002533197417 -0.59106427431106556 0.014999999664723875 10.500000000000002 -6.4999999999999991 53.350755691528327 20.500000000000004 13.500000000000002 0.0056604440324008473 0.0019105804967693987 29.564896583557132 -0.0033909380435943599 -32.499999999999993 0.0013308608904480936 0.0040598683990538129 7.4914998549502356e-05 33.500000000000007 -0.085000000894069658 -0.013660117518156765 0.61500000953674328 0.69500002264976513 0.20500000566244128 47.058359146118171 -0.00064486049814149727 0.0077951219864189633 -1.0000000180025095e-35 29.500000000000004 -0.017379541881382462 3.2000000476837163 25.500000000000004 -0.0023680590093135829 0.10254969820380212 64.500000000000014 0.0044841859489679345 -29.499999999999996 -0.0093994839116930944 0.076109647750854506 0.0010655767982825639 1.1829999948531624e-05 2.5000000000000004 -0.042143976315855973 29.500000000000004 0.0010309621575288477 -0.004270662320777773 0.00038136000512167817 -0.0074346207547932855 -1.4999999999999998 0.0015256617334671321 0.24990455806255343 -0.0688914619386196 6.6333334445953378 0.0010868646786548199 -0.0011660351883620022 -0.00083960208576172579 0.070505753159523024 19.500000000000004 0.76152315735816967 4.7464998715440749e-05 48.500000000000007 4.7049999237060556 -0.015990647487342354 0.0017664254410192373 3.7149113268242224e-05 45.500000000000007 -0.010429365094751118 0.57499998807907116 1.7333333492279055 42.586702346801765 -0.00068963371450081457 0.0010374420671723785 1.0000000180025095e-35 0.0013129588915035131 38.890054702758796 0.49500000476837164 0.50499999523162853 1.6000000238418581 0.57941141724586498 -0.79500001668930043 0.005353376967832447 20.500000000000004 0.00020693500118795785 -8.4999999999999982 -5.4999999999999991 -0.0011262320331297813 0.74500000476837169 0.0042555732652544984 0.00039082589501049375 2.2754999918106481e-05
decision_type=2 2 2 2 2 2 2 2 2 2 2 2 2 2 2 2 2 2 2 2 2 2 2 2 2 2 2 2 2 2 2 2 2 2 2 2 2 2 2 2 2 2 2 2 2 2 2 2 2 2 2 2 2 2 2 2 2 2 2 2 2 2 2 2 2 2 2 2 2 2 2 2 2 2 2 2 2 2 2 2 2 2 2 2 2 2 2 2 2 2 2 2 2 2 2 2 2 2 2 2 2 2 2 2 2 2 2 2 2 2 2 2 2 2 2 2 2 2 2 2 2 2 2 2 2 2
left_child=1 2 3 39 19 6 7 13 17 20 18 12 57 -6 -14 16 73 94 -11 21 -10 26 23 24 30 27 35 28 33 71 -23 55 104 47 64 111 37 45 -12 -1 107 42 -4 63 -38 -37 -13 50 49 -49 54 -51 76 -54 -24 62 -57 59 61 -7 83 -59 -28 -44 65 67 -66 109 -69 70 -17 77 -5 -16 -75 -18 -52 -29 79 -74 81 82 -80 -60 85 86 87 -73 -86 -65 -21 -58 93 -68 95 -8 99 98 -98 101 103 -78 -103 -100 105 -25 -93 -32 -61 -35 -67 -3 -113 114 115 119 118 -118 122 -2 -121 -122 -116 -117 125 -123
right_child=113 4 41 72 5 11 8 -9 9 10 38 46 14 -15 15 69 75 -19 -20 90 -22 22 25 32 -26 -27 31 29 -30 -31 40 -33 -34 34 -36 36 44 -39 -40 -41 -42 -43 43 -45 -46 -47 -48 48 -50 51 52 -53 53 -55 -56 56 91 58 60 108 -62 -63 -64 89 66 110 92 68 -70 -71 -72 84 78 74 -76 -77 96 -79 80 -81 -82 -83 -84 -85 88 -87 -88 -89 -90 -91 -92 106 -94 -95 -96 -97 97 -99 100 -101 -102 102 -104 -105 -106 -107 -108 -109 -110 -111 -112 112 -114 -115 116 123 117 -119 -120 120 121 124 -124 -125 -126 -127
leaf_value=0.0396347674272432 0.025425746946019442 -0.0023692590768289454 -0.028833217858558514 0.037590431797731534 0.025333658209215106 -0.030260886104732779 0.014389923572138417 -0.025733254294342714 0.020549400626173459 0.018572228963322755 -0.031566555708014775 0.0062718617765719301 -0.019189325568708785 -0.0057136828339535047 -0.0071836538913216258 -0.020662455697856848 -0.0035690633066578176 -0.018350361790948923 -0.0086826777593089245 -0.0051289041155410187 -0.0021530177347881809 0.01085658653568526 -0.0051142893103154957 -0.0019847315180538186 0.021331482696688841 0.026329663617471313 -0.021225823913164563 -0.029318118145612016 0.0053961703174839754 0.009190818779087985 -0.011966006230043041 -0.046089727663704505 -0.066841229266048879 -0.0039469440909826068 0.0071503427190676028 0.0040948271034363147 -0.015168957166249275 0.043126934011393586 -0.012336537614037668 0.010862669077847411 0.012019080665352573 -0.038757323108253285 0.025912182010167886 -0.030690668564114617 -0.05146118112781748 -0.028436042455056668 0.040818602903450414 0.012811982717352453 -0.014663545448510293 0.014844447978690556 0.0077341847223291686 -0.038254035375951463 -0.0296949778224832 0.0035316459112151415 -0.045182256822148187 0.0053716177243644907 -0.015353860207313982 0.0066380853682719261 0.039635888025205804 -0.033788922218587696 -0.024005475250820238 0.046865050951224639 0.0073004638095809371 0.016645913103903155 -0.039465409932054364 -0.029551613073507524 -0.0085827654566422405 -0.019502617360406427 0.020228216627025175 0.026713682190990441 0.032354026897544019 -0.039643053489848756 0.013336967008502322 0.043786421007609828 0.010277155964653605 -0.04100038592329338 0.0001253591144411357 -0.0022501964353070641 0.0084329243481603491 -0.02536121502700437 -0.00070559656155159403 -0.0071710502410821247 0.040636373989626939 -0.0037916783115513226 0.005894458559065196 0.010944799309052823 0.024335552104102459 -0.0062146401192731526 0.0259587446262553 -0.020830375318398882 0.0022885623746706166 -0.014167030366405027 0.0091683770701726612 -0.04837874687723389 0.034544961600761585 -0.011411472914780459 0.010734610424730714 0.0078445808490341298 -0.034953782837927154 0.032533604005553517 0.0066726908083924175 -0.0046854691690025709 0.035394660372096765 0.00035317110058449223 -0.0488024382832771 -0.044083516012481082 0.030013247257392978 -0.038111732592282614 -0.00090352177783093509 -0.034027844286779463 0.0088359662674362422 0.034844949961080576 0.003180926532710879 -4.1551731075382987e-05 0.0011408380890790264 -0.0035218512214539228 -0.002288005614512595 -0.027300444207261604 0.021376020027648671 -0.021353549745255475 0.017192966336329749 -0.017655271058484991 0.032426384079635245 0.0037700270352343519 0.0094061015265704782 0.019831345275397313
leaf_weight=259.77286511659622 541.31850303709507 15227.032617658377 343.80976332724094 150.99302659928799 942.1969055980444 329.34967616200447 864.56019228696823 138.38446234166622 508.35292910039425 349.93319730460644 843.06555092334747 15137.808429181576 294.61992134153843 302.57430656254292 536.52312341332436 212.30963470041752 616.46641612052917 302.77319374680519 1647.7318930327892 3357.8677610605955 2144.6956119388342 473.43583081662655 318.55035097897053 385.56956379115582 424.82987202703953 368.18139836192131 1416.1267498880625 248.29722271859646 4929.7324376404285 4975.399577409029 778.24462036788464 159.97073914110661 124.12821045517921 1779.6631659120321 796.59110060334206 582.08214361965656 1092.1828851103783 129.04926693439484 1500.6995398253202 3277.338308185339 234.77590200304985 211.71543206274509 342.91327485442162 156.64968034625053 169.36203044652939 256.8346704095602 159.23096470534801 1112.8514136373997 2380.819469884038 124.45908382534981 4291.2411503344774 223.01173393428326 486.82476677000523 468.77261857688427 217.57531952857971 1468.2400041073561 1616.8440152108669 271.19774968922138 151.9533249437809 151.30945302546024 344.03293956816196 312.05328693985939 262.48184144496918 220.65090887248516 407.96226854622364 648.83935761451721 450.64265587925911 158.51955761015415 586.36075347661972 996.52395656704903 142.23333552479744 205.20919293165207 243.0558105558157 171.91181389987469 1870.8492427766323 154.9214081466198 6957.6683339774609 4300.2392694652081 5513.4957774281502 455.4550634175539 4327.7564104050398 798.12540696561337 218.15908122062683 226.30805554986 2162.7403534650803 1265.1758329123259 194.83799622952938 1802.8763533681631 609.06184533238411 267.79190090298653 37544.753178447485 158.3062414675951 271.76083675026894 190.55224114656448 248.58315776288509 395.74638047814369 275.69758212566376 709.16057430207729 745.73275469243526 208.95635502040386 188.61998850107193 181.83464385569096 298.05983008444309 167.86889499425888 167.9142879396677 131.95371650159359 177.74807406961918 344.02009204030037 10692.444596216083 197.96911373734474 130.69412118196487 195.54962396621704 3810.7185450792313 529604.644107759 40860.245259284973 63927.707909554243 17167.884063363075 541.72937387228012 789.32138469815254 530.02274714410305 1330.2275829464197 906.52899160981178 239.47094978392124 4438.2300969064236 994.51535664498806 223.04183731973171
leaf_count=1045 2178 61384 1386 606 3778 1322 3470 555 2040 1403 3381 61020 1185 1214 2161 857 2475 1219 6621 13466 8601 1900 1278 1554 1706 1523 5679 997 19776 19952 3125 643 500 7154 3208 2340 4391 519 6024 13185 948 856 1384 629 681 1032 647 4482 9562 500 17242 894 1957 1884 873 5886 6482 1090 610 608 1379 1251 1053 892 1642 2610 1813 640 2356 4004 573 827 977 699 7519 622 27955 17250 22179 1834 17398 3206 876 908 8729 5098 784 7260 2450 1081 150766 634 1092 768 999 1590 1112 2855 2995 839 756 731 1197 673 676 530 712 1392 42946 798 525 785 15297 2125720 164106 256626 69208 2183 3172 2129 5345 3647 961 17806 4000 898
internal_value=0 0.00092126 0.00440206 0.00589382 0.000555336 0.00251374 -0.0017243 0.0134326 -0.00410495 -0.0067346 -0.0121927 0.00383141 0.00138033 0.0177868 0.00711126 0.00875931 0.00428218 0.0060476 -0.00390841 -0.000165442 0.00219701 -0.00116072 6.36689e-05 -0.00929027 -0.00239424 0.000686372 -0.00341059 0.000479645 -0.0011594 0.00358922 -0.00790067 -0.00938475 -0.0285014 -0.00245326 -0.00783158 -0.00194655 -0.0110505 0.000667031 -0.0192537 0.0129758 -0.0144446 -0.0103309 -0.00581196 0.00219905 -0.0200412 -0.00586451 0.00663147 -0.000891935 -0.00711689 0.00518671 0.00064906 -0.0192349 0.00143727 -0.0133955 -0.021375 -0.00823337 -0.00404716 -0.000914296 0.0102108 -0.00221423 -0.00428351 0.0281605 -0.0167652 0.00839636 -0.0103061 -0.00657063 -0.0202096 -0.00183331 0.011773 0.0198627 0.000606366 0.00100588 0.00375412 0.00887852 0.0130972 -0.0110866 0.00244791 -0.00372779 0.00331201 -0.0118957 0.00429039 0.00760159 0.00965866 0.0136538 0.00445647 -0.000216476 -0.00662658 -0.00963074 0.0103033 -0.0039007 0.00167963 -0.0111284 -0.011605 -0.0204095 0.0109433 0.00628808 0.00011736 -0.00777436 -0.0158128 0.00227137 -0.0224531 0.00142116 0.0202081 -0.0284663 -0.0215583 -0.0127187 0.00920109 -0.0199807 -0.00136239 -0.00695817 -0.0231157 -0.000891228 0.00472648 -0.000287188 -0.00126907 -0.00254244 0.000288312 -0.00305313 0.00170099 0.00510177 0.00234052 0.00597609 0.00132313 -0.00304847 -0.00104858 -0.0102533
internal_weight=0 176478 16787.7 15244.2 159690 42961.3 10189.3 1383.16 8806.14 6994.48 4341.43 32772 17475 1244.77 4996.36 4701.74 3350.67 1811.66 1997.67 116729 2653.05 75826.4 49103.9 3064.87 2255.31 46039 26722.5 45670.8 29907 15763.8 1830.48 5259.72 809.566 24977.3 5619.56 21462.8 2229.51 967.966 2343.77 3537.11 1357.04 1543.53 1331.82 988.006 1261.54 838.917 15297 19357.7 3841.14 1460.32 15516.6 347.471 14980.4 955.597 536.126 5099.75 3421.14 12478.6 1305.55 11173.1 722.294 583.251 1678.61 831.356 4822.96 3502.05 1320.92 2722.51 744.88 1351.07 354.543 10788.4 11707 2579.28 2042.76 771.388 14024.8 4548.54 11556 698.511 10857.5 6529.78 5731.65 378.261 6239.9 3468.1 2202.92 2008.09 2771.8 488.443 40902.6 1952.9 912.956 641.195 1508.89 1260.31 9733.6 2087.08 1377.92 7646.52 1102.22 7437.56 479.894 913.602 685.438 517.523 336.054 1122.26 10843.8 1977.63 779.533 19233.3 4006.27 662095 132490 72891.6 59598.7 17709.6 41889 4525.66 3984.34 3454.31 41099.7 68365.9 2124.09 1129.57
internal_count=3367402 709423 67534 61306 641889 172771 40895 5547 35348 28070 17429 131876 70209 4992 20095 18910 13476 7278 8024 469118 10641 304886 197368 12331 9071 185037 107518 183514 120167 63347 7365 21089 3260 100391 22606 86429 8963 3891 9405 14230 5465 6228 5372 3986 5072 3372 61667 77785 15438 5876 62347 1394 60196 3841 2151 20446 13714 50114 5238 44876 2897 2341 6732 3357 19398 14083 5315 10948 2996 5434 1430 43395 47076 10379 8218 3097 56355 18247 46470 2811 43659 26261 23055 1518 25148 13969 8871 8087 11179 1973 164232 7828 3673 2581 6059 5060 39113 8391 5536 30722 4424 29883 1928 3668 2760 2084 1346 4517 43554 7952 3135 77466 16082 2657979 532259 292629 239630 71391 168239 18197 16019 13890 165067 274432 8545 4545
is_linear=0
shrinkage=0.1


end of trees

feature_importances:
f_fund_hours_since=427
f_macro_curve_10y2y=286
f_utc_hour=273
f_sent_fng=261
f_macro_curve_chg_90d=247
f_dow=171
f15_rsi14=161
f_rsi14_1m=155
f_ret_1440m=153
f_sent_fng_chg_7d=149
f15_ret_1b=144
f_macro_ff_chg_90d=139
f15_volz_96=117
f15_s13_55=115
f_ed5=112
f15_bb_pos=110
f15_bb_w=102
f_ret_1m=85
f_rvol_240=85
f_macro_ff_level=83
f_atr14_1m_n=82
f15_ret_4b=80
f_macd_hist_n=74
f15_macd_hist_n=74
f15_atr14_n=67
f15_ed55=64
f15_s5_13=63
f_s5_13=62
f15_ed5=62
f_pair_id=61
f_macd_sig_n=57
f_ret_5m=55
f_rvol_60=55
f_bb_pos_1m=51
f_bb_w_1m=44
f_volz_1440=44
f_ed55=43
f_s13_55=43
f15_ed13=43
f_ret_240m=42
f_macd_line_n=42
f_ret_60m=39
f_rvol_15=37
f_fund_last=35
f_fund_roc=34
f_ed13=33
f_ret_15m=27

parameters:
[boosting: gbdt]
[objective: binary]
[metric: binary_logloss]
[tree_learner: serial]
[device_type: cpu]
[data_sample_strategy: bagging]
[data: ]
[valid: ]
[num_iterations: 38]
[learning_rate: 0.1]
[num_leaves: 127]
[num_threads: 2]
[seed: 42]
[deterministic: 1]
[force_col_wise: 0]
[force_row_wise: 1]
[histogram_pool_size: -1]
[max_depth: -1]
[min_data_in_leaf: 500]
[min_sum_hessian_in_leaf: 0.001]
[bagging_fraction: 0.8]
[pos_bagging_fraction: 1]
[neg_bagging_fraction: 1]
[bagging_freq: 1]
[bagging_seed: 400]
[feature_fraction: 0.8]
[feature_fraction_bynode: 1]
[feature_fraction_seed: 30056]
[extra_trees: 0]
[extra_seed: 12879]
[early_stopping_round: 0]
[early_stopping_min_delta: 0]
[first_metric_only: 0]
[max_delta_step: 0]
[lambda_l1: 0]
[lambda_l2: 0]
[linear_lambda: 0]
[min_gain_to_split: 0]
[drop_rate: 0.1]
[max_drop: 50]
[skip_drop: 0.5]
[xgboost_dart_mode: 0]
[uniform_drop: 0]
[drop_seed: 17869]
[top_rate: 0.2]
[other_rate: 0.1]
[min_data_per_group: 100]
[max_cat_threshold: 32]
[cat_l2: 10]
[cat_smooth: 10]
[max_cat_to_onehot: 4]
[top_k: 20]
[monotone_constraints: ]
[monotone_constraints_method: basic]
[monotone_penalty: 0]
[feature_contri: ]
[forcedsplits_filename: ]
[refit_decay_rate: 0.9]
[cegb_tradeoff: 1]
[cegb_penalty_split: 0]
[cegb_penalty_feature_lazy: ]
[cegb_penalty_feature_coupled: ]
[path_smooth: 0]
[interaction_constraints: ]
[verbosity: -1]
[saved_feature_importance_type: 0]
[use_quantized_grad: 0]
[num_grad_quant_bins: 4]
[quant_train_renew_leaf: 0]
[stochastic_rounding: 1]
[linear_tree: 0]
[max_bin: 255]
[max_bin_by_feature: ]
[min_data_in_bin: 3]
[bin_construct_sample_cnt: 200000]
[data_random_seed: 175]
[is_enable_sparse: 1]
[enable_bundle: 1]
[use_missing: 1]
[zero_as_missing: 0]
[feature_pre_filter: 1]
[pre_partition: 0]
[two_round: 0]
[header: 0]
[label_column: ]
[weight_column: ]
[group_column: ]
[ignore_column: ]
[categorical_feature: ]
[forcedbins_filename: ]
[precise_float_parser: 0]
[parser_config_file: ]
[objective_seed: 16083]
[num_class: 1]
[is_unbalance: 0]
[scale_pos_weight: 1]
[sigmoid: 1]
[boost_from_average: 1]
[reg_sqrt: 0]
[alpha: 0.9]
[fair_c: 1]
[poisson_max_delta_step: 0.7]
[tweedie_variance_power: 1.5]
[lambdarank_truncation_level: 30]
[lambdarank_norm: 1]
[label_gain: ]
[lambdarank_position_bias_regularization: 0]
[eval_at: ]
[multi_error_top_k: 1]
[auc_mu_weights: ]
[num_machines: 1]
[local_listen_port: 12400]
[time_out: 120]
[machine_list_filename: ]
[machines: ]
[gpu_platform_id: -1]
[gpu_device_id: -1]
[gpu_use_dp: 0]
[num_gpu: 1]

end of parameters

pandas_categorical:null
