tree
version=v4
num_class=1
num_tree_per_iteration=1
label_index=0
max_feature_idx=46
objective=binary sigmoid:1
feature_names=f_ret_1m f_ret_5m f_ret_15m f_ret_60m f_ret_240m f_ret_1440m f_rvol_15 f_rvol_60 f_rvol_240 f_atr14_1m_n f_rsi14_1m f_macd_line_n f_macd_sig_n f_macd_hist_n f_bb_w_1m f_bb_pos_1m f_ed5 f_ed13 f_ed55 f_s5_13 f_s13_55 f_volz_1440 f15_rsi14 f15_macd_hist_n f15_atr14_n f15_bb_w f15_bb_pos f15_ed5 f15_ed13 f15_ed55 f15_s5_13 f15_s13_55 f15_ret_1b f15_ret_4b f15_volz_96 f_fund_last f_fund_roc f_fund_hours_since f_utc_hour f_dow f_pair_id f_macro_ff_level f_macro_ff_chg_90d f_macro_curve_10y2y f_macro_curve_chg_90d f_sent_fng f_sent_fng_chg_7d
feature_infos=[-0.052385188639163971:0.19341973960399628] [-0.12316755950450897:0.19580419361591339] [-0.18875992298126221:0.19819819927215576] [-0.28952041268348694:0.22379972040653229] [-0.29414358735084534:0.35424292087554932] [-0.48966860771179199:0.73910254240036011] [1.7748443781329115e-07:0.048187676817178726] [3.5245072922407417e-06:0.04618457704782486] [2.8351876608212478e-05:0.023672979325056076] [6.6396904685461777e-07:0.030233265832066536] [0.16730122268199921:99.760971069335938] [-0.057546328753232956:0.030668545514345169] [-0.043516486883163452:0.032045222818851471] [-0.025128612294793129:0.013944311998784542] [0:0.28407478332519531] [-0.77345603704452515:1.7116787433624268] [-0.10851268470287323:0.068731777369976044] [-0.14022544026374817:0.12900924682617188] [-0.1594451367855072:0.2493782639503479] [-0.073021166026592255:0.031712748110294342] [-0.12036900967359543:0.066116251051425934] [-1.9360878467559814:36.1085205078125] [4.1430602073669434:95.154205322265625] [-0.02394375205039978:0.026338746771216393] [0.00013462187780532986:0.071710892021656036] [0.00061518559232354164:0.64020299911499023] [-0.58126324415206909:1.5859576463699341] [-0.11678160727024078:0.30488884449005127] [-0.14327742159366608:0.36131548881530762] [-0.26403316855430603:0.42816174030303955] [-0.089754238724708557:0.074856065213680267] [-0.2276301234960556:0.19955182075500488] [-0.15304878354072571:0.19819819927215576] [-0.15944123268127441:0.21708376705646515] [-2.6878190040588379:9.7261810302734375] [-0.02500000037252903:0.0017558200052008033] [-0.017500000074505806:0.019319240003824234] [0.01666666753590107:7.9833331108093262] [0:23] [0:6] [0:3] [0.070000000298023224:5.3299999237060547] [-0.75:2] [-1.0800000429153442:1.1299999952316284] [-0.89999997615814209:0.81999999284744263] [6:94] [-50:49]
tree_sizes=14380 14361 14401 14353 14421 14411 14385 14465 14415 14387 14414 14412 14389 14436 14436 14442 14511 14359 14413 14462 14386 14395 14401 14374 14366 14385 14374 14450 14353 14275 14367 14393 14442 14424 14440

Tree=0
num_leaves=127
num_cat=0
split_feature=28 32 10 10 32 28 22 39 32 10 39 3 43 28 43 16 43 42 39 10 16 38 10 38 10 10 22 44 23 40 26 42 40 5 38 13 27 44 42 26 5 44 22 16 43 10 38 29 39 42 44 26 44 5 31 38 12 10 5 46 39 18 38 39 23 43 34 8 30 31 38 42 20 30 9 13 43 34 10 38 22 43 31 44 44 43 28 43 44 34 31 31 0 43 38 1 38 40 46 34 25 10 38 16 42 44 39 20 43 44 44 27 38 32 22 0 38 32 8 44 44 22 39 16 42 31
split_gain=5295.37 1221.48 1103.48 673.453 463.306 233.083 225.367 198.389 197.318 181.953 173.179 159.939 170.394 147.464 206.083 139.428 106.559 105.212 91.6904 91.1367 89.9813 85.4285 90.3319 85.1271 74.5627 70.1653 65.3183 63.5849 63.027 61.3928 61.3122 59.9284 59.8745 57.4451 60.4613 57.3115 62.6794 55.1141 54.9518 52.8365 52.3617 54.9531 51.898 51.706 51.2739 50.744 50.683 52.0978 50.3407 49.9332 49.9181 49.0733 48.5049 47.8852 52.0832 47.6486 46.5156 46.5088 46.3354 46.1717 56.0276 45.7799 45.554 48.7026 45.2927 42.3501 42.7862 40.5295 39.8279 39.7366 39.4754 39.4517 39.134 38.8366 38.5216 38.4551 37.9584 58.2853 37.8998 37.8785 37.7508 37.619 39.1233 37.4001 39.7301 45.0705 37.2819 36.9369 36.347 35.9909 35.3735 35.4996 38.7791 38.4647 35.2253 34.9067 34.5157 34.315 34.2677 33.5535 33.5501 33.4096 33.2466 49.7211 47.205 41.0747 40.6474 33.1654 32.9532 32.6972 63.7891 38.0605 32.6724 31.6369 31.6079 31.5832 31.4568 31.2741 31.1503 31.269 30.7925 30.8009 30.2737 35.6568 30.2499 30.1802
threshold=-0.00054485080181621004 -0.00039654663123656059 62.026168823242195 38.876977920532234 -0.00011707805606420151 0.0014939588145352902 60.468168258666999 5.5000000000000009 0.00014177497359924021 39.068363189697273 5.5000000000000009 -0.0039859388489276162 -0.24499999731779096 0.001977391773834825 0.14500000327825549 0.0004600194661179558 0.18500000238418582 0.25499999523162847 5.5000000000000009 61.291116714477546 0.0001644844232941978 17.500000000000004 81.667953491210952 1.5000000000000002 69.267997741699233 27.932204246521 39.839653015136726 1.0000000180025095e-35 0.0030512855155393486 1.5000000000000002 0.11922248825430871 0.74500000476837169 2.5000000000000004 0.0030245709931477909 1.0000000180025095e-35 -0.00086362040019594122 -0.003770310315303504 -0.47499999403953547 0.12999999709427359 0.79194390773773204 -0.0079611972905695421 0.78000000119209301 52.33894348144532 0.0038910285802558069 0.78499999642372142 32.827276229858406 19.500000000000004 0.0053748886566609153 5.5000000000000009 0.62500000000000011 1.0000000180025095e-35 -0.038724686950445168 -0.29500000178813929 0.0025926118250936274 0.011056648101657631 22.500000000000004 -0.001230634923558682 30.855900764465336 0.01345209823921323 2.5000000000000004 5.5000000000000009 -0.0015343843260779975 9.5000000000000018 1.0000000180025095e-35 -0.00088398638763464976 0.41499999165534979 3.4601775407791142 0.0008096543315332384 -0.0052861294243484727 0.011371119879186155 2.5000000000000004 -0.4549999982118606 0.00039942088187672203 0.0036191727267578249 0.00091043094289489101 0.00015966131468303504 0.31499999761581426 0.49003286659717565 63.417743682861335 22.500000000000004 51.920665740966804 -0.76499998569488514 -0.0012002547737210987 -0.024999999441206452 -0.61500000953674305 -0.8149999976158141 0.0036080217687413101 -0.54500001668930043 0.41499999165534979 4.2705309391021737 0.018760495819151405 -0.00019531798898242411 -0.00011422657917137256 -0.060000000521540635 8.5000000000000018 0.0012605140218511226 1.5000000000000002 1.5000000000000002 -4.4999999999999991 0.15617998689413073 0.0130345830693841 70.906291961669936 13.500000000000002 -2.634421525726793e-05 -0.22500000149011609 1.0000000180025095e-35 1.0000000180025095e-35 0.00047303503379225736 -0.1950000002980232 -0.074999999254941926 -0.25499999523162836 -0.00016778340068412942 5.5000000000000009 0.0043804664164781579 29.525830268859867 0.00029886042466387158 16.500000000000004 -0.0041643087752163402 0.00094230761169455956 0.085000000894069686 -0.73500001430511464 56.875511169433601 5.5000000000000009 -0.00024232696887338531 0.49500000476837164 -0.002561040571890771
decision_type=2 2 2 2 2 2 2 2 2 2 2 2 2 2 2 2 2 2 2 2 2 2 2 2 2 2 2 2 2 2 2 2 2 2 2 2 2 2 2 2 2 2 2 2 2 2 2 2 2 2 2 2 2 2 2 2 2 2 2 2 2 2 2 2 2 2 2 2 2 2 2 2 2 2 2 2 2 2 2 2 2 2 2 2 2 2 2 2 2 2 2 2 2 2 2 2 2 2 2 2 2 2 2 2 2 2 2 2 2 2 2 2 2 2 2 2 2 2 2 2 2 2 2 2 2 2
left_child=2 3 4 7 9 21 17 11 50 70 16 12 57 58 32 39 25 35 24 44 48 22 33 83 42 -7 78 -25 -22 30 38 59 -15 61 -35 -6 88 -14 -13 69 79 97 -10 95 46 -12 -18 100 75 81 72 -46 -50 73 55 -55 -33 117 122 -16 65 112 63 -31 99 -61 -67 -65 -47 -8 -1 -26 -4 -29 -72 120 77 80 94 113 -9 82 -32 84 -11 -86 -34 -85 -37 96 91 93 -93 -73 -27 102 -17 -42 -96 -53 -48 -52 103 -39 -105 -104 -106 -88 -107 110 -63 -111 -3 -38 -49 116 -28 -2 119 -20 -19 -122 -5 124 -124 -21
right_child=1 5 8 13 6 10 15 76 18 23 45 29 37 14 31 89 19 20 118 125 28 -23 -24 27 71 26 115 53 -30 62 49 56 86 34 -36 36 40 43 -40 -41 41 -43 -44 -45 51 68 47 114 52 -51 101 64 -54 54 -56 -57 -58 -59 -60 60 -62 109 -64 67 -66 66 -68 -69 -70 -71 74 90 -74 -75 -76 -77 -78 -79 -80 -81 -82 -83 -84 87 85 -87 107 -89 -90 -91 -92 92 -94 -95 98 -97 -98 -99 -100 -101 -102 -103 105 104 106 108 -108 -109 -110 111 -112 -113 -114 -115 -116 -117 -118 -119 -120 -121 121 -123 123 -125 -126 -127
leaf_value=0.00054167938970203777 0.04537503910635915 0.004664861757059012 0.0023040514009277087 0.0090734716298547825 0.0359259608291893 0.030240929883712547 -0.012193667233223994 0.039150626986971505 -0.0065807755960757613 0.023319734827718722 0.041321792230275822 0.019375985274349822 0.03286337934823419 0.021552715935238661 0.0078373033360654501 -0.016820331238266113 0.0045480498701679231 0.034603312455823612 -0.031881827221394606 -0.010367845006554351 0.0029203126202328651 0.0076244506242126898 0.062785025012436671 0.00074320227206570947 -0.0070573277244647984 0.020370221450846032 0.0064027962139550244 0.011814638867177504 -0.039192754858777393 0.022699318950865674 0.023210207435525841 -0.018517392016099907 0.0063713468387196397 -0.020115859978330642 -0.0013777079637217393 -0.0093088563090647433 0.0048459138518730212 0.002664765542000274 0.046289716937243826 -0.013565685684733975 -0.0038847532352361503 0.0525212625869068 -0.013779799522093385 0.041511423965989121 0.056642596882356691 0.0028356531222633579 -0.018128897575181404 0.051533726442107269 -0.040094044691566431 0.028278428877799692 0.0031316379676864805 -0.0065093709729430052 -0.012892746020258149 0.0017336638628979344 0.010224786793153815 -0.022524311844357218 0.0062803636483717076 0.027980557720008216 0.004425140121416724 0.0046710661205079081 0.03527919629725236 0.0052431712887664158 0.015659874444589408 -0.0084716548149994589 0.0030747540132621937 0.019098019216043458 -0.018800706843425771 0.010085736912767762 0.020745907265036719 0.0011686743129668531 0.011999021373362055 -0.018072706908335345 -0.012922434429766056 -0.0015307831746464396 0.025722775907121086 0.0027313084959741819 0.02664936687067903 0.061180209830440813 -0.0026709614369934374 -0.013496541525997021 0.021527885144015588 0.015732431405105086 -0.014038432261061492 -0.038177241525763711 0.017013920257809727 -0.022375944988780171 0.017925735461310682 0.0013494917120599787 0.026035309402877349 0.018873921319405112 -0.040415112088001845 -0.003550073045875758 -0.017790262423092024 -0.030563531964476344 0.0031160721466748425 -0.0026648822581903176 -0.001573195589724817 0.0021571672300586763 0.014625114442534871 -0.031147454971286001 0.011495427750257128 -0.011442281961078209 0.006959628412101241 0.015161753787677368 0.045809451266644471 -0.03086275020504916 0.025117898910011368 -0.015585591624744273 0.02004058440726704 0.01090736970637847 -0.007194914332964676 0.0032124141381861936 -0.011594220722967775 0.017634464188892134 0.019384915721129079 0.001317130569971502 0.014595278628420184 0.032358383206580223 -0.014574909489299258 -0.019694685333152932 -0.0083258812972355663 -0.019569637102458418 0.011830173326947307 0.018741807614546208 -0.011765800584239809 -0.039750120411204487
leaf_weight=1240.7442315518856 3318.9845694303513 1926.9910410642624 2180.2398636639118 43435.298061311245 457.24787417054176 1739.7419116199017 4147.9807152748108 5667.2236520349979 14416.43297535181 246.99885165691376 1060.4950695633888 1613.9924962520599 2995.4860734343529 33057.346310317516 22843.143798023462 1620.2424671947956 26450.877025008202 146.49931889772415 4877.227324873209 1701.2420906126499 8849.7088560760021 25441.381718337536 235.99890279769897 42042.554536432028 2887.4865755438805 7537.7149557769299 16869.671569794416 16201.674675434828 370.24827864766121 1094.9949091672897 413.99807524681091 1285.494023501873 4466.9792321920395 1822.7415257394314 31144.605203002691 7627.7145373523235 20271.655753344297 1268.7441013753414 1431.4933447241783 37969.573472470045 20241.405893981457 192.24910619854927 32791.347546994686 951.4955763220787 126.99940955638885 1427.4933633208275 590.49725466966629 339.99841928482056 1065.2450474798679 3000.9860478639603 8611.4599637389183 1370.7436271607876 1704.4920755028725 18766.412751495838 8085.7124080359936 846.24606564640999 1837.9914548397064 11361.697177380323 18563.413695275784 3887.2319275438786 1270.9940909147263 11203.447913110256 6786.4684484601021 2795.7370021045208 2463.9885444641113 7198.4665330052376 310.74855527281761 2032.4905505776405 9534.7056713998318 4801.7276758849621 3660.9829794168472 5995.222127109766 7475.2152463495731 2519.7382852733135 4634.4784534573555 2467.2385293543339 4028.4812708497047 995.74537059664726 1311.4939026236534 1035.4951857924461 1547.4928054213524 12383.94242477417 884.24588897824287 251.99882841110229 323.74849483370781 2827.2368556559086 11663.695773333311 3823.4822239279747 302.49859362840652 793.99630856513977 776.49638992547989 2292.7393406331539 11526.196412593126 4187.2305327951908 3374.9843090772629 808.99623882770538 17748.417484343052 17550.668403714895 11081.448480308056 926.24569371342659 1084.2449591457844 1924.4910526871681 4506.7290473878384 4602.9785999059677 1081.7449707686901 129.49939793348312 7759.7139236629009 302.99859130382538 7087.9670467376709 10482.951262831688 6524.4696665406227 16616.422747194767 3446.2339778244495 2138.4900577664375 3042.2358560860157 7764.7139004170895 6489.9698269367218 4158.4806664586067 2862.7366906106472 3704.2327783405781 8569.2101601660252 3404.2341730892658 1988.9907528162003 7411.4655427336693 747.49652475118637 439.99795436859131
leaf_count=4963 13276 7708 8721 173742 1829 6959 16592 22669 57666 988 4242 6456 11982 132230 91373 6481 105804 586 19509 6805 35399 101766 944 168171 11550 30151 67479 64807 1481 4380 1656 5142 17868 7291 124579 30511 81087 5075 5726 151879 80966 769 131166 3806 508 5710 2362 1360 4261 12004 34446 5483 6818 75066 32343 3385 7352 45447 74254 15549 5084 44814 27146 11183 9856 28794 1243 8130 38139 19207 14644 23981 29901 10079 18538 9869 16114 3983 5246 4142 6190 49536 3537 1008 1295 11309 46655 15294 1210 3176 3106 9171 46105 16749 13500 3236 70994 70203 44326 3705 4337 7698 18027 18412 4327 518 31039 1212 28352 41932 26098 66466 13785 8554 12169 31059 25960 16634 11451 14817 34277 13617 7956 29646 2990 1760
internal_value=0.00431827 0.0113491 -0.00457484 0.0160338 -0.00116322 0.00580805 -0.00449704 0.0227192 -0.0131896 0.00400401 0.00912867 0.0209561 0.024502 0.0120831 0.0148277 -0.00894786 0.00769346 -0.00139965 -0.0152713 0.00364382 -0.00675438 0.00255198 0.00100469 0.0026945 -0.0139971 0.0104718 0.00983996 0.00356032 0.00122917 0.0154869 0.0189787 0.00935442 0.0191003 0.000829376 -0.00241373 0.00063869 0.000406063 0.0199668 0.0320265 -0.0119365 0.00148615 -0.000807596 -0.0115813 0.0185968 0.00482337 0.0204343 0.00630172 0.0154744 -0.0109952 0.0165969 -0.0042903 -0.00470607 -0.0233544 0.00611179 0.00347126 0.000686982 -0.00392534 0.0320114 0.00873074 0.0105225 0.0153647 0.00295916 0.0100668 0.00365853 -0.00634254 0.0131437 0.0175297 -0.000659736 0.0184136 -0.00502446 0.0171779 -0.0181194 -0.00948423 0.0100185 0.0196662 -0.00864853 0.0345999 0.0385008 0.0138433 0.00520226 0.0353707 0.0140347 -0.00216018 -0.00755403 -0.0153014 -0.0183288 0.0141672 -0.00109456 -0.00796065 -0.00199324 -0.0194085 -0.0187289 -0.0154276 -0.0232092 0.014828 0.0177966 -0.00284866 -0.00107888 0.0119382 -0.0164445 0.00105019 0.000469574 0.0184227 0.0215883 0.0233741 0.0144501 0.0276495 0.0170772 0.0191273 0.00400468 0.000665538 0.00618908 -0.00576325 0.00606626 0.0226167 0.00684233 0.0086789 0.038136 -0.0236078 -0.0266212 -0.0109651 -0.0115227 0.0102224 0.0151399 0.00538472 -0.0164055
internal_weight=0 470556 375457 254982 268948 215575 163476 94709.8 106509 105472 106730 82470.9 50032.5 160272 88125.1 67081.9 94706.8 96394.3 86317.3 38537.1 26576.9 108845 83403.9 95935.8 74873.2 56169.7 54430 88462.3 9219.96 32438.3 19728.7 38634.1 49491 83167.9 32967.3 69817.4 69360.2 31193.4 3045.49 46919.3 61430 37984.3 47207.8 28197.9 36395.8 12022.7 31507.9 5056.98 17356.9 16683.2 20191.4 4887.98 2769.74 46419.8 27698.4 19612.7 3123.49 18839.2 72146.7 35510.6 12667.4 50200.5 12709.7 5923.22 4760.98 11396.4 7509.22 4828.23 10962.2 8949.71 9536.21 27665.4 9655.46 18721.4 8295.46 14587.2 12238.9 8210.46 23305.6 23445.6 7214.72 13682.2 1298.24 7473.47 3397.98 3150.99 16433.7 4075.48 7930.21 20162.7 24777.9 24001.4 13818.9 10182.5 21994.1 27246.4 19368.7 37792.1 14456.4 2296.99 1674.74 10536 26437.4 14713.2 13444.4 11724.2 8841.46 11966.7 7217.47 44827.3 17727.9 27099.4 5373.23 22410.1 3382.23 31124.4 23359.6 7477.47 11444.2 8581.46 12119.9 11973.4 53583.3 10148 2736.49 2141.24
internal_count=3384069 1882234 1501835 1019931 1075798 862303 653908 378841 426037 421890 426920 329885 200131 641090 352502 268329 378829 385579 345271 154149 106308 435383 333617 383745 299494 224680 217721 353851 36880 129754 78915 154537 197965 332673 131870 279271 277442 124774 12182 187678 245721 151938 188832 112792 145584 48091 126032 20228 69428 66733 80766 19552 11079 185680 110794 78451 12494 75357 288588 142043 50670 200803 50839 23693 19044 45586 30037 19313 43849 35799 38145 110662 38622 74886 33182 58349 48956 32842 93223 93783 28859 54729 5193 29894 13592 12604 65735 16302 31721 80651 99112 96006 55276 40730 87977 108986 77475 151169 57826 9188 6699 42144 105750 58853 53778 46897 35366 47867 28870 179310 70912 108398 21493 89641 13529 124498 93439 29910 45777 34326 48480 47894 214334 40592 10946 8565
is_linear=0
shrinkage=1


Tree=1
num_leaves=127
num_cat=0
split_feature=27 27 10 10 22 22 26 39 32 32 43 32 16 32 32 5 44 32 43 37 13 27 38 37 39 8 32 39 38 46 39 46 38 22 19 1 38 38 37 38 40 17 46 38 37 22 10 37 22 43 22 38 37 38 32 44 34 22 34 46 40 1 41 38 44 22 42 26 26 4 37 38 38 38 26 44 23 22 46 27 35 24 26 11 37 5 31 24 22 44 43 23 10 44 43 31 35 44 42 46 44 39 42 25 37 25 44 41 17 22 43 43 5 37 37 42 26 43 13 24 38 37 5 21 8 22
split_gain=4068.46 1215.03 815.577 425.729 423.349 328.14 201.213 175.884 175.612 154.521 152.454 147.766 129.111 123.939 123.087 106.391 109.178 102.214 97.9116 91.0077 86.7363 78.3553 75.9486 72.5354 69.7906 69.1397 68.4092 68.4092 64.4669 64.1369 63.407 62.7315 62.3818 60.6178 58.5849 55.4206 55.2764 62.1905 53.1224 52.6675 71.9515 48.477 48.3822 48.0893 54.0522 49.1209 47.9617 47.3127 47.1798 49.8846 46.9395 46.5417 67.1945 60.5355 71.6412 44.8131 44.3055 46.4319 42.5917 43.8017 42.5411 42.5136 42.373 41.6594 41.5611 41.1813 52.7486 41.1253 40.702 40.3997 40.36 39.9055 81.393 54.9448 39.0424 42.631 48.132 39.0296 43.7744 39.0084 41.7676 38.859 38.0728 37.8665 36.3505 35.5295 35.4482 34.9588 34.8828 40.4658 34.5508 34.5288 34.4773 34.3812 34.1598 34.061 34.016 33.9611 35.5381 40.7847 35.2898 33.9478 37.355 33.7528 41.2871 33.7487 33.6539 33.472 33.4719 39.3394 38.7232 44.5573 36.4711 33.8453 33.3524 33.2592 33.0957 32.9262 32.8812 32.4342 32.2959 73.9766 32.1242 31.875 31.8097 31.5682
threshold=0.0005053077475167812 -0.0018247390980832277 36.003557205200202 64.833423614501967 51.259399414062507 44.788394927978523 0.73250555992126476 5.5000000000000009 -0.0003014894609805196 -0.00039654663123656059 0.14500000327825549 -0.001349266560282558 0.00025578495115041738 0.0004826595686608926 -0.00011707805606420151 -0.0061011326033622018 0.014999999664723875 0.00025225470017176127 -0.24499999731779096 5.2666666507720956 -0.0007916625472716986 0.0058066966012120256 14.500000000000002 0.49999998509883886 5.5000000000000009 0.00034802699519786989 0.00039270440174732363 4.5000000000000009 1.5000000000000002 -32.499999999999993 5.5000000000000009 -32.499999999999993 1.5000000000000002 37.444877624511726 -0.0005252632254268973 -0.00038985234277788544 5.5000000000000009 16.500000000000004 0.16666667163372043 9.5000000000000018 1.5000000000000002 -0.00030447141034528608 -3.4999999999999996 5.5000000000000009 0.49999998509883886 45.834392547607429 42.764081954956062 0.80000001192092907 51.259399414062507 0.32500000298023229 74.178180694580092 16.500000000000004 7.8999998569488534 7.5000000000000009 0.0004826595686608926 -0.03499999921768903 2.4174767732620244 60.647430419921882 -0.88932377099990834 28.500000000000004 2.5000000000000004 -0.0065401301253586999 1.2050000131130221 14.500000000000002 0.064999999478459372 62.836925506591804 0.49500000476837164 0.50563409924507152 0.72173243761062633 0.00327173515688628 6.0333335399627694 3.5000000000000004 13.500000000000002 8.5000000000000018 0.24780246615409854 -0.22500000149011609 -0.0016645005089230833 39.288925170898445 6.5000000000000009 0.0026334258727729325 -0.00014930500037735325 0.0044091162271797666 0.5928495228290559 8.8913398940349011e-05 6.2666666507720956 0.020700538530945781 -0.0035506486892700191 0.0031043527415022258 53.298322677612312 0.024999999441206459 0.074999999254941954 -0.0011102483258582649 70.326080322265639 -0.64499998092651356 0.63499999046325695 0.0016643226263113322 6.7749999288935228e-05 0.49500000476837164 -0.24499999731779096 -23.499999999999996 0.014999999664723875 5.5000000000000009 1.0049999952316286 0.022949602454900745 0.80000001192092907 0.026416239328682426 -1.0000000180025095e-35 3.9850000143051152 -0.00042186320933978999 30.731807708740238 0.21499999612569812 0.31499999761581426 -0.057176956906914704 4.5333335399627694 0.10000000149011613 0.75499999523162853 -0.075275562703609453 0.47499999403953558 0.00027720333309844142 0.0040894539561122665 22.500000000000004 7.8999998569488534 0.015975219197571281 0.22682177275419238 0.00075925816781818878 29.525830268859867
decision_type=2 2 2 2 2 2 2 2 2 2 2 2 2 2 2 2 2 2 2 2 2 2 2 2 2 2 2 2 2 2 2 2 2 2 2 2 2 2 2 2 2 2 2 2 2 2 2 2 2 2 2 2 2 2 2 2 2 2 2 2 2 2 2 2 2 2 2 2 2 2 2 2 2 2 2 2 2 2 2 2 2 2 2 2 2 2 2 2 2 2 2 2 2 2 2 2 2 2 2 2 2 2 2 2 2 2 2 2 2 2 2 2 2 2 2 2 2 2 2 2 2 2 2 2 2 2
left_child=1 3 7 6 15 10 51 11 28 32 13 18 23 19 50 16 43 -17 21 74 -16 39 68 88 26 -19 92 65 55 -15 31 -12 42 94 87 56 38 63 -18 40 -2 122 -7 45 -45 -3 101 -14 49 123 -8 53 -53 -1 -55 -6 57 -22 -33 108 70 125 93 -38 83 66 -25 -24 -11 -49 -42 95 73 -73 75 76 105 78 -21 -77 -81 107 -66 -29 96 97 -65 -30 -10 -90 -35 -64 106 -36 -13 -28 -31 98 100 -100 -63 102 -34 -32 -105 -4 -5 -26 109 112 -110 -112 113 -60 -74 -79 -113 -111 -80 -84 -93 -122 -27 -9 -103 -20
right_child=2 4 5 24 8 9 14 48 12 22 30 33 47 29 20 17 36 25 61 77 35 -23 67 27 81 41 71 64 34 84 103 58 46 90 62 -37 37 -39 -40 -41 60 -43 -44 44 -46 -47 -48 69 -50 -51 -52 52 -54 54 -56 -57 -58 -59 59 -61 -62 85 91 86 82 -67 -68 -69 -70 -71 -72 72 114 -75 -76 79 -78 115 118 80 -82 -83 119 -85 -86 -87 -88 -89 89 -91 -92 120 -94 -95 -96 -97 -98 -99 99 -101 -102 124 -104 104 -106 -107 -108 -109 110 117 111 116 -114 -115 -116 -117 -118 -119 -120 -121 121 -123 -124 -125 -126 -127
leaf_value=-0.0013980144959239889 0.02439721451517772 0.012445759648670496 -0.0166034638165201 -0.01331848100084735 -0.025774580563033694 -0.015892403360199838 -0.006222236172645149 0.032722431068067 -0.003754083978262514 -0.0037773925869271706 -0.027695661059645112 0.024215346438551666 -0.013984515185399882 -0.061165290555687417 0.0042202628245630557 0.0029028053625280072 0.060380552709504445 -0.013619751412030643 0.047739017635954124 0.0093809161456094529 -0.005463462550142799 0.031970912220809604 0.0079168123977874042 -0.0033059648604064104 -0.049163221224288227 -0.0094184928946705535 -0.018021195172166538 -0.010231750634648122 0.044964133514860671 0.014736371363778486 0.019393470178609012 0.018703901576911111 0.0054232220217248564 0.010693541593082388 -0.038452443545809116 -0.016996355089301984 0.0049122600454919339 0.012803488758366824 0.014747333386807813 0.024915683869555658 0.00030730242302274603 0.0021104390154242122 0.0017428118854636223 -0.020307766781322827 4.6535199906652979e-05 -0.0016303563384899929 0.002640365292512473 0.0044093806682615122 0.018202831652782383 0.020979130416272196 0.010402929752549646 0.0011275450506393672 -0.054896345557430296 -0.0015859637191811338 -0.01437749403718085 -0.0037636621713701066 0.002114232346910965 -0.015737503895841037 -0.0096785063639684976 0.029441912020465918 0.015917912334182948 -0.011487118287544035 0.019133236447188257 -0.017400673521903557 0.0038227024273063178 -0.013158388789936063 -0.011321322882213516 -0.0017040734835581603 -0.0127604014382817 -0.0037420289610320214 -0.033911108325603199 -0.019540266823263944 -0.054556163106518354 -0.030314583557022552 0.0099858094920603647 0.012566848354360727 0.029467614422420782 -0.00015839319480696521 0.032651148641125588 -0.0073479544388455236 0.022263318974436147 -0.019711829440195991 -0.014135407404641512 -0.021148721943705623 -0.0035742633243340755 0.020850736452051044 0.0095276312552893885 0.0081905981332156454 -0.037622351269798536 -0.016133574337509313 0.0033977595679556393 0.00046851263147781202 -0.017548589188714665 -0.0071574403832802523 -0.016529249041424329 -0.0050227322876644359 0.0038180547077762239 0.033855182620894521 -0.0077319119130030535 0.014711613752328163 0.0081365182204543394 0.022559012479855752 0.015503422978631002 0.046628687774609351 -0.00083959657515805569 0.017475553820860329 0.00026335544032493559 -0.028538153719645229 -0.0055771639038593706 -0.0045550299094241188 0.013556246656344121 0.013965741249190028 -0.016990200531835534 0.028311456559482157 -0.015440629020248405 0.01489021372858754 0.00264508163802933 0.008517328003066529 0.0059417710621619138 0.0017846276268942162 -0.0066625762491874675 -0.075701155507444842 0.00016043578521103183 0.049559733937942323 0.006206167489934189 0.021001368808119852
leaf_weight=16379.573368519545 2429.0311387479305 6407.0093737691641 350.45991910994053 3409.8738881349564 1612.3348118960857 2386.3677835613489 16398.039069622755 3919.0406917631626 815.72563070058823 25414.865240737796 627.73367856442928 3295.836164727807 2915.4379923343658 148.2458129376173 2547.3593699336052 40902.161504417658 263.49239276349545 6654.3229165524244 564.61383675038815 9630.919371008873 6677.310889005661 7255.6673823297024 8000.485553085804 29187.941612362862 1067.2856712639332 10150.717415317893 4657.6908717304468 5079.090907022357 271.49197600781918 4286.7955479025841 4285.9603845328093 1923.1770097613335 25401.301877111197 15854.831085085869 380.24807401001453 36880.477375909686 11823.151795595884 9920.6799345910549 8012.259512975812 6438.6027942746878 1373.5529158562422 13330.029548510909 4469.2230354100466 1373.9606086462736 25870.997439056635 4043.8894640952349 28943.649526998401 10020.896243661642 3494.9510899335146 2712.2399554550648 1894.4691135138273 17457.578163087368 216.7435801923275 6897.8916852921247 11987.431122794747 2169.6881744116545 2418.9062304794788 12890.901971310377 571.47602434456348 642.70485520362854 1203.3074624687433 1145.1963455826044 947.48973958194256 1687.4478446990252 1960.4564128369093 8654.1744645386934 11423.885663941503 9992.0718507915735 6292.8917645215988 15461.010357573628 460.17141923308372 9651.8375644534826 220.23457577824593 9287.6396446824074 6577.2538031935692 12636.320269450545 5819.1201958209276 6308.4685485213995 1589.3190977424383 500.44639565050602 9892.5878270566463 3622.4511810690165 7765.7419945150614 8485.1790633648634 3883.8274036645889 5184.6746119260788 688.23058377206326 5408.3435258716345 1726.1758397221565 1779.9466381669044 10990.695798352361 34302.792505472898 4048.3279263526201 4571.9798337072134 219.46874423325062 3554.2611822485924 8534.0915133059025 666.68555325269699 857.88809455931187 14409.455285832286 4587.1663041263819 2900.5667862445116 4298.4013130068779 203.23319625854492 1862.0923257023096 1701.0650362968445 3923.7104194611311 2994.5824362039566 3322.3796616792679 3649.9157948195934 5961.2972568720579 2918.319437071681 2461.6185732781887 397.71458803117275 21350.028571978211 1914.3170528560877 22437.044946655631 4081.3146546036005 649.1829721480608 1532.217576444149 1569.1826166808605 172.24313408136368 5344.3597935289145 1576.7142100334167 2016.4879144132137 2026.3247033804655
leaf_count=65520 9718 25629 1402 13640 6450 9546 65593 15682 3263 101661 2511 13185 11662 593 10190 163613 1054 26618 2259 38528 26710 29032 32003 116754 4270 40604 18632 20317 1086 17148 17146 7693 101611 63425 1521 147528 47294 39684 32050 25759 5495 53321 17878 5496 103487 16176 115778 40084 13982 10851 7578 69832 867 27592 47951 8679 9676 51565 2286 2571 4814 4581 3790 6750 7842 34618 45697 39969 25172 61845 1841 38610 881 37153 26311 50550 23279 25236 6358 2002 39575 14491 31064 33943 15536 20741 2753 21634 6905 7120 43965 137213 16194 18288 878 14218 34138 2667 3432 57645 18350 11604 17195 813 7449 6805 15695 11980 13290 14600 23846 11674 9847 1591 85406 7658 89752 16326 2597 6129 6277 689 21378 6310 8067 8107
internal_value=0 -0.00577447 0.00836806 -0.0118214 -0.00179656 0.00542028 -0.00852677 0.0164924 -0.00538313 0.00165373 0.00890668 0.0147968 -0.00769444 0.0118625 -0.0117009 0.0020775 0.00489093 -0.000504232 0.0182158 0.0140705 -0.0138455 0.0237796 -0.00261549 -0.00978678 -0.0182683 -0.00443201 -0.017121 -0.00905219 -0.000580817 0.00432008 0.00493207 0.00371341 0.004667 0.00932353 0.000417142 -0.0146273 0.0091483 0.00672867 0.0162003 0.0187872 0.0115683 -0.002311 -0.00439584 0.0012322 -0.00097993 0.00699912 0.00564451 -0.0019171 0.0279332 0.0320763 -0.00450045 -0.00374773 0.000440513 -0.00584683 -0.00970537 -0.0131473 -0.0106534 -0.0122317 0.00412106 0.0035172 0.00130763 0.014595 -0.000873526 0.00248421 -0.013333 -0.00689528 -0.00556064 0.0025739 -0.00556021 -0.000536443 -0.00827978 -0.0187517 -0.0200402 -0.0248238 0.0169817 0.0184708 0.0248244 0.0086403 0.0123087 0.0162993 0.0208375 -0.027242 -0.00884167 -0.0170609 0.00490123 0.0134146 -0.00959958 0.00994835 -0.0223798 -0.0267132 0.00770661 0.000289417 -0.010141 -0.00956037 0.0216716 -0.0123953 0.00746871 0.0116352 0.0109298 0.0134505 0.00421616 0.00815632 0.00688212 0.014333 0.0038314 0.0116539 -0.00605175 -0.0339575 0.00315341 -0.00160886 0.004688 0.00577702 -0.0105207 0.00591096 -0.01584 0.00334502 0.00394805 0.00234586 0.0249052 -0.0115119 -0.000205928 -0.0134911 -0.00611465 0.037553 0.0158527 0.026828
internal_weight=0 505121 340551 200435 304686 249885 132647 90666.1 158214 120116 129768 78963.2 106808 74422.4 79707.5 146473 70091.1 76381.6 48602.3 57569.5 61415 19160.3 49700.3 78410.5 67787.9 35479.4 60103.6 74088.7 51405.8 16853 55346 48994.7 70416 30360.8 47623.8 58867.6 32395.3 24119.5 8275.75 11904.7 5466.06 28825.1 6855.59 37695.9 27245 10450.9 63560.4 28397.3 11702.9 8207.99 18292.5 52939.2 17674.3 35264.9 18885.3 3782.02 21987.1 19568.2 48367 46443.8 3037.03 29442 41943.9 14198.8 24822.7 49266 40611.8 17992.6 31707.8 25481.9 1833.72 48721.7 40509.7 18939.5 37477.3 30900 7870.65 20092.2 11869.4 23029.4 10393 7684.32 11258.4 13564.3 16704.7 26851.1 2375.68 5679.84 4321.85 3506.12 26845.5 36991.7 11381.9 4952.23 3515.3 8211.95 12820.9 21666.4 20999.7 15267.3 5732.36 34616.8 29699.7 6351.29 2065.33 2051.52 7333.58 4061.87 45801.1 11162 34639 31316.7 3430.81 969.191 21570.3 8222.79 25355.4 7731.23 2238.5 9297.96 36044.2 1741.43 15495.1 5495.75 4917.05 2590.94
internal_count=3382863 2020549 1362314 801772 1218777 999595 530602 362719 632870 480484 519111 315894 427243 297716 318840 585907 280373 305534 194441 230301 245669 76659 198805 313652 271170 141921 240429 296364 205627 67415 221395 195987 281679 121453 190498 235479 129585 96481 33104 47627 21868 115303 27424 150788 108983 41805 254255 113591 46825 32843 73171 211762 70699 141063 75543 15129 87951 78275 193476 185783 12150 117782 167778 56797 99295 197069 162451 71972 126833 101929 7336 194900 162050 75763 149924 123613 31486 80377 47483 92127 41577 30741 45035 54260 66822 107416 9503 22720 17288 14025 107390 147969 45529 19809 14063 32850 51286 86675 84008 61077 22931 138477 118806 25408 8262 8207 29335 16250 183212 44650 138562 125272 13724 3877 86287 32894 101426 30926 8955 37193 144179 6966 61982 21992 19671 10366
is_linear=0
shrinkage=0.1


Tree=2
num_leaves=127
num_cat=0
split_feature=28 32 10 10 32 22 28 32 10 10 28 43 17 19 45 45 20 43 31 10 39 38 10 45 42 39 42 38 33 33 34 37 37 16 43 25 10 33 16 26 19 38 39 26 37 9 16 25 28 40 10 16 26 4 38 38 14 23 42 37 37 29 11 38 41 39 13 37 37 41 22 7 45 46 17 39 27 37 37 7 16 19 38 43 22 25 40 38 26 40 29 39 40 40 27 25 37 13 38 32 38 35 42 36 43 23 31 45 34 37 37 40 45 46 38 43 23 43 23 11 32 10 23 37 25 25
split_gain=3626.15 801.203 737.659 445.383 299.477 170.907 147.637 139.17 132.469 122.445 115.564 155.393 104.29 103.931 99.9664 89.4905 86.2328 84.9689 84.6121 80.0115 77.964 71.9149 71.1396 69.2714 67.7258 69.6587 65.7713 62.4788 58.4166 57.0704 61.3882 56.8446 56.2646 55.9299 54.4723 53.7486 53.7226 52.4734 48.1254 48.003 48.1387 47.9201 47.2133 46.521 46.251 46.1769 77.0612 45.724 56.2614 50.3158 45.1464 44.8043 43.3293 43.2271 42.7759 104.738 42.4677 41.9138 41.8143 42.7325 41.7291 40.8044 42.235 40.7293 51.8554 39.5508 39.0709 38.6224 37.7207 36.8925 36.5111 48.8544 36.4345 36.3264 36.2728 35.8577 35.8513 35.8488 35.7677 35.501 70.1133 39.0761 42.6906 38.8958 35.7453 45.4194 35.2574 35.2497 35.0418 34.4851 34.4315 34.2345 37.8968 34.9878 34.1134 35.4399 33.922 36.5461 35.5916 34.4582 36.9199 33.9788 33.5116 33.026 32.4409 32.282 32.2453 32.1458 31.9803 31.9193 31.485 31.3412 31.2827 37.8661 31.2291 31.1275 31.1194 30.9515 36.9543 30.7289 30.6111 32.4972 30.0742 30.041 29.9177 29.8406
threshold=-0.00054485080181621004 -0.00019020447507500646 62.208995819091804 38.326446533203132 -0.00011707805606420151 59.608070373535163 0.0014939588145352902 0.00039270440174732363 40.25445747375489 31.278725624084476 0.0020265596685931091 0.14500000327825549 0.00084830081323161732 0.00044683842861559247 55.500000000000007 41.500000000000007 -0.00028700835537165398 -0.24499999731779096 -0.0065766181796789161 30.855900764465336 5.5000000000000009 16.500000000000004 66.901672363281264 13.500000000000002 1.0000000180025095e-35 5.5000000000000009 0.49500000476837164 1.5000000000000002 -0.0018338168738409875 0.0013260946143418553 2.4174767732620244 0.23333333432674411 5.5666668415069589 -0.00018187364912591872 -0.46500000357627863 0.012266554869711401 78.78165435791017 -0.00055248537682928134 0.00012686380796367305 0.72899755835533153 -0.00018528463988332075 9.5000000000000018 5.5000000000000009 0.097760897129774108 1.0333333015441897 9.8764416179619743e-05 3.9091826238291114e-06 0.043380478397011764 0.0036080217687413101 2.5000000000000004 68.027648925781264 2.6042466743092522e-05 0.1768876910209656 -0.062815573066472993 16.500000000000004 7.5000000000000009 0.002428365522064269 0.0030512855155393486 -0.4849999994039535 5.6000001430511483 7.8999998569488534 0.016884798184037212 -0.00016177044017240402 20.500000000000004 5.0750000476837167 4.5000000000000009 -0.00096550420857965935 0.76666668057441723 7.7999999523162851 4.0850000381469735 32.604959487915046 0.0045489026233553895 44.500000000000007 -30.999999999999996 0.0023651077644899492 5.5000000000000009 -0.003770310315303504 7.7666666507720956 0.80000001192092907 9.769611278898084e-05 1.0000000180025095e-35 0.00041089208389166748 4.5000000000000009 0.76499998569488536 51.364290237426765 0.023739015683531765 2.5000000000000004 9.5000000000000018 0.29061906039714819 1.5000000000000002 -0.019381539896130558 5.5000000000000009 1.5000000000000002 2.5000000000000004 -0.0028789620846509929 0.02030503656715155 7.0333335399627694 -0.00030472902290057386 16.500000000000004 0.0026484638219699268 11.500000000000002 0.00016367499483749273 0.12999999709427359 -5.7649999689601819e-06 0.79500001668930065 5.1812861784128479e-05 0.017835621722042564 47.500000000000007 1.1069937944412234 0.56666666269302379 5.4333331584930429 1.5000000000000002 80.500000000000014 -1.4999999999999998 13.500000000000002 0.99000000953674328 6.0019674492650672e-05 -0.47499999403953547 -0.00016183499974431467 8.283214629045689e-05 -0.0014712317497469483 31.691050529479984 -0.00021086500055389476 1.3999999761581423 0.010040088556706907 0.0032197533873841171
decision_type=2 2 2 2 2 2 2 2 2 2 2 2 2 2 2 2 2 2 2 2 2 2 2 2 2 2 2 2 2 2 2 2 2 2 2 2 2 2 2 2 2 2 2 2 2 2 2 2 2 2 2 2 2 2 2 2 2 2 2 2 2 2 2 2 2 2 2 2 2 2 2 2 2 2 2 2 2 2 2 2 2 2 2 2 2 2 2 2 2 2 2 2 2 2 2 2 2 2 2 2 2 2 2 2 2 2 2 2 2 2 2 2 2 2 2 2 2 2 2 2 2 2 2 2 2 2
left_child=2 3 4 9 8 26 21 50 120 16 45 32 29 19 33 22 17 43 -16 -8 28 36 -9 51 25 35 66 -10 34 114 94 -28 47 -15 52 -21 44 -17 91 69 108 103 -42 -2 117 46 -5 48 49 -12 -4 67 -11 -19 55 -39 -26 -40 59 -57 -23 62 102 64 68 -60 -6 -13 -34 119 71 73 -49 -25 110 112 -68 115 -14 80 88 84 83 -83 -81 -86 -65 -20 -46 106 -71 92 -33 -94 -31 123 98 -98 99 -78 101 -101 -22 -30 -99 -47 -24 -82 124 -89 -45 -87 113 -55 -7 -56 -37 118 -3 -29 121 -1 -61 -96 -41 -18
right_child=1 6 7 10 5 12 13 15 27 20 11 23 78 14 18 37 125 53 87 24 61 60 89 70 56 -27 31 39 41 30 -32 38 63 -35 -36 116 -38 54 57 40 42 -43 -44 74 79 105 -48 72 -50 -51 -52 -53 -54 75 77 58 -58 -59 65 122 -62 -63 -64 86 -66 -67 76 -69 -70 90 -72 -73 -74 -75 -76 -77 96 -79 -80 81 107 82 -84 -85 85 111 -88 109 -90 -91 -92 -93 93 -95 95 -97 97 104 -100 100 -102 -103 -104 -105 -106 -107 -108 -109 -110 -111 -112 -113 -114 -115 -116 -117 -118 -119 -120 -121 -122 -123 -124 -125 -126 -127
leaf_value=0.031716148937545464 0.034463657394167041 -0.028852545836260287 -0.0044624658638011084 0.035252768564969179 0.034644492482506672 -0.011088617239886413 0.017559276523270089 -0.015580629921475964 -0.010666588949823239 0.029451476649641359 0.014642667701759027 0.022662983537132739 -0.017123146412328333 -0.013337645214908154 0.015816306450837512 -0.0051368745920386261 -0.028745004430184795 0.055698089204977923 0.0079533597505084281 -0.0064368004466258373 0.020509670301272213 0.003165804007548307 -0.029113396469078852 -0.04180564323888971 0.015690715016754439 0.012947664101126298 -0.036750451703791064 -0.0068056043628988722 -0.0081693228325606781 -0.018921430981761998 -0.0021402445952560731 -0.014952086012697189 0.014338349702168261 0.00070345659919948938 0.01129360214528204 0.0038523405314289392 0.038219888522841396 -0.011218500959417716 -0.00076805083955826432 0.013399886816624813 -0.0042556783225530569 0.010828102884934064 -0.016330173464853541 0.02268789815904906 0.047818448960541396 0.0018875846924168518 -0.020877189924524694 -0.0020688125921502565 0.019756041138876787 -2.5663834105400419e-05 -0.013555576535500708 0.0045833110634149804 0.012437952154267178 0.0094425993490525502 -0.008857061581035882 -0.019944321282839884 0.0062812333444787795 -0.035728538299007254 -0.021754266260705604 -0.037034468678896947 -0.027541266541095073 -6.94496602358863e-05 -0.0033123268033346323 0.020822778354446451 -0.0017136272497995713 -0.034005535210231419 -0.0093770553223808516 -0.023747546110015425 -0.015602807288637045 0.015028172927223069 0.0072615521305581009 0.052900154085483791 0.013618201716552723 0.00019308180238929458 0.030616544929353947 0.027350255007623517 -0.004553696450831396 -0.041737346983971052 -0.0016056263834052901 0.0010343836611436258 -0.014980097245884748 0.0057852405000522579 -0.012434629311026566 -0.041973644998346771 -0.0061998304401580913 0.032004386953309032 0.0028862137229095607 -0.056914160516094429 -0.0083196657000444343 -0.020902657105363209 0.002404778085118936 -0.022679495148350347 0.003375017019088915 -0.011766308447233621 -0.024945974569115376 -0.0075315275538390576 0.018952366158455594 -0.009186468811832783 0.002829766808180232 0.0098063348967462466 -0.0075042394261918485 -0.014853469301327429 0.035301628438437475 0.0050609639144088203 -0.043406729788253468 0.0059125417412861101 -0.068670970233774484 -0.0568205441176503 0.010879624094714152 -0.0094758128175238369 0.0073465173827437658 0.0015690392267407182 -0.010570312434763149 0.019169727865415029 -0.0013413823349798946 -0.040664307758259438 -0.0050042071673905859 -0.0060151203719300854 -0.0082552608839770308 0.0030262357810441239 0.002344860392930853 0.010689539609973649 0.016114650504997507 -0.013792928009462097 -0.0024467378642362217 0.0042158301152955329
leaf_weight=816.18412491679192 4776.8404630273581 1531.6475328207016 15028.13017757237 1038.1873218417168 278.41435067355633 7773.0697785615921 4992.5635180175304 13739.100682675838 7265.4069663733244 3354.0945517122746 9517.9150662720203 199.23360450565815 1673.082674831152 7953.9801576286554 4179.3718949556351 5963.375083848834 386.92582727968693 273.70512409508228 1308.6379115432501 8412.3413737118244 4193.6387911587954 25952.174746394157 7507.7058742493391 210.47642156481743 6123.4385669380426 5221.9418385028839 707.84465004503727 8061.8612569272518 2773.4474156945944 16987.372174277902 3772.7824899703264 6161.2875566333532 4778.6257882118225 4409.6352408528328 25111.959170758724 27068.256494984031 307.80659721791744 15225.266886562109 8509.0028182566166 1309.4535355418921 23326.802897289395 10720.517399474978 3760.4118986129761 4190.9896336644888 161.74744234979153 51617.23218126595 319.9812831133604 2680.2831265330315 17915.046004951 3100.2542379796505 8575.8888034969568 1332.1541415005922 2703.4002388119698 7243.3421896696091 12979.89619153738 1716.7359263151884 22135.027863264084 357.3286025673151 9925.9552250057459 125.97633083164692 450.22783595323563 801.64974729716778 534.53252670168877 3427.4573420882225 6400.4882701188326 3587.4490946382284 7558.7906477600336 1793.1298277378082 461.39468160271645 2355.1432212889194 28376.606485038996 172.98477759957314 3307.7977562099695 9564.3415016531944 3435.8399591594934 2309.5814419537783 28358.025543242693 356.65572257339954 13242.147914677858 31088.603314682841 324.49112372100353 2502.9041395038366 6564.0718859732151 182.9951451420784 15882.665450409055 514.49309599399567 1611.0083354860544 151.98906150460243 355.74080756306648 8259.4208519905806 26177.934164822102 2312.6215494722128 3202.1683008670807 2915.7249823063612 2888.1768049895763 7819.7002310752869 442.48432740569115 5875.761890232563 15408.553619712591 5169.3355768471956 2448.6579650193453 626.48307280242443 2412.7899308353662 5901.5670911818743 290.73700772225857 32456.761600062251 211.8819215297699 422.98634873330593 2675.4166191369295 2123.8459427654743 1964.9537014067173 988.23531092703342 500.37271057069302 8943.3829746842384 5695.3570381402969 315.14489452540874 4648.7210987210274 8461.4117967933416 2019.6250399798155 5248.4242886602879 4274.9933511763811 7392.7040818333626 687.34688395261765 14742.942044481635 13214.174162104726 946.73914122581482
leaf_count=3266 19130 6127 60117 4153 1114 31096 19977 54969 29066 13425 38082 797 6693 31819 16719 23859 1548 1096 5235 33651 16787 103812 30043 842 24497 20893 2832 32248 11096 67962 15093 24648 19119 17640 100481 108281 1232 60916 34037 5238 93309 42893 15042 16773 647 206481 1280 10724 71686 12402 34310 5329 10818 28983 51932 6869 88549 1430 39717 504 1801 3210 2139 13713 25607 14356 30238 7173 1846 9421 113518 692 13235 38261 13757 9247 113436 1427 52971 124358 1298 10012 26258 732 63532 2058 6445 608 1423 33051 104715 9254 12810 11664 11555 31283 1770 23504 61636 20678 9795 2506 9661 23611 1163 129836 848 1692 10702 8496 7864 3953 2002 35786 22784 1261 18596 33848 8079 20994 17102 29577 2750 58980 52858 3788
internal_value=0 0.00581239 -0.00736857 0.0093091 -0.00461991 -0.00728061 0.000939374 -0.0145193 -0.000468048 0.0149105 0.00640464 0.0088075 -0.0108256 0.00366666 -0.00274503 -0.016497 0.0195916 0.0205804 0.00614835 0.00530848 0.0121124 -0.00181632 -0.0208571 0.00423289 0.00447757 0.00208321 -0.00436261 -0.00176124 0.0106656 -0.0126949 -0.0143644 -0.00883014 0.0123888 -0.00832971 0.0133468 0.000669446 -0.00346708 -0.0139505 -0.00798765 -0.00101004 -0.0033048 0.00635679 -0.00593193 0.0264007 -0.0036478 0.00373691 0.0220287 0.0145866 0.0161535 0.0110387 -0.0077662 -0.00961388 0.0218585 0.0162405 -0.0151206 -0.0171596 0.00832021 -0.00217702 -0.0227976 -0.010999 0.00264217 0.0213229 0.0237244 0.00757657 0.00432546 -0.0250067 -0.00273807 -0.0191066 0.011702 0.00141869 0.00543405 0.000221006 0.00659665 -0.000711256 0.0223852 0.015672 -0.00289534 -0.0104503 -0.00334627 -0.00249604 -0.019068 -0.00213288 -0.00808898 0.00253134 -0.000996321 -0.00462763 0.0150877 -0.00512416 0.00922701 -0.0253939 0.00344672 -0.0115183 -0.00941627 -0.00384118 -0.0154511 -0.0131348 -0.00205955 -0.00880791 -0.00120205 -0.00289932 0.00279114 0.0071408 0.025912 0.000831172 -0.0107999 0.00344142 -0.0301991 -0.038657 0.000832746 -0.0126439 0.017791 0.0119893 0.0140557 0.014817 -0.00696683 -0.00961102 0.00255425 -0.00930357 -0.0171388 -0.00292878 0.00920668 0.0127801 0.00788234 -0.0156199 -0.001018 -0.00534684
internal_weight=0 470203 375303 273762 271097 165218 196442 104206 105879 93480.3 180281 94849.2 74594.6 98729.8 20127.5 80601.9 34972.7 33639 7763.84 78602.3 58507.6 97711.8 29718.1 41648.9 73609.7 45351.3 90623.2 93395 50565 59679.4 46211 24166 53200.3 12363.6 31169.5 40129.3 71309.4 50883.8 23458.1 86129.6 44286.3 19395.5 27087.2 14368.6 71001.6 85432.2 1358.17 36521.3 30533.2 12618.2 23604 3324.52 6057.49 19270.4 44920.4 31268.7 28258.5 8866.33 16043.5 2530.06 26402.4 7942.61 7140.96 16679 11640.5 13513.4 66457.2 1992.36 5240.02 41843.4 38324.4 9947.8 5988.08 9774.82 9591.78 18996.7 66178.8 13651.7 14915.2 58988.9 1264.97 57724 9249.97 2685.9 48474 17385.4 5038.47 3584.47 517.488 15979 28533.1 14591.8 12279.2 6117.89 42438.2 25450.8 58620 6608.98 52011.1 36602.5 8244.48 5795.82 6606.43 8675.01 6166.5 84074 7719.59 747.477 17199 2275.84 6155.94 1502.73 16687.1 16186.7 13468.4 13295 31717 12012.7 3551.27 13310.3 12483.9 8208.89 813.323 17631.1 14523.6 1333.66
internal_count=3382538 1881139 1501399 1095316 1084470 660932 785823 416929 423538 374095 721221 379471 298417 394961 80517 322502 139974 134638 31058 314444 234121 390862 118911 166612 294467 181421 362515 373593 202324 238753 184873 96675 212859 49459 124724 160528 285249 203591 93843 344527 177149 77600 108351 57524 284017 341750 5433 146129 122170 50484 94427 13299 24243 77114 179732 125112 113046 35467 64196 10123 105613 31797 28587 66730 46572 54073 265840 7970 20965 167378 153313 39795 23959 39103 38394 76018 264726 54620 59664 235963 5060 230903 37002 10744 193901 69543 20158 14339 2070 63942 114136 58376 49122 24474 169780 101818 234488 26437 208051 146415 32979 23184 26448 34707 24667 336317 30891 2990 68798 9104 24637 6011 66771 64769 53880 53193 126877 48054 14206 53242 49945 32843 3254 70535 58096 5336
is_linear=0
shrinkage=0.1


Tree=3
num_leaves=127
num_cat=0
split_feature=28 18 10 10 10 26 10 26 9 26 45 39 37 44 39 5 41 45 10 17 5 20 22 22 0 38 38 38 25 33 16 37 33 38 38 22 33 39 5 10 20 46 26 39 38 38 44 39 17 25 38 37 37 37 38 38 37 44 41 46 17 46 3 38 22 25 38 38 9 16 37 4 37 37 37 0 44 31 44 39 28 8 10 0 45 26 44 41 17 44 22 26 39 22 39 37 16 8 25 22 39 25 44 37 45 44 0 10 15 41 37 37 41 22 39 37 26 8 22 25 5 12 37 46 3 14
split_gain=2821 802.94 511.635 265.865 156.291 143.279 141.627 202.175 176.124 138.949 102.897 100.568 96.9076 92.8841 86.3552 81.0377 84.8525 79.3723 77.8472 68.9256 65.514 83.6352 77.9012 61.2873 59.0609 58.4576 57.7111 57.1545 56.2769 56.0418 55.476 57.8281 54.4262 50.0122 47.7702 47.4315 45.191 43.7174 43.5118 42.804 42.5803 42.4323 42.0588 41.7749 44.3295 41.6891 41.5531 40.936 64.6925 40.8169 40.5492 75.7585 44.2123 40.3644 40.0862 72.6921 39.9183 38.2762 38.2143 37.9757 37.9437 37.4625 37.0794 37.0537 35.6144 43.5757 37.5592 35.5816 35.5421 44.9163 35.3781 35.333 35.1459 34.6885 33.7619 33.5973 33.8684 33.3355 33.298 33.1519 41.3346 32.9579 32.2103 32.1271 36.6974 33.8476 31.9714 31.4534 31.4157 31.1346 30.9152 30.6396 30.6342 30.5996 30.4467 101.052 30.4118 31.072 30.353 30.2039 30.1695 41.7607 30.119 29.9184 30.7255 29.9083 44.7629 32.225 29.9056 29.7607 36.3411 31.7776 29.7441 29.6488 29.5423 29.5212 29.4282 29.3627 29.2903 29.1175 29.0438 28.9761 28.8158 33.2321 28.7899 28.6875
threshold=0.00067948061041533958 -0.0013784794718958435 33.496044158935554 65.11267471313478 58.028535842895515 0.71071267127990734 40.727741241455085 0.68116700649261486 0.0001180348153866362 0.12937878817319873 32.500000000000007 5.5000000000000009 6.7000000476837167 -0.39499999582767481 5.5000000000000009 -0.0026859781937673684 3.8649998903274541 44.500000000000007 44.078969955444343 0.0021899671992287044 -0.04408468306064605 -0.0019094226299785075 40.018459320068366 59.449333190917976 7.4054880769836026e-06 1.5000000000000002 1.5000000000000002 13.500000000000002 0.048902258276939399 0.0026451193261891608 0.0038910285802558069 6.2666666507720956 0.0062628581654280433 19.500000000000004 6.5000000000000009 58.832904815673835 -0.0060226828791201106 5.5000000000000009 0.0041881839279085406 31.691050529479984 -0.00044584597344510252 4.5000000000000009 0.68116700649261486 5.5000000000000009 22.500000000000004 1.0000000180025095e-35 -0.095000002533197389 4.5000000000000009 -2.4790387215034567e-05 0.038883123546838767 20.500000000000004 7.8999998569488534 7.8999998569488534 0.26666666567325598 16.500000000000004 9.5000000000000018 7.8999998569488534 -0.064999999478459344 4.9500000476837167 -3.4999999999999996 -0.0037449338706210251 -3.4999999999999996 0.00019484425138216468 14.500000000000002 40.358524322509773 0.033986642956733711 2.5000000000000004 19.500000000000004 9.8764416179619743e-05 -4.0745037495071293e-06 7.8999998569488534 -0.044850617647171014 0.733333319425583 2.5000000000000004 7.7999999523162851 -7.884762908361152e-06 -0.13499999791383741 -0.0057163804303854695 0.35500000417232519 5.5000000000000009 -0.0033309778664261098 0.0010017757886089387 23.824980735778812 -0.00016612937906756994 76.500000000000014 0.23212964087724688 -0.39499999582767481 3.9850000143051152 0.00025869342789519584 0.074999999254941954 52.127664566040046 0.7069908380508424 4.5000000000000009 37.232599258422859 4.5000000000000009 5.9666664600372323 3.9731654396746314e-05 0.0007756462146062405 0.077923960983753218 65.775192260742202 1.0000000180025095e-35 0.010318437591195108 -0.074999999254941926 5.0666668415069589 33.500000000000007 -0.28499999642372126 0.0005294744041748346 45.195650100708015 0.65427541732788097 3.8850001096725468 1.2333333492279055 4.0666668415069589 4.5750000476837167 76.881793975830092 1.5000000000000002 6.8999998569488534 1.029943645000458 0.00046325435687322175 65.775192260742202 0.0060642524622380742 -0.01385735673829913 0.00021475675021065402 0.53333333134651195 2.5000000000000004 -0.0046567213721573344 0.0040615494363009938
decision_type=2 2 2 2 2 2 2 2 2 2 2 2 2 2 2 2 2 2 2 2 2 2 2 2 2 2 2 2 2 2 2 2 2 2 2 2 2 2 2 2 2 2 2 2 2 2 2 2 2 2 2 2 2 2 2 2 2 2 2 2 2 2 2 2 2 2 2 2 2 2 2 2 2 2 2 2 2 2 2 2 2 2 2 2 2 2 2 2 2 2 2 2 2 2 2 2 2 2 2 2 2 2 2 2 2 2 2 2 2 2 2 2 2 2 2 2 2 2 2 2 2 2 2 2 2 2
left_child=1 3 11 5 9 29 8 15 24 12 60 30 18 32 20 16 86 81 46 27 41 -22 49 47 75 -25 -10 35 50 -1 31 40 90 64 53 -7 -36 125 -16 -28 59 109 45 44 72 -24 61 122 87 67 51 57 91 -17 55 77 89 -27 71 -2 -6 -4 113 -13 65 66 -20 -23 69 -55 92 -32 -29 -18 -75 76 -3 -12 -38 80 -19 -5 -60 84 85 119 -8 -49 -40 -46 98 -52 93 -33 100 -96 97 -31 108 -70 105 -102 -90 104 -67 106 107 -47 -11 110 -15 -112 -56 -41 -103 -43 -91 -82 -30 -61 -51 -57 123 -9 -62 -14
right_child=2 6 4 17 10 19 7 23 26 13 54 63 37 14 38 34 73 79 33 -21 21 22 42 25 -26 28 39 43 118 96 58 70 -34 -35 36 -37 78 -39 88 62 -42 115 -44 -45 56 94 -48 48 -50 120 52 -53 -54 68 112 121 -58 -59 82 83 124 -63 -64 -65 -66 103 -68 -69 99 -71 -72 -73 -74 74 -76 -77 -78 -79 -80 -81 117 -83 -84 -85 -86 -87 -88 -89 102 116 -92 -93 -94 -95 95 -97 -98 -99 -100 -101 101 114 -104 -105 -106 -107 -108 -109 -110 -111 111 -113 -114 -115 -116 -117 -118 -119 -120 -121 -122 -123 -124 -125 -126 -127
leaf_value=0.00028032956592695667 0.011133810710718681 -0.060755636957014025 0.010599655204929923 -0.02205711707280858 -0.031651969993177986 -0.0077896337411948458 0.0012377092115859341 -0.019160065121212745 -0.0071716256497872683 0.013536865922403394 0.012656497653319002 0.032676638015209224 0.0066162662798195633 0.0077445903936340212 0.013251113037394438 -0.025648460849119273 0.0009481541514838889 -0.013409124755491712 0.01997313625897244 0.012717564751200772 0.0094075205177827272 0.0081787150158905992 -0.0095051904210746579 -0.019694050993767909 0.023692698348407405 -0.011975457278131065 0.017561747182455987 -0.016207922602297652 -0.0072227250351214068 -0.016566269007454601 0.047035971119293946 0.018581161659583831 -0.011601986173314224 0.01743914919010604 0.012718279448795618 -0.014923150162507753 -0.0015678053096323267 0.016459309848493649 -0.0031328531872880658 0.0024663823157105268 0.0022404659863768449 0.0091815085083032325 -0.013525526019071366 -0.017204696200692111 -0.0059067454998362008 0.043160900365711519 0.011800779655513191 -0.023915639224692128 -0.0020590472226329534 -0.0072287676931250934 0.016619535345835431 0.032088844958894983 -0.05835432105139679 0.028888818965052993 0.00035631588538086439 -0.0040575756942421637 -0.054261604104626653 -0.0053109035604878225 0.077511402204526972 0.052806877804344898 -0.024703918971736943 0.023324185315283477 0.0097207318612832494 0.017664061926438327 0.00060577522885028531 -0.0095113473947768552 0.0085456803960067603 0.022286843559299156 -0.0058162315347017419 -0.015282088493699287 0.031464880809591304 0.013264905735031536 -0.0038911100644697912 0.0081665527567637963 -0.011905966927678525 -0.016072108454796417 -0.023224319456410382 -0.0011713914046701298 0.0070758886966836134 -0.020136792844617946 -0.014269175604406029 -0.014978742350031904 0.027247152896017618 0.013447588758719105 0.003712689061173842 0.017840526373486962 -0.0085336827890692257 -0.010016117652427908 0.024050216991806161 -0.019911738737843975 0.00068998784150117482 -0.015620430270794187 -0.0060465087468043605 0.0044816948751040617 0.011904451000259985 -0.0094434630434854974 -0.001433944106804497 -0.006448049149086317 -0.010532981065632404 0.02931113052140177 -0.0051891726771066396 -0.003766709597953602 0.0046263393584992764 0.018016152441450974 0.005164849941943341 0.0034819086638040891 -0.031794008786140242 0.0075856821680427558 0.0041004559837036682 -0.0023418755401058353 -0.02542681932772442 -0.0080911910694014162 0.015343135901115315 0.047253506987876087 0.0030424824267992036 -0.015883967030730695 -0.064183161018446705 -0.0031267524299146161 0.0084558258334469054 0.026044001551450986 0.0110195659561713 -0.020149831350642598 -0.00083750099046565787 0.0038295368163136219 -0.0067377440762261577 -0.0028372959442305406
leaf_weight=25482.257611677051 10401.168591320515 431.88939718902111 3343.0399989634752 15589.495039239526 866.07785739004612 13675.614136755466 6790.2398080527782 1847.0127783864737 3251.8360269963741 20637.802314728498 3132.9269091188908 4277.2259890437126 4810.4708105623722 788.10954287648201 11975.768927842379 949.00945045053959 11201.64595490694 24736.922919735312 3460.9638503342867 1336.5799045115709 18523.774568289518 13354.25102865696 3575.5421984791756 3887.3663129657507 272.18037308752537 12567.363662466407 3317.7255239486694 2533.4252274334431 1848.1217579841614 3888.8897360563278 422.64395785331726 2072.7328163832426 1180.0668536126614 4705.647225022316 2601.8611024320126 29271.829546138644 48701.231098666787 1895.5836617052555 3639.3125193417072 18920.310009017587 2356.2497618347406 3452.4945930987597 2038.2829531133175 3786.7801826000214 1695.9833877533674 579.86591209471226 21228.792880341411 2099.5000551193953 12084.034850969911 2683.154772117734 310.9764269143343 491.66474297642708 232.88213972747326 667.50689087808132 2287.1901196241379 2495.1748909801245 272.63638363778591 27419.607597514987 269.38601693511009 435.47547835111618 1050.8456544876099 7514.6405620723963 13136.131610229611 2670.5880291163921 8017.6346789896488 2612.1271175146103 17022.631303668022 2063.95965282619 22543.731231927872 351.40987977385521 550.5866272598505 1160.4146084785461 27087.296068191528 26889.01271918416 864.91295829415321 1519.622442856431 542.4091507345438 3930.7622670978308 4905.6915836185217 4551.0699652582407 3272.4590930044651 11379.595462486148 242.03609657287598 8320.3402748554945 1106.8764202743769 7054.1659770458937 6606.2242751121521 7250.1664516478777 1069.0679341703653 789.03723593056202 2982.8610680401325 5658.9238716363907 1886.5223180353642 5980.4927874207497 8428.6767918020487 3008.9173659384251 8643.3376181125641 13822.69539257884 612.60163842141628 247.46453310549259 13477.159941092134 8436.4234612882137 3151.9676480293274 910.04005923867226 3142.8022500276566 11000.201227545738 144.98133718967438 453.96014806628227 4011.2073539793491 8550.8536647707224 1867.6760292798281 2437.329212859273 3145.5849676728249 148.97297368943691 26034.004607737064 543.89823314547539 185.43350900709629 8529.0494768172503 3353.9626534432173 6115.3025933504105 1292.2350319474936 2028.6811354607344 39638.071001395583 953.30689242482185 5897.787728279829 9647.9394047707319
leaf_count=101941 41637 1728 13380 62411 3465 54714 27163 7390 13010 82574 12534 17142 19247 3153 47924 3797 44811 99003 13850 5347 74117 53430 14304 15555 1089 50279 13279 10137 7393 15558 1695 8301 4721 18829 10408 117129 194820 7587 14560 75700 9428 13813 8154 15153 6786 2320 84961 8401 48341 10735 1244 1967 932 2671 9150 9982 1091 109697 1080 1744 4204 30081 52555 10705 32078 10451 68115 8258 90182 1406 2204 4648 108378 107565 3460 6080 2170 15725 19624 18221 13096 45553 970 33311 4431 28238 26427 29007 4279 3157 11934 22639 7552 23939 33719 12037 34577 55298 2451 990 53915 33750 12615 3641 12576 44006 580 1816 16047 34211 7472 9751 12584 596 104149 2176 742 34129 13417 24489 5170 8116 158564 3814 23594 38604
internal_value=0 -0.0048945 0.00683063 -0.00977516 0.00517642 -0.00716529 -0.00157121 -0.00245987 0.00384028 0.00587394 -0.00241543 0.0156558 0.00912869 0.00429459 0.00330249 0.000218261 0.00328436 -0.0148551 0.0107079 -0.00980216 0.0023828 0.00325255 0.00207195 -0.00544415 -0.0205385 -0.00786626 0.0055794 -0.0101817 -0.00698006 -0.00306352 0.01404 0.0133196 0.00943884 0.00775731 -0.00176421 -0.0126516 -0.000152124 0.0021801 0.0094567 0.00674665 0.0152333 -0.00329197 0.00064821 -0.00726359 -0.00610756 0.00103269 0.0143744 -0.00332925 -0.00689153 0.0077378 -0.00807949 -0.00692577 -0.0156085 -0.005424 0.00194612 -0.00137687 -0.0178127 -0.00740548 0.0299585 0.016149 -0.0119148 0.0194063 0.0056325 0.0269061 0.00646177 0.00819119 0.0104765 0.0100673 -0.00461791 0.0136549 0.00679042 0.0222811 -0.00494455 0.00564525 0.00754102 -0.0253658 -0.0398613 0.00496163 -0.000776801 -0.0120884 -0.011086 -0.0190704 0.0537233 0.0184139 0.0212226 0.0226471 -0.00358088 -0.0131373 0.00367566 -0.0140914 0.0103179 -0.013941 0.00542364 0.0081106 0.0015592 0.0062884 -0.00629666 -0.00866968 0.0114548 -0.00543482 0.000659582 -0.000469364 0.00954585 0.0011677 -0.00149659 0.00510413 0.0202421 0.0275396 0.0120013 -0.00594632 -0.0119978 -0.0156121 0.00903371 0.00281627 0.00137597 0.00577017 -0.0283362 -0.00621645 0.00288578 0.0278231 -0.00129699 -0.011274 -0.0015301 -0.0113338 -0.00945478 0.000308007
internal_weight=0 495034 350466 200530 295144 132472 294504 252963 41541.1 270309 24835 55322.2 88312.3 181996 152572 133320 52352 68058.6 71958.3 80634.6 132736 115095 96571.6 119643 2766.1 55770.9 38775 79298 51883.5 51837.2 48374.4 46279.9 29424.5 39871.8 80967.9 42947.4 56208.8 16354 19836.1 35523.1 35789.6 17640.4 77178 36350.6 32563.8 75139.7 32086.5 63872.1 21433.7 19393.6 46681.4 40478.6 6202.78 24759.1 17020.3 11587.5 2943.09 39987 2094.48 33433.3 7814.71 10857.7 32205.4 6947.81 35166.2 27148.6 20483.6 15418.2 23810.1 1018.92 10490.3 1583.06 29620.7 38955.6 27753.9 2493.92 974.299 7063.69 53606.9 41089.5 36538.4 26969.1 511.422 23032.2 14711.8 13604.9 13396.5 9349.67 7860.35 2670.45 28244.5 5969.9 9939.75 8053.23 71564.2 11437.6 26354.9 17711.6 25261.6 22791.2 60126.6 47947.6 4221.04 6664.97 5754.93 12179 1178.81 1033.83 24649 13644 5093.11 4305.01 5432.78 19069.3 34470.4 3996.39 974.471 11801.5 5202.08 6550.78 3975.39 4523.86 42438.4 2800.32 6948.63 14458.4
internal_count=3383001 1980592 1402409 802421 1180895 530008 1178171 1011964 166207 1081541 99354 221514 353400 728141 610414 533324 209426 272413 287962 322634 531036 460460 386343 478640 11067 223123 155140 317287 207568 207374 193667 185274 117727 159540 323898 171843 224852 65438 79378 142130 143278 70576 308750 145444 130291 300596 128422 255517 85749 77593 186758 161943 24815 99046 68091 46357 11776 159976 8393 133850 31263 43461 128851 27847 140711 108633 81965 61688 95249 4077 41996 6343 118515 155836 111025 9978 3898 28259 214444 164449 146228 107964 2050 92213 58902 54471 53590 37408 31454 10685 113006 23883 39792 32240 286292 45756 105433 70856 101072 91172 240536 191814 16894 26668 23027 48722 4716 4136 98621 54587 20376 17223 21734 76296 137899 15989 3899 47225 20810 26233 15905 18098 169768 11204 27798 57851
is_linear=0
shrinkage=0.1


Tree=4
num_leaves=127
num_cat=0
split_feature=28 32 10 10 32 38 32 26 16 20 26 43 15 16 42 39 16 38 10 30 28 45 41 43 26 19 37 40 26 16 39 43 45 31 33 39 10 5 43 9 15 45 33 25 2 24 38 16 37 37 10 37 45 42 46 37 31 45 26 37 28 44 20 4 37 16 5 38 37 43 44 10 46 45 44 41 39 38 5 33 45 37 20 44 38 4 43 16 7 30 33 34 44 38 44 31 5 7 27 44 26 9 5 28 32 1 41 44 9 16 4 30 7 44 37 46 7 37 31 44 41 15 10 9 25 38
split_gain=2364.1 634.849 535.647 316.394 169.308 133.096 122.05 110.399 114.17 105.216 101.092 97.6929 96.6413 91.7965 89.7986 80.7498 78.7821 72.0161 77.1502 66.9814 62.8229 60.4697 56.4028 59.2587 60.6195 55.4054 54.8479 54.3405 54.3147 53.7851 53.4012 53.1075 48.8636 48.6221 47.9225 47.6708 65.0808 47.0548 44.7033 44.1505 43.5866 42.8234 41.7502 42.4539 41.6568 41.2508 49.4089 40.9829 40.874 43.6384 40.5751 40.0617 39.671 39.5928 38.7477 38.1315 37.7409 37.1878 36.5808 46.9225 36.5761 36.4185 36.0024 35.6344 35.6163 35.36 35.1994 35.114 34.8154 34.6416 34.1884 34.133 33.8621 45.7807 33.9778 33.44 33.3363 32.805 33.8116 33.6167 50.412 32.8978 32.5615 32.5368 32.2984 32.2029 32.7589 31.8196 31.786 31.6716 31.5681 31.0847 30.9066 39.4256 67.0264 48.2426 31.0227 30.6584 30.5728 30.4356 35.9223 30.777 30.3955 30.1657 30.1254 31.3035 30.062 29.901 29.5753 30.8407 29.5608 29.5107 37.3271 35.744 29.4325 29.1084 29.0917 28.7079 28.7058 28.3205 32.6655 28.2056 28.1653 28.0539 37.0015 27.9725
threshold=-0.00054485080181621004 -1.0000000180025095e-35 60.598211288452156 36.705783843994148 -0.00011707805606420151 16.500000000000004 -0.00014213765098247674 0.23603441566228869 -0.00037309661274775857 -0.00043106582597829396 0.86377620697021495 -0.24499999731779096 0.15841336548328402 0.00026960608374793088 0.37500000000000006 5.5000000000000009 0.00020492202020250264 7.5000000000000009 58.742319107055671 -0.0066411595325916997 -0.003562355879694223 77.500000000000014 4.0850000381469735 0.47499999403953558 0.72899755835533153 -0.00072257811552844931 7.5000000000000009 1.5000000000000002 0.21970478445291522 -1.290506816076231e-05 5.5000000000000009 0.33500000834465032 62.500000000000007 0.00065124829416163277 -1.0000000180025095e-35 4.5000000000000009 43.165798187255866 -0.0084993820637464506 0.33500000834465032 0.00058181330678053211 0.059787046164274223 75.500000000000014 0.0048783777747303256 0.064854625612497344 -0.0057989577762782565 0.00086029974045231949 8.5000000000000018 0.00010145815394935199 1.3666666746139529 5.0666668415069589 70.906291961669936 0.86666667461395275 29.500000000000004 0.50499999523162853 -1.4999999999999998 5.7333333492279062 0.01701148692518473 64.500000000000014 0.19909538328647616 7.866666555404664 0.0017249323427677157 -0.30500000715255732 -0.00031511599081568415 -0.0041155992075800887 1.3999999761581423 -0.001464949222281575 0.0044153733178973207 2.5000000000000004 0.49999998509883886 0.36500000953674322 -0.5349999964237212 68.835494995117202 -15.499999999999998 55.500000000000007 -0.03499999921768903 4.0850000381469735 5.5000000000000009 16.500000000000004 -0.038267923519015305 -0.0017798289773054419 44.500000000000007 2.966666698455811 -0.0019582059467211361 0.78000000119209301 12.500000000000002 -0.0025647331494837995 -0.44499999284744257 0.0004600194661179558 0.0023351707495749001 0.00032449114951305097 0.0017040532547980549 1.0273592472076418 0.22500000149011615 13.500000000000002 -0.39499999582767481 -0.0067379209212958804 0.030105045065283779 0.0015715265762992205 0.004570040851831437 -0.31499999761581415 0.73990058898925792 0.0019722810247913007 -0.0040762128774076692 -0.0018648045370355246 -0.00072215302498079826 0.0013709096820093694 1.2050000131130221 -0.11499999836087225 0.00018038069538306448 1.2814630736102119e-05 0.0025881686015054588 -0.0010759840952232478 0.00014604827447328719 0.61500000953674328 7.7333333492279062 6.5000000000000009 0.0004341689200373367 1.1999999880790713 0.009464756119996311 -0.15500000119209287 5.2049999237060556 0.5186329483985902 50.687782287597663 0.0043810387142002591 0.026171127334237102 6.5000000000000009
decision_type=2 2 2 2 2 2 2 2 2 2 2 2 2 2 2 2 2 2 2 2 2 2 2 2 2 2 2 2 2 2 2 2 2 2 2 2 2 2 2 2 2 2 2 2 2 2 2 2 2 2 2 2 2 2 2 2 2 2 2 2 2 2 2 2 2 2 2 2 2 2 2 2 2 2 2 2 2 2 2 2 2 2 2 2 2 2 2 2 2 2 2 2 2 2 2 2 2 2 2 2 2 2 2 2 2 2 2 2 2 2 2 2 2 2 2 2 2 2 2 2 2 2 2 2 2 2
left_child=2 3 4 9 12 13 50 8 26 11 37 28 25 17 111 20 64 21 90 54 29 33 67 24 56 -1 32 34 41 57 99 47 63 -3 -22 61 -37 48 -32 -20 -18 -2 43 83 -30 62 -47 53 103 -50 89 -35 -49 58 -16 -55 -24 66 -7 121 -21 -9 -11 65 -12 84 70 97 -42 -33 -8 -72 73 74 -71 -36 125 79 107 80 -63 -81 -74 -39 -5 -17 -87 -44 -84 -4 108 102 93 94 -13 123 -97 -14 -82 100 101 -15 -43 -6 105 -96 -62 -79 109 -19 -70 113 -113 122 -108 -56 -80 -118 -68 120 -111 -60 -10 124 -95 -46
right_child=1 5 6 7 10 31 15 35 14 45 16 92 22 30 19 85 40 18 39 60 27 -23 23 -25 -26 -27 -28 -29 44 -31 38 69 -34 51 75 36 -38 42 -40 -41 68 91 87 -45 76 46 -48 52 49 -51 -52 -53 -54 55 115 -57 -58 -59 59 -61 106 77 -64 -65 -66 -67 118 -69 110 72 71 -73 82 -75 -76 -77 -78 78 116 81 98 -83 88 -85 -86 86 -88 -89 -90 -91 -92 -93 -94 95 104 96 -98 -99 -100 -101 -102 -103 -104 -105 -106 -107 114 -109 -110 119 -112 112 -114 -115 -116 -117 117 -119 -120 -121 -122 -123 -124 -125 -126 -127
leaf_value=0.013926725913897618 0.024640379930548365 0.0010220381559401385 0.0030781518487609703 0.005400712249695099 -0.015990798161925935 0.014752722928411961 -0.0057324902008415949 0.0060871143886642894 0.0079193441747131242 0.020048344493693963 -0.020337551875113501 0.024878887345267536 -0.010694969981935675 0.0059108885600865227 0.015831800085180162 -0.0051340335519011997 0.0049029869228944542 0.0014894300555584406 -0.0047118617310967868 0.0098570849302362512 -0.0032229465903308957 0.01906799514914367 0.0012414030368993994 0.0071712312989026016 -0.0046120381790608787 0.001890503404889908 -0.012072889013897971 -0.0032073415807388713 0.024796634975388726 -0.0050160824689727771 0.016762428801128226 -0.019275953504237379 0.0098611093740061384 -0.023895430025461798 -0.02269196616980923 0.012212103455277705 0.0030260156470425033 -0.0042831297861483297 -0.0023013094214571232 -0.018512125766045169 -0.020138640964373591 -0.018917415893806737 -0.013557715309886396 0.011639592070227453 0.0027437815314510466 -0.0047147468488689696 0.012421451001398201 0.018205526179294954 0.0053379907697164086 -0.0032733108671548147 -0.015052292709202442 -0.0046480171504813582 0.0071649635237774085 0.0017462998895969963 -0.018979164181031623 -0.015764973759978058 0.015562332243556298 -0.010636903840795265 -0.0046237660011712737 -0.042034022301918668 0.0053571365754358372 -0.0053629904097765458 -0.024334350271086394 -0.0063529430588190969 -0.010836310673494928 0.005867356142809723 -0.011384591100372932 -0.0039176220880276632 0.005914972237586847 -0.02208879775787588 -0.017656143578320054 -0.028223671656286087 0.017917865322543965 -0.068085929995561623 0.0083085050972894932 -0.011661836850810577 0.025301680789610943 -0.033252640856244874 -0.0018413663836466931 -0.0076810726528230792 0.0048126077766452394 -0.00015721281414994467 0.0015186769869352074 0.038263429215962028 -0.014236214242772261 -0.031011734227887472 -0.018611229967510523 -0.0028053927570077103 -0.032349522663715526 -0.0056960754296121107 -0.011276449200100182 0.033781443659661611 0.016785311290025067 0.027514803568883767 0.011881448156702527 0.00015227301898622435 0.015709582685553204 -0.037005093887028696 0.022520827327552614 -0.00072438783667862704 -0.016027983131192806 0.027117869390741896 0.023818580065311592 0.00051094481444769163 -0.0029004545570512855 -0.033281898125737883 0.023838012255885364 -0.0019194336417084367 -0.0018540424322190698 -0.025200599251458695 -0.0066097395378808535 0.032099876303884563 0.0028699722890714549 0.034271981211334145 -0.0044721303946006112 0.021627625466975886 0.034841657290762031 0.0075929794760127281 -0.019533974956366378 -0.013558381485257079 -0.084834305688988476 0.0072410191743266447 0.015333644590694962 0.052729912173881899 0.0061658702463012367 0.013541169574290296
leaf_weight=6799.1970710903406 13142.475943803787 27858.506356820464 6649.1452117264271 1508.3699207901955 2511.2814079970121 3672.7670087814331 1419.1056946367025 16522.446387246251 29832.639056891203 228.48630355298519 4732.5191522538662 3683.7241604477167 2560.6276178210974 6973.4744299501181 861.78510338068008 1375.4168664515018 3832.2708039283752 710.16484273970127 3488.1367781758308 3620.6652444005013 5472.3257370591164 1512.9971872866154 21809.789872348309 10372.836398661137 24824.401123270392 8741.4440938681364 2172.200588837266 13348.389264762402 3141.5301983803511 6414.6227740049362 4056.3310963958502 948.78358142077923 10748.794355154037 1197.0280354619026 3505.6825446635485 12471.366584166884 20211.410145759583 47487.326293185353 1765.3931497186422 6912.1458880603313 1751.455129519105 556.35085646808147 8386.8753731399775 1772.4234430789948 3632.2205315232277 2946.3993828296661 3922.6829246580601 4355.2560759037733 13845.052594095469 10235.249499127269 2938.7941038459539 11194.571164101362 12877.49865911901 4062.6557169407606 1007.1254612952471 1792.009750187397 2009.7995871156454 15210.790795713663 2708.660947740078 224.71101179718971 1076.3807204961777 5242.4958070218563 913.46466605365276 4454.6232227087021 23720.715604320168 14115.999720603228 13931.91097548604 23545.096666768193 2061.3811157345772 788.08174239099026 7253.886181384325 5282.2858633548021 1210.8091180175543 138.23186138272285 689.41258622705936 12726.572815209627 1612.0698284506798 370.90973745286465 3526.2693303227425 9636.005768597126 10040.116698905826 14642.100622653961 10078.640911951661 180.42355892062187 1883.4921319931746 2703.2506818175316 10052.157839015126 4096.6214566081762 284.94401322305202 10789.319459810853 5078.9919833093882 258.69243180751801 7803.8274295032024 1238.1121516376734 14058.309700533748 9067.1643682122231 1492.7992839217186 535.52500133216381 1079.8124805688858 31034.81034989655 677.13661605119705 758.79758436977863 237.46009889245033 1982.1458937674761 1646.4028029590845 155.1628702878952 10672.531005755067 1702.6192693114281 26389.787102773786 257.16909193992615 21952.581656619906 453.49709978699684 11928.163225829601 577.40436127781868 380.32132335007191 214.05002717673779 400.66214588284492 11050.113298848271 6266.5334680229425 750.63903217017651 142.89439070224762 7697.6368787586689 6186.0034707784653 192.190175101161 2357.9371399581432 7068.8215827643871
leaf_count=27212 52707 111456 26601 6036 10048 14695 5683 66106 119399 915 18945 14755 10247 27900 3449 5508 15331 2841 13955 14486 21899 6053 87246 41495 99308 34972 8691 53421 12596 25677 16236 3796 43017 4790 14034 49909 80860 189990 7066 27657 7010 2231 33557 7091 14541 11792 15702 17426 55388 40948 11765 44783 51524 16253 4031 7169 8041 60894 10836 899 4307 20974 3656 17824 94935 56492 55788 94188 8247 3153 29038 21160 4845 553 2758 50935 6467 1484 14107 38549 40167 58576 40321 722 7537 10828 40266 16389 1140 43166 20318 1038 31250 4957 56298 36304 5977 2143 4321 124160 2709 3036 952 7930 6591 621 42735 6812 105573 1029 87840 1815 47729 2311 1522 857 1603 44210 25093 3003 572 30794 24752 771 9442 28305
internal_value=0 0.00471409 -0.00593028 0.00763758 -0.00325316 9.60978e-05 -0.0112646 0.00559301 0.00795169 0.0130118 -0.00540219 0.0142319 -9.86244e-05 -0.00160018 0.0103728 -0.0126395 -0.00865935 -0.00352814 -0.00636447 0.0164486 -0.0115455 -0.000558239 -0.00141489 0.00030918 -0.00115408 0.00715648 0.00331465 -0.008228 0.0186201 -0.0136303 0.00204112 0.00440045 0.00433646 -0.00129599 -0.0113157 0.00334912 0.00653132 -0.00331284 0.0109815 -0.0138837 -0.00504736 0.023086 -0.00486179 -0.00355704 0.0145182 0.0021453 0.00507111 0.00637456 4.39908e-05 0.00167779 -0.00418237 -0.00650732 0.00995526 0.00331355 -0.000403942 -0.00361359 0.00244974 -0.0147497 0.00614889 0.00317646 0.0186774 0.00194772 -0.0154541 0.00163261 -0.0124166 0.00366442 -0.0165814 -0.00523413 -0.00652734 -0.000820193 -0.0204436 -0.0221089 0.000507355 -0.0130538 -0.00790513 -0.014044 0.0118958 0.000762219 0.00444373 -0.000782343 0.00272099 -0.00314344 0.00240043 -0.00412209 -0.00550362 -0.0196717 -0.0212393 -0.0100292 0.00058748 -0.00235053 -0.00401815 0.00367718 0.0111115 0.00980508 0.0127275 0.00582451 0.00235152 -0.0152457 0.00653218 0.000721577 0.00605789 0.00799201 -0.0061334 -0.00871153 0.0099051 0.0113884 0.0213103 -0.00752427 -0.00271323 -0.0148978 -0.00553461 0.00816062 0.00394056 0.0095884 0.0228639 -0.0118615 0.00610066 0.00854641 -0.0139129 -0.0250113 -0.0465005 0.00415273 0.00919271 0.0155057 0.0135163 0.00987625
internal_weight=0 470236 375087 287947 249747 182289 125340 208590 101694 79356.3 148548 71345.3 101199 130759 66810.6 104963 58050.9 85493 43729.9 17832.9 90832.1 41763.1 85658.1 59016.8 48644 15540.6 34883.5 35053 29649.6 55779.1 45265.9 51530.1 32711.3 40250.1 21704.6 106896 32682.8 90497.4 5821.72 10400.3 29597.7 14195 61923.7 49440.2 15454.6 8011.03 6869.08 37391.2 28573.7 24080.3 20377.3 12391.6 17232.8 20158.4 2082.96 5854.67 23819.6 49364.5 14303.8 10631 15749.9 74213.6 1141.95 21962.5 28453.2 17507.9 34153.7 26641.2 25765.4 14138.9 13955.3 12536.2 13190.1 1615.73 1477.49 16232.3 12313.1 57691.1 17050.6 40640.5 16362.4 24278.1 11574.4 47667.7 3391.86 14130.8 12755.4 12483.5 10363.6 17438.5 33329.6 1052.5 41695.6 33891.8 19543.6 14348.2 10560 3096.15 11119.9 39444.2 8409.41 7732.27 793.811 4493.43 15859.9 14213.5 12129.2 2073.53 28250.7 1860.87 24014 48977.7 12381.7 36596 11052.9 1221.18 14977 11450.8 20198.4 1150.7 400.063 10406.3 36018.6 3788.24 3596.05 10701
internal_count=3382814 1881835 1500979 1152536 999223 729299 501756 834668 406990 317868 594371 285803 404852 523137 267393 420224 232308 342030 174948 71387 363622 167082 342668 236090 194595 62184 139597 140289 118837 223333 181107 206162 130906 161029 86868 427678 130769 362063 23302 41612 118428 56928 247749 197803 61909 32065 27494 149596 114314 96336 81532 49573 68950 80646 8337 23422 95287 197656 57224 42529 63050 296909 4571 87889 113880 70065 136762 106578 103097 56566 55881 50198 52770 6464 5911 64969 49313 230803 68216 162587 65462 97125 46306 190712 13573 56602 51094 49946 41461 69767 133336 4221 166966 135716 78265 57451 42281 12390 44488 157805 33645 30936 3183 17978 63510 56919 48564 8296 113018 7445 96087 196006 49544 146462 44257 4888 59920 45813 80881 4604 1601 41630 144151 15170 14399 42846
is_linear=0
shrinkage=0.1


Tree=5
num_leaves=127
num_cat=0
split_feature=28 32 10 10 32 43 22 16 39 45 15 29 16 39 17 43 28 44 19 39 16 45 13 38 22 43 28 5 25 45 37 41 41 34 42 8 46 10 44 39 15 44 26 32 45 42 18 40 11 38 39 44 5 0 29 5 43 37 24 37 16 25 32 2 40 38 37 38 43 11 39 46 44 46 37 44 39 44 2 15 3 2 24 26 37 44 45 37 20 43 7 37 44 43 37 37 39 26 37 37 24 37 28 3 26 26 38 37 24 37 37 38 22 22 37 16 22 8 45 10 44 46 32 41 43 38
split_gain=1894.28 473.122 408.543 285.388 186.559 95.8326 94.5452 90.1739 88.6264 88.2513 85.6681 85.0705 82.5157 78.673 70.1075 69.6695 83.285 66.8841 65.8836 64.2117 61.4631 57.2322 54.0578 53.0118 52.6486 51.5812 54.9919 58.1051 55.4169 50.6802 46.5735 46.5689 45.8399 44.3874 44.1854 43.5408 43.4444 41.9358 41.8471 41.4053 41.4016 41.2294 41.2018 41.0483 40.6519 57.1042 53.0013 43.969 53.1388 43.4776 54.7068 39.5142 41.6322 39.5125 39.1463 39.064 38.6944 38.0656 38.0477 37.2987 36.7511 36.6163 47.2018 36.4808 36.1977 35.5726 45.1275 44.8813 39.2915 37.7645 35.4499 35.1389 35.005 34.8768 34.2988 36.3431 38.3199 33.5757 68.1999 54.4469 37.9473 33.5725 40.111 33.4922 32.9419 38.5598 34.6161 32.9243 32.615 32.6082 32.4267 32.2901 32.017 31.9954 37.7749 31.5627 31.3441 37.6848 31.1532 50.305 38.2355 30.9597 34.6933 30.6894 30.5084 35.2269 30.3942 36.022 30.2514 30.3944 33.6241 30.0522 35.5301 29.9123 29.8008 29.3961 29.1867 28.9491 28.8843 30.3222 28.759 28.7463 28.6624 28.5918 28.2891 38.5016
threshold=-0.00054485080181621004 -0.00039654663123656059 63.650041580200202 39.068363189697273 -0.00011707805606420151 0.33500000834465032 59.608070373535163 0.00017064029088942337 5.5000000000000009 41.500000000000007 0.15841336548328402 0.0085582062602043169 0.0014603064628317954 5.5000000000000009 0.00092646791017614316 0.10500000044703485 0.0031237532384693627 0.60500001907348644 0.00051591888768598448 2.5000000000000004 0.00011665823330986315 13.500000000000002 -0.00024165155627997589 17.500000000000004 47.396644592285163 0.37500000000000006 0.0030524503672495489 0.0034793812083080415 0.0064922831952571878 58.500000000000007 7.7333333492279062 4.1050000190734872 4.2249999046325692 0.056197004392743118 0.50499999523162853 0.0012341865221969785 -35.999999999999993 78.78165435791017 -0.10500000044703482 5.5000000000000009 0.94417157769203197 -0.074999999254941926 0.79959237575531017 0.00061774713685736071 12.500000000000002 0.25499999523162847 0.0031062487978488211 1.5000000000000002 -0.0033495879033580418 7.5000000000000009 1.0000000180025095e-35 -0.21499999612569806 0.029469716362655166 -0.00029845489189028735 -0.0019405685015954075 -0.045207060873508446 -0.64499998092651356 0.26666666567325598 0.0066486829891800889 0.86666667461395275 -0.00021123632905073461 0.011795298196375372 -0.0032896886114031072 -0.0053559271618723861 2.5000000000000004 13.500000000000002 7.8999998569488534 20.500000000000004 0.16499999910593036 0.00069116690428927552 4.5000000000000009 6.5000000000000009 0.5249999761581422 36.000000000000007 0.733333319425583 0.16499999910593036 5.5000000000000009 -0.024999999441206452 0.00056154001504182826 1.0300021767616274 0.00010919638225459495 -0.0020286636427044864 0.0040256180800497541 0.1815326660871506 4.3333332538604745 -0.074999999254941926 22.500000000000004 7.4333331584930429 -0.0049436483532190314 0.7749999761581422 0.0045489026233553895 7.8333332538604745 -0.12499999627470969 -0.38499999046325678 7.7666666507720956 7.7333333492279062 4.5000000000000009 0.46187864243984228 2.1333333253860478 4.7333333492279062 0.013821915723383428 0.733333319425583 -0.0036435479996725913 -0.0048688673414289943 0.4490539431571961 0.71416136622428905 5.5000000000000009 0.53333333134651195 0.0040477039292454728 4.7333333492279062 4.0000001192092904 1.5000000000000002 39.658710479736335 23.798299789428714 7.8999998569488534 0.00012686380796367305 39.839653015136726 0.00054724488290958117 63.500000000000007 25.153415679931644 1.0000000180025095e-35 -1.4999999999999998 0.0018736945930868389 4.2249999046325692 -0.43500000238418574 17.500000000000004
decision_type=2 2 2 2 2 2 2 2 2 2 2 2 2 2 2 2 2 2 2 2 2 2 2 2 2 2 2 2 2 2 2 2 2 2 2 2 2 2 2 2 2 2 2 2 2 2 2 2 2 2 2 2 2 2 2 2 2 2 2 2 2 2 2 2 2 2 2 2 2 2 2 2 2 2 2 2 2 2 2 2 2 2 2 2 2 2 2 2 2 2 2 2 2 2 2 2 2 2 2 2 2 2 2 2 2 2 2 2 2 2 2 2 2 2 2 2 2 2 2 2 2 2 2 2 2 2
left_child=2 3 4 8 10 7 17 11 12 19 22 18 44 23 65 16 30 20 24 38 34 88 -1 36 77 -7 27 41 -29 40 60 96 33 -28 114 -21 -9 59 -4 57 106 104 93 95 63 46 -46 48 -47 50 -49 52 -41 -19 -15 -10 -14 -36 -37 -26 61 62 -5 -2 103 66 68 74 72 89 -30 108 -8 121 -67 76 -76 78 79 118 -79 82 -57 -38 86 -86 120 117 -17 -70 123 -16 -90 -33 -95 -11 98 -98 100 -100 -12 -22 -103 -52 -27 -106 107 -13 109 110 -18 112 -62 -58 -6 -32 -34 -35 119 -3 -40 -43 -60 -44 125 -45
right_child=1 5 9 15 6 25 14 13 55 43 31 29 56 54 91 21 71 53 -20 35 101 -23 -24 -25 37 26 32 28 70 -31 115 42 116 87 39 58 83 -39 84 51 -42 73 90 124 45 47 -48 49 -50 -51 64 -53 -54 -55 -56 81 113 -59 122 -61 111 -63 -64 -65 -66 67 -68 -69 69 -71 -72 -73 -74 -75 75 -77 -78 80 -80 -81 -82 -83 -84 -85 85 -87 -88 -89 92 -91 -92 -93 -94 94 -96 -97 97 -99 99 -101 -102 102 -104 -105 105 -107 -108 -109 -110 -111 -112 -113 -114 -115 -116 -117 -118 -119 -120 -121 -122 -123 -124 -125 -126 -127
leaf_value=0.011560725760630388 -0.020420634487141959 -0.035649145836738047 -0.015292928325169364 -0.026448689119921001 -0.0039838994260584298 -0.012947377834598747 -0.015473901336989596 -0.040141326541623522 0.0029307860519809529 -0.0035806480652875402 -0.0069204470396351699 0.044034379206471991 0.03425129153110755 -0.00072632179964073691 -0.0023131334762608361 -0.026864995589792603 0.017450660317404977 0.042721068791942617 -0.0094348827481868392 -0.022604567520150293 -0.0098654840130609836 0.002876962594408174 -0.00044257093726659635 0.0092327924058698899 -0.014184129223611307 -0.014980889888285727 0.0040688720030627587 -0.024418740385409518 -0.0098582757008065201 0.01250095396388517 -0.019858235045735861 -0.0018607262190399425 0.015092441855027273 0.038843748518859723 -0.039452295813884264 0.015549538907635403 0.0079127265762705731 0.039167109862173796 0.0007658963606524999 -0.042508321209551024 -0.01223576250647445 -0.0034478792657580077 0.025496693985101043 -0.018426793618509945 0.0041945133393632523 -0.018390588116685543 0.010691015857071251 0.032772398812481382 0.02061081693763207 0.014561999290152144 -0.0027647598919433229 -0.0086448558073944741 0.010879316163331744 0.0072843323707860235 0.016901568168299245 0.034854816789729452 0.034025357487324034 -0.0072087137626574097 -0.0005280324984827438 -0.0025293845976773529 0.031554683005884175 0.0048213183372685974 -0.0014411542092307233 0.0070880582909066021 0.0083591373391804398 -0.016240269976454683 0.027517152856222256 -0.013000808626214564 -0.0025735320671824522 -0.014713685502044322 0.0024341339975236798 0.016615706952687818 0.0022884468637077706 0.050554478435979926 0.0016672450766122681 -0.010439671393398808 -0.014655949060068264 0.0019712932622428861 -0.008590229491577046 0.066292735554114732 0.011734157267879262 0.014774862597567873 0.018954509763817268 0.00065437369735249593 0.015102069544910533 -0.017614205888557714 -0.0044465230710578471 -0.036864831919978941 0.0036032688524734752 -0.024755618265265164 0.044670673378427728 0.029081985059341366 -0.014291464763531575 0.0044479304402370787 -0.018024774947434818 -0.034222352069814277 0.011390103930431952 -0.011924671542816401 0.0060986676185833281 -0.0052033763791240993 -0.043654086048417529 -0.0053234854921646929 0.0022583338250459907 -0.030616313319386364 0.0072090216423019758 -0.030749740101647133 0.0013323324668180754 0.0090351487708892984 0.0068658368383972537 0.0067161834421549382 0.04761269045443129 0.0073176133290631289 -0.0066771556934995483 0.014314455626934489 -0.026557216070653995 0.010517401379969055 0.0021708273861767366 -0.0076472774994526208 -0.011955470593207618 0.0063814190998488481 0.034073838350513551 0.0052124288209859249 -0.019344585613875823 -0.0044696557655811439 -0.0089284566118620814 -0.0052540943129381328
leaf_weight=9113.9565532058477 886.93971729278564 175.26296688616276 8081.6411807835102 835.40434485673904 47445.834583878517 4570.3689871430397 20545.868700891733 245.42684209346771 1313.4944448173046 13952.691749513149 5830.3960796892643 327.6374447196722 1202.5833677500486 1528.4632746875286 13222.500767171383 800.43820530176163 2854.7783739715815 430.64464122056961 9192.2554162293673 12856.292339339852 3217.289510011673 62954.687930300832 6377.2981567084789 12553.619818404317 3045.594364091754 3045.5788383930922 6413.7931754589081 2038.4374075233936 8813.6332502812147 7164.0386153608561 1282.4933318942785 15070.459362715483 3656.5382665544748 138.21599318087101 378.42761437594891 473.95412786304951 7881.888437628746 230.16360579431057 517.32155954837799 1060.1782636493444 1744.8470055311918 7087.5649750828743 323.72538684308529 8129.1714592278004 24683.897389382124 364.14556862413883 25564.321826964617 428.5710187703371 8593.5913798063993 5136.7078210264444 880.72442904114723 1036.2708906084299 169.40532836318016 1168.1731973737478 7166.1037741154432 2801.7869588136673 820.2384892553091 11274.978486180305 1101.5764108002186 27906.699658945203 267.2300012409687 11105.534286782146 7820.0797947496176 1056.1393287032843 1089.4951211065054 2152.1465715318918 294.34488797187805 8314.4959996193647 9069.8013071417809 5240.5807433873415 3197.0887557715178 6870.0190903395414 1172.8386812061071 144.73071780800819 12041.225257247686 4744.929829955101 1633.2560238391161 11418.123388797045 6797.2664679884911 140.41109125316143 6112.7207767218351 4747.930334597826 3657.8397508859634 32864.07205529511 426.77978231012821 2311.0609707534313 2372.716643512249 380.14425131678581 2139.5432261675596 714.94718477129936 137.98081700503826 335.92324624955654 1876.9830619245768 27635.692954912782 768.79326918721199 344.46048992872238 762.40909615159035 7645.0932132303715 6929.3993801772594 9123.1901853382587 297.83482980728149 7975.1291571855545 24812.731255173683 718.29612453281879 1566.3111066520214 289.70390231907368 9384.0744502991438 2870.3266885280609 21288.644255965948 2498.9358859211206 424.56533363461494 31821.758625090122 2689.5978117287159 12546.017847985029 592.13966450095177 423.89976046979427 3349.1061680018902 4325.1742550879717 1065.2768446356058 8313.5474259257317 519.58753500878811 8346.2640654742718 3053.4805358499289 19355.475977063179 29644.822118833661 3051.8665638118982
leaf_count=36479 3551 702 32382 3343 189836 18285 82256 982 5272 55848 23329 1311 4831 6117 52901 3203 11438 1723 36779 51529 12874 251894 25516 50236 12187 12185 25663 8155 35259 28667 5131 60289 14631 553 1516 1899 31544 922 2073 4249 6982 28355 1295 32565 98823 1461 102408 1717 34441 20589 3531 4150 679 4674 28693 11252 3293 45120 4411 111642 1070 44434 31289 4228 4366 8619 1178 33284 36307 20985 12791 27515 4695 579 48194 18991 6539 45684 27194 562 24455 19047 14683 131483 1710 9259 9506 1521 8560 2862 552 1344 7510 110554 3076 1379 3050 30587 27720 36496 1192 31909 99260 2875 6266 1159 37547 11485 85240 10005 1701 127333 10761 50296 2370 1696 13400 17306 4262 33265 2082 33391 12237 77432 118736 12221
internal_value=0 0.00419337 -0.00533497 0.00711337 -0.00352447 0.0007455 -0.00551226 0.00201564 0.0113982 -0.0113483 -0.0002704 9.17252e-05 0.010228 0.00497969 -0.00808412 0.00449579 0.0063164 -0.00345906 -0.00150914 -0.0155511 -0.00379018 0.00207312 0.00661932 0.00354703 -0.000391816 -0.00275582 -0.00187351 -0.00422074 -0.00917358 0.00563362 0.00395586 -0.00140728 0.00256434 -0.0013879 -0.00569965 -0.0196102 0.00180577 -0.00335994 -0.0105631 -0.0106607 0.00219966 -0.000823148 0.000141054 -0.0089302 0.00879172 0.00920247 0.00749968 0.0141737 0.0190254 0.00890823 -0.000408725 -0.0230296 -0.0351529 0.0168293 0.0138027 0.0192466 0.0170699 -0.00825578 -0.011294 -0.00367617 0.00446484 0.0010211 -0.00385482 -0.00546859 -0.00569806 -0.009431 -0.0114824 -0.00680063 -0.0117948 -0.0078633 -0.00658621 0.0102287 -0.0145147 0.00169361 -0.00429468 -0.00289894 -0.000282369 0.00232853 -0.000910362 0.00447435 0.00537545 0.0211588 0.0258511 0.00205843 -0.00434521 -0.0125143 0.00221438 -0.00861374 -0.00843254 -0.00419432 -0.00363799 -0.00153529 -0.00475921 0.00186366 0.00383969 -0.0043189 -0.00461102 -0.00981044 -0.00264021 -0.000324639 -0.00870572 -0.000504377 0.000414176 -0.015276 -0.00882208 0.00128407 0.00420153 0.0126209 0.00860756 0.0150245 0.0213556 0.00642156 -0.00322187 0.015524 -0.00426215 -0.0123124 0.00891516 -0.00620761 0.00356584 0.00551364 0.0174563 0.00123542 -0.014356 -0.00397671 -0.0105451 -0.0148313
internal_weight=0 469938 375253 254447 288416 215490 179044 158128 96492.7 86837.4 109372 95888.2 83971.7 62239.6 79482.9 157955 90182.9 99561.2 74397.3 31714.4 97962.4 67771.7 15491.3 53545 65205.1 57362.7 52792.3 34529.3 14049.2 21490.9 56246 93880.5 18263 11257.3 61957.2 17485.3 40991.4 31182.5 14229.1 13919.3 14326.9 20480.2 63292.1 55123 69402.8 67459.8 50248.2 17211.5 8957.74 8253.79 3117.09 2265.85 1229.58 1598.82 8694.57 12521.1 14568.8 11653.4 4629.01 30952.3 54539.6 19761 8655.48 1943.08 2688.52 65924.4 37038.4 28886.1 36744 15025.3 12010.7 33936.9 21718.7 15578.6 20571.6 18419.4 13674.5 34022.6 16491.8 9694.5 17530.8 11207.6 6459.63 40746 6147.47 2737.84 3409.63 4843.53 4816.96 9784.75 19817.2 13558.4 4016.53 43474.9 28404.5 14297.2 30588.3 8407.5 22180.8 16052.6 6128.23 36005.1 32787.9 1599.02 4901.59 1856.02 12582 3197.96 27066.9 5778.28 3279.34 34778.6 2956.83 13366.3 48038 1706.39 7005.64 4463.39 9554.09 8488.81 1036.91 15433.8 4155.06 19679.2 40825.9 11181
internal_count=3382906 1880987 1501919 1018787 1154082 862200 716515 632701 386664 347837 437567 383646 336410 249055 318155 632123 360956 398360 297654 127088 391963 271167 61995 214245 260875 229499 211214 138140 56205 85992 225057 375572 73074 45043 247920 70076 164009 124751 57012 55714 57325 81935 253198 220749 277990 270211 201231 68980 35902 33078 12489 9078 4928 6397 34810 50254 58420 46636 18547 123829 218230 79066 34632 7779 10772 263910 148283 115627 147105 60154 48050 135899 86951 62325 82343 73724 54733 136124 65985 38791 70139 44982 25935 163027 24630 10969 13661 19380 19273 39169 79279 54245 16070 173919 113630 57227 122374 33637 88737 64216 24521 144043 131169 6406 19610 7425 50343 12796 108384 23144 13139 139164 11831 53589 192206 6827 28031 17859 38229 33967 4155 61746 16648 78727 163522 44786
is_linear=0
shrinkage=0.1


Tree=6
num_leaves=127
num_cat=0
split_feature=28 32 10 10 15 39 33 26 39 43 28 18 42 17 15 39 32 42 34 45 42 43 28 10 4 10 46 37 38 33 26 37 37 38 38 39 8 31 44 38 37 41 37 37 42 37 5 31 44 29 8 45 43 10 45 37 5 39 7 43 22 5 23 23 39 43 13 16 9 5 5 28 5 44 38 33 31 22 45 19 44 18 32 38 39 44 43 34 44 44 4 29 44 22 39 33 45 22 43 43 38 37 15 37 37 38 43 38 38 35 44 9 30 37 37 39 34 42 36 13 23 41 20 42 44 37
split_gain=1552.19 389.434 367.08 211.576 115.693 108.858 116.431 93.7282 84.6122 77.7913 72.7674 69.0254 68.5551 91.523 68.0328 61.482 61.014 59.6711 58.9347 69.1653 57.8343 56.2796 64.937 55.3025 53.6538 52.0223 50.6621 50.3922 49.6107 49.212 48.5906 48.0697 47.6157 47.4998 58.3197 63.8234 46.7661 44.5802 42.4934 42.1582 42.028 41.6969 41.6058 43.7038 39.5708 39.0879 38.8496 38.1486 37.3215 36.8297 36.6742 36.6548 36.1912 37.4452 35.5711 35.5622 36.6659 36.8541 35.543 35.533 48.3352 46.2266 42.1981 35.3433 37.1003 35.2881 35.2007 35.1771 41.4977 35.7782 35.1559 35.1068 45.3376 42.5686 35.092 34.8292 34.6296 34.9373 34.2163 39.2151 34.1122 34.1012 36.0264 33.3263 33.1174 43.7361 33.0172 36.7617 32.9878 32.8775 32.7197 32.436 32.2553 32.1434 31.8709 31.8348 31.329 31.1739 31.1334 31.0811 53.8218 43.331 38.3318 36.4739 30.7769 43.3503 30.7002 30.1979 30.1579 30.0303 30.0218 30.0116 33.8282 29.8663 39.4071 31.1524 32.3712 29.8654 29.7118 29.8641 30.3001 29.4571 32.2701 31.9117 56.1868 37.0203
threshold=-0.00054485080181621004 -0.00039654663123656059 59.481462478637702 40.575403213500984 0.15841336548328402 5.5000000000000009 0.0020268101943656807 0.78806933760643016 5.5000000000000009 0.33500000834465032 0.0014939588145352902 -0.0026371452258899804 -0.24499999731779096 0.0021099740406498317 0.94980412721633922 1.0000000180025095e-35 -0.0013167946017347274 0.014999999664723875 0.4172468781471253 37.500000000000007 1.0049999952316286 0.10500000044703485 0.0031237532384693627 70.326080322265639 -0.036830345168709748 25.153415679931644 -32.499999999999993 6.1666667461395273 16.500000000000004 -0.002390306093730032 0.67732685804367077 0.53333333134651195 1.6000000238418581 13.500000000000002 9.5000000000000018 1.5000000000000002 0.00050502267549745749 0.01238864613696933 0.60500001907348644 2.5000000000000004 7.7333333492279062 3.8649998903274541 2.1666667461395268 4.0666668415069589 0.014999999664723875 5.8999998569488534 -0.021589153446257111 -0.013724176213145254 -0.42499999701976771 0.0027095346013084058 0.0015245763352140786 13.500000000000002 -0.32500000298023218 71.53885650634767 12.500000000000002 7.8999998569488534 -0.04408468306064605 4.5000000000000009 0.001908430422190577 0.56499999761581432 66.835845947265639 -0.0087785609066486341 -0.00057411228772252787 -0.0003660191578092053 5.5000000000000009 0.37500000000000006 -0.00022571033332496879 0.00017064029088942337 0.00015291184536181393 -0.002250547986477613 0.0061941470485180625 0.0028508733958005909 0.00087838232866488408 -0.03499999921768903 19.500000000000004 0.003521573962643743 -0.010645966045558451 46.506265640258796 32.500000000000007 0.0005603284516837449 -0.03499999921768903 0.0011325402301736178 -0.011222868226468561 1.0000000180025095e-35 1.5000000000000002 0.22500000149011615 0.73000001907348644 0.027598243206739429 0.074999999254941954 0.46500000357627874 0.0049065088387578734 -0.0043488985393196336 0.34499999880790716 40.018459320068366 2.5000000000000004 -0.0017260556342080233 68.500000000000014 37.66711616516114 -0.44499999284744257 0.034999999217689044 7.5000000000000009 4.4333331584930429 0.72204232215881359 0.13333333656191829 6.0666668415069589 22.500000000000004 1.0649999976158144 2.5000000000000004 4.5000000000000009 8.6705000285292058e-05 -0.074999999254941926 0.0013753086677752437 -7.2434933827025802e-05 0.76666668057441723 1.8999999761581423 4.5000000000000009 -0.71561262011528004 0.25499999523162847 -0.00015847499889787284 0.00023634635726921263 0.00015961657481966543 1.9499999880790713 -0.0017751076957210896 0.50499999523162853 -0.41499999165534968 5.4333331584930429
decision_type=2 2 2 2 2 2 2 2 2 2 2 2 2 2 2 2 2 2 2 2 2 2 2 2 2 2 2 2 2 2 2 2 2 2 2 2 2 2 2 2 2 2 2 2 2 2 2 2 2 2 2 2 2 2 2 2 2 2 2 2 2 2 2 2 2 2 2 2 2 2 2 2 2 2 2 2 2 2 2 2 2 2 2 2 2 2 2 2 2 2 2 2 2 2 2 2 2 2 2 2 2 2 2 2 2 2 2 2 2 2 2 2 2 2 2 2 2 2 2 2 2 2 2 2 2 2
left_child=2 3 4 8 16 6 23 17 12 10 32 -11 41 20 25 80 39 59 50 109 27 22 40 30 -21 -12 58 81 38 -30 -4 -9 52 34 35 37 -22 88 42 -1 -5 -2 -19 48 49 74 93 -10 -44 -7 -15 113 53 92 -18 56 76 97 -27 60 61 111 -63 -47 -65 -13 106 69 -69 107 118 72 110 -74 99 -41 -29 -78 79 -16 -8 -14 -83 117 85 -43 -73 -88 -17 98 -36 -49 -3 108 -75 -57 -35 -58 -26 -28 103 102 -102 -101 -85 -106 -56 -34 -24 -20 -67 112 -6 -23 -115 -116 -117 -46 -37 -120 -121 122 -76 125 -125 -123
right_child=1 9 5 21 7 44 15 31 47 11 14 65 13 18 78 33 54 28 19 24 36 51 46 -25 89 26 45 55 29 -31 -32 -33 67 96 90 70 -38 -39 -40 75 -42 84 43 -45 83 63 -48 91 -50 -51 -52 -53 -54 -55 66 95 57 -59 -60 -61 -62 62 -64 64 -66 71 -68 68 -70 -71 -72 86 73 94 121 -77 77 -79 -80 -81 -82 82 -84 104 -86 -87 87 -89 -90 -91 -92 -93 -94 -95 -96 -97 -98 -99 -100 100 101 -103 -104 -105 105 -107 -108 -109 -110 -111 -112 -113 -114 114 115 116 -118 -119 119 120 -122 123 -124 124 -126 -127
leaf_value=-0.0073556071263351751 -0.054903025999450718 -0.010596265012493706 0.0006035108769633635 0.0039843148795181997 0.018835016175767164 -0.014345888875369438 -0.024035668174327611 -0.013956693362377884 -0.0036041165596324871 -0.018531104916527954 0.024887209979899627 -0.010414018886564765 0.00038300666242688675 0.014284837111201383 0.0070939019114409016 0.010901954103909497 -0.023243358543193208 -0.013111115564096122 0.0044376535341400635 0.053540782864125475 0.029353627803344242 0.01898356368850871 0.018310166681030273 -0.010733938643882633 0.037495796690179696 -0.0087340980045334284 0.0067944222919956018 -0.00053123791493541394 0.015142425688727168 -0.0018365630015022853 -0.0065790137914709798 -0.0049335216654675801 0.016617185796338831 -0.0079290106589926992 -0.02591938417459615 0.0061686619357593526 0.011365752003433463 -0.025966499791943817 0.017235372445660691 0.0064116491186416383 -0.012784807661547257 -0.0092641123693698989 0.013893580781922625 -0.0081113714282882356 0.04734952656561351 0.0035339386449236461 0.01231651414231625 0.0037422763668950062 -0.0029985860062638741 0.0033330746401084976 0.0034021212681423934 0.0022940468252905782 0.0013201302329974038 0.034179326631943126 0.005180128226033939 0.044199780300276985 0.015313578446383896 -0.012116901461607923 -0.062009226605609036 -0.0047511313976267861 0.016660014093997075 0.0074275689682362575 -0.0022857961813004474 -0.0089654783237426046 0.017342853148631897 -0.0070334218645198817 -0.0038828790888195438 -0.019934077654806755 0.0053927244966275913 -0.0029056971408597636 -0.0073839613032019502 0.0050191950781103426 0.002013648082369372 -0.016179391388694647 0.077488634205740092 0.01966597388882621 -0.060983958169818969 0.0018189658852356073 -0.0025428909663250151 -0.035261466046646761 -0.012538925846523982 -0.016227375408372918 0.009695073335735039 -0.027704475903807865 0.0064850399263372202 0.010000764799795005 0.0027228217384819048 -0.014793883843976506 -0.0066551645390465529 0.074344906883978032 -0.013792538480387355 0.019706488617518753 0.016360193659487311 -0.0063620945097050772 -0.0054708964691194345 -0.0027494965167221674 -0.00020563536307336816 0.00052887899581862308 0.018106350538320892 0.062060901994957035 0.0028184806396308053 -0.020657656811887439 -0.015912922668054316 0.0081255535546674116 -0.0056730403647191809 -0.049523032239226772 -0.03492283968014518 0.0015951580476949792 0.0045729984566442753 0.021524976203251753 0.0029976707830048485 -0.0012311261061296304 0.0053809733206667655 -0.032138433441464359 0.0015496711903968295 0.0090865399670818428 -0.0296088862058171 -0.013554276424468338 -0.013738439712491612 -0.0077576840443679268 -0.033173550663325245 0.009639109023409807 0.022490023029192254 0.02822769734763414 -0.018397864792163349 0.03343660189450906
leaf_weight=1185.5415265858173 125.3949571698904 9824.8545948565006 23473.736981198192 49856.73969142139 2277.995409488678 10859.670729681849 4387.5642135888338 6330.2153019011021 862.87691716849804 2550.9813229441643 1259.7114526480436 4287.8178604245186 4967.3291810452938 10394.661076024175 296.43579044938087 2831.2739432752132 615.08433566987514 8510.8631002604961 2429.554459348321 756.60830953717232 1847.0284678786993 394.16166596114635 1997.0111677348614 9636.4875679165125 1123.7900019288063 421.76821677386761 33139.457829624414 415.31863576173782 2023.3731223493814 10919.427689179778 15730.888883560896 87706.550967872143 1439.5089811533689 20580.780630737543 3442.0226012170315 581.3470154851675 6646.0348473191261 546.29274021089077 722.76192140579224 4074.2296669781208 1540.7628447711468 3760.7078567147255 1899.624151840806 12151.525142326951 124.88117291033268 12799.949644654989 17788.84808678925 1418.2246495038271 4199.2051975727081 1321.8052471131086 4410.5224991589785 56624.091601103544 5764.6031292527914 201.2228881418705 12128.938757047057 343.45275986194611 1817.1126425415277 1781.6879766434431 178.11325538158417 10682.964425951242 2035.6451987624168 5167.4588647782803 33257.696444153786 4868.5385752469301 602.35253290832043 3897.7292634248734 8276.5525755286217 669.65904459357262 19067.473300218582 26700.091452687979 10181.467355027795 13672.29896402359 3978.7208506017923 4817.9567777812481 132.36347122490406 3861.733546435833 284.40341036021709 128.64600998163223 2095.3994137495756 832.42948405444622 6267.4413617700338 545.10223932564259 32568.235654860735 4766.7812217026949 9779.6208102405071 1716.2298154383898 2897.944581836462 2042.5386397391558 1720.44031663239 129.53868290781975 6292.125147163868 12405.042092770338 464.89478278160095 2074.2247521281242 6568.4012032300234 249.22908110916615 7051.6151588708162 6628.5454199463129 3147.6081128269434 128.89685629308224 5817.559232339263 1282.5627592653036 1345.0912311077118 4597.8282692283392 1502.1170166432858 265.26471760869026 193.94469177722931 19014.077549666166 8000.6132724583149 1783.565805837512 12721.659303918481 5187.6317901164293 10405.086736813188 662.02907182276249 2172.38085539639 296.42579732835293 798.72258432209492 226.63643804192543 6828.4873173236847 632.36233823001385 1816.4661811739206 2526.3469465523958 549.88493290543556 382.40488934516907 797.38305906951427 881.89047513902187
leaf_count=4744 502 39313 93947 199506 9113 43530 17580 25353 3462 10210 5051 17154 19884 41700 1186 11343 2461 34063 9749 3042 7408 1577 8001 38619 4520 1688 132633 1663 8095 43689 62985 351036 5759 82447 13791 2329 26641 2189 2892 16313 6164 15058 7601 48619 501 51221 71264 5691 16801 5294 17687 226571 23064 806 48529 1376 7282 7134 713 42741 8145 20675 133053 19481 2414 15594 33114 2680 76285 106822 40791 54710 15918 19275 530 15461 1139 515 8385 3332 25102 2184 130477 19121 39159 6874 11595 8173 6891 520 25224 49831 1860 8306 26279 998 28235 26541 12629 516 23281 5132 5382 18399 6026 1064 776 76073 32045 7155 50896 20754 41626 2649 8692 1186 3196 909 27351 2534 7280 10113 2201 1531 3192 3530
internal_value=0 0.00382923 -0.00479727 0.0064767 -0.00236668 -0.00882587 -0.00772768 -0.00322557 0.00971779 0.000700788 0.00184597 -0.00245112 0.00865479 0.00979883 0.00410593 -0.0102518 0.00339431 -0.00123611 0.0149708 0.0211769 0.00765123 0.00391344 0.00563634 -0.00394677 0.0289419 0.00474483 0.00438468 0.00634873 -0.00428701 0.000817795 -0.00227848 -0.00554093 -0.000190845 -0.00905491 -0.0115088 -0.00896404 0.0152777 0.00102615 -0.00669097 0.0102337 0.00348162 0.00252638 -0.00733717 -0.00464455 -0.0158526 0.00463318 0.00934515 0.0167952 0.00226288 -0.0124276 0.0110428 0.00161638 -0.00504524 -0.0085429 0.000453599 0.000593066 -0.000686253 0.000952706 -0.0245522 0.000551015 0.00152206 0.000974677 -0.000979532 0.000658534 -0.0060689 -0.00170374 0.00116117 0.000988854 0.00453341 -0.000494793 -0.0115054 -0.000965596 -0.002975 -0.00689062 0.00604105 0.0128614 -0.0209215 -0.0414237 -0.0101041 -0.0241391 -0.0172731 0.00810932 0.00926835 -0.0219119 0.0029984 -0.00322735 0.0024874 -0.00451909 0.00426578 0.0247128 -0.0180806 0.0180686 -0.00937836 0.00496659 -0.010002 0.0244571 -0.00595805 0.00370986 0.0232076 0.00516116 0.00105201 -0.00373021 -0.000699134 0.00959636 -0.0235255 -0.0122544 0.00454896 0.0026524 0.00731698 0.0116713 0.000645088 0.00517657 0.00779744 -0.0072584 -0.00989065 -0.00538307 -0.0191351 0.00808259 -0.0157619 -0.0171361 -0.0266104 0.0137729 0.0331603 0.01089 -0.00328511 0.0157968
internal_weight=0 470191 374882 254672 233814 141068 122001 203478 112466 215519 158083 57436 97779.9 82398 74936.4 73159.7 30336 109441 24175.8 9370.67 58222.1 142206 81258.2 48841.1 5157.55 71712.1 70452.4 49729.1 40426.8 12942.8 39204.6 94036.8 83146.4 62504.7 34872.3 25138.1 8493.06 5098.01 27484 9121.5 51397.5 15382 26761.2 18250.4 19067.2 69852.5 29860.7 14686.1 6098.83 12181.5 14805.2 60947.8 16255.6 10491 21214.5 11648.4 11055.7 10227.3 599.881 69014.5 58331.5 56295.9 38425.2 18270.8 5470.89 54885.1 20599.4 66890.8 19737.1 47153.7 20040.1 50597.2 31984.5 15365.1 51581.7 7935.96 828.368 413.049 3224.26 1128.87 10655 38080.7 33113.3 6885.68 15256.6 5476.94 18612.8 4940.48 4551.71 4400.94 9734.15 13823.3 10289.7 12071.8 11386.4 592.682 27632.4 8445.66 4271.4 46311.4 13171.9 8445.21 7162.65 4726.73 6534.16 1767.38 12322.9 20453.6 9997.62 4213.12 16619.4 17870.7 12683.1 4323.72 3929.56 3267.53 1095.15 351.518 9858.66 9277.32 2448.83 5270.27 682.248 4588.03 1179.79 3408.24
internal_count=3383092 1882355 1500737 1019978 935654 565083 488638 814256 450821 862377 632573 229804 391837 330244 299911 293087 121398 437867 97002 37615 233242 569157 325286 195551 20711 287008 281957 199193 161760 51784 156932 376389 332662 250405 139723 100708 34049 20423 109976 36518 205670 61593 107084 73021 76445 279556 119616 58984 24402 48824 59387 243871 65043 41979 84880 46648 44274 40957 2401 276107 233366 225221 153728 73116 21895 219594 82419 267619 78965 188654 80285 202440 127962 61472 206440 31774 3317 1654 12903 4518 42682 152545 132661 27621 61091 21932 74478 19768 18234 17669 39015 55522 41173 48352 45554 2374 110682 33823 17149 185343 52710 33795 28663 18915 26211 7090 49305 81832 40046 16904 66490 71493 50739 17300 15723 13074 4382 1410 39494 37165 9814 21097 2731 18366 4723 13643
is_linear=0
shrinkage=0.1


Tree=7
num_leaves=127
num_cat=0
split_feature=20 18 10 22 22 10 32 38 16 42 24 32 37 0 37 38 38 5 5 16 42 37 34 22 8 18 32 10 15 38 38 32 41 16 41 22 42 26 35 5 37 46 41 38 38 37 30 41 33 14 17 34 4 46 38 37 46 8 13 33 38 46 23 34 3 23 14 31 32 23 5 29 46 31 5 38 31 38 37 11 33 37 42 37 41 22 16 5 37 35 8 2 23 22 37 18 31 21 10 20 46 7 5 34 46 14 26 30 38 11 37 23 5 20 14 36 4 46 21 41 13 5 32 37 37 13
split_gain=1245.08 383.825 301.956 159.507 144.206 115.237 110.355 84.7808 82.5012 103.673 76.2007 75.7661 73.9134 69.6711 65.9918 75.4861 80.7994 88.2494 60.4604 55.5025 61.7917 55.3431 55.1485 60.0943 48.9234 48.866 47.9677 46.9581 44.6552 43.6306 47.4787 42.8424 42.0802 42.1568 41.3089 42.3675 40.3837 49.9203 39.7045 39.4321 38.6185 38.5916 38.0693 37.5506 43.9208 50.9713 37.7114 41.5116 46.2512 37.5227 36.3804 36.2025 36.1417 36.0465 35.581 51.4267 35.4472 35.4225 34.7508 34.5006 33.3305 47.0228 33.1332 35.1632 33.0691 32.6842 32.3532 32.1343 31.9843 31.7734 31.4243 34.5885 32.5844 31.2433 31.2136 30.762 35.2482 30.5515 45.5906 30.5359 30.2282 30.1953 30.1906 29.9968 29.7176 51.0304 32.3246 32.2359 29.0614 28.8864 28.5578 28.9484 28.4704 28.4071 28.3791 41.5317 30.8345 29.6535 28.359 28.1747 28.0093 27.9773 27.676 27.534 27.4921 27.1873 27.121 26.9119 31.6107 26.5757 26.769 26.5554 26.9083 28.3458 33.363 26.4989 26.3398 26.3084 26.151 34.97 26.1286 25.9368 25.8715 25.3408 25.3327 26.7064
threshold=-0.00020722826593555507 -0.0020238782744854684 33.496044158935554 51.259399414062507 44.909093856811531 66.577636718750014 -0.0003014894609805196 1.5000000000000002 -0.00021722238307120276 1.0000000180025095e-35 0.0034480825997889046 0.00039270440174732363 0.3666666597127915 -0.00016612937906756994 7.866666555404664 16.500000000000004 11.500000000000002 -0.0055745369754731646 -0.039137903600931161 6.7739398218691363e-05 0.014999999664723875 7.7666666507720956 3.1738948822021489 55.53131294250489 0.0021562053589150314 -0.0010200259275734422 -0.0014420456718653438 40.575403213500984 0.97482880949974071 16.500000000000004 8.5000000000000018 -0.00039654663123656059 1.2050000131130221 -0.00012742236867779863 1.2050000131130221 39.839653015136726 -1.0000000180025095e-35 0.19909538328647616 0.00021086500055389482 0.0015170567203313114 5.8999998569488534 -3.4999999999999996 4.0950000286102304 19.500000000000004 10.500000000000002 0.53333333134651195 -0.0021026346366852518 4.2249999046325692 -0.026739463210105893 0.036647677421569831 -0.0015049697249196468 -0.7280287742614745 -0.026022250764071938 -3.4999999999999996 16.500000000000004 7.8999998569488534 -1.4999999999999998 0.0015067084459587934 -0.0007916625472716986 -0.004075657343491911 1.5000000000000002 11.500000000000002 -0.0019015435245819388 0.43463282287120825 -0.0051015273202210656 -0.00034665226121433074 0.003156976075842977 -0.0092576378956437094 -0.0013797340216115115 -0.00061345595167949785 0.013784591108560564 -0.014853200875222681 -23.499999999999996 -0.0044270737562328568 -0.0029164527077227827 19.500000000000004 -0.010645966045558451 7.5000000000000009 0.13333333656191829 0.00035241639125160878 -0.00043686956632882351 4.6000001430511483 0.24499999731779101 7.6333334445953378 3.8649998903274541 47.61003494262696 -4.0745037495071293e-06 -0.019341899082064625 2.2333333492279057 0.00015217500185826796 0.00047189228644128894 -0.00064958553411997844 -0.00061345595167949785 36.734672546386726 5.0666668415069589 -0.00048629242519382382 -0.0013183923438191412 -0.76264220476150502 50.687782287597663 -0.0022921717027202244 -32.499999999999993 0.001198415760882199 -0.034880153834819787 3.1738948822021489 5.5000000000000009 0.003084490774199367 -0.1042584255337715 0.001363713061437011 19.500000000000004 0.00052544617210514854 2.7999999523162846 0.0022757805418223147 -0.038267923519015305 0.0034705876605585222 0.0050932874437421569 -0.00011027499931515193 -0.0027431406779214735 -5.4999999999999991 -0.37401862442493433 5.2049999237060556 0.00051081334822811197 0.0054136067628860482 0.001184206339530647 0.23333333432674411 1.3666666746139529 -2.6066783902933818e-05
decision_type=2 2 2 2 2 2 2 2 2 2 2 2 2 2 2 2 2 2 2 2 2 2 2 2 2 2 2 2 2 2 2 2 2 2 2 2 2 2 2 2 2 2 2 2 2 2 2 2 2 2 2 2 2 2 2 2 2 2 2 2 2 2 2 2 2 2 2 2 2 2 2 2 2 2 2 2 2 2 2 2 2 2 2 2 2 2 2 2 2 2 2 2 2 2 2 2 2 2 2 2 2 2 2 2 2 2 2 2 2 2 2 2 2 2 2 2 2 2 2 2 2 2 2 2 2 2
left_child=2 5 13 14 8 11 27 53 21 26 12 -2 90 36 15 16 17 24 103 64 31 28 23 29 56 66 59 80 43 30 111 67 49 89 106 62 121 41 83 124 52 69 -42 44 45 -4 47 48 -47 -7 -46 -28 -17 123 88 79 118 73 -25 100 -29 65 63 -36 120 -62 82 -21 -15 -38 72 -72 -67 -22 -50 76 -53 78 -58 -56 -5 -24 -14 -31 85 109 -86 -88 -12 -34 91 -8 122 -77 97 96 -96 -54 -57 -64 -10 102 -44 104 -11 -19 -20 108 -63 -80 -111 112 -13 114 -114 -104 -41 -99 119 -3 -9 -1 -66 -6 125 -27
right_child=1 3 4 6 7 32 10 19 9 18 54 22 25 68 -16 40 -18 105 34 20 57 -23 81 58 -26 39 51 60 -30 38 -32 -33 33 -35 35 -37 37 -39 -40 116 42 -43 101 -45 50 46 -48 -49 74 -51 -52 75 94 -55 55 98 77 -59 -60 -61 61 107 99 -65 92 70 -68 -69 -70 -71 71 -73 -74 -75 -76 93 -78 -79 84 -81 -82 -83 -84 -85 86 -87 87 -89 -90 -91 -92 -93 -94 -95 95 -97 -98 117 -100 -101 -102 -103 115 -105 -106 -107 -108 -109 -110 110 -112 -113 113 -115 -116 -117 -118 -119 -120 -121 -122 -123 -124 -125 -126 -127
leaf_value=0.0034070965921894729 -0.0007958834017685627 0.0025669214894311564 0.01929568748885771 -0.011213867226042229 -0.035059919072690328 -0.016749240252027141 0.00030403789575074853 0.0060638902784568736 -0.017591118817485343 -0.0010541300240458598 -0.0077579138595463993 0.0068693527519664843 -0.0095994953507711738 0.0095021420360851521 -0.015867935835745386 -0.0097940679701982135 -0.00500030462233895 -0.0038480594228764431 -0.019703493327675844 -0.018816524430828981 -0.0053264519931359687 -0.014791295257021981 -0.0037280263353951073 0.0056610681477828641 -0.018189486033777656 -0.020945506386050007 0.010479128570271277 -0.01025353313513102 -0.0051512735545170924 2.7343388295429212e-05 -0.011949905565314759 -0.0027947246267466686 -0.011689772315424792 0.003076171816732043 0.018934522674431548 0.010306206940378837 0.005107100055252182 0.01186977459867279 0.020936917895197436 0.0074312085707605299 -0.0099622761537045759 0.023977127951731819 0.022949705592124801 0.010053564891872599 -0.0086070824020406007 -0.031887108248727168 -0.0013902458563436401 0.012352813383032818 -0.00135222219321789 -0.059478981646221486 0.0015587920020399609 -0.0091747205111180983 0.0263431985114462 -0.0029685879061512595 -0.0017863321285587219 -0.010806939354640227 0.051789933247713027 -0.0017340745132549873 -0.010656239518250094 0.0028716501735632171 0.0096217328935706489 0.0057327564495662786 0.030684220863032952 -0.0079492261826538159 0.0055492823595869392 -0.02166305563678916 -0.0046587761440065635 0.0048359168970974866 0.0015487344788331732 0.025180865184364055 0.0033333642411500861 -0.0074357536117813545 0.00310667674944688 0.011067625932977748 0.016734091190878302 0.021014774383203306 0.0008681734801075573 0.0027740384534480985 0.0053468796702857207 0.0057032324371925165 0.0095570963372732156 0.013915956243350236 -0.019388424715094828 -0.028360914603085798 0.018768964188674405 -0.012973785685188234 0.015241018338528842 -0.00062449035297882142 -0.0023212881693407904 -0.0020578320368202516 -0.0082410322604213517 -0.033989418122891295 -0.0021391561728745564 0.0021861446176996272 0.012208229975852618 0.024904664324147736 -0.01467822882092412 -0.0010588589995356942 -0.067754994493068613 0.01810624442352754 0.01080122600046806 -0.017034185542438202 -0.035490054416155978 0.033291025145690184 0.014941451529241635 0.0020244668817602576 0.0067852111323540715 -0.015873102685961798 -0.029755378746513617 0.0025077289987968923 0.042334417474582636 -0.020614934428888714 -0.010678089549591034 -0.021576559209024494 0.0034364851916931921 0.0042668884667523095 -0.0081037894671752899 0.0076228995755244083 -0.0021286459309388379 0.021230587589126802 -0.0066943853621228193 0.015552816988640868 -0.0069122106474874649 -0.011186767173228947 -0.00022562707047252091 0.00063763506643998156
leaf_weight=5489.2280083298683 25287.341613918543 4463.2022983133793 2499.2178582400084 775.35625889897346 498.92595580220222 8280.3782889246941 286.17647784948349 11807.857682496309 354.85057151317596 5857.5913229286671 14477.005127459764 2919.2803552746773 7937.2452746033669 12936.920609489083 2228.5922756046057 1193.869879335165 24274.000382512808 23585.00560669601 427.83014135062695 589.81279195845127 1247.8269482254982 1816.7499687373638 2074.7826964557171 1347.5582374334335 878.86200824379921 1284.7858543097973 4024.3130795508623 3396.1093957126141 6144.1486266553402 9566.4188991338015 10318.284343153238 14186.092740938067 35917.014045372605 2299.2307758182287 1039.0237262696028 11947.458329901099 2437.8489102125168 17461.500551879406 892.7732776850462 1144.4378738254309 2764.2322413623333 8371.8493347018957 797.72729226946831 8253.855036303401 4357.3934095650911 401.17939954996109 7636.9277485460043 7382.98643656075 3610.6753822565079 210.74048762023449 18324.040776342154 4327.3095477223396 726.5090616196394 9395.2602949738503 12829.535395547748 189.07241116464138 265.49740286171436 3027.2511619776487 41495.736045867205 10272.767297014594 4079.4634690731764 1512.5204220861197 2175.7660885453224 914.9702525138855 9524.4021725058556 544.6688639819622 6067.2814301252365 21985.538999184966 8300.4121435433626 1165.4757405221462 4568.585159599781 8590.3092287629843 21300.149090796709 16994.667684867978 1296.9669206440449 1263.2327600121498 18164.969511419535 7144.0223025381565 2571.6706949621439 9456.0972345769405 7271.4619348347187 1821.4617095291615 5224.510381758213 387.28709034621716 4971.6032342761755 1354.915498778224 2608.1868389248848 2516.080488294363 30646.768927559257 3409.1637123078108 953.77706681191921 1759.9568857103586 50106.481828093529 2191.2141378968954 1826.2581660449505 2235.332930713892 556.5378734767437 4422.3537328541279 162.68536639213562 9812.8605890274048 16673.661565035582 603.48161362111568 172.18108773231506 290.36124069988728 1315.8859473317862 11841.550166666508 4004.1938074231148 2728.9911855310202 300.93522980809212 272.8750312179327 442.34195527434349 764.21604356169701 2812.0033129900694 854.08321572840214 4140.5482198297977 6369.6435868144035 23557.063159331679 16563.530778244138 7763.6009937822819 1295.2789375036955 1857.7641520351171 2586.7366235107183 2019.2314347028732 4085.9432011395693 18391.465028569102 1035.2686845511198
leaf_count=22004 101195 17859 10008 3104 1997 33237 1146 47258 1421 23462 57955 11685 31792 51932 8918 4778 97130 94373 1714 2361 4996 7270 8308 5393 3517 5143 16110 13595 24590 38288 41319 56758 144042 9219 4164 47863 9798 70055 3573 4579 11061 33673 3192 33047 17440 1606 30569 29568 14454 846 73360 17319 2907 37604 51338 757 1063 12120 166260 41137 16321 6051 8734 3668 38111 2179 24302 88022 33271 4683 18278 34367 85216 68046 5192 5059 72711 28586 10291 37841 29116 7293 20937 1551 19895 5422 10437 10068 122644 13662 3822 7054 200486 8772 7308 8946 2227 17696 652 39337 66793 2415 689 1164 5274 47382 16033 10918 1204 1092 1770 3060 11258 3419 16574 25488 94288 66281 31066 5183 7434 10370 8079 16352 73607 4145
internal_value=0 -0.0033481 0.00440725 -0.00140703 0.00313933 -0.00745074 -0.00327763 0.000892943 0.00525024 0.00709872 -0.00481266 -0.00556289 -0.00718703 0.0109704 0.0011992 0.00148204 -1.11623e-05 0.00167146 0.0111645 0.00166968 0.00399389 0.00240349 -0.00708119 -0.00767991 0.00511891 -0.00647491 0.00441627 0.000496734 0.00292494 -0.00444833 -0.00702615 0.0015118 -0.011394 -0.0100853 0.0131491 0.0146762 0.0135615 0.0152801 0.000734771 -0.00468581 0.00524119 0.0202528 0.00014547 0.0038479 0.00272241 0.00581902 0.00416219 0.00750321 0.000758865 -0.0178097 -0.000394202 0.00165415 0.00722348 -0.00651578 -0.00244247 0.00079278 0.00569321 0.00828382 -0.010143 0.0074485 -0.000711264 3.15696e-05 0.0184209 0.00634603 -0.000121148 0.00115084 -0.0107002 0.00421796 0.00639363 0.0115999 0.000163606 -0.00369687 0.00248908 0.00994623 0.00342754 0.000285406 -0.00106399 0.00815645 0.0107194 0.00139159 0.0075557 0.00452039 -0.0134852 -0.00107721 0.0099795 0.00335702 0.0130243 0.00745085 -0.00406551 -0.0108548 -0.0225317 -0.0291931 -0.00110769 0.00907146 0.00799508 0.0151136 0.00592849 0.006481 -0.037145 0.020389 0.0102096 0.00366304 0.00536483 0.00310202 0.00188006 -0.00188513 0.00422822 -0.00959859 -0.000156348 0.0100889 0.0271394 -0.00260456 -0.00132133 -0.00438423 -0.00227224 0.00322048 -0.00738404 0.00579339 0.00165879 0.00676502 0.00432947 0.00729738 0.0033695 -0.0137846 -0.00146778 -0.0113145
internal_weight=0 481979 362859 327181 304109 154798 190472 147327 156782 95058.3 135403 104682 67642 58750 136709 134480 96248.7 71974.7 37785.9 133347 58031.2 61724.1 79394.4 75498.2 36548.1 64642.1 57272.3 55068.6 59907.4 32654.9 21808.4 36761.4 50116.5 41625.4 30322.1 25890.1 37512.6 29436.7 10846.5 45413 38231.7 11975.2 10707.3 53763.2 45509.4 22828 20328.7 12691.8 5308.82 8491.12 22681.4 29971 27524.4 13980.1 67761.2 22637.4 35669.3 21269.7 42843.3 27301.3 47021.7 43625.6 13942.6 1953.99 75315.7 39083.2 19229 22575.4 21237.3 3603.32 35003.7 13158.9 21844.8 18242.5 4907.64 25946.7 22492.3 22147.2 15003.2 22285.6 8046.82 3896.24 13161.8 9953.71 14737.7 4641.8 10095.9 5124.27 45123.8 39326.2 2999.91 2046.13 61650.1 3454.45 26330.5 4618.13 2382.8 21712.4 351.758 11988.6 17028.5 7943.03 7339.55 7463.84 7173.48 35426.6 4432.02 4542.45 1813.46 3286.89 715.217 11490.1 10725.9 7806.63 6952.55 6541.82 24701.5 20985.9 13522.1 5758.48 13665.6 8075.96 11543.6 4584.87 20711.5 2320.05
internal_count=3382822 1929573 1453249 1309391 1217463 620182 762351 589624 627839 380735 542002 419176 270815 235786 547040 538122 385134 288004 151413 533671 232303 247104 317981 302380 146249 258793 229322 220349 239834 130727 87315 147141 201006 166923 121513 103766 150583 118209 43412 181762 152988 48154 42845 215244 182197 91397 81389 50820 21252 34083 90800 119971 110143 55953 271187 90588 142732 85162 171653 109351 188129 174534 55903 7832 301368 156361 77031 90383 85203 14481 140040 52645 87395 73042 19646 103861 90030 88624 60038 89179 32220 15601 52729 39839 58975 18575 40400 20505 180599 157704 12022 8200 246676 13831 105365 18481 9535 86884 1409 48071 68214 31784 29369 29900 28736 141755 17747 18173 7255 13153 2862 45996 42936 31251 27832 26177 98867 83977 54108 23042 54692 32374 46190 18349 82895 9288
is_linear=0
shrinkage=0.1


Tree=8
num_leaves=127
num_cat=0
split_feature=28 32 32 10 16 33 11 26 10 16 39 39 25 42 42 45 39 39 7 43 22 37 44 37 13 8 37 22 44 44 16 37 22 39 12 23 22 43 41 43 45 31 26 23 39 18 36 8 43 43 23 27 44 22 25 17 17 43 14 37 23 10 40 39 9 41 12 37 37 21 43 44 12 12 31 37 44 43 41 45 44 13 45 22 31 44 30 2 30 37 31 11 45 14 27 43 21 33 45 39 20 37 37 37 43 7 44 25 28 40 33 43 22 26 37 45 26 45 22 2 44 26 42 31 11 39
split_gain=1008.93 264.524 240.525 160.375 147.894 110.94 97.6953 89.4171 79.1366 77.525 74.8998 65.4881 63.6659 60.6314 59.2443 55.0231 50.2602 49.6183 47.4792 46.249 47.6813 46.0189 43.6617 42.9658 42.8773 48.0257 42.3647 41.1255 39.8281 39.5418 39.2271 39.18 38.3273 37.3993 36.7211 38.4696 36.5443 89.9122 41.2864 43.8985 39.5723 36.4453 36.4166 36.2269 36.0835 47.0701 35.6043 35.4943 34.6717 34.4824 34.3458 34.1248 34.0857 33.99 33.158 36.0339 32.6263 32.4083 34.5506 35.7284 32.8354 32.3811 32.1364 31.8464 31.5606 31.3066 31.1172 30.6855 31.985 30.6766 30.6152 30.5864 34.2574 30.582 31.1323 30.5434 30.1718 29.9291 29.6894 29.5208 29.1311 29.0758 31.1431 35.1549 28.6012 28.5139 37.3516 28.4789 35.8335 33.348 29.4903 28.4574 28.1907 28.1663 28.0139 28.0045 27.8664 31.4842 33.6334 27.8223 34.1048 32.3313 31.7254 30.8118 27.712 27.5674 27.2847 27.1857 27.1847 27.0815 29.9077 27.1104 27.5271 26.8182 33.1232 26.8158 35.7922 28.667 65.1751 29.6819 26.943 26.6628 26.752 27.1623 26.576 26.564
threshold=-0.00057922865380533029 0.00039270440174732363 -9.0138291852781536e-05 31.278725624084476 0.00025578495115041738 0.0030982679454609756 -0.00013699923147214574 0.23603441566228869 62.41259956359864 -0.00039053542423062021 4.5000000000000009 5.5000000000000009 0.013328437227755787 0.49500000476837164 0.75499999523162853 27.500000000000004 1.0000000180025095e-35 5.5000000000000009 0.0023351707495749001 0.78499999642372142 29.525830268859867 2.0666666030883794 1.0000000180025095e-35 7.6000001430511483 -6.2336835981113823e-05 0.00059658265672624122 0.20000000298023227 60.468168258666999 0.054999999701976783 -0.28499999642372126 0.0038910285802558069 6.2666666507720956 81.934581756591811 3.5000000000000004 0.00011704399730660954 -0.0016114090103656051 37.232599258422859 0.14500000327825549 5.0750000476837167 -1.0099999904632566 19.500000000000004 0.012027262710034849 0.68116700649261486 -0.00019397264259168875 5.5000000000000009 0.00035306274367030715 1.0000000180025095e-35 0.00057782692601904284 -0.15500000119209287 -0.89499998092651356 -2.9666349291801449e-05 0.0062885154038667688 0.65999999642372142 42.62797927856446 0.011795298196375372 -0.0021686827531084414 3.4095397495548248e-05 -0.37499999999999994 0.004562241956591607 2.7333333492279057 -0.0011102483258582649 69.267997741699233 1.5000000000000002 5.5000000000000009 7.7708202297799303e-05 4.9500000476837167 -0.0037499561440199609 2.966666698455811 0.49999998509883886 -0.50317245721817005 0.48499999940395361 -0.52499997615814198 0.0013657062663696708 -0.00013154538464732465 0.0029553658096119766 7.8999998569488534 0.60500001907348644 -0.60500001907348622 2.3249999284744267 73.500000000000014 -0.15500000119209287 -0.00022571033332496879 14.500000000000002 73.174522399902358 -0.0050937787164002648 -0.054999999701976769 0.0012428043410182001 0.00075609554187394689 -0.0057463909033685914 5.7000000476837167 -0.0017348488327115772 9.5149705884978189e-05 10.500000000000002 0.012589086778461935 -0.0064693617168813935 0.31499999761581426 -0.59825056791305531 0.0032355835428461437 81.500000000000014 4.5000000000000009 -0.0021212327992543574 4.3333332538604745 3.7333333492279057 5.366666555404664 -0.90500000119209278 0.0010785439517349007 0.60500001907348644 0.041917443275451667 -0.0044640335254371158 1.5000000000000002 0.0011902163969352844 0.47499999403953558 52.99145698547364 -0.19488657265901563 4.0666668415069589 59.500000000000007 0.44068557024002081 52.500000000000007 47.396644592285163 0.0011353658046573403 -0.61500000953674305 0.82402655482292186 0.62500000000000011 0.0022430552635341887 0.00028838800790254032 1.0000000180025095e-35
decision_type=2 2 2 2 2 2 2 2 2 2 2 2 2 2 2 2 2 2 2 2 2 2 2 2 2 2 2 2 2 2 2 2 2 2 2 2 2 2 2 2 2 2 2 2 2 2 2 2 2 2 2 2 2 2 2 2 2 2 2 2 2 2 2 2 2 2 2 2 2 2 2 2 2 2 2 2 2 2 2 2 2 2 2 2 2 2 2 2 2 2 2 2 2 2 2 2 2 2 2 2 2 2 2 2 2 2 2 2 2 2 2 2 2 2 2 2 2 2 2 2 2 2 2 2 2 2
left_child=2 3 11 6 5 10 17 9 12 23 13 22 64 67 36 -10 70 30 34 96 -21 51 32 52 -13 85 -15 76 91 49 31 41 -1 107 35 46 37 38 39 -11 92 48 63 53 57 95 -16 124 -2 -23 -27 61 54 -37 -5 -56 -45 58 60 -60 -31 -9 -35 -22 -3 66 -32 68 -4 -25 71 72 -7 -66 -75 -33 -6 -30 113 -73 -8 82 83 93 -81 -26 -87 88 -59 99 -91 -12 -39 -29 -70 -46 -14 -98 -99 102 -101 -102 106 -103 -49 108 -90 -18 -69 110 -96 112 -111 -57 -115 117 -117 119 -119 -51 -121 -93 -123 -124 -28 -92
right_child=1 8 4 7 27 16 80 21 15 14 28 24 19 26 18 -17 33 -19 -20 20 42 29 -24 69 25 50 47 81 77 44 65 75 -34 62 -36 43 -38 40 -40 -41 -42 -43 -44 56 45 -47 -48 104 -50 115 -52 -53 -54 -55 55 78 -58 87 59 -61 -62 -63 -64 -65 73 -67 -68 105 94 -71 -72 79 -74 74 -76 -77 -78 -79 -80 84 -82 -83 -84 -85 -86 86 -88 -89 89 90 125 121 -94 -95 109 -97 97 98 -100 100 101 103 -104 -105 -106 -107 -108 -109 -110 111 -112 -113 -114 114 -116 116 -118 118 -120 120 -122 122 123 -125 -126 -127
leaf_value=-0.0016752909362478822 0.014499552550503465 -0.031960036939510342 -0.0073166872097045173 -0.0041722153483875037 0.0010833700487577157 0.0089066513273036579 -0.033291910756404822 -0.0014809653387061054 -0.021324008229897058 -0.030065915800920964 -0.0030052340808567461 0.00081419694488640013 0.0078276623548055521 -0.039073681921965683 -0.0032479804270835869 -0.0047691129833573962 -0.0055997587023494649 0.021153686339461384 -0.016105611291176526 -0.046659373075728948 -0.0058943261547738865 -0.0025356543955869374 0.0025586102362891148 0.020623453627073379 -0.030167705704928952 0.010268727415549902 -0.0065977809758099443 -0.039231235283480159 -0.023072787197532696 0.029254505787687787 0.041170661872393814 0.001285630157254201 0.044059859336894901 -0.014279371399253711 -0.0056084576476844736 0.027161215816119667 0.0044322003390190982 0.013216790742631332 0.010825001730473556 0.023586602362400583 0.0053025362523010482 0.028375572799543503 -0.042505512896948074 -0.0082977507816686703 -0.0038965315079679702 0.011427330784081671 0.02346863203041195 0.026651911727335865 0.0066305352385057749 0.0096924962526375603 -0.0081803386250696997 0.013676023331221086 0.039607183458266429 0.01168546803967282 -0.0039805434742793454 -0.025893466783361227 0.016994869018849234 -0.029551242238957401 0.034638465142494031 0.0083892155471497736 0.0015369213242844 0.044217651937734893 -0.0084080830632069677 0.019695884259323948 -0.0066948596179205039 0.049822995306167128 0.0061614375199659267 -0.011471203723626634 -0.015755655547388954 -0.017853954541647267 -0.0065339349946531835 -0.023288362245917078 -0.038741227628477731 0.00024203736057703195 -0.0078770413802945628 0.031604435986951215 0.029473159624134992 -0.0037080609357066441 0.0074497694151089665 0.034000044603976827 0.0001912672796892653 -0.0067707427502872192 0.0006839164684172784 0.023513581585500477 -0.012199345690990871 -0.0067350592033621195 -0.031150374102276526 0.0062815852206025277 -0.0052918565910902811 -0.010200513590719495 0.0085722521957993479 -0.011473729730689537 -0.016062217078066161 0.0034332341656143693 0.0066690239066289833 0.010964645854167912 0.0028438796896656797 -0.0034981222121988676 0.030359744047714202 0.029171203370649629 0.01228871305892941 -0.013693014245538921 0.0032329922326003822 0.019162794537464323 -0.0042405847632970934 0.0047612860581590088 0.026503845176930038 -0.012785549424539137 -0.0027597629608618213 0.025605912064080055 -0.0051738524141471155 -0.00022546230690906173 0.0085066982940383614 -0.0059992542356034463 0.010462128590001049 0.074698005632307718 0.0010334297158746766 0.01371230963717214 -0.028900464608455946 -0.03287008546953972 0.0014176239866237901 -0.027635052209603796 -0.020180156966087479 0.012494766710455988 -0.018634892417718964 -0.0038688254294124372
leaf_weight=50328.245989769697 10847.970136255026 362.95482277870178 2957.8636226803064 6342.6755933463573 27645.8083948493 713.94392953813076 614.276327714324 38552.407625421882 2491.0062024742365 157.81489370763302 2811.445534735918 5549.1008749455214 8795.4955837130547 423.85255068540573 1643.6499280184507 10347.017863303423 36740.41069200635 4736.6901663690805 518.09148670732975 288.77909862995148 4186.0946518331766 3598.0169014185667 55269.132121726871 237.42316597700119 1299.0324306488037 1316.7919781059027 3791.1830272227526 551.34986555576324 850.40888728201389 437.47494693100452 373.34929057955742 6614.2383364588022 183.90415002405643 16377.835471987724 823.43368427455425 4963.6456143409014 46867.383916094899 418.38692332804203 12942.433855816722 4528.2044634968042 15489.032058030367 1192.9501687288284 244.40520840883255 786.31175938248634 4667.5475889146328 8726.6494795084 716.15256275236607 298.86143578588963 11572.671246632934 19657.412524610758 4318.1156866699457 1584.3947543203831 247.42596432566643 1987.4746341854334 4875.9844172149897 401.0777589827776 1451.4291879683733 437.95376828312874 575.78312681615353 5215.531673014164 18552.006937086582 155.68093265593052 21640.47349537909 550.23209257423878 12297.80384939909 398.66552104055882 793.4300788640976 4206.3140935897827 681.68978242576122 1627.8854773342609 2775.5983038544655 6603.9840198606253 191.33004070818424 32129.213029533625 5536.6367783546448 349.84691075980663 379.48716807365417 12982.008570566773 17781.644786223769 151.52127552032471 450.32630500197411 16020.435877799988 13275.889041021466 165.90183988213539 1158.9608821421862 2549.286346450448 830.79191754758358 5960.4148007780313 9485.5911371260881 5685.6308618336916 2180.7898342907429 10230.123975604773 1536.5664036124945 215.10895200073719 4835.774395570159 1740.9614070355892 57677.52955326438 12232.270264163613 300.60462594032288 674.85885621607304 2365.9886122345924 1234.4394807964563 12405.815542981029 371.27075988054276 10228.605504706502 4056.6243856549263 277.79100902378559 6145.5805239230394 24140.724948063493 1481.7732170075178 3814.4278239160776 1723.4830409735441 2581.9940931200981 2882.6657084822655 2122.2943834960461 138.61444726586342 125.83713766932487 774.95764806866646 668.57668572664261 265.8967777043581 1659.4543064087629 2365.0114707350731 737.41321803629398 388.41921934485435 3553.2840881943703 8056.6556648313999
leaf_count=201417 43626 1453 11854 25387 110623 2863 2462 154323 9976 634 11258 22208 35198 1702 6595 41414 147258 19097 2078 1156 16750 14404 221157 950 5201 5271 15182 2207 3409 1751 1509 26545 736 65676 3298 19935 187740 1675 51915 18173 62033 4793 978 3149 18677 34976 2873 1197 46420 78711 17284 6350 991 7970 19518 1606 5828 1753 2306 20887 74246 624 86772 2202 49219 1617 3194 16863 2734 6514 11129 26475 768 128558 22154 1406 1519 52009 71218 607 1803 64157 53136 664 4644 10202 3325 23849 37964 22754 8727 41022 6153 861 19361 6966 230837 48950 1203 2703 9470 4941 49652 1486 40972 16247 1112 24637 96648 5932 15279 6901 10339 11539 8495 555 504 3103 2677 1064 6640 9488 2963 1559 14243 32245
internal_value=0 0.00303436 -0.00392893 0.00462595 -0.00570412 -0.00704539 0.0107365 0.00381971 -0.00047965 0.00574281 -0.00472135 -0.000282144 0.000235841 -0.00289502 0.00725044 -0.00798132 -0.0095363 0.0115986 0.0135523 0.00191649 -0.00715431 0.00220292 0.000616371 0.00182792 -0.00627378 -0.0100872 -0.00782694 -0.00129169 -0.00885799 0.00321466 0.0101906 0.00940014 -0.00150878 -0.00865383 0.0147942 0.016249 0.00625908 0.00870034 0.013737 0.0217797 0.00361043 0.0113441 -0.00486384 0.0191738 0.00219989 0.00664837 0.00485997 -0.00708589 0.0104379 0.0065755 -0.00386907 -0.000708388 0.00262371 0.0227364 0.00235775 0.00383359 0.00810739 0.00128904 0.00423754 0.010999 0.00217547 -0.00129717 -0.0109374 -0.00292144 -0.00257852 0.02563 0.0173638 -0.00110754 0.0021934 -0.0129564 -0.0156935 -0.0185761 -0.00116375 -0.00236508 -0.000951415 0.00280872 0.00146779 -0.00489859 0.00547678 -0.0205678 -0.0191285 -0.00385003 -0.000556794 -0.0182233 -0.00685765 -0.0175755 -0.0127361 -0.000197941 -0.00109242 -0.000800795 -0.00442577 -0.0121707 -0.00979611 -0.0272573 0.00405393 0.000140716 0.00252149 0.00185677 -0.00268603 0.0013517 0.00838745 0.00485594 -0.000122961 -0.00609613 -0.00336359 -0.00294903 -0.00438719 -0.00662949 -0.00405242 0.00498928 0.00144674 0.0102843 0.0147416 -0.00101283 0.000981001 0.00798301 0.0396453 0.00761938 -0.00602391 0.00853189 -0.00331761 -0.0140488 -0.0215951 -0.0089071 -0.0124214 -0.00121862
internal_weight=0 472968 371539 325528 249895 191641 37944.4 287583 147440 131349 99141.3 121644 134602 68776.5 94830 12838 92499.6 36879.8 12890.2 84275.4 5269.51 156234 105781 36519.1 15863.1 10314 18295.8 58254 30364.8 115942 32143.1 30577.7 50512.2 80904.3 12372.1 11548.7 81939.8 35072.4 17628.5 4686.02 17444 23613.6 4980.73 9188.86 89053.2 15135.2 2359.8 17871.9 22420.6 26888.8 5634.91 40292.5 34653.8 6951.12 34406.3 28063.7 2237.74 73918 24780.8 5791.31 18989.5 38708.1 38018.3 4736.33 50326.6 1565.44 1166.78 50480.7 18077 1865.31 11595.3 8819.74 905.274 49963.7 37665.8 6964.09 28025.3 13832.4 23187.7 7914.47 1064.6 30228.7 14208.2 932.361 1310.48 4679.11 3380.08 49137.2 43176.8 42738.8 15923.1 16532.4 1954.95 766.459 15119.1 6408.51 79005.9 70210.4 12532.9 26815.8 4646.56 3971.7 22169.2 1605.71 10527.5 32403.7 9763.38 42886 28347 14437.5 8650.2 5787.25 4063.77 5406.04 5004.96 23290.7 264.452 23026.3 1443.53 21582.8 1925.35 13721 3490.84 1125.83 7344.47 10237.4
internal_count=3382166 1894207 1487959 1304159 1001158 767991 152472 1151687 590048 526267 397162 486801 538658 275454 380049 51390 370829 148207 51726 337274 21086 625420 423310 146218 63491 41283 73296 233167 121708 464123 129110 122790 202153 324343 49648 46350 328323 140583 70722 18807 69861 94839 19930 36882 356465 60619 9468 71594 90046 107658 22555 161297 138754 27905 137763 112376 8977 295846 99190 23193 75997 154947 152448 18952 201384 6320 4703 202158 72400 7464 46486 35357 3631 199931 150712 27951 112142 55418 92858 31726 4265 121025 56868 3732 5251 18728 13527 196656 172807 171054 63726 66290 7828 3068 60546 25643 316188 280990 50153 107328 18600 15897 88728 6427 42169 129758 39076 171895 113511 57812 34640 23172 16271 21640 20034 93254 1059 92195 5780 86415 7704 55032 14010 4522 29425 40972
is_linear=0
shrinkage=0.1


Tree=9
num_leaves=127
num_cat=0
split_feature=28 27 16 12 43 38 17 22 8 38 46 37 37 38 28 40 37 13 38 37 38 37 43 39 40 43 38 39 37 41 26 43 22 38 39 31 43 28 1 15 8 37 40 39 43 31 44 43 34 37 39 37 45 26 43 38 5 39 25 33 0 37 41 38 38 12 5 44 37 45 5 41 11 38 34 31 44 31 37 37 43 45 37 46 17 38 0 9 24 0 43 44 7 46 29 37 37 38 38 22 23 39 11 5 37 13 44 46 39 39 25 44 43 29 31 44 38 11 44 3 43 39 37 37 37 44
split_gain=858.024 300.134 128.076 103.023 86.9992 77.9641 76.7263 122.552 95.5051 86.667 70.0602 58.445 54.4609 53.444 59.2024 54.2872 52.9063 52.7478 51.6898 93.643 67.3005 59.9236 55.4842 54.2229 52.3955 56.464 68.8814 53.0911 50.6645 51.776 49.9041 49.382 48.3632 47.3208 46.5027 51.8549 46.1548 45.8004 43.598 42.6018 42.379 42.279 42.1708 42.0965 41.9627 41.5393 40.6197 40.2145 52.6419 39.0837 47.5823 45.2914 51.0824 49.9047 49.404 41.3128 39.1305 38.8704 38.3876 37.776 41.9747 37.5965 45.6553 42.9511 48.2951 54.333 52.9909 44.7761 36.9403 36.4358 35.8886 50.8547 49.0759 35.6961 35.4408 35.3803 35.249 34.6149 34.6009 34.5991 34.4446 34.4097 34.2606 35.6003 34.1942 34.1629 33.9284 43.0289 38.0124 37.5161 33.5591 32.8839 32.5819 31.6272 58.8659 31.8444 38.3719 31.6207 40.9097 31.1641 30.8535 31.5265 30.8134 33.738 30.7776 30.5899 29.973 29.9153 29.8411 95.5488 34.6395 32.3943 30.3564 35.4191 29.7383 32.8258 29.4076 29.2661 29.0585 29.0226 29.0104 28.8509 41.4706 51.8279 30.2803 39.3023
threshold=0.001145558257121593 -0.0023054744815453883 1.7204903087986171e-05 -0.00020016138296341521 -0.44499999284744257 13.500000000000002 0.0005115400126669557 51.259399414062507 0.00087369279935956012 1.5000000000000002 4.5000000000000009 7.7000000476837167 4.1666667461395273 8.5000000000000018 -0.0036435479996725913 1.5000000000000002 3.7000000476837163 -0.0007916625472716986 22.500000000000004 7.8999998569488534 13.500000000000002 7.8999998569488534 -0.58499997854232777 5.5000000000000009 1.5000000000000002 0.074999999254941954 16.500000000000004 1.0000000180025095e-35 7.8999998569488534 4.2249999046325692 0.03160462714731694 0.78499999642372142 67.63995742797853 19.500000000000004 5.5000000000000009 -0.0061302364338189355 -0.58499997854232777 0.031883310526609428 -0.0076038341503590337 0.90199351310729992 0.002532730577513576 4.6000001430511483 2.5000000000000004 5.5000000000000009 0.78499999642372142 -0.001997222076170146 0.78000000119209301 0.17500000447034839 -0.66370236873626698 6.2333333492279062 4.5000000000000009 3.6666667461395268 72.500000000000014 0.7069908380508424 -0.41499999165534968 21.500000000000004 -0.023022583685815331 5.5000000000000009 0.012175207026302816 0.0028358374256640677 6.6208744101459174e-05 7.7333333492279062 4.7049999237060556 16.500000000000004 7.5000000000000009 9.3747203209204613e-05 -0.015278115868568419 0.28499999642372137 6.2999999523162851 51.500000000000007 0.0025926118250936274 3.9850000143051152 0.00019694630464073273 21.500000000000004 3.8023322820663457 -0.0016116834012791512 -0.024999999441206452 0.0003010813234141097 7.8999998569488534 7.7999999523162851 0.53499999642372142 63.500000000000007 1.2666666507720949 -22.499999999999996 -0.00075355396256782104 22.500000000000004 2.5870710942399459e-06 0.00019338068523211407 0.00098550308030098698 -7.884762908361152e-06 0.90000000596046459 1.0000000180025095e-35 0.00068174101761542271 -21.499999999999996 0.043780347332358367 5.8999998569488534 3.1666667461395268 16.500000000000004 4.5000000000000009 42.35090637207032 -0.00034665226121433074 3.5000000000000004 -0.0010604276903904972 0.013113787397742273 0.033333334140479572 0.00011027823347831146 -0.59499999880790699 1.5000000000000002 1.5000000000000002 1.0000000180025095e-35 0.01864185277372599 0.034999999217689044 0.5249999761581422 0.00021114716219017285 0.016286921687424186 0.024999999441206459 4.5000000000000009 9.5149705884978189e-05 -0.5649999976158141 0.00083752835053019236 -0.23499999940395352 4.5000000000000009 4.8999998569488534 6.0666668415069589 5.2333333492279062 -0.074999999254941926
decision_type=2 2 2 2 2 2 2 2 2 2 2 2 2 2 2 2 2 2 2 2 2 2 2 2 2 2 2 2 2 2 2 2 2 2 2 2 2 2 2 2 2 2 2 2 2 2 2 2 2 2 2 2 2 2 2 2 2 2 2 2 2 2 2 2 2 2 2 2 2 2 2 2 2 2 2 2 2 2 2 2 2 2 2 2 2 2 2 2 2 2 2 2 2 2 2 2 2 2 2 2 2 2 2 2 2 2 2 2 2 2 2 2 2 2 2 2 2 2 2 2 2 2 2 2 2 2
left_child=1 5 10 4 30 13 7 61 18 77 11 42 16 14 36 -16 90 80 20 -20 21 22 86 24 33 26 -26 -28 34 -30 79 32 70 75 37 -36 116 40 -39 74 49 -29 47 59 -45 -46 -10 58 -49 51 56 54 53 121 -6 -52 -51 93 84 60 -19 63 -63 64 66 -66 76 -65 -32 -21 71 72 -24 -70 -15 -22 -3 -8 102 -4 -7 -69 92 -84 -2 -80 88 -88 89 -9 -11 -67 -25 94 -5 96 -95 98 -60 -86 101 -97 -14 119 -72 -73 -106 -78 109 112 111 -111 113 -38 115 -37 -1 -23 -100 -104 -40 124 -123 -124 125 -53
right_child=2 6 3 57 28 17 9 8 46 12 -12 -13 78 39 15 -17 -18 43 19 69 23 117 31 82 25 -27 27 41 29 -31 68 -33 -34 -35 35 114 108 38 120 -41 -42 -43 -44 44 45 -47 -48 48 -50 50 55 52 -54 -55 -56 -57 -58 -59 97 -61 -62 62 -64 67 65 91 -68 81 73 -71 104 105 -74 -75 -76 -77 107 -79 85 -81 -82 -83 83 -85 99 -87 87 -89 -90 -91 -92 -93 -94 95 -96 100 -98 -99 118 -101 -102 -103 103 -105 106 -107 -108 -109 -110 110 -112 -113 -114 -115 -116 -117 -118 -119 -120 -121 -122 122 123 -125 -126 -127
leaf_value=-0.012368646645126683 -0.017156355210707058 0.0026965819589684519 0.021697972351317665 -0.0061460215738001825 -0.014177346170743017 0.0066854622325561372 0.00070092320597194403 -0.054264618379211274 0.0008973048772207429 0.0045297860106101829 0.0055179322851082483 -0.012458716830823209 0.0091028891342684153 -0.0097882538516857413 -0.0083558149209561044 0.0048344316622756824 0.015285818528150575 0.0065922593121257311 -0.0095214412907365202 -0.026494389583379147 -0.017676612518682366 0.043164258840612896 -0.0016249293481537558 -0.029422842814988644 -0.0056429528669956113 -0.0045477359157721775 -0.0023868132393687234 0.033905680466458941 0.0031755126727446691 0.043908337910890924 0.012379061273462435 -0.01961874401411192 -0.01638816611323415 -0.0070988045666179854 -0.0014695745873523182 0.022986783134983264 -0.024114268971448912 0.040814558715853717 0.046775756869099523 -0.016895208262206703 -0.0092681529035581623 0.013423340233835688 -0.0027547610474979774 -0.014263985534282004 0.049733131384053192 -0.0038246683470596794 0.055527788722020348 0.010004025584151532 -0.0027390656063187033 -0.0041376133635079157 -0.016134591768664969 0.023049328176740266 0.00023346136409151976 -0.017451050667529066 0.0048212183918400226 0.0081431144928387194 0.0070243546486385275 0.0090054951874772651 0.01118215962247276 -0.0049143103266051022 -0.0033037491606129434 0.00081871094915695003 -0.02139575206197588 0.0027020094286529079 0.00051401724500087264 -0.011148827719798624 0.0001072113231704648 0.0070314065026085941 -0.0049422069362365728 -0.075141268996451682 -0.043597796740716462 0.0024257073230923355 -0.020232545373641542 0.01633806828572788 0.011160021371100301 0.0038471083965655206 0.0074485808965483336 -0.01358204796763593 0.031897082982724694 -0.019691658877231927 0.04337791758154208 0.025630241642534846 0.028801190487941143 -0.0062578302292429396 0.0058492795285043104 -0.0076543951273022803 0.0079038589674207092 -0.010140343611911073 -0.012524071491169403 -0.018439157695219806 -0.016003167073989355 -0.0025576304378106015 0.015406752261422669 0.00062758145620811512 -0.076171258679610998 0.0061361149822406775 0.007011483502381676 0.012016262662539128 -0.018189093078169769 -0.0046180644892181615 -0.0086379241626541609 -0.0070332859314220456 -0.0020408478678647034 -0.0049394793089029242 0.010941661099031705 -0.0075797650927384944 -0.0061979211916871977 0.022178663399461881 -0.0087830049395146142 0.029444893717798938 0.00024051250523618057 0.0035402364201634266 0.00051148414034240045 0.0075712135172552493 -0.014012064426579332 0.010754876118369968 -0.030616695930965939 0.00044601176042875676 0.0020716934110441339 0.0051582015258619281 -0.0021335270878085769 0.0096609491002624254 0.039828660647977958 -0.01239850606442737 0.0058769916281660372 0.0098204457408232158
leaf_weight=2696.0191794931889 1090.0179979801178 5974.0210397839546 6207.7329811751842 2131.4448861777782 1422.0618696957827 1785.5982544124126 2607.2672980576754 448.90725852549076 36272.15726801753 31357.269966498017 34474.460855260491 3492.3973500281572 3212.5255308449268 19762.462795972824 5187.2884709835052 7830.4386047571898 4777.8454406261444 6917.9863660335541 5350.0185175985098 309.44862584769726 817.47345075011253 365.12906311452389 3333.0169223845005 1074.6711369454861 1606.9721755236387 2795.8419393748045 1009.1012034714222 1938.4695814102888 556.74358662962914 710.05467344820499 14819.311079084873 2170.6512848287821 3149.7428119629622 8970.0425818711519 2333.5685165673494 4033.1709553301334 2555.5805258154869 691.52362424135208 148.04854653775692 9969.065110117197 2100.5626067519188 2099.0339952111244 24881.634957194328 6191.0992217510939 202.08469757437706 511.00301788747311 136.61511777341366 3790.9431798458099 22377.766002044082 4569.1536685377359 2539.7206099331379 3477.1110607981682 4749.7282033264637 569.20968063175678 36501.948044970632 968.10044185817242 10046.611642628908 7902.5812062621117 5571.3821782767773 46519.695856615901 11266.492354184389 2064.6462573558092 1676.3275838792324 26789.688554048538 25399.390427693725 8575.6992722153664 30370.873138561845 2794.2927096635103 2677.9467384517193 306.42160952091217 215.25767022371292 20141.206773668528 2466.1077034920454 1117.0619342178106 842.03023178875446 11611.741618901491 3238.5029199719429 4858.9236333966255 654.88644213974476 208.75947055220604 298.62697617709637 1544.6005414575338 299.8450513780117 8507.5777641385794 6643.2227649688721 327.65162321925163 1717.8307202011347 5728.8158679306507 8711.2759478092194 837.89428256452084 816.72305922210217 9272.6594732105732 190.92707505822182 21301.832506552339 127.21290807425976 5164.8692748248577 16873.601749032736 7393.4825553894043 758.96414743363857 4973.994897454977 4814.2948905229568 2805.0336742997169 12093.595469981432 14139.675442233682 1053.03924497962 3602.132237970829 32820.890775680542 2400.879869133234 27481.198067203164 950.74821993708611 4423.9952713698149 980.67264670133591 986.42223486304283 409.29213611781597 335.19516390562057 4811.0560088157654 1313.348747164011 285.99224305152893 10517.397227555513 10429.283165872097 670.60193188488483 1540.7708765715361 1380.9047322571278 220.32291413843632 6944.2619607597589 6341.979697778821
leaf_count=10813 4363 23908 25016 8530 5711 7146 10435 1800 145161 125523 138071 13979 12870 79221 20788 31359 19125 27705 21420 1241 3272 1461 13342 4308 6433 11188 4039 7758 2233 2849 59519 8691 12618 35902 9375 16226 10250 2796 596 40028 8419 8401 99630 24854 811 2053 547 15173 89567 18315 10175 13948 19045 2282 146345 3878 40261 31678 22327 186426 45141 8263 6709 107204 101639 34326 121538 11183 10745 1229 863 80622 9883 4483 3375 46481 12960 19454 2621 840 1195 6181 1201 34080 26629 1312 6882 22951 34888 3358 3269 37108 765 85275 510 20673 67554 29621 3041 19914 19268 11227 48413 56593 4217 14422 131397 9609 110197 3811 17729 3931 3956 1641 1347 19354 5269 1145 42126 41737 2691 6179 5537 883 27845 25421
internal_value=0 -0.00248151 0.00413223 0.00581546 0.00748641 -0.00612221 -0.000940037 -0.00171435 -0.00343916 0.00169726 0.00167599 0.000228327 0.00268478 -0.00817881 -0.0063104 -0.000421602 0.00546671 -0.0037392 -0.00467369 -0.0137722 -0.00424953 -0.00582189 -0.00604966 -0.000904818 0.00117524 0.00737715 0.012388 0.0181295 0.00613831 0.0260067 0.0127463 -0.004775 -0.00429252 -0.00156338 0.0058772 0.011841 -0.00814446 0.0050683 0.0223276 -0.0115287 0.00475568 0.0232572 0.000731836 -0.00419564 -0.0116181 0.0113533 0.00110229 0.0021063 -0.000893031 0.00511814 0.00102472 0.00629295 0.00957673 0.0117442 0.00410882 -0.00943435 0.00353492 0.00246123 0.00423057 -0.00340362 0.000461025 0.00073199 -0.00913557 0.00104923 -0.00011185 -0.00245722 0.0023041 0.00422834 0.0101247 -0.0506983 -0.00369379 -0.0011427 -0.00953791 0.00132165 -0.00893217 0.00243149 0.00804932 -0.00859429 0.0001688 0.0203514 0.0119427 0.0136524 -0.00727502 -0.00506426 -0.000221362 0.0187077 -0.0110879 -0.00597781 -0.0148939 -0.0309371 0.00400857 -0.00668549 -0.0226599 0.00148945 -0.01009 0.00200268 0.00344928 0.00656427 0.00417172 0.00136761 -0.00231707 0.0015011 -0.000288005 -0.00111087 -0.00590463 0.000907764 -0.0056651 0.0137197 -0.00706204 -0.00247335 0.00511855 0.0162919 -0.0146844 -0.0197402 0.0152248 0.0163329 -0.0183462 0.0244011 0.000708026 0.00129269 0.00671145 0.0125791 0.0213728 0.0326424 0.0109308 0.014505
internal_weight=0 534803 309780 183814 122693 159081 375721 290446 170344 85275.6 125966 91491.2 77809.5 85388.6 54815 13017.7 36951.8 73692.6 133935 5965.89 127970 87047.9 86396.8 40921.7 30848.7 9449.42 6653.58 5046.6 97662.4 1266.8 25030.8 68952 66781.4 21399.3 96395.6 11513 41797.3 84882.6 1510.17 30573.6 83372.4 4037.5 87998.8 71608.4 6904.19 713.088 36408.8 63117.2 26168.7 81271.9 18123.6 63148.3 25224.3 20474.6 37924 3507.82 14615.8 61120.9 36948.5 64704.2 18184.5 120102 3740.97 116361 85232 43247.7 41984.3 31128.6 18614.3 615.87 63631.7 29542.5 5799.12 3795.01 20604.5 12429.2 11613.4 7466.19 40857.6 6416.49 2084.23 4338.89 10073 8807.42 12707.2 982.538 17444.7 7446.65 9998.08 1286.8 32174 17848.4 1265.6 53218.3 2258.66 50959.6 38175.4 24241.2 16847.7 11617.2 12784.2 7969.9 39875.1 36662.6 34089.2 23743.3 33873.9 5639.38 37787.9 10306.7 6355.42 1931.42 3951.29 2964.87 9179.42 8844.23 4009.37 651.121 11276.4 22522.9 818.65 19905.4 3142 1601.23 16763.4 9819.09
internal_count=3383115 2141645 1241470 737029 492314 637699 1503946 1162594 681966 341352 504441 366370 311463 342368 219744 52147 147917 295331 536258 23890 512368 348540 345934 163828 123474 37819 26631 20198 391711 5082 100603 276055 267364 85655 386629 46302 167597 340327 6083 122624 334244 16159 352391 286990 27718 2864 145708 252761 104740 325825 72629 253196 101140 82095 152056 14053 58576 244715 148021 259272 72846 480628 14972 465656 341088 173073 168015 124568 74747 2470 254746 118269 23225 15228 82596 49753 46477 29889 163546 25856 8341 17364 40354 35281 50906 3933 69879 29833 40046 5158 128792 71434 5073 213037 9040 203997 152829 97115 67494 46543 51168 31900 159613 146743 136477 95044 135614 22569 151515 41318 25471 7742 15847 11891 36927 35580 16082 2606 45167 90150 3287 79813 12599 6420 67214 39369
is_linear=0
shrinkage=0.1


Tree=10
num_leaves=127
num_cat=0
split_feature=28 32 16 10 20 32 19 5 43 37 37 40 42 42 7 16 40 27 45 21 24 18 38 40 34 37 1 8 46 37 5 22 19 43 22 45 34 5 42 26 44 9 16 9 9 43 45 22 37 9 16 39 39 26 37 37 37 33 44 45 34 22 4 22 38 20 3 46 24 38 37 37 39 42 45 20 39 32 43 7 25 37 44 44 5 18 38 6 30 38 44 44 27 28 43 37 34 5 24 37 17 40 5 38 24 21 38 22 22 25 36 43 42 37 37 38 21 42 26 46 37 45 16 13 38 10
split_gain=740.442 263.659 171.093 164.374 83.3689 80.2302 76.9798 87.7635 71.1897 61.6326 61.7567 58.1602 57.5755 56.6521 72.4802 55.2289 58.7358 54.4355 53.8854 47.8572 47.5866 54.4571 49.0455 53.3898 44.9591 43.4531 42.7732 56.9929 40.9673 40.3908 40.0825 39.8549 52.4663 43.1912 46.7181 42.8502 55.367 39.7714 39.4971 38.9577 38.3217 51.7513 42.3042 144.007 107.639 47.4582 38.0873 38.0368 37.9085 37.6785 40.1942 37.2036 41.622 36.6943 36.4754 50.447 44.011 36.464 36.193 40.331 36.0816 40.2093 35.9932 35.2304 34.9368 34.7747 37.9883 34.5848 33.7115 32.7428 40.4837 34.8046 32.6715 32.3888 32.2833 32.1993 31.7314 36.3587 31.2318 39.4879 30.6185 30.6055 30.5687 30.538 30.518 31.7485 32.9258 30.4322 30.4231 30.0174 36.6422 32.8138 29.6763 30.633 29.5816 31.7477 29.5693 29.4996 29.4465 29.258 29.1893 29.1679 29.0554 28.8865 28.8576 28.6212 28.5633 28.1888 28.0384 27.786 27.6994 29.1436 27.5743 27.541 30.1721 27.1717 26.9697 30.0389 42.1286 28.959 30.5266 38.2824 27.6259 27.1393 26.9654 32.1356
threshold=0.001145558257121593 0.00046002843009773647 -1.290506816076231e-05 36.003557205200202 0.0005176616250537337 0.00039270440174732363 -0.00036019501567352558 0.0025926118250936274 -0.24499999731779096 1.7333333492279055 4.0000001192092904 1.5000000000000002 0.50499999523162853 0.75499999523162853 0.0023351707495749001 3.9731654396746314e-05 1.5000000000000002 -0.0038804281502962108 19.500000000000004 -0.40680339932441706 0.0020925552817061548 0.0043024627957493075 8.5000000000000018 1.5000000000000002 2.9532010555267338 0.16666667163372043 -7.6565687777474509e-05 0.0010967011912725868 -1.0000000180025095e-35 7.7333333492279062 -0.030606823973357674 38.291339874267585 -0.0024637839524075385 0.16499999910593036 33.02095031738282 33.500000000000007 0.88789325952529918 0.020700538530945781 1.0000000180025095e-35 0.6514839529991151 -0.014999999664723871 0.00036046930472366517 -4.0745037495071293e-06 0.0001180348153866362 0.0001180348153866362 -0.68500000238418568 48.500000000000007 64.05292129516603 3.5666666030883794 0.00035386814852245157 -0.0025153704918920989 5.5000000000000009 1.0000000180025095e-35 0.77307477593421947 4.4666664600372323 4.0000001192092904 3.7333333492279057 -0.0052037315908819428 -0.49500000476837153 75.500000000000014 4.2705309391021737 61.18230056762696 -0.036830345168709748 65.448818206787124 1.5000000000000002 0.0001926228578668088 -0.00035815569572150702 6.5000000000000009 0.011913090478628876 20.500000000000004 2.0999999046325688 7.6666667461395273 5.5000000000000009 0.62500000000000011 11.500000000000002 -0.0001140641325036995 5.5000000000000009 0.0020721781766042118 0.45499999821186071 0.0010470069828443231 0.012936017476022245 4.2333333492279062 0.18500000238418582 -0.59499999880790699 -0.013520567677915095 0.0007953016902320088 12.500000000000002 0.00067395306541584443 -0.00091040204279124726 14.500000000000002 0.13499999791383746 -0.44499999284744257 0.0016930862911976876 -0.0085825794376432878 0.74500000476837169 7.866666555404664 -0.4334340095520019 0.011137045454233887 0.013821915723383428 2.9000000953674321 0.0012455458636395635 2.5000000000000004 -0.0099451462738215906 13.500000000000002 0.0047416216693818578 -0.014930869918316601 2.5000000000000004 18.860877037048343 48.279521942138679 0.0060642524622380742 -8.5350002336781458e-05 0.32500000298023229 0.74500000476837169 6.366666555404664 4.9666664600372323 19.500000000000004 0.55993863940238964 0.25499999523162847 0.62113600969314586 -24.499999999999996 4.2999999523162851 23.500000000000004 -0.00022948039259063077 -0.00014893027400830758 17.500000000000004 61.479742050170906
decision_type=2 2 2 2 2 2 2 2 2 2 2 2 2 2 2 2 2 2 2 2 2 2 2 2 2 2 2 2 2 2 2 2 2 2 2 2 2 2 2 2 2 2 2 2 2 2 2 2 2 2 2 2 2 2 2 2 2 2 2 2 2 2 2 2 2 2 2 2 2 2 2 2 2 2 2 2 2 2 2 2 2 2 2 2 2 2 2 2 2 2 2 2 2 2 2 2 2 2 2 2 2 2 2 2 2 2 2 2 2 2 2 2 2 2 2 2 2 2 2 2 2 2 2 2 2 2
left_child=1 6 4 8 12 13 15 40 20 28 48 24 53 18 30 -1 92 68 26 -7 -2 22 23 109 38 -21 27 -5 -4 60 -15 32 -20 54 98 36 97 62 72 49 41 42 43 45 46 65 -44 -30 84 108 -51 52 -25 -3 55 56 107 -37 -23 -60 61 76 -16 116 82 66 -8 -10 -13 70 -43 -71 -6 -45 -32 -48 77 -12 -66 -80 -14 -78 96 87 -11 86 -86 -79 -28 91 -91 -69 93 -17 95 124 -41 -33 105 -72 -97 -54 -74 -24 -19 -35 -18 -34 110 -22 -9 -112 -46 114 -90 -95 117 119 122 120 -42 -122 -119 -124 125 -27
right_child=3 2 9 5 11 19 7 39 67 10 29 17 80 14 37 16 106 104 31 25 21 58 103 51 -26 94 88 -29 47 -31 74 35 33 34 -36 57 -38 -39 -40 64 63 69 44 73 112 -47 75 -49 -50 50 -52 -53 101 -55 -56 -57 -58 -59 59 -61 -62 -63 -64 -65 78 -67 -68 89 -70 71 99 -73 102 -75 -76 -77 81 83 79 -81 -82 -83 -84 -85 85 -87 -88 -89 113 90 -92 -93 -94 115 -96 100 -98 -99 -100 -101 -102 -103 -104 -105 -106 -107 -108 -109 -110 -111 111 -113 -114 -115 -116 -117 -118 118 -120 -121 121 -123 123 -125 -126 -127
leaf_value=-0.0019698558316876519 0.022074759266744234 0.0010464693704954724 -0.010165994795647306 0.019148665311581995 -0.0078481194807942124 0.0037640534764475288 0.023451736848651334 0.030986718521308666 0.0037693925792782845 0.0075309601994625235 -0.0058021346364056613 -0.010042520025440595 -0.015862230050955294 0.0021783202041454324 -0.0071622920019360969 0.027698652021115738 -0.008014983853800341 -0.0057210725402777095 0.036932196254013852 0.015778606558615741 -0.017157481993338441 -0.00078005076249432811 0.019444391229151849 0.018404923391344346 0.0034258081464768326 -0.0015658994435430063 -0.0070226466191673836 -0.0058884882214330385 0.00071659204630672045 0.0074065418046316599 0.031026926407537264 0.012142218817638006 -0.018874871986828592 0.0024326852412691648 0.0069231378924674361 0.0049021268617880105 -0.011538657099809169 0.03016672343838496 -0.01487804371430853 -0.035043299784203223 0.0041130497978482724 -0.0072271683808178737 0.0023961909790696035 0.0070496459973810504 0.0016047974496765677 -0.0076273049330831018 -0.010030833932989794 -0.011562169883954226 0.0097955009011853195 -0.025601843286042588 0.00083183521883074753 0.018817616804609284 -0.025244819497949152 -0.0083928638577572667 0.0039783599875203293 0.029659297882639091 -0.012511590071813353 -0.00057748742346689589 0.019157202256106259 0.00088139943734471561 0.017784589634781869 -0.0072644876585203459 -0.04763194391185966 -0.014886553351035442 -0.0056103479584574158 0.011908317008872288 0.057937965526872096 0.03572424469460872 -0.00019570161189571653 -0.0078389742782624464 0.0090016515972040963 -0.036581777806187703 -0.0048010306910294407 -0.0080543882373054973 0.011221049625992706 -0.036536770594815103 -0.022103025500362174 0.057469536525957168 -0.0025849721579903205 0.012137915866340783 -0.00347663772142479 0.0070205120462254319 0.0027133870139081249 8.3596282638955565e-05 -0.0046932881523361857 0.012008029542509685 0.0040380514277427613 0.0070292780373049334 -0.027886801540006778 -0.0038234178909250455 0.015228818158325897 0.012158365170605314 0.017314438293559522 0.008539470193748077 -0.010917867657726215 -0.028698520886692603 -0.012523209935605684 0.0026025130855295746 0.031107155953696765 -0.00096367465801392577 0.021507590310820883 -0.0023531213421765606 -0.023334075774710444 0.0067790260271186871 0.00050947425676458019 -0.007458314572451801 0.0033069581529135404 0.011764947535323367 -0.0093582377011866037 0.012816174533225666 0.0024684589359382494 -0.018706721410195089 0.016922853448752807 -0.06050435824046986 0.026295045986450334 -0.0038224353881373832 -0.0054485494257607552 -0.0075573277243195462 -0.010519589738150113 0.0054745209404621579 0.011118884351742388 -0.042297309468139047 -0.036064701088422427 0.0099999716072282502 0.0030086020676661825 -0.012329399563130989
leaf_weight=13475.097854956985 3879.570993244648 24621.202505990863 12115.415794149041 1428.3065131306648 29019.474278524518 23722.124464645982 501.86971719563007 279.32367342710495 32246.722393587232 6178.6102024912834 17541.694687321782 27644.668406143785 4279.4656900912523 5179.640639141202 491.24954448640347 709.41211953759193 2545.982833340764 16153.683167442679 536.70082788169384 1400.7095699161291 351.62021784484386 1293.4946281015873 2766.5780241042376 361.97975790500641 2240.6819481104612 34218.686280041933 3816.5265869051218 2501.503755658865 10584.137234285474 3979.0735560357571 869.76665052771568 9192.8476767241955 307.46079339087009 5592.660749450326 11492.848605513573 16984.841384068131 1481.2251064926386 151.48259180784225 17577.566271498799 849.43847811222076 774.15676128864288 9447.1353011876345 669.85783499479294 3728.1225888878107 3295.9261719286442 263.03021577000618 791.75197020173073 3312.4358333796263 6617.0353959351778 583.56860040128231 40302.75472061336 411.15545436739922 1720.1483448296785 4945.4929197877645 11493.541610300541 1381.1235488504171 843.86515973508358 42610.129298970103 9746.9652464389801 1378.2409507930279 821.66382503509521 17674.987645119429 397.66884635388851 1080.0504814833403 35785.042729616165 399.78533908724785 878.61554630100727 655.57808828353882 3977.0385254323483 3937.5050328671932 3478.6709894686937 471.7634804546833 1229.5402174890041 2292.9315764158964 15299.212866663933 1088.2499767541885 385.46005673706532 183.64741146564484 8806.71114975214 2296.8094055652618 3740.5529862195253 5648.8485029786825 795.24463702738285 13836.195859327912 12513.025258436799 1859.4970694929361 6595.2986254692078 343.04532815515995 574.12409143149853 2555.6004458516836 1668.5302867293358 5985.9001518189907 4066.2074862271547 9884.8762531876564 3524.8330717533827 714.92042283713818 1859.1226290464401 5007.0519007146358 262.77212807536125 19247.392829343677 138.18282750248909 822.87250503897667 2711.3492660373449 5158.3935391157866 13770.987853825092 6134.5685172080994 17855.99983343482 12828.512257888913 8026.3934641331434 2568.182629391551 3448.6558800786734 800.90892414748669 1826.3408334553242 197.15880009531975 125.18792979419231 2168.0341282188892 3273.7092659473419 1503.2904665470123 3223.5904751271009 41382.686544880271 195.15624970197678 429.33927743136883 132.43891961872578 3730.1276189237833 12022.899617522955 3018.5153606384993
leaf_count=53925 15617 98546 48529 5719 116384 94947 2010 1118 129431 24730 70197 110998 17142 20768 1967 2840 10192 64782 2153 5608 1415 5218 11124 1453 8993 136945 15277 10014 42380 15936 3486 36808 1234 22389 46017 68042 5931 607 70580 3404 3098 37821 2683 14922 13193 1053 3173 13278 26490 2338 161280 1662 6896 19812 46084 5544 3386 170625 39344 5553 3289 70803 1593 4325 143258 1602 3519 2635 15959 15759 13923 1889 4935 9179 61386 4362 1543 735 35251 9193 14979 22615 3184 55378 50109 7440 26400 1373 2298 10258 6700 24033 16297 39579 14109 2861 7450 20048 1052 77038 553 3301 10898 20737 55168 24558 71511 51476 32126 10321 13803 3205 7312 789 501 8681 13105 6016 12904 165613 781 1718 530 14930 48135 12088
internal_value=0 -0.00224458 -0.004426 0.00390122 -0.00665644 0.00261437 1.59184e-05 -0.000821689 0.00802813 -0.00160689 -0.000416794 -0.00799967 -0.0025708 0.0039197 0.00857795 0.00351593 0.00550144 -0.005911 0.00314597 9.3494e-06 0.0117289 0.0102188 0.00598002 -0.000654369 -0.0104353 -0.00160896 -0.00449271 0.00321137 -0.00591572 -0.00233114 0.009834 0.00366931 0.00583142 0.00549982 0.00236736 0.00220809 0.00685927 -0.0171958 -0.0110499 -0.00289777 0.0011735 -0.000770141 0.00402514 0.00908235 -0.00129062 0.0320215 -0.0180786 -0.00221022 0.00300863 -0.00101685 0.000454549 -0.00933671 -0.0133215 -0.000532407 0.00823899 0.0114269 0.00962568 0.000984228 0.0150523 0.0168931 -0.00301771 -0.00332505 -0.0252669 0.00299836 -0.0048925 0.0378795 0.0454006 0.00541349 -0.00880409 -0.0028329 -0.00172536 -0.0109143 -0.00900834 0.00129774 0.0122865 -0.0253739 -0.00148974 -0.00274748 -0.00417273 0.000460518 -0.0100856 0.00516016 -0.0145246 0.000983239 0.00135431 -0.00046577 -0.00167964 0.0246168 -0.0109166 0.0102928 0.00370221 0.0144845 0.0098748 0.00750445 -0.00206302 -0.00144019 -0.0195858 0.00877841 -0.00199952 0.000561714 -0.0205663 -0.0178375 -0.0175518 0.0112005 -0.00285385 -0.00274134 0.00189408 0.0110478 -0.00580848 0.00920657 0.000482637 -0.00152239 0.00706644 -0.0274941 -0.0181874 0.00631586 0.00335186 0.00391268 -0.00148402 0.00499621 -0.00915584 -0.0256046 0.00394419 0.00842052 -0.00110896 -0.00243841
internal_weight=0 534685 272102 309514 151912 235943 262583 211877 73571.5 120190 94178.1 114325 37586.7 157182 22389 50705.6 37230.5 61546.4 134793 78760.9 30459.2 26579.6 14160.9 6235.96 52778.6 55038.7 8642.81 3929.81 26012 60414.6 21348.6 126150 50874.1 50337.4 23482.9 75276.1 15681.1 1040.4 50537.9 103834 108043 52318.9 15736.5 8064.35 7672.13 2043.3 2549.86 13896.6 33763.5 53441.6 40886.3 3316.16 2905 29566.7 26854.5 15361 13979.8 59595 12418.7 11125.2 56435.5 55613.9 888.918 55724.5 50392.4 1780.27 1380.49 43112.3 31621.7 36582.5 32173.2 4409.27 32960.4 6021.05 16169 1880 37938.9 31904.6 46888.6 11103.5 8020.02 6034.31 3503.81 14362.9 27146.4 20967.8 19108.3 526.693 4713 10865.6 4224.13 6641.48 16828.5 12762.3 53638 50113.2 2708.56 14199.9 11990 22726.1 853.103 2543.02 3940.89 7924.97 29924.7 11727.2 20402 13136 12555.3 2919.8 4528.89 4249.56 5122.27 896.471 699.312 12052.9 54644.5 51370.8 8589.45 42781.3 1398.65 624.496 5365.86 3862.57 49260.1 37237.2
internal_count=3382190 2141494 1090401 1240696 609176 944998 1051093 848068 295698 481225 377038 458697 150479 629752 89807 203025 149100 246907 539945 315246 122641 107024 56909 25048 211790 220299 34598 15733 104187 241869 85640 505347 203893 201740 94016 301454 62787 4167 202797 415610 432458 209438 63008 32285 30723 8184 10218 55658 135169 213870 163618 13312 11650 118358 107724 61640 56096 238667 50115 44897 225933 222644 3560 223020 201740 7131 5529 173057 126957 146430 128782 17648 132217 24101 64872 7535 151841 127683 187702 44444 32121 24158 14038 57486 108679 83949 76509 2108 18865 43626 16958 26668 67397 51100 214691 200582 10854 56856 47999 90961 3414 10197 15833 31861 119950 46947 81703 52710 50252 11736 18126 17008 20505 3588 2799 48260 218695 205590 34380 171210 5597 2499 21476 15460 197168 149033
is_linear=0
shrinkage=0.1


Tree=11
num_leaves=127
num_cat=0
split_feature=32 10 10 30 30 9 9 40 18 0 45 41 38 16 21 33 0 38 38 33 39 30 5 41 42 45 40 26 31 39 26 37 43 32 16 38 5 38 37 0 32 33 37 43 37 45 37 7 23 38 39 43 34 43 38 5 45 43 8 38 10 45 31 7 46 43 12 22 7 11 40 21 45 46 43 37 24 23 43 43 46 37 27 15 45 45 9 26 23 23 37 22 41 37 43 8 31 46 24 46 12 37 42 23 34 45 43 37 24 33 1 29 31 8 22 26 18 46 46 20 40 38 32 32 43 5
split_gain=568.63 221.027 162.711 150.822 91.7913 78.0754 71.0418 73.1611 63.7499 62.8554 61.942 58.1785 57.3297 54.5307 54.5264 52.6335 47.4478 46.7826 44.8552 43.5983 43.4456 42.886 50.1073 47.6747 39.7761 43.0752 38.5768 38.4426 37.8921 37.0509 35.4008 35.0473 34.8897 34.0371 33.8355 33.2408 53.8009 39.3871 37.8895 32.9274 32.6928 32.3988 32.2825 34.4189 31.8297 31.4312 31.289 30.7983 32.9389 30.4769 33.6715 39.4201 30.1021 30.0486 29.8618 31.6287 32.5439 29.5233 29.206 38.1085 70.2418 36.8676 44.1435 37.2372 35.8636 52.474 32.7958 31.2293 30.9475 32.4563 28.3985 28.3011 33.0517 28.0402 33.6382 27.8255 49.3884 32.5589 30.1873 30.0647 34.8081 35.9608 31.3239 27.2713 27.2211 30.5364 29.4685 27.0984 26.9337 30.7644 26.4613 26.0879 38.2964 26.0634 25.9196 25.8156 27.2761 30.6277 26.7648 25.8116 26.7214 25.7288 36.046 32.9274 26.7554 25.6729 37.1496 38.0232 25.6654 25.662 25.5058 25.4082 25.4074 25.1732 24.8934 29.7431 27.3392 26.6871 43.1032 25.1655 24.7748 24.6243 24.5288 24.48 24.1856 24.1148
threshold=-1.0000000180025095e-35 62.208995819091804 40.25445747375489 -0.00010736187687143682 0.00026825694658327853 0.0001180348153866362 7.7708202297799303e-05 1.5000000000000002 0.0035608268808573489 -7.884762908361152e-06 28.500000000000004 4.1050000190734872 1.5000000000000002 0.00028408758225850766 -0.16274330019950864 -0.0032599795376881953 7.4054880769836026e-06 18.500000000000004 14.500000000000002 0.00043450650991871958 5.5000000000000009 -0.00096316286362707604 0.00087838232866488408 3.3600000143051152 -1.0000000180025095e-35 19.500000000000004 2.5000000000000004 0.2439224645495415 -0.018080362118780609 4.5000000000000009 0.81152349710464489 6.7999999523162851 1.0549999475479128 -0.00097662082407623508 0.0001644844232941978 16.500000000000004 0.018446816131472591 8.5000000000000018 7.866666555404664 -7.884762908361152e-06 -0.0025723717408254738 -0.0057428050786256781 1.5000000000000002 -0.37499999999999994 5.2666666507720956 9.5000000000000018 7.7666666507720956 0.00016195196803892034 -9.785082875168881e-05 6.5000000000000009 1.0000000180025095e-35 -0.60500001907348622 3.4601775407791142 -0.68500000238418568 13.500000000000002 -0.0045661111362278453 65.500000000000014 0.41499999165534979 0.00045021486585028475 9.5000000000000018 51.63153266906739 61.500000000000007 -0.0075695540290325871 0.00052437093108892452 -1.0000000180025095e-35 0.54500001668930065 4.8611920647090308e-05 37.232599258422859 0.0027080527506768708 0.00046164625382516539 1.5000000000000002 0.47013300657272344 40.500000000000007 2.5000000000000004 0.50499999523162853 2.1666667461395268 0.013821915723383428 0.0010921101784333589 -0.39499999582767481 0.17500000447034839 16.500000000000004 4.866666555404664 -0.0015206538955681024 0.07603278756141664 64.500000000000014 13.500000000000002 0.00064172595739364635 0.20744682848453525 0.0018132478580810132 -0.00060071190819144238 6.2666666507720956 40.190538406372077 1.2050000131130221 0.46666665375232702 0.57499998807907116 0.0012244915124028923 -0.001930265570990741 -3.4999999999999996 0.0085653965361416357 -32.499999999999993 -0.00016223730926867572 3.4333333969116215 -1.0000000180025095e-35 1.4406182799575619e-05 0.32044783234596258 73.500000000000014 0.14500000327825549 7.5000000000000009 0.0089992331340909022 -0.0019951262511312957 -1.6245408005488567e-05 0.00095437819254584621 -0.0033674170263111587 0.00062272316426970075 75.414058685302749 0.79959237575531017 -0.0034982067300006743 -29.499999999999996 -24.499999999999996 0.00037062306364532566 2.5000000000000004 1.5000000000000002 -0.011222868226468561 -0.00039654663123656059 -0.7250000238418578 0.0025926118250936274
decision_type=2 2 2 2 2 2 2 2 2 2 2 2 2 2 2 2 2 2 2 2 2 2 2 2 2 2 2 2 2 2 2 2 2 2 2 2 2 2 2 2 2 2 2 2 2 2 2 2 2 2 2 2 2 2 2 2 2 2 2 2 2 2 2 2 2 2 2 2 2 2 2 2 2 2 2 2 2 2 2 2 2 2 2 2 2 2 2 2 2 2 2 2 2 2 2 2 2 2 2 2 2 2 2 2 2 2 2 2 2 2 2 2 2 2 2 2 2 2 2 2 2 2 2 2 2 2
left_child=2 3 6 17 5 9 16 20 12 -4 27 29 -9 15 21 -5 39 58 32 30 34 28 -23 -24 26 93 -10 -3 -7 75 47 -19 -15 -22 -8 36 37 -21 -37 124 71 -13 43 -17 -14 -20 94 48 -12 50 -46 120 70 110 55 56 122 114 66 64 83 -62 -63 -64 65 87 -2 -65 69 91 -29 -27 -73 74 -30 76 77 111 -79 80 81 -77 -81 -61 85 -33 109 99 89 -38 -83 -66 -93 -26 -16 112 97 -97 -98 -60 -101 102 103 104 -67 113 -107 -108 -42 -87 -11 -6 -39 -86 115 116 -43 -117 -119 -116 -52 -49 -36 -41 -1 -44
right_child=1 10 4 13 11 14 7 8 24 53 19 41 44 18 46 42 -18 31 45 35 33 22 23 -25 25 40 -28 52 73 -31 -32 84 -34 -35 54 38 88 95 -40 123 108 57 125 -45 49 -47 -48 121 -50 -51 51 -53 -54 -55 -56 -57 -58 -59 59 60 61 62 63 67 68 101 -68 -69 -70 -71 -72 72 -74 -75 -76 79 -78 78 -80 82 -82 90 -84 -85 105 86 -88 -89 -90 -91 -92 92 -94 -95 -96 96 98 -99 -100 100 -102 -103 -104 -105 -106 106 107 -109 -110 -111 -112 -113 -114 -115 119 117 -118 118 -120 -121 -122 -123 -124 -125 -126 -127
leaf_value=-0.062939260739999572 0.00056309804520301629 -0.025288862229509948 -0.017548545423077145 0.0040050402810471192 -0.012155087474853667 -0.0031022105828008794 0.0030268666669379359 -0.014356156029394558 0.0077467022079378001 0.0031645861337260676 -0.009283520592138432 0.0085627430790522624 0.0040237025053011808 -0.0026312000463347778 -6.1709456762405935e-05 -0.014385583996177133 0.043213803560259938 0.0066488547693932202 -0.03701577359820437 -0.0073999779528268958 0.019979224817417179 0.0049158338540572048 0.0079513381731310725 -0.0038793656319338898 0.038800896640554847 0.0089464684726407034 -0.006238459627792489 -0.014213694425468099 0.0066905692040188161 -0.0089373447163691999 -0.016900617562869254 0.03125405764737238 -0.028131795585567772 0.0070994095407687407 -0.016115461086314085 -0.0025105886392957823 -0.012753245368038003 -0.025558113264882096 -0.043429790147060811 0.0082609002624468315 0.0058546457717137141 -0.012308231695406367 -0.002487493082526133 -0.0055594143373906956 0.014750986306909087 0.0027062752739398059 -0.012993821895906185 0.010183949807946374 0.0284985743341311 0.00036257225900119074 -0.057148768336795434 -0.010070074692706737 0.011613378284240809 0.012923488055276048 0.005562696004408646 0.014343774218172817 -0.0017416264541509283 0.0042749036646019161 -0.033768537686406322 0.0097409033002379321 -0.0075876662027415543 0.012436811989333232 0.016100238196676633 -0.032534050265951443 0.0097737121262990306 -0.033782298576052368 -0.007826899950052417 -0.0046783252939283709 -0.020112968355955173 0.011776985697981494 -0.0069604028138112173 0.0077993920561366756 0.023293236070944377 0.0099475374710529859 -0.0014206313749192912 0.012922395527246387 -0.042910201939998213 -0.021997020906508347 0.0086301519590427662 0.00372471314058516 -0.042406466584920609 -0.0086541262481381366 -0.006936714367329181 0.001134702132325864 -0.0030860481520513937 0.025600800029731686 -0.013038940103371491 -0.00028324124131632136 -0.014208771463479243 0.0017363605733085087 0.0070117865894413966 0.013650493085619117 -0.00091458066755361863 -0.0056941127928277387 0.007537886792242739 0.01078382327694655 0.035634619975681729 -0.024150328508239987 -0.01444388679042545 0.0019126986622277926 0.015697531603263853 -0.0020112463084978279 -0.0080304953512846007 0.0033153895577495577 -0.08146136907390264 0.010351985423081149 -0.071284419874621807 0.0025141210339071928 -0.013031133837156351 -0.0034467867207837533 0.042367987214742366 0.011436917315576769 -0.014044033946673987 0.028200336773435919 0.055801794130692556 0.02997256903154577 0.000961059285097566 -0.050979747243205399 -0.00420420683959762 0.0086852396714918265 -0.0071278509432396338 -0.0023882667688753714 0.011474051223028671 -0.021573683700338079 -0.018681854653122176 -0.0057706865803185238
leaf_weight=244.08642870187759 9853.1142550110817 1757.6221883893013 380.67952811717987 6831.9444984644651 4668.1011184900999 4209.9181630015373 14536.292731747031 2538.685333237052 3628.1543703973293 195.8266324698925 340.77686908841133 4964.2431588023901 16824.343552932143 39800.630927354097 52614.271609127522 6958.375810444355 132.64202003180981 22094.938676327467 200.79354593157768 15385.120841741562 5135.6368069350719 24774.072986066341 4205.2077249139547 17926.285442039371 138.47308948636055 11805.907652378082 4321.9280731678009 10700.778456941247 23673.127141356468 10785.773031443357 1377.3668867647648 216.30990415811539 543.86516970396042 3416.9173511713743 335.9649455845356 17158.386693760753 1771.0811563432217 2530.1479303687811 229.31355768442154 457.63441340625286 5189.2376699894667 1612.5914251953363 41647.821744546294 12103.432154908776 406.39281867444515 25163.586976096034 1748.1249021589756 1712.6836738437414 714.65566605329514 7198.7004001289606 332.25297780334949 1950.039730027318 630.42462803423405 949.34223665297031 18182.959585562348 12760.240594044328 3053.047681003809 14661.939923673868 145.22899648547173 4502.1532744169235 16377.390076100826 2283.6217457354069 801.7141640484333 440.47932966053486 5163.2955662310123 426.56790989637375 8838.0748456567526 4664.0291579067707 465.76077005267143 6862.382129907608 10892.50560438633 2211.0378510206938 3649.1244237571955 17745.222330749035 6521.3017090111971 3617.644289791584 365.96463032066822 378.85200940072536 2137.713330835104 4232.4451799988747 154.1731976121664 2095.8467026799917 7898.6707037687302 20211.578061103821 383.22698983550072 399.40064944326878 3039.7508007586002 14043.498752728105 1743.5177411139011 8487.9148003011942 2220.5607443749905 2148.378413528204 11302.133138567209 2670.2584760934114 4906.4522028714418 391.19132234156132 292.89241851866245 700.12523420155048 167.90423756837845 2762.3496255427599 2864.4190424382687 1747.5841276049614 1219.7109173685312 167.44944757223129 162.54117396473885 525.29849104583263 141.16021963953972 138.13530300557613 835.42382699251175 1275.1399553567171 1087.9636762142181 505.98501960933208 7901.4436371177435 781.86479584872723 127.95390030741692 224.6028029769659 41814.899033695459 199.13516215980053 18395.141759067774 993.88878753781319 141.05211518704891 17238.586169108748 7892.0160421282053 689.23402519524097 249.88877946138382 48334.10217666626
leaf_count=981 39444 7050 1524 27342 18690 16857 58284 10176 14558 784 1365 19869 67503 159345 210772 27911 532 88466 804 61761 20712 99165 16833 71738 556 47503 17340 43040 94864 43183 5530 866 2178 13739 1355 68843 7110 10165 923 1835 20884 6458 166781 48520 1629 100727 6998 6862 2865 28873 1332 7817 2533 3801 73011 51207 12256 58670 582 18033 65548 9140 3208 1763 20680 1707 35368 18665 1865 27467 43777 8909 14734 71114 26102 14477 1467 1517 8559 16942 617 8388 31603 80894 1534 1599 12169 56205 7005 34108 8887 8598 45235 10719 19639 1572 1177 2813 675 11062 11466 6993 4881 670 651 2103 565 553 3357 5104 4361 2025 31766 3130 512 899 167322 797 73629 3978 566 69078 31705 2763 1002 193654
internal_value=0 -0.00254371 0.00264827 -0.00127893 0.0012997 0.00286812 0.00556316 0.00583612 0.00342879 0.0200102 -0.0066063 -0.000768354 7.6499e-06 -0.00320458 0.00258512 -0.00450954 -0.0143152 0.00110871 -0.000903322 -0.00524197 0.0081892 0.00402062 0.00182664 -0.00163141 0.00634762 0.00820879 0.000143905 -0.011052 0.00599398 -0.00395072 -0.00139374 0.00470595 -0.00297496 0.0148335 0.00718805 -0.0066918 -0.00830004 -0.010748 -0.00305024 -0.0189658 0.00959702 0.000729443 -0.005043 -0.00878134 0.00136562 0.00239182 0.000185977 -0.000326161 0.0162995 -0.00309376 -0.0118865 -0.0163536 -0.009926 0.0264128 0.0086206 0.0109334 0.00707576 0.000231092 0.00022068 0.000906684 -0.00106164 -0.00484824 0.000629846 -0.00393528 0.00286704 4.07898e-05 -0.00340409 -0.00708206 0.00543154 0.00589855 -0.0105548 0.0117664 0.0174474 0.00679278 0.00493874 -0.00204859 -0.00701817 -0.00531023 0.00401944 -6.84054e-05 0.00465406 0.00556853 -0.00321703 0.00270251 -0.00151528 -0.00548508 -0.00717081 0.00208756 -0.00271795 -0.00076508 -0.000594852 0.00373133 0.00141182 -0.00350047 0.000586527 -0.0150464 -0.00301382 -0.0116279 0.0173871 0.0078558 0.00893014 -0.0108505 -0.018667 -0.035815 -0.0469374 0.00842207 -0.00531616 -0.0347848 0.0032358 0.00348146 0.036388 -0.00984797 -0.0168367 0.0179095 -0.000704553 -0.000970634 0.000468331 -0.00429127 -0.00470515 0.0140592 -0.0422418 -0.00125208 0.0103475 -0.0096688 -0.0405506 -0.00425107
internal_weight=0 430158 413921 328033 282994 160938 130928 129154 63841 2613.81 102124 122056 29391.5 181585 158324 115876 1773.49 146449 65708.9 78143.1 65313.1 99055.1 46905.6 22131.5 34449.5 26499.5 7950.08 23981.3 52149.6 39061.7 21384.1 28995.2 40344.5 8552.55 56760.5 56759 39371.3 27368.8 17387.7 1640.84 23690.7 82994.4 109044 19061.8 26852.8 25364.4 59268.8 20006.7 1055.43 10028.4 2829.74 2423.34 22223.7 2233.13 42224.2 24041.3 11281 78030.2 117453 98762.3 49281 24567.2 8189.84 5906.22 49481.3 23539.3 18691.2 5104.51 25942 25476.2 21593.3 17666.1 5860.16 47939.7 30194.4 28276 8056.62 7690.65 2516.57 20219.3 8088.22 7934.05 12131.1 24713.7 6900.29 4930.6 4714.29 19815.5 12002.5 10259 4316.41 18613.8 13450.5 2808.73 57520.7 11983.7 1552.11 1091.32 460.797 5772 5626.77 3723.85 1976.27 756.559 589.109 1969.69 804.594 279.296 6024.66 1674.54 1283.79 5174.09 10431.6 1165.09 63368.2 62246.4 43427.5 18818.9 18594.3 1121.84 473.305 18951.3 8227.98 1146.87 493.975 89981.9
internal_count=3382373 1723494 1658879 1313476 1133041 644552 525838 518725 256456 10470 410018 488489 117896 727262 634082 464208 7113 586214 263054 313618 262269 396673 187736 88571 138560 106662 31898 96400 208937 156355 85700 116089 161523 34451 227818 227918 158152 109929 69766 6581 95387 332134 436866 76431 107720 101531 237409 80170 4230 40217 11344 9715 89350 8946 169534 96523 45316 312265 470125 395313 197251 98324 32776 23636 198062 94217 74812 20428 103845 101980 86817 71146 23643 192080 120966 113172 32258 30791 10076 80914 32369 31752 48545 98927 27623 19738 18872 79315 48223 41218 17275 74513 53833 11275 230411 48168 6237 4385 1852 23110 22528 14902 7909 3028 2358 7885 3221 1118 24241 6703 5145 20715 41931 4664 253595 249105 173780 75325 74426 4490 1898 75940 33060 4598 1983 360435
is_linear=0
shrinkage=0.1


Tree=12
num_leaves=127
num_cat=0
split_feature=20 10 10 11 22 38 37 17 22 43 37 10 0 45 29 5 41 38 37 37 22 43 43 4 39 40 37 43 15 26 38 38 42 37 8 0 45 30 22 46 46 39 25 44 38 40 43 25 46 33 44 45 38 37 42 34 38 43 25 46 37 37 39 38 10 46 17 43 37 5 0 39 38 38 43 29 27 33 22 29 44 37 46 3 37 8 43 20 45 29 22 25 9 43 33 45 17 43 35 43 34 5 43 44 44 38 13 45 40 22 27 38 44 34 44 43 3 0 30 22 27 30 30 36 45 45
split_gain=463.975 164.365 163.164 137.221 101.022 78.2524 155.305 73.5315 68.1717 61.5507 69.18 59.5197 52.2531 51.219 49.2838 45.6479 49.8528 47.6327 50.7396 43.9798 43.7228 39.942 49.1588 39.812 38.9531 38.6202 38.2972 49.6341 37.1323 43.6884 37.0465 36.706 35.9225 46.1425 35.8805 53.0523 35.3311 44.3483 36.2934 35.948 35.1703 40.9395 38.9077 39.0881 34.6923 39.1018 58.1515 53.8419 37.4544 34.4126 34.1182 34 33.9364 33.7006 41.8513 33.8811 32.5688 31.4808 31.203 38.6979 30.9572 32.2717 38.2281 48.7621 43.7342 39.9636 36.904 33.2571 31.4556 30.7715 38.0401 36.184 98.4049 43.3436 32.7963 30.7327 30.5739 30.5511 42.7715 35.7211 30.4754 30.471 34.3115 29.6212 29.5115 33.7308 30.4205 38.4978 29.4181 30.9575 29.2237 29.0789 28.9528 28.9011 28.7992 28.7399 28.7139 28.6468 31.3458 33.4978 28.6061 32.4517 28.5957 28.5186 28.5031 44.3194 31.8053 28.2166 31.0498 49.0855 38.4226 28.1722 36.4263 28.1302 28.1393 28.1225 28.1009 34.0824 28.0507 28.0274 27.9771 27.8237 27.477 27.6935 27.452 27.4154
threshold=-0.00020722826593555507 32.456796646118171 65.684314727783217 7.667284808121623e-05 58.832904815673835 16.500000000000004 7.8999998569488534 0.00084830081323161732 44.051897048950202 -0.39499999582767481 0.26666666567325598 57.759572982788093 0.00039095796819310641 44.500000000000007 -0.015259495470672844 -0.0076779366936534634 4.1050000190734872 5.5000000000000009 0.23333333432674411 6.7000000476837167 39.288925170898445 -0.50499999523162831 -1.0249999761581419 -0.023939451202750203 5.5000000000000009 1.5000000000000002 6.9666664600372323 0.34499999880790716 0.3341731876134873 0.15355517715215686 19.500000000000004 14.500000000000002 -1.0000000180025095e-35 7.7333333492279062 0.00011928643652936445 7.4054880769836026e-06 47.500000000000007 -0.0052861294243484727 30.731807708740238 -1.0000000180025095e-35 -4.4999999999999991 2.5000000000000004 0.036764791235327728 0.32500000298023229 1.5000000000000002 2.5000000000000004 -0.25499999523162836 0.012266554869711401 -3.4999999999999996 -0.0056088247802108518 0.65999999642372142 56.500000000000007 12.500000000000002 7.9333331584930429 0.25499999523162847 1.1929413080215456 22.500000000000004 -0.39499999582767481 0.022036273963749412 -25.499999999999996 0.16666667163372043 6.5000000000000009 3.5000000000000004 1.0000000180025095e-35 57.894927978515632 -8.4999999999999982 -0.00059455179143697013 0.36500000953674322 5.7666666507720956 0.013784591108560564 -0.0029531392501667138 1.0000000180025095e-35 18.500000000000004 8.5000000000000018 -0.39499999582767481 0.021415498107671741 0.00010537582420511173 -0.0021578752202913161 54.839780807495124 0.0041445449460297832 -0.1649999991059303 5.7999999523162851 11.500000000000002 -0.014008794911205767 6.8999998569488534 0.0019424353376962247 0.53499999642372142 0.0012439075508154931 28.500000000000004 0.0070899447891861209 63.317762374877937 0.055247129872441299 0.00015291184536181393 0.53499999642372142 0.0010603006230667236 74.500000000000014 0.0036337871570140128 -0.31499999761581415 -3.3700000585668018e-06 0.034999999217689044 3.4601775407791142 -0.0063618384301662436 0.32500000298023229 -0.31499999761581415 -0.17500000447034833 7.5000000000000009 0.00023137500102166089 20.500000000000004 1.5000000000000002 31.735846519470218 0.0012285927077755334 2.5000000000000004 -0.59499999880790699 -0.54252028465270985 -0.64499998092651356 -0.49500000476837153 -0.00051323726074770082 0.00036475388333201414 0.0018192962743341925 56.615648269653327 -0.0047827877569943658 -0.00080877763684838999 0.00076532585080713045 6.6034997871611281e-05 61.500000000000007 32.500000000000007
decision_type=2 2 2 2 2 2 2 2 2 2 2 2 2 2 2 2 2 2 2 2 2 2 2 2 2 2 2 2 2 2 2 2 2 2 2 2 2 2 2 2 2 2 2 2 2 2 2 2 2 2 2 2 2 2 2 2 2 2 2 2 2 2 2 2 2 2 2 2 2 2 2 2 2 2 2 2 2 2 2 2 2 2 2 2 2 2 2 2 2 2 2 2 2 2 2 2 2 2 2 2 2 2 2 2 2 2 2 2 2 2 2 2 2 2 2 2 2 2 2 2 2 2 2 2 2 2
left_child=1 24 4 -4 5 9 12 14 11 10 -2 19 84 25 49 16 23 18 -18 21 -12 22 -3 -11 69 90 102 32 29 -24 40 -26 -28 36 35 80 37 -34 -38 57 42 -42 100 -44 48 46 47 -46 94 -6 -17 52 -19 55 -55 -35 77 -39 -20 -60 -25 62 -62 65 67 -64 -66 68 -65 70 -1 72 74 107 -72 -71 -8 78 113 -79 -22 82 120 -80 85 -7 118 -88 -61 -90 -5 -92 -30 -75 122 -81 -9 -54 99 -99 -23 -102 -21 -14 105 -43 -107 -73 110 -110 -109 112 -15 114 -48 -106 -36 -118 -86 -95 -16 124 -10 -124 -94 -13
right_child=2 8 3 13 7 6 76 96 44 15 20 125 103 111 81 50 17 51 58 26 34 30 28 60 31 -27 27 -29 92 -31 -32 -33 33 53 116 -37 38 39 -40 -41 41 104 43 -45 45 -47 56 -49 -50 -51 -52 -53 97 54 -56 -57 -58 -59 59 88 61 -63 63 64 66 -67 -68 -69 -70 75 71 73 -74 93 -76 -77 -78 79 83 95 -82 -83 -84 -85 86 -87 87 -89 89 -91 91 -93 121 119 -96 -97 -98 98 -100 -101 101 -103 -104 -105 115 106 -108 108 109 -111 -112 -113 -114 -115 -116 -117 117 -119 -120 -121 -122 -123 123 -125 -126 -127
leaf_value=0.018191389518651055 -0.018400140921351758 -0.020901440336967184 0.033759618601539067 -0.01646713985135843 0.020981223037236724 0.0057366794199577992 -0.040898118208830464 0.00063575149502244994 -0.0083935374617498653 -0.015755002182317034 0.0067425736209028118 -0.011641448824960942 -0.0099110920720036928 0.055078605500446978 -0.015689228915808706 -0.0018463338413250976 0.039168896609496129 0.0011274289068870251 0.011905671313549917 -0.012585103724557335 -0.047454000941154997 0.0031242753783771657 0.020759421862608214 0.022286214825724852 0.021616098134339599 -0.0064045835450306059 0.017517625958881958 -0.0060242737337044844 0.030569749001979368 0.0061231440874965305 0.0093388283192651668 0.0059685695947116132 -0.0038014090305597704 -0.0075258252325399125 -0.0081587596102573063 0.032986600374392834 0.019173362515310821 0.02698316899520721 -0.0032835238116843712 0.031270722813280492 0.0016403473259763064 0.0228916119252029 -0.008163294396488106 0.046364768017422932 0.0015119912405288129 -0.0016727534525613045 0.051956792586529202 0.0083447395620602077 -0.00052142238124368355 -0.0020444751637194434 0.014231352700790867 0.0048095026583016261 0.033962400121798526 0.031499371006530871 -0.015669747078275894 -0.038779029009895771 -0.0096305425071711338 -0.0028632808355537435 -0.048732515021974343 0.029817860038278271 0.0021483251140728323 0.0074668630923593136 0.069683272496116624 0.0071766069270240282 -0.01313048218931471 0.0074233284083042271 -0.041342046826399859 -0.010928080897143954 -0.023819343373382915 0.013088840775075359 0.032283708155087028 -0.020645558285046443 -0.010419129578402563 0.0085823643494933079 0.013613593028666214 -0.023299185212642671 -0.0010497272379230509 -0.00022353625497469363 0.029612798118327378 -0.012556279115478096 -0.010074151956939106 -0.002828479615995071 -0.01568769007662443 -0.0060054425912293022 -0.00040246895099616231 -0.0058303195047098924 -0.025105560660160172 0.014227559229225795 -0.011392851513653874 0.0068288703269742098 -0.0025157611250628395 -0.037570171235313067 0.00551940815042588 -0.00021401669161828438 0.0079275452898171176 0.016003452191278352 0.014591566933789419 0.031292425393818352 -0.023633956816878895 -0.011869843041360545 -0.034697300240077951 0.020490887114614241 0.004548905302993571 0.00017840226856699948 -0.033024084191877807 0.011835798722634612 -0.005705736795374677 -0.019047052145984664 0.021216931408442274 -0.009765341182073917 0.0085109897415415678 -0.0056313476746528502 0.00067465748996786278 0.0023572980251401641 0.0089899167019500837 0.005569902332387109 -0.0010239433220488631 -0.0081167642299849792 0.020740805768946442 -0.042762341622938307 -0.0059813531707284054 -0.0059761862896585589 -0.031565854975885363 0.0049560444743155302 0.023041374561378211 -0.00037809772789088383
leaf_weight=2277.3099187165499 3056.1282096803188 544.83035565912724 845.9802198112011 10476.509235918522 661.61887174844742 52962.341343685985 973.96063888072968 21557.049131497741 2870.5390628278255 1752.5634553879499 4297.3621809780598 3147.6087283939123 3511.1239200085402 125.81446400284767 3205.3348206728697 75778.369042411447 546.32075637578964 5241.4030777513981 7878.756049066782 3480.7077221423388 507.45421153306961 16516.333376303315 4906.2718270421028 600.04320807754993 3849.0674135535955 13615.480260282755 2060.2513766437769 5328.723132699728 465.35971364378929 3490.203830987215 11348.22586786747 2455.5551641285419 1045.1919784545898 1937.0820569545031 10057.507526308298 149.52973414957523 891.21202419698238 591.03635695576668 3738.6993505954742 1465.2220759540796 26902.665188282728 2589.2103158086538 5919.6886691451073 134.44897186756134 24706.51622992754 39010.026811569929 155.53267914056778 21628.589339196682 10418.743788421154 34222.626214057207 1343.2891797870398 12897.560928761959 124.90544426441193 433.29004031419754 332.40916272997856 422.533781260252 3308.2075096070766 878.92915195226669 147.69577936828136 382.71390751004219 9437.3809883445501 3993.4403329193592 128.50651024281979 2709.5707241147757 2208.8893114924431 521.40823529660702 586.87561585009098 3383.8365322947502 372.40646477043629 9176.5791567713022 1359.0987203866243 736.4192403703928 1482.1784139573574 12648.14332087338 3057.5169977098703 238.12762854993343 239.98694053292274 26944.882136926055 243.45798967778683 3946.0128404647112 382.52191416919231 18784.365148156881 4706.4134533256292 5699.4929739236832 7308.3189954161644 2647.0754298716784 972.66809271275997 334.38602609932423 1385.7174866199493 2849.8933130949736 2850.4235416650772 258.06767901778221 9252.6421542167664 2538.2517489343882 690.3435070514679 386.89997202157974 1582.515991717577 244.27925769984722 1586.9532550275326 681.27563509345055 402.92904296517372 144.85187119245529 1352.5606850534678 13861.349039196968 190.24943290650845 3601.018565684557 1449.7683339715004 573.18155319988728 581.41782359778881 4243.8176869452 4311.9365973472595 38564.797925665975 5643.4687976837158 14098.225122928619 7619.8833647668362 24878.338016360998 37156.633850961924 8285.3913509100676 686.41285854578018 164.872687920928 40196.913593664765 1895.5907441973686 1203.4563553035259 250.90803827345371 989.79672206938267 6894.5667817741632
leaf_count=9212 12253 2187 3393 42168 2649 212008 3909 86296 11491 7017 17209 12604 14058 505 12865 303354 2189 20980 31539 13954 2041 66188 19772 2405 15585 54764 8251 21338 1867 14009 45511 9933 4187 7761 40256 599 3575 2372 14986 5877 107836 10386 23716 539 98941 156213 623 86619 41718 137192 5377 51627 500 1737 1332 1694 13245 3523 592 1532 37782 15989 515 10849 8855 2088 2352 13544 1491 36909 5473 2959 5962 50921 12283 961 961 107871 975 15800 1532 75293 18865 22814 29255 10596 3893 1339 5547 11410 11485 1041 37127 10188 2765 1549 6338 978 6352 2727 1616 581 5416 55486 762 14452 5810 2299 2347 17055 17348 154841 22645 56453 30513 99739 148770 33184 2748 661 161141 7593 4820 1005 3973 27602
internal_value=0 0.00283438 -0.00190228 -0.00627877 -0.00112795 -8.60733e-05 0.0024865 -0.00349812 0.00198566 -0.00115647 -0.00371895 0.00352737 0.00301034 -0.00675227 -0.00465498 4.04773e-05 0.00211745 0.00463157 0.00933122 0.00406234 -0.00298144 0.00487036 0.00875425 -0.00120611 0.00817681 -0.0101684 0.00016282 0.00217276 0.00952365 0.0146755 0.00398091 0.0155216 0.00533891 0.00320087 -0.00372054 -0.0221277 0.00697865 0.0138873 0.0010392 0.0201861 0.00324595 0.00452997 -6.494e-05 -0.00695235 0.000572051 0.00104331 0.00201771 0.00470142 -0.00393926 -0.00160777 -0.0015663 0.00164772 -0.00352808 -0.00720695 0.0110221 -0.0131223 2.4996e-05 0.00913723 0.00804208 0.00165513 -0.000141137 -0.00071766 -0.00240687 -0.00674418 -0.00860223 0.0197339 -0.0190525 -0.0040836 0.00343125 0.00710957 0.00570768 0.00481077 0.0118766 0.00319515 0.0193588 0.0121685 -0.0330204 0.00056553 0.00297658 -0.00157871 -0.0313877 -0.00624408 -0.00757772 -0.00454631 0.00431402 0.00518608 -0.000899451 -0.0150429 0.00326655 0.000867473 -0.0139407 -0.00542599 0.00609145 0.00657649 -0.0110395 -0.0100061 0.00159019 -0.0127801 -0.0151038 -0.00047814 0.00237863 -0.0201037 -0.00779026 -0.00186077 0.00690666 0.0122539 0.00680071 -0.00177364 -0.000342418 -0.00603213 0.00527754 -0.00465634 0.00186108 0.00502051 0.00984939 0.00527701 -0.00337577 -0.00231717 0.00141285 -0.00280918 -0.0066983 0.00515298 -0.014067 -0.0252651 0.00721268 -0.00390847
internal_weight=0 362498 481472 72380.5 409091 284174 83497.6 124917 312804 200677 63892.5 149622 82283.7 71534.6 101777 136784 59662.4 33967.5 13191.1 139580 60836.4 115622 21544.7 25694.9 49693.5 27200.5 23957.8 19124.6 20999.9 8396.48 94077.7 6304.62 13795.9 11735.6 56539 1039.51 8610.29 3980.38 4629.91 2935.19 82729.5 59611.2 23118.3 6054.14 163182 147748 108738 46335.1 15434 34884.2 77121.7 20776.4 7878.82 3125.32 765.699 2359.62 62402.6 1469.97 12644.8 4766.02 23942.4 23342.3 19348.9 9911.49 9261.58 649.915 2795.76 6465.81 3081.98 43388.9 33974.1 31696.8 5898.79 25798 4416.62 9414.71 1213.95 59094.4 27816.6 31277.8 889.976 66893 48108.7 5942.95 64911.2 55609.4 9301.79 1307.05 4618.32 4235.61 13585 3108.49 12603.4 15351.3 5015.25 4332.91 23139.6 2637.41 2512.51 925.555 17064.1 547.781 4833.27 17372.5 32708.6 7640 5050.79 10446.8 9710.35 4825.24 4885.12 44334.1 5769.28 21873.6 7775.42 25068.6 55499.5 45442 7994.73 2703.12 43402.2 12138 4324.9 1454.36 10242.4 10042.2
internal_count=3382553 1453384 1929169 290842 1638327 1137688 334253 500639 1253288 803435 255844 599873 329383 287449 408005 547591 238860 135973 52809 559667 243591 463664 86528 102887 200096 109458 96003 76633 84341 33781 377136 25518 55295 47044 226382 4172 34520 15959 18561 11772 331625 238985 92640 24255 653415 591616 435403 185560 61799 139841 308731 83164 31537 12524 3069 9455 249843 5895 50620 19081 95870 93465 77476 39694 37091 2603 11207 25884 12340 174578 136708 127496 23718 103778 17756 37870 4870 236598 111378 125220 3573 268164 192871 23789 259839 222604 37235 5232 18489 16957 54694 12526 50560 61770 20081 17349 92634 10557 10057 3705 68385 2197 19370 69544 131149 30648 20262 42008 39049 19402 19647 177991 23150 87589 31136 100501 222210 181954 32003 10849 174006 48693 17316 5825 41100 40206
is_linear=0
shrinkage=0.1


Tree=13
num_leaves=127
num_cat=0
split_feature=32 18 27 22 45 16 26 16 42 37 42 45 46 15 38 31 18 38 37 43 43 37 4 18 31 13 15 31 3 13 43 5 45 43 23 38 45 37 8 32 37 46 23 4 14 38 37 5 6 33 34 39 23 29 16 15 37 37 37 37 25 46 34 38 15 12 31 22 23 46 38 39 5 38 38 12 25 23 35 13 39 45 3 0 9 22 27 18 46 43 33 45 43 25 15 6 8 45 39 33 26 31 38 5 38 26 33 46 43 5 14 45 33 38 35 43 39 37 22 8 37 38 31 36 26 45
split_gain=399.149 177.072 136.36 81.6608 70.2624 60.9805 56.3406 71.2047 56.3272 60.765 53.9699 51.9602 51.8737 51.3209 50.0896 49.7565 49.2439 49.1738 65.2244 53.1056 42.7922 40.6634 75.4625 38.8427 38.7899 38.2825 36.435 39.9487 35.1788 34.4719 34.1998 34.198 44.7794 34.1923 38.5238 46.046 34.1853 50.6721 33.5791 33.225 32.3763 32.3149 32.2724 34.5767 33.1562 32.2173 32.1596 31.7703 30.6744 30.474 39.0173 33.0701 30.428 38.0003 30.3325 30.1887 30.1685 31.2824 36.4804 30.6237 30.0016 31.511 29.8729 29.2848 72.6708 32.7422 29.3271 33.1717 28.9945 28.6575 28.6353 31.061 29.4755 28.5703 39.927 28.4098 34.0844 27.983 36.9155 27.8194 29.5992 27.7653 27.7488 27.5967 64.477 29.2476 28.5363 29.0412 30.4852 27.5666 27.529 27.843 27.3555 27.3149 27.1409 48.4213 33.4236 36.2691 38.9679 44.6875 31.2642 29.8258 28.9603 27.8936 31.3989 26.9774 26.9073 34.3023 26.6937 26.4444 26.3015 26.2757 28.3526 25.9879 26.8564 25.8878 25.7748 25.6743 25.668 25.6154 25.3073 25.1786 25.4557 25.0361 25.0323 24.9931
threshold=-0.00011707805606420151 -0.0017781015485525129 0.0028942853678017859 51.259399414062507 18.500000000000004 0.00019916031305911022 0.23603441566228869 -0.00021722238307120276 -1.0000000180025095e-35 6.2666666507720956 0.25499999523162847 65.500000000000014 6.5000000000000009 1.0761699676513674 2.5000000000000004 -0.0075695540290325871 -0.00069572418578900386 22.500000000000004 7.8999998569488534 0.53499999642372142 0.59499999880790722 7.8999998569488534 -0.00059178782976232458 0.00022199704108061272 0.024320317432284359 -0.0007916625472716986 0.74846500158309948 0.0011277660378254952 -0.0042640352621674529 0.00042566635238472378 -0.29500000178813929 -0.0055745369754731646 23.500000000000004 0.33500000834465032 -0.0011102483258582649 1.0000000180025095e-35 12.500000000000002 3.1666667461395268 0.00087369279935956012 -0.0021696911426261063 0.69999998807907116 -20.499999999999996 0.00064755830680951487 0.0011391416192054751 0.015773613937199119 16.500000000000004 7.9333331584930429 0.071029871702194228 0.0045669691171497115 0.0020268101943656807 2.4174767732620244 1.0000000180025095e-35 -0.002927419613115489 0.0098799732513725775 -0.00056278228294104327 1.1297620534896853 0.80000001192092907 4.1666667461395273 3.466666698455811 7.866666555404664 0.01131736394017935 5.5000000000000009 0.40114799141883856 10.500000000000002 0.14606469124555591 0.0005556526011787356 -0.02664640266448259 36.482433319091804 -0.001225297281052917 -32.499999999999993 16.500000000000004 1.5000000000000002 -0.016423314809799191 10.500000000000002 13.500000000000002 -0.0010880744084715841 0.0078870556317269819 -0.00027289247373118991 7.3539998993510394e-05 8.2351994933560504e-05 1.0000000180025095e-35 69.500000000000014 -0.018463560380041596 -3.0321866688609585e-06 9.8764416179619743e-05 62.181009292602546 0.00080329421325586747 -0.00087582418927922834 -4.4999999999999991 0.37500000000000006 0.010662377346307041 30.500000000000004 -0.30500000715255732 0.026171127334237102 0.30576793849468237 0.00012841464922530579 0.0010017757886089387 17.500000000000004 4.5000000000000009 0.004195691319182516 0.5728050470352174 0.013594969641417267 4.5000000000000009 0.0064693754538893708 3.5000000000000004 0.68832397460937511 0.00027331446472089743 8.5000000000000018 0.22500000149011615 -0.084495585411787019 0.0068666578736156234 13.500000000000002 -0.0066560322884470216 19.500000000000004 0.00027591000252868986 -0.7250000238418578 5.5000000000000009 0.10000000149011613 30.731807708740238 0.00096512888558208953 7.0666668415069589 5.5000000000000009 0.00075427143019624065 -0.00025878500309772784 0.10856773331761362 58.500000000000007
decision_type=2 2 2 2 2 2 2 2 2 2 2 2 2 2 2 2 2 2 2 2 2 2 2 2 2 2 2 2 2 2 2 2 2 2 2 2 2 2 2 2 2 2 2 2 2 2 2 2 2 2 2 2 2 2 2 2 2 2 2 2 2 2 2 2 2 2 2 2 2 2 2 2 2 2 2 2 2 2 2 2 2 2 2 2 2 2 2 2 2 2 2 2 2 2 2 2 2 2 2 2 2 2 2 2 2 2 2 2 2 2 2 2 2 2 2 2 2 2 2 2 2 2 2 2 2 2
left_child=2 11 6 45 33 38 7 55 31 12 16 13 60 25 20 30 -9 21 19 24 26 94 -23 92 -19 -2 27 -8 -29 62 113 32 -6 34 108 -36 37 -35 83 -22 -38 47 43 -17 -44 63 69 -33 77 52 -51 -52 -27 70 -53 75 -7 58 121 -59 61 -10 68 65 82 66 -3 119 -14 -11 115 -72 -73 -45 -75 -1 -77 78 -34 80 -66 -48 -65 84 -5 -86 87 116 -89 -15 91 -40 -20 -28 95 102 97 -97 99 101 120 103 -16 104 -99 -96 -21 -108 -4 -32 -37 112 -47 -13 -115 -54 -85 -90 -39 -68 -100 122 -58 -71 -55 -103
right_child=1 3 4 5 8 56 14 10 9 46 -12 15 29 89 17 42 -18 18 23 106 39 22 -24 -25 -26 49 93 28 -30 -31 109 41 48 36 35 110 40 118 90 -41 -42 -43 44 73 -46 111 81 -49 -50 50 51 54 53 124 -56 -57 57 59 -60 -61 -62 -63 -64 64 79 -67 67 -69 -70 123 71 72 -74 74 -76 76 -78 -79 -80 -81 -82 -83 -84 86 85 -87 -88 88 117 -91 -92 -93 -94 -95 105 96 -98 98 100 -101 -102 125 -104 -105 -106 -107 107 -109 -110 -111 -112 -113 -114 114 -116 -117 -118 -119 -120 -121 -122 -123 -124 -125 -126 -127
leaf_value=-0.0079931212562824733 0.0090060765546823695 -0.015186079211306975 -0.012351728144312062 -0.037340874033149445 0.026471615989125376 -0.0065536597389255396 -2.2474873706712842e-05 0.02540375167684621 0.016008498260537688 -0.045409178622383445 0.012021526229540686 0.0086940697205932903 0.024726900623087168 -0.017075307387615098 0.018607357827421945 -0.0064215539561102916 0.0032580709666178648 -0.0010890754553069765 -0.077126813749719303 -0.007310178420506218 -0.0032581872864755178 -0.019810707898162045 0.029468436495236689 -0.0098947697702362024 0.043779285248791495 -0.02190266355251258 0.0090305676162445222 0.008060543657447029 -0.010982668645739241 -0.0031845854619744181 0.027453007864147908 -0.00043953123637363296 -0.014457804692718271 0.00079133730552006826 0.061307895502241409 0.019348161343940184 -0.041739392452207737 -0.0033416788205256204 -0.0047591831112790174 -0.030386319922044516 0.0035495446440323578 0.0089990600076847484 -0.0090601777057919483 0.0074174525277624567 0.0051513737286949714 -0.0040022001976094271 0.012939147175209685 -0.040476529427524451 0.030234962034196233 -0.0075813489845677155 -0.015655152590604234 -0.0059340905067379011 -0.020099227327629053 0.040486094717903182 0.010505954798956064 -0.017477308106658016 0.0054640403865002692 -0.002058259492184608 0.010985544564761557 0.015314231706555612 0.006585455774915836 -0.023700870051273391 0.023755950967530887 0.043340045600460279 0.007069762274445922 0.0078794243681785357 0.011294817595360405 -5.5759098660104106e-05 0.009405406566701446 -0.02588682607957072 0.013405575012543589 0.013965469397468866 -0.0069560799961766511 -0.015651981612769379 0.0021073461229078722 -0.0066439542639158654 0.0031738140528722691 0.0030632952378398001 -0.0007377711130744655 -0.0076149745132956794 -0.0034733910132460398 0.06125813555428148 0.0066548325423423302 -0.0042840665562016529 -0.0052204156028240016 -0.014523952412621229 -0.013941999525889591 0.0056813268255061751 -0.036753777349459539 -0.0043121167974042255 -0.019059845460451613 0.0042440145045688372 -0.029519394704344826 -0.0075620653238217747 0.0013329711056431395 0.019691353079690936 -0.00082361426450439004 0.020250019606092393 0.014715378269601356 0.012035511661583757 0.0039459392194867169 0.037121907179270976 -0.01860624514393841 -0.0036290295345937128 0.0017354994890514367 -0.0018804496944169798 -0.021795524058327687 -0.071978439878077338 0.0071921028501031178 -0.0024647364735908089 0.00048028708788583753 0.0027808986571620136 0.028157715590190764 0.01935752489918012 0.066156353772542989 -0.004960445179774081 -0.013852886055282147 -0.0023344760464018167 -0.043457599763177604 -0.00051180414228711539 -0.0082713205068138725 0.0039854972297959619 -0.0081297399185108529 0.0024340146119437274 0.0051896110464290058 -0.0025171031365148274
leaf_weight=3455.2182167619467 1784.2742429673672 1172.0003778785467 2258.6566518694162 722.53749640285969 550.95067888498306 6207.5206660181284 10006.426842287183 1040.5324379205704 5284.577226549387 129.18160481750965 11824.316532105207 2468.7747173011303 1589.8284523487091 6213.2762929201126 242.04324793815613 7450.9850194752216 28672.427322641015 7377.8051190078259 215.10322965681553 732.42431105673313 809.08263850212097 416.24850678443909 1226.0093969851732 457.37316992878914 197.84785088896751 797.1523060053587 3933.6802521348 1086.9210753589869 9022.802905112505 951.38229732215405 318.43503354489803 1012.4396710246801 3577.410835057497 639.64061379432678 158.81074559688568 1064.0199695378542 175.46209001541138 199.98816844820976 5396.2278540432453 1021.4106752574444 1572.5259869545698 7735.2574084997177 12593.278622999787 5695.7047673910856 1887.7413796782494 409.08390146493912 553.97894801199436 246.4412228167057 277.23757621645927 62597.553757935762 989.85586720705032 1782.7888050824404 1245.4146131128073 213.0951030254364 3029.1857969164848 959.22845360636711 2037.3215750604868 27654.025111854076 5085.8711442351341 1053.3389197289944 36930.224946424365 207.6909503787756 3849.9498489946127 214.06293435394764 3226.8226068466902 6594.3198956698179 4908.1040140390396 57731.618269398808 5536.121690839529 318.39562001824379 1699.982022434473 847.54849116504192 3277.3358428776264 1662.7168282419443 5305.0501129478216 4190.5436829030514 22644.238479450345 4327.8784786462784 4340.5184102356434 13410.647255048156 15234.054684147239 151.43099394440651 5604.4002121388912 14998.981596216559 17845.443562746048 4168.325343221426 2560.8433170616627 5558.7697475105524 219.2176209539175 2325.6730220764875 719.28936415910721 9451.0156093239784 275.0054369866848 1326.7559959888458 76796.571224376559 1506.7781180739403 16021.950437128544 964.70731577277184 6551.6299686580896 4010.1148299872875 8146.1991890966892 408.76740124821663 1537.492959856987 11120.928260803223 18137.195795744658 39595.635543212295 536.1299691349268 182.6035304069519 1011.9796374440193 4092.1852127015591 2417.253760188818 42362.281303912401 831.00465838611126 485.79565799236298 164.02847826480865 12143.749008610845 3465.382427200675 19004.804918512702 787.81612721085548 2937.3368403911591 516.72673726081848 12934.71543598175 4253.6676552295685 15895.577312231064 3518.7962692528963 260.39177533984184
leaf_count=13844 7144 4694 9066 2903 2208 24872 40074 4166 21315 518 47564 9893 6399 25014 970 29864 115006 29540 865 2932 3241 1667 4909 1833 792 3196 15752 4353 36135 3819 1276 4060 14342 2563 638 4272 704 802 21608 4091 6305 31037 50546 22864 7576 1639 2228 988 1116 251434 3975 7167 5001 854 12147 3841 8154 110687 20355 4218 148577 838 15516 859 12915 26397 19665 231114 22285 1279 6816 3398 13148 6683 21279 16777 90718 17353 17412 53680 60972 610 22451 60149 71496 16726 10249 22268 882 9362 2882 37836 1104 5314 307373 6038 64165 3864 26314 16056 32644 1637 6165 44540 72656 158486 2146 731 4058 16397 9701 169639 3328 1946 657 48753 13934 76143 3157 11767 2074 51772 17032 63878 14099 1043
internal_value=0 -0.00208966 0.00226561 -0.000696283 0.00538713 -0.00241575 0.00117673 0.00359463 0.00625043 0.00761523 0.0063075 -0.00496114 0.00924914 -0.00617662 0.000393294 -0.00200458 0.0040336 0.000947613 -0.00589416 -0.00327427 -0.00362923 0.00131165 0.0169781 -0.0308542 8.27191e-05 -0.00550183 -0.00256409 -0.00450176 -0.00893529 0.0150756 0.00536242 0.0018348 -0.00143028 -0.00245734 0.00157207 0.00864929 -0.010707 -0.0211366 -0.00414655 -0.0183956 -0.000996534 0.00658095 -0.00360791 -0.00101641 -0.00720756 0.000897551 0.00240643 -0.00827726 -0.00265782 -0.00578277 -0.00685423 0.000990879 -0.00269608 -0.00202883 0.00441508 -1.13887e-05 4.22627e-05 0.000814521 0.00345404 -0.00142082 0.00761101 0.0145069 0.0166583 -6.96876e-06 -0.00227246 0.00115723 0.000493125 0.000773346 0.0128237 0.0015041 -0.00382231 0.00203065 -0.00265729 0.00216389 -0.00213056 0.000541725 0.00164066 -0.00340249 -0.00693664 -0.00414862 -0.00163053 0.0233118 0.00800449 -0.00509873 -0.00794682 -0.00698205 -0.00368511 -0.00307776 -0.000840993 -0.0135991 4.61931e-05 0.000971804 -0.0504138 0.00484567 0.00117319 0.00273804 0.00316639 0.00440473 0.00394513 0.00210408 0.0081685 0.000814873 -0.0135446 0.000352524 0.00267054 0.000239793 -0.0207992 -0.0345451 -0.0063046 -0.000304755 0.00624708 0.00320091 0.0175487 0.0133775 0.0311705 -0.0063686 -0.00607994 -0.00272697 -0.0353358 0.00687441 0.013035 0.00146169 -0.00372743 0.00187788 0.00720508 0.0216971
internal_weight=0 442563 401180 297973 103753 143337 297427 72786.5 93466.5 71398.3 41537.3 144590 54349.8 102466 224641 42124.7 29713 197434 9974.29 9026.81 27207.1 187459 1642.26 947.482 7575.65 93926.7 25376.6 20116.2 10109.7 11927.3 7529.22 22068.1 13074 10286.2 6910.72 3640.08 3375.43 1627.44 84110.8 1830.49 1747.99 8994.14 34595.5 20114.5 14481 154636 17048.6 1258.88 12523 92142.5 68399.4 5801.83 23743.1 22945.9 4811.97 31249.2 59226.5 53018.9 24311.6 28707.4 42422.5 5492.27 10975.9 111033 37690 73343.4 66749.1 65577.1 7125.95 16343.2 19214 5824.87 4124.88 12663.5 6967.77 30290 26834.8 12245.8 7917.93 31871.5 18460.9 705.41 5818.46 68544.3 22736.3 22013.8 45808 43247.2 24782.8 8538.95 15566.5 14847.2 490.109 5260.44 185817 69424.9 67645.4 51623.4 50116.7 34902.1 15214.6 30892 1779.54 30222.8 19101.9 116392 1451.16 718.733 3270.64 4410.62 3481.27 43602.4 1240.09 3118.6 649.824 13389.2 18464.4 19224 987.804 7845.44 7068.36 19225.7 6290.99 16214 3731.89 669.159
internal_count=3382239 1773775 1608464 1193286 417044 574166 1191420 291916 375778 287262 166736 580489 218749 411508 899504 168981 119172 790544 39943 36141 108960 750601 6576 3802 30332 377132 101628 80562 40488 48019 30169 88516 52431 41266 27735 14611 13531 6522 337076 7332 7009 36085 138812 80690 58122 619120 68513 5048 50223 369988 274723 23289 95265 92069 19314 125180 237090 212218 97313 114905 170730 22153 44200 444514 150877 293637 267240 262546 28684 65675 77116 23362 16546 50826 27962 121339 107495 49107 31754 127567 73887 2838 23310 274750 91125 88222 183625 173376 99293 34376 62326 59444 1969 21066 744025 278166 271031 206866 200828 139796 61032 123740 7135 121060 76520 465859 5809 2877 13124 17673 13973 174606 4967 12496 2603 53754 74083 77025 3959 31432 28388 76958 25186 65157 14953 2680
is_linear=0
shrinkage=0.1


Tree=14
num_leaves=127
num_cat=0
split_feature=28 18 32 32 37 24 38 38 29 37 37 18 24 4 39 28 24 24 37 44 34 41 32 33 25 37 44 43 34 44 26 41 43 32 43 39 20 43 37 45 23 30 5 38 43 39 22 34 38 43 33 37 38 37 45 45 44 44 34 5 29 37 44 44 5 43 23 33 43 19 23 16 31 22 43 45 44 33 29 16 29 25 44 39 38 37 43 43 45 37 15 7 13 23 44 32 45 36 8 5 2 31 34 43 26 37 34 43 21 22 45 37 16 2 4 39 17 2 31 30 25 39 33 45 14 8
split_gain=315.502 127.333 80.538 54.3854 53.5603 62.8489 49.292 52.5419 66.6732 64.4981 49.2612 46.7528 44.0741 56.0258 43.4133 49.2691 46.8022 41.3505 39.2993 39.9324 39.2333 39.0494 37.066 49.547 44.2779 36.189 36.1815 36.0045 49.2935 38.4632 47.9669 44.938 38.9022 38.4681 34.6329 34.0606 33.9256 38.1832 33.9136 32.8436 30.8554 35.7494 32.452 30.7864 30.639 39.6019 30.4734 30.2401 29.9461 41.9012 33.8897 31.7217 33.2761 29.6297 43.4875 29.5447 29.3986 29.2665 28.8718 29.0022 40.6331 30.8465 39.6546 38.1256 28.5755 28.5734 28.4925 34.2764 28.3461 28.2549 28.2457 28.0583 30.5215 29.0841 29.8209 36.0206 40.7991 30.0848 27.8955 26.9521 26.951 26.6528 26.5499 26.0765 26.0048 36.1953 26.9009 27.9941 29.1706 27.1211 26.0048 25.9019 25.8871 25.7721 25.7327 25.69 25.6421 25.5975 25.492 53.9385 39.7729 38.3233 30.1096 28.3191 25.7278 25.405 25.2796 25.1577 24.9138 24.8276 24.8076 24.7403 24.6173 24.4256 26.9202 24.764 24.336 24.3359 24.3289 29.4888 24.5973 24.0943 27.3235 45.4517 26.8741 24.0773
threshold=-0.0014551752828992901 0.0024132020771503453 -0.00041798879101406777 -1.0000000180025095e-35 6.2666666507720956 0.003235443378798664 16.500000000000004 5.5000000000000009 0.0053748886566609153 0.16666667163372043 7.8999998569488534 -0.0017781015485525129 0.011913090478628876 -0.062815573066472993 5.5000000000000009 -0.0043539269827306262 0.0035103023983538155 0.0047891705762594947 1.5666666626930239 -0.4549999982118606 3.1738948822021489 4.9500000476837167 -0.0026877273339778181 -0.0018338168738409875 0.011407015379518272 0.86666667461395275 1.0000000180025095e-35 0.13499999791383746 4.9860587120056161 -0.064999999478459344 -0.23618279397487638 3.8850001096725468 0.42499999701976782 -0.0029970224713906641 -0.22500000149011609 4.5000000000000009 -0.0022314197849482294 -1.0099999904632566 5.8333332538604745 23.500000000000004 0.0010660922271199527 0.0034265985013917093 0.020700538530945781 21.500000000000004 0.11499999836087228 1.0000000180025095e-35 29.525830268859867 -0.33652341365814203 14.500000000000002 1.0850000381469729 -0.0085291215218603594 0.733333319425583 20.500000000000004 0.49999998509883886 16.500000000000004 81.500000000000014 -0.074999999254941926 0.024999999441206459 2.2836115360260014 -0.040016017854213708 0.025402115657925609 7.6666667461395273 0.054999999701976783 0.13499999791383746 0.048266069963574416 0.33500000834465032 7.5495110650081201e-05 0.0027723326347768311 0.63499999046325695 0.00028079969342798 0.00014302341151051226 -0.00029659495339728886 -0.0075695540290325871 42.767751693725593 -0.59499999880790699 62.500000000000007 0.24499999731779101 -0.0046503033954650155 0.0085582062602043169 0.0012839569244533779 -0.0042361994273960582 0.0076991796959191569 0.40500000119209295 2.5000000000000004 22.500000000000004 7.8999998569488534 0.56499999761581432 0.45499999821186071 13.500000000000002 4.2666666507720956 0.42828494310379034 0.000582669017603621 0.00073846950544975709 0.00020775761367985981 0.37500000000000006 -0.006719806231558322 38.500000000000007 2.7674999728333208e-05 0.00090954510960727941 0.0013168043224141004 -0.00056242250138893713 0.0014209821238182487 -0.98865848779678334 0.2950000017881394 0.50112846493721019 7.7999999523162851 -0.49551665782928461 -0.014999999664723871 0.49242325127124792 42.069606781005866 33.500000000000007 7.8999998569488534 -0.00032568234018981451 0.0037764135049656038 0.019036564044654373 2.5000000000000004 0.00043983380601275718 0.00056154001504182826 0.0012417040416039529 0.00057534821098670374 0.010683290660381319 1.0000000180025095e-35 -0.0057428050786256781 29.500000000000004 0.005131784826517106 0.0035215920070186262
decision_type=2 2 2 2 2 2 2 2 2 2 2 2 2 2 2 2 2 2 2 2 2 2 2 2 2 2 2 2 2 2 2 2 2 2 2 2 2 2 2 2 2 2 2 2 2 2 2 2 2 2 2 2 2 2 2 2 2 2 2 2 2 2 2 2 2 2 2 2 2 2 2 2 2 2 2 2 2 2 2 2 2 2 2 2 2 2 2 2 2 2 2 2 2 2 2 2 2 2 2 2 2 2 2 2 2 2 2 2 2 2 2 2 2 2 2 2 2 2 2 2 2 2 2 2 2 2
left_child=2 3 26 22 5 44 7 8 25 -10 35 91 27 -14 15 20 18 56 -16 47 48 -22 24 34 -2 68 40 36 29 30 -29 38 121 79 71 58 37 -7 57 -40 41 66 53 -37 45 -3 -12 -20 -4 50 -50 -52 55 54 -42 -53 -17 -31 59 60 61 62 -6 -64 -32 125 108 -68 93 -26 -45 72 -24 -73 77 -76 -77 -75 80 -34 -59 -18 117 -38 86 90 87 88 -58 -89 -86 -9 -13 -5 -93 -15 110 -36 99 103 102 107 -101 -25 -103 -60 -61 -100 -1 -28 -91 -54 -71 114 -55 -116 -102 -19 119 -104 -121 124 123 -123 -33 -11
right_child=1 4 14 6 10 12 -8 11 9 65 46 92 13 95 16 17 81 82 19 -21 21 -23 23 98 69 -27 109 28 -30 31 64 32 33 -35 97 43 83 -39 39 -41 42 -43 -44 70 -46 -47 -48 -49 49 -51 51 52 111 113 -56 -57 84 78 105 106 -62 -63 63 -65 -66 -67 67 -69 -70 112 -72 73 -74 74 75 76 -78 -79 -80 -81 -82 -83 -84 -85 85 -87 -88 89 -90 96 -92 94 -94 -95 -96 -97 -98 -99 101 100 116 104 118 -105 -106 -107 -108 -109 -110 -111 -112 -113 -114 -115 115 -117 -118 -119 -120 120 -122 122 -124 -125 -126 -127
leaf_value=0.0060511527438290302 -0.007580987098119274 0.038040455084023005 -0.006742090760044693 -0.010910120061652259 0.00064346611491377954 -0.025698909805956141 0.0019360395936393886 -0.026745990702334878 0.043749704294990061 0.0084824895065808547 -0.015388038777119448 -0.0020489368366795823 0.014909332225808807 0.0010319492291542222 -0.027631351908509506 -0.0061662113291663457 0.025405149230103091 -0.0026986350296242796 -0.050340179094707949 -0.0081680169641631314 0.009037316057396506 -0.0089217199229353287 0.016111449945829668 0.0025499917295333015 -0.0013851549430384067 -0.00010478727869113637 -0.021415991172809661 -0.024131381568189447 -0.022941598430581928 -0.014805243623131473 0.0075260308219751342 0.013742563529691205 0.010953049090058077 0.0020076996537228332 0.0038910206200594142 -0.010318066860162982 -0.0011859901588695322 0.010028249292150652 0.061862960288587426 -0.0049717415091783046 0.070644058311365415 -0.013585588649260214 0.0070564912449885796 0.01094300028896527 0.0056801947534045908 0.0146798385136395 0.023134526521188886 -0.0027325418446128204 0.026951001357867679 -0.05105903250163657 -0.012709625926631394 0.00051997004876896122 -0.0058192190460124521 0.0017116153397791472 0.0061828048641653843 -0.022139371054811268 0.037963539769709558 0.018860654394868389 0.013603352014360762 0.010547299660707346 0.0030084786038439212 -0.046383723866007837 -0.058954493467633644 -0.010709745299140979 0.024948949347966581 -0.0014084281756965964 -0.0097455699944466768 0.00098949434891750974 -0.04517866488055567 0.0018757041828300854 -0.016444257608704365 0.012985274875954909 -0.00026496709610227242 0.017704055523392642 0.016084604077223005 -0.0014902085744683093 0.024837342770434631 -0.0048902992554403502 0.015535210034345135 0.031129143780662685 -0.024149986181717889 -0.0047521935112867031 0.01669752236933426 0.0071897450601506319 -0.033852545325448867 -0.05736057314013359 -0.010257174357018908 -0.00035691314042567341 -0.0019311169119099053 0.0039091154800881267 -0.0018835769422473501 -0.0092009402816918186 -0.022214699916717689 0.0085968003708028675 0.019503045214856893 -0.010837298361323001 0.015397066318783898 -0.00245013480940093 -0.00066058203787530819 -0.010748907083451139 -0.0031423895984994984 0.014160657001236721 0.0049038212833172733 0.0080708647008014885 -0.0026175952553663113 -0.031379953107759706 9.7379633518788567e-05 -0.0099570534399682532 -0.013075571595671888 0.0024398925289633652 -0.040832002066176099 -0.033088130466518505 0.012479471822330968 -0.018347096425441512 -0.021072315085450235 -0.0020000494396087642 -0.016861071461544416 0.0031449215034495531 0.00052092897100419842 0.032529691360601916 0.0031847734661781973 -0.015840330278564598 -0.0054529253462350137 0.01103950921953762 -0.023398325232617298 -0.032020592793483092
leaf_weight=4672.0044457018375 8125.7089649885893 902.57644957304001 51607.23496581614 4048.8546001762152 987.37257054448128 302.61750745773315 57798.564630702138 816.09267754852772 447.62094251811504 11195.429280057549 241.08840645849705 84523.550352305174 1613.7420127093792 3238.287045493722 1535.6532346457243 19351.985699638724 298.35640965402126 11384.931216880679 409.57006645202637 7454.9605282396078 3878.015422090888 1760.3069462329149 1340.7554614245892 40170.472823411226 22288.770587652922 31799.23282968998 440.98381827771664 457.41456390917301 706.87935474514961 3154.6355890184641 13201.07544092834 251.51196113228798 3815.1054526865482 5373.3480853289366 26579.404390886426 5320.6297293901443 6377.7032379955053 26035.795822352171 135.25553207099438 161.10787571966648 126.19991163909435 3668.854086458683 5953.355562582612 1523.4311397075653 2600.2205004543066 3702.7143223434687 1385.1888792812824 197.88689334690571 378.39572140574455 180.97252894937992 3164.4479750543833 22524.470206335187 11235.15802423656 6284.9530364573002 613.07408446073532 590.50472737848759 184.44678801298141 203.47437313199043 2514.8743462562561 2925.8751496970654 1878.5477167665958 312.11243902146816 280.91170401871204 392.90616884827614 1013.6311879456043 4577.5496477931738 7358.8487392365932 4991.9619612693787 209.92087605595589 7863.2708400040865 500.2303671091795 9664.2684557586908 7528.1307152211666 707.02925123274326 3944.4864427298307 3578.6772809773684 704.48540943861008 3539.6160498559475 763.72167192399502 801.12126843631268 512.98426958918571 16507.193711623549 1111.0215924531221 8910.1984651833773 323.58048583567142 170.13019865751266 2880.2258159816265 4443.4066758751869 28986.510781779885 623.07056839764118 1190.9213934242725 7936.2521613389254 641.41353625059128 813.34126700460911 325.11515584588051 4174.0567148774862 2983.7381873428822 8370.7400870770216 5568.3657614290714 1682.200745627284 19801.814383730292 1926.5579765737057 5878.3102627396584 12086.517174199224 1738.7474271655083 132.14732763171196 11087.129335671663 6099.6326962411404 797.22679649293423 40708.305690690875 154.69808399677277 342.86589859426022 3034.1779087930918 1004.9030535370111 1183.012588635087 1603.6718001961708 1383.4172409325838 19054.745682388544 12406.303043365479 788.20758152008057 447.99121505022049 767.9163386374712 3849.8867041766644 3479.0965050160885 864.27403837442398 148.7177343070507
leaf_count=18706 32575 3646 207356 16225 3960 1220 231426 3279 1796 44841 969 338382 6493 13011 6188 77657 1200 45571 1652 29988 15555 7060 5374 161001 89304 127301 1766 1839 2837 12646 52996 1008 15312 21551 106472 21369 25625 104917 542 646 506 14692 23843 6127 10458 14968 5573 798 1516 726 12718 90372 45089 25161 2456 2366 740 816 10103 11737 7538 1251 1126 1575 4069 18325 29465 19990 841 31490 2010 38867 30154 2834 15812 14337 2823 14193 3062 3227 2058 66312 4449 35830 1296 687 11547 17812 116211 2499 4775 31821 2568 3260 1303 16736 11957 33531 22309 6742 79267 7713 23572 48404 6960 530 44497 24420 3195 162949 620 1382 12161 4027 4737 6422 5540 76350 49705 3157 1794 3080 15443 13955 3465 596
internal_value=0 0.00146204 -0.00259538 0.000627872 0.00424055 0.00537123 -0.000539247 -0.00150931 0.0010019 0.00631298 0.000506298 -0.00292798 0.00465302 -0.00197582 -0.00360091 -0.00306898 -0.00739855 -0.00142793 -0.0129696 -0.0101769 -0.00466166 0.00343043 0.00173071 0.00236366 -0.000964859 -0.001356 0.00012601 0.00539043 0.0032283 0.00370501 0.00774276 0.00125023 0.00343697 0.00775942 0.00453063 -0.000481362 0.00744276 0.00961776 -0.00726503 0.0255306 -0.00208776 -0.00459648 0.00112705 -0.00632513 0.0143584 0.0192582 0.0174237 -0.0348314 -0.00516848 -0.00305458 -0.00282737 -0.00312501 -0.00225077 -0.00213669 0.0171869 -5.88949e-05 -0.00294207 -0.00936207 0.001611 0.000166852 -0.00751819 -0.0175394 -0.01212 -0.0308228 0.00876844 0.00526049 -0.00274578 -0.00540666 -0.00920036 0.000655112 0.00417312 0.00696341 0.00221074 0.00886737 0.00567708 0.00918975 0.00284009 -0.00112854 0.0022387 0.0144545 -0.011935 -0.0042168 0.00151354 0.00369561 -0.00145441 -0.0136267 -0.000945028 -0.000227424 -0.00167886 0.00493289 -0.0087139 -0.00975024 -0.00220081 -0.00764703 -0.00807133 -0.00565189 0.0111816 0.00237228 0.00106406 0.00167685 -0.000973781 -0.00271844 0.0020881 0.00382691 0.00620139 0.0113576 0.00227929 -0.00552046 0.00326313 0.00218424 -0.00498989 -0.00662675 0.00482811 -0.00355438 -0.00191573 -0.0100967 -0.00403823 0.000959337 0.00319433 0.00785621 0.0218953 -0.00125 0.000648436 0.00617928 -0.0150263 0.00795151
internal_weight=0 549383 294317 422530 126853 97370.4 205282 147483 53240.7 16369.3 29482.4 94242.4 90164.8 9026.09 214909 188506 26403.6 92843.4 9598.07 8062.42 95662.4 5638.32 217248 175936 41311.9 36871.3 79407.4 81138.8 39512.4 38805.6 14672.1 24133.4 19202.3 9989.57 65957.6 27856.2 41626.3 26338.4 4931.18 296.363 38258.1 21488.9 16769.2 7344.29 7205.51 4605.29 1626.28 607.457 90024.1 38416.8 38235.8 37857.4 34693 10815.8 739.274 23115 61292.7 4634.82 20511.9 17864.9 3851.85 1973.3 1661.19 673.818 14214.7 15921.7 17820 12350.8 5072.12 33186.2 2023.66 31007.4 8868.89 22138.6 12474.3 8227.65 4283.16 4246.65 1480.18 4616.23 716.459 16805.6 31550.7 15287.9 41940.7 1684.63 40256.1 37375.9 29171 8204.91 1514.5 9077.46 85165 4862.2 8261.37 7412.34 3761.51 34950.1 109979 94645.2 42388.2 15333.3 21203 52257 3665.31 2647.02 14013 11668 5469.23 41149.3 777.769 11578 10897.4 10076.5 9071.64 2786.68 21185.2 30439.7 19520.8 7114.51 1236.2 9212.69 8096.9 4247.01 1115.79 11344.1
internal_count=3382660 2202296 1180364 1692475 509821 391456 821964 590538 213185 65558 118365 377353 362384 36240 862449 756311 106138 372171 38626 32438 384140 22615 870511 704981 165530 147627 317915 326144 158552 155715 58904 96811 77041 40090 264397 111823 167592 106137 19770 1188 153200 86048 67152 29506 29072 18614 6542 2450 361525 154169 153443 151927 139209 43309 2962 92738 245801 18582 82317 71684 15450 7912 6661 2701 57065 63762 71356 49455 20326 132955 8137 124394 35528 88866 49999 32972 17160 17027 5936 18539 2874 67512 126370 61455 168144 6758 161386 149839 116951 32888 6071 36403 340950 19485 33124 29747 15076 140003 440584 379182 169777 61402 84970 209405 14673 10633 56234 46729 21901 164715 3119 46471 43651 40347 36320 11159 84807 121921 78228 28523 4951 36951 32478 17035 4473 45437
is_linear=0
shrinkage=0.1


Tree=15
num_leaves=127
num_cat=0
split_feature=28 18 32 10 45 38 38 10 5 37 10 32 32 40 26 42 10 4 5 1 24 34 42 26 1 37 34 41 35 19 32 32 37 35 45 26 37 27 44 6 19 37 25 5 37 31 6 0 6 15 41 34 44 41 19 34 25 16 41 13 21 23 41 38 37 41 32 44 35 37 27 24 3 5 31 45 38 45 35 8 37 11 37 37 38 40 34 38 36 31 37 42 18 45 44 18 18 8 44 23 14 5 10 5 42 34 19 29 10 21 38 31 37 18 38 18 42 24 8 1 26 32 32 2 45 37
split_gain=278.096 116.27 58.9146 58.7246 54.1203 51.0108 52.2496 54.3162 51.4024 59.7118 46.7905 45.7519 43.4953 40.5633 40.679 45.5638 53.0695 40.3499 43.3609 36.3789 36.3506 35.9163 35.417 47.1016 36.8904 35.7242 35.3635 34.75 34.2677 34.256 39.1538 33.5843 42.9382 33.493 32.9873 32.1108 31.771 37.6766 31.709 31.332 30.3647 29.4683 50.2438 29.4339 30.8853 29.2762 28.0512 37.0915 28.0397 37.0354 27.9651 28.7629 27.5006 27.4045 31.209 32.211 26.9906 39.5527 37.3988 34.6582 26.9131 26.3573 29.0644 36.9571 34.8771 28.1443 27.9785 27.7139 26.2932 27.6547 26.2453 26.0509 25.9366 25.5519 28.6084 24.8888 24.6821 30.1856 35.1844 28.3927 24.6053 28.6009 26.5552 24.4429 30.463 47.0641 28.7283 24.3354 30.4937 24.2099 24.2081 24.175 24.8983 24.1585 31.8718 25.1715 23.8958 23.7717 23.7428 23.7031 37.8281 25.3609 27.7388 23.686 23.6685 23.6254 23.5714 45.5776 33.6851 26.2496 25.3726 24.8968 34.746 23.9289 24.0823 23.5494 31.7634 44.2087 30.0295 27.5821 23.8161 23.4333 23.3821 23.2377 32.1993 23.3635
threshold=-0.0018648045370355246 0.0027251288993284111 -1.0000000180025095e-35 69.267997741699233 18.500000000000004 16.500000000000004 5.5000000000000009 57.06364822387696 -0.003385572112165391 0.20000000298023227 26.254763603210453 0.0012780135730281474 0.00046002843009773647 1.5000000000000002 0.51004502177238475 1.0049999952316286 47.650606155395515 -0.022146953269839283 0.0032517360523343091 0.0015831968048587444 0.0021871795179322366 -0.35229595005512232 1.3750000000000002 0.52277496457099926 -0.00072730047395452846 0.76666668057441723 1.958994507789612 0.20500000566244128 0.00023624999448657039 -0.00064351351466029872 -0.0079469634220004064 -0.0018344837008044121 6.7333333492279062 9.6825002401601537e-05 60.500000000000007 0.74715188145637523 7.866666555404664 -0.00029700870800297702 0.40500000119209295 0.00098010228248313091 0.0012021149159409108 3.3666666746139531 0.016667573712766174 0.022589439526200298 0.69999998807907116 -0.0048690894618630401 0.00012841464922530579 7.4054880769836026e-06 6.6172080551041304e-05 0.74091568589210521 0.20500000566244128 -0.20203897356986997 0.23499999940395358 0.57999999821186077 -0.00028303521685302252 -0.98865848779678334 0.010771050583571197 -0.00012192189751658587 1.2050000131130221 -4.175605681666638e-05 -0.31926301121711725 0.00033887653262354439 4.5750000476837167 22.500000000000004 7.6333334445953378 1.9499999880790713 0.00032229706994257873 0.044999999925494201 0.00026677500864025211 1.6000000238418581 -0.0017071734764613209 0.0027270476566627626 0.0047788117080926904 -0.00069547074963338662 0.014046479482203724 9.5000000000000018 14.500000000000002 80.500000000000014 0.00055470000370405625 0.0006988666718825699 3.9000000953674321 -0.00071109252166934301 0.733333319425583 7.8333332538604745 16.500000000000004 2.5000000000000004 -0.79453414678573597 13.500000000000002 5.8634999732021249e-05 0.0010208873427473011 7.4333331584930429 0.014999999664723875 -0.0039564229082316152 50.500000000000007 0.064999999478459372 -0.00080653739860281337 0.0013681122218258681 0.0003747232112800703 -0.054999999701976769 0.0010921101784333589 0.0040939925238490113 -0.061199817806482308 60.424167633056648 -0.03732833452522754 -0.71999999880790699 2.1663472652435307 -0.00013975954061606896 0.00095437819254584621 54.76408767700196 -0.74741527438163746 6.5000000000000009 0.0012417040416039529 1.8333333730697634 0.0018822404090315106 19.500000000000004 -3.5679333450389088e-05 0.62500000000000011 0.0031486981315538291 0.0031229712767526512 0.00091964809689670812 0.18592491745948794 -0.0079469634220004064 -0.0030655458103865381 0.0038765851641073827 46.500000000000007 2.7999999523162846
decision_type=2 2 2 2 2 2 2 2 2 2 2 2 2 2 2 2 2 2 2 2 2 2 2 2 2 2 2 2 2 2 2 2 2 2 2 2 2 2 2 2 2 2 2 2 2 2 2 2 2 2 2 2 2 2 2 2 2 2 2 2 2 2 2 2 2 2 2 2 2 2 2 2 2 2 2 2 2 2 2 2 2 2 2 2 2 2 2 2 2 2 2 2 2 2 2 2 2 2 2 2 2 2 2 2 2 2 2 2 2 2 2 2 2 2 2 2 2 2 2 2 2 2 2 2 2 2
left_child=3 2 13 12 19 6 8 46 9 11 27 -4 29 14 15 17 45 39 21 -3 -12 -19 24 -24 26 40 104 60 -28 30 -1 32 76 90 73 72 68 -38 48 103 -25 -10 -43 44 -18 -17 47 -8 49 -9 51 -11 -34 87 -55 -56 57 -15 59 96 -6 91 65 66 -65 75 67 -64 123 -70 -71 -69 -26 -5 -75 -63 -22 79 -79 -78 82 -82 -61 84 -60 -86 -85 -20 -89 -23 -27 92 -31 95 -95 -59 98 -67 -58 101 -101 -99 -103 -2 -14 -32 107 111 109 -108 -109 112 -16 114 -113 116 118 -118 -52 120 -119 -102 -47 -7 125 -125
right_child=1 4 5 34 10 36 7 38 41 50 20 -13 22 56 106 16 43 18 53 -21 31 89 23 25 35 33 28 -29 -30 61 105 -33 52 -35 -36 -37 37 -39 -40 -41 -42 42 -44 -45 -46 122 -48 -49 -50 -51 115 -53 -54 54 55 -57 58 93 83 80 -62 62 63 64 -66 97 -68 71 69 70 -72 -73 -74 74 -76 -77 77 78 -80 -81 81 -83 -84 86 85 -87 -88 88 -90 -91 -92 -93 -94 94 -96 -97 -98 99 -100 100 121 102 -104 -105 -106 -107 108 110 -110 -111 -112 113 -114 -115 -116 -117 117 119 -120 -121 -122 -123 -124 124 -126 -127
leaf_value=-0.011609553590429804 -0.035253395068290609 -0.00030089867717223942 0.010238557028336558 -0.01382423528528169 0.02247568715099801 0.0022917208272638157 -0.022205625644394281 -0.019870884584395204 -0.0047787521859112246 0.0017564010597151882 0.031512012668029887 0.05638840711885236 -0.014426494976548538 -0.0080819972417182969 -0.0040577099783637768 0.0019262618793731039 0.024012830437951757 0.0082212259429315249 0.014495194837492323 -0.017969310071154716 0.0084339222188800269 0.0019382950285604609 0.016123836333252515 -0.03327784164625993 0.0014989354620678877 -0.01513040338008023 0.010932157845788 0.012863033133775667 -0.025394513062225368 -0.009987547552331489 0.0054265726329976267 0.0013028812824647461 -0.0027077524589910473 -0.0010236319990587842 -0.0023539900572656508 -0.0050793906646768592 -0.032928560514226678 0.00085300877829385584 0.0064018626632122285 0.0015875733976123765 0.012059679632207249 -0.0023220650369872721 0.010936005400824558 0.020043926158129451 -0.0022202631267483545 -0.00036773262774526734 -0.001089083242360518 0.017782307010646117 -0.0075709899068138594 0.038144763601718187 0.0099662420757697448 -0.019797930857656243 0.012059243544382611 0.0052681905049415077 -0.01748577782879027 -0.0015662312349016619 -0.014850604308555082 0.047393169646289805 0.00090131551238658051 0.013321607648420395 -0.010064139063769861 0.020936719551192803 -0.0093068738236341594 -0.0092163226784843441 -0.04591377933712619 0.01942637814706152 0.010081861453741625 -0.014640800174816679 -0.019798967146238789 0.037055306812541051 0.010121760988174281 -0.00056814445183948762 -0.0045109476435267757 -0.0049006834851397108 -0.020246665372091261 -0.0052389575361783359 0.018689461663975362 -0.0011523780643425345 -0.045968052951661946 0.0034265092144574586 -0.011547891065521908 0.010526894910044783 -0.0097993234640839939 -0.05229494978668197 0.011281692244801189 0.00088676477831555942 -0.0061188801951276876 0.0041647209285267531 -0.038541250520862484 0.012617072252021799 0.010480874074121141 -0.0028080665327904326 0.0053287128921716163 0.0028858775606061134 -0.0094558194386724567 0.0033908485369187691 -0.0037431372123395432 0.039644533935589088 -0.045880038147867279 0.011694597532004386 0.026267860176680868 -0.00028993412443712195 -0.013138941880578139 -0.0087788248862952622 -0.00059209891684970889 0.024816269242153632 -0.018785565344611035 0.0042218309295311684 0.0050468338009139217 -0.0031747608942045446 -0.0092215050361217736 0.0027590595847381792 0.015526893912336678 0.011217252027121647 -0.0097834471765178652 0.00039284601671381195 -0.024468152911025609 0.048731408592204768 -0.039325817328555598 -0.0094842993721981073 0.0074982053119946428 -0.0016558021375323762 0.020863117979952717 -0.02809686071608964 0.0029751131122291974 -0.0066798081776846671
leaf_weight=1319.3684083372355 555.54488310217857 10239.936351194978 513.04447038471699 7246.1906389594078 321.47601096332073 55102.677518114448 1246.6567730009556 173.42015866935253 16776.067354500294 1569.1596547812223 481.90192666649818 369.55178010463715 1289.9912165105343 8879.6496923565865 1183.1061536222696 1290.2106334418058 492.90580072999001 22659.537581086159 2386.7377286553383 1314.9964704811573 29541.938816934824 25109.519276916981 719.8889501541853 1012.7458974123001 16809.774652585387 5045.2161342352629 3973.3368090093136 10406.09121721983 277.83526486158371 1151.0494223684072 9786.5522139370441 30693.928535953164 8568.6748261600733 3800.6665758043528 11481.705472022295 62401.846414670348 569.11449380218983 786.28513902425766 1829.4076161235571 1498.4831981360912 172.952517837286 10119.304365798831 3983.6458711326122 857.52158688008785 5015.5141262561083 579.14731085300446 72076.556484922767 284.98904789984226 28616.875440821052 301.04521448910236 10894.022478163242 1022.5428534299135 1478.7653861343861 6612.7776168435812 1366.5511987805367 18175.575809136033 1785.878008544445 132.17377230525017 42714.645999625325 597.19079451262951 1214.1118311882019 375.45695416629314 8612.8862557560205 708.04296284914017 408.34071178734303 729.95685403048992 1327.907408669591 1473.0861701667309 255.80122955143452 435.41258601844311 2139.9021305143833 12291.486927002668 12536.327381432056 12024.984212830663 1351.3099912703037 11174.232178926468 1322.3434311449528 565.67139413952827 253.77338859438896 15564.009362652898 743.49144604802132 2787.286369651556 2953.5370483994484 154.06786403059959 8350.2125552892685 9104.7781213819981 1073.6320289373398 1006.9988692849874 200.48680146038532 2319.0805154591799 398.18806251883507 7591.2027369588614 13621.740103304386 4009.036938354373 4376.9509915709496 7919.8009131550789 1965.3414712250233 143.12447662651539 286.10025915503502 4298.9221526384354 315.45059160888195 8867.6536405086517 2072.9018138647079 862.72742311656475 29912.706126019359 671.52026128768921 1157.8398403376341 2081.7928799241781 5073.6658326387405 15454.397217899561 4311.800685852766 8859.0382151454687 3866.1475264132023 2642.3685643225908 1850.6234506219625 9881.4864254593849 672.63152542710304 151.22254320979118 125.01154038310051 1035.2261766046286 1901.1662146598101 6354.0020670294762 4973.2467969954014 726.18155463039875 2571.8240172564983 1705.8626092374325
leaf_count=5287 2226 41088 2059 29242 1295 220641 5002 696 67198 6282 1951 1484 5167 35548 4739 5188 1976 90847 9561 5268 118885 100711 2891 4075 67383 20259 15917 42105 1113 4609 39204 123171 34414 15258 46164 250647 2287 3150 7329 6002 696 40522 15947 3435 20099 2331 288505 1141 114735 1209 43624 4095 5939 26549 5471 72796 7149 529 171143 2391 4894 1504 34486 2835 1640 2926 5325 5900 1024 1744 8568 49199 50306 48475 5453 44755 5338 2273 1022 62613 2977 11159 11825 617 33466 36477 4300 4033 803 9294 1599 30411 54534 16072 17546 31770 7875 573 1145 17212 1263 35503 8307 3458 119864 2690 4634 8344 20311 61866 17281 35479 15488 10602 7410 39569 2696 606 501 4148 7613 25438 20011 2909 10297 6834
internal_value=0 0.0012746 0.000582191 -0.00264178 0.0041694 -0.000569884 -0.00150806 -0.00285109 0.00087078 0.00396265 0.0049152 0.029562 -0.00208628 0.00167461 0.00275141 0.00392753 0.00938166 0.00305698 0.00347904 -0.00231163 0.00412212 0.00527508 -0.00321152 -0.0086157 -0.00273783 -0.0103233 1.7014e-06 0.0107908 0.00855803 -0.000417609 0.00462365 0.00397211 0.00540206 -0.00822725 -0.00664994 -0.00379646 0.00181657 -0.0133314 -0.00636819 -0.00849561 -0.0266647 -0.00194634 0.00142293 0.00281002 0.000127133 0.0154955 -0.00137366 -0.0147652 -0.00717123 0.0169397 0.0031336 -0.00674775 -0.000534371 0.000455075 -0.000670046 -0.00267946 0.000106827 -0.00270422 0.00108825 -0.00424826 -0.00325191 -0.00114596 -0.00225159 -0.00485847 -0.0226392 -0.000366814 -0.0040211 -0.00485799 0.00214279 0.0115606 0.0146755 -0.0020742 -0.00106842 -0.00904174 -0.00645098 -0.00438804 0.00666447 0.00371216 -0.0150313 0.00462173 -3.26782e-05 0.00587851 -0.00591065 0.00205467 0.00233968 0.00585955 -0.0119137 0.0086425 -0.00292603 0.00284118 -0.0132569 0.00177847 0.00413532 0.00020081 -0.0035557 0.00411315 -0.0116424 0.00167181 -0.0191352 0.0010841 0.00437981 -0.00217732 -0.00272443 -0.0191491 -0.00116404 0.0066716 0.000323247 0.00242927 -0.00208471 -0.0042628 -0.00484427 0.00495649 0.010938 0.00269452 0.000591722 0.00417207 0.00669887 -0.00123711 0.00940702 0.00382374 0.0105363 -0.000335074 0.0186486 0.0016992 -0.00482562 -0.0130747
internal_weight=0 580081 468113 263751 111968 227836 163543 104529 59014.1 28135.1 100413 882.596 231646 240277 142443 95962.6 13208.5 82754 79837.3 11554.9 88471 50088.1 138351 11149.7 127202 10429.8 35453.9 11941.7 4251.17 93294.9 11777.4 87989.1 57295.2 9244.07 32104.2 91747.9 64293.1 1355.4 30920.7 2916.76 1185.7 30879 14103 6365.94 5508.42 6842.6 73608.2 1531.65 29091.3 474.465 27252.5 2591.7 10047.4 29749.1 26154.9 19542.1 97833.8 25317.6 72516.2 11118.8 1535.59 81517.4 59153.5 24821.8 1116.38 34331.7 23705.4 22377.5 62937.7 2831.12 2575.31 13764.6 29346.1 20622.5 13376.3 11549.7 47247.7 17705.8 819.445 16886.4 7081.51 3530.78 3550.73 61397.3 60169.6 17455 1227.7 3594.22 1207.49 27428.6 5443.4 22364 14772.8 16438 8385.99 8051.97 4037.32 22782 2071.98 22052.1 10968.4 11083.7 10940.6 1418.27 31202.7 10458.1 46480.8 24794.9 21685.9 16612.2 6393.59 18401.3 5049.25 13352 10709.7 24660.8 14779.3 3760.25 11019 3087.61 2052.39 6669.45 5552.39 60106.5 5003.87 2432.04
internal_count=3383715 2325605 1875349 1058110 450256 912415 654961 418617 236344 112677 403900 3543 928776 962934 570945 384791 53040 331751 320065 46356 355606 200852 555175 44778 510397 41887 142061 48294 17030 373601 47181 353655 230484 37116 129334 368336 257454 5437 123969 11686 4771 123667 56469 25510 22075 27530 294648 6143 116640 1905 109134 10377 40353 119213 104816 78267 391989 101465 290524 44521 6189 326420 236866 99385 4475 137481 94910 89585 252017 11336 10312 55099 117689 83170 53928 46259 190131 71246 3295 67951 28352 14136 14216 246003 241086 69943 4917 14397 4836 110005 21858 89554 59143 65917 33618 32299 16169 91222 8294 88296 43913 44383 43810 5684 125031 41894 186154 99343 86811 66500 25625 73718 20227 53491 42889 98757 59188 15063 44125 12367 8219 26701 22342 240681 20040 9743
is_linear=0
shrinkage=0.1


Tree=16
num_leaves=127
num_cat=0
split_feature=27 10 22 19 37 40 10 23 0 37 2 14 28 24 43 32 8 6 0 28 32 25 33 43 25 12 44 23 23 43 31 12 43 25 1 5 32 24 44 10 37 43 41 23 16 44 20 33 1 21 16 19 44 9 16 23 12 38 34 24 44 38 38 37 10 43 37 37 34 3 23 28 43 7 10 23 16 36 14 41 31 25 20 36 19 32 43 0 24 34 44 38 37 38 5 37 25 40 5 37 43 34 31 44 43 13 22 5 31 7 22 19 44 21 22 9 44 26 31 23 22 5 25 22 16 24
split_gain=208.161 100.858 66.9798 58.7547 56.7394 52.8434 49.5381 48.0858 44.4675 43.4836 46.7664 42.7634 50.1273 53.4558 40.252 40.1889 65.2012 41.2087 48.6781 36.7173 36.5076 35.8756 37.2245 35.0776 39.811 42.2461 39.4364 52.559 43.0112 35.9836 34.2513 33.2209 38.4152 36.7298 33.0476 32.5465 32.0465 31.491 31.259 46.0615 31.8337 29.6854 35.9413 29.5412 29.0566 28.8617 28.7843 28.4986 28.3047 29.6337 28.7604 28.1951 38.0958 28.0228 61.1154 27.9241 27.8801 37.9341 31.9938 27.6175 27.588 40.2844 34.5983 35.5046 25.9991 28.1363 25.7365 29.0919 25.7319 27.5581 25.6509 28.3864 25.6274 26.0817 25.6245 25.5242 29.015 25.6639 25.1859 25.1419 24.8943 24.8417 24.8008 24.7437 24.4713 24.4648 24.4629 23.8702 34.8021 23.5054 28.8843 23.3879 31.0549 25.4494 32.6952 28.2182 38.0747 23.4098 23.1281 23.0808 23.7473 23.0721 27.7665 25.2469 22.9435 22.8198 26.864 22.7756 27.8295 22.649 25.2107 22.5007 35.1442 22.4776 22.4676 32.8889 27.1276 23.8242 27.8492 30.9668 29.8269 26.2994 28.3129 26.67 22.3764 22.3721
threshold=-0.0018247390980832277 37.769998550415046 54.27708816528321 -0.00011776629980886354 0.53333333134651195 2.5000000000000004 69.754688262939467 -0.0015619245823472736 -0.00019040313054574651 7.7999999523162851 0.00039222686609718954 0.012893049977719786 -0.0043539269827306262 0.0047416216693818578 -0.1950000002980232 0.00043566022941377019 0.00045892878551967447 6.6172080551041304e-05 2.5870710942399459e-06 0.0035213992232456808 -0.0013797340216115115 0.03005863726139069 -0.00067946341005153943 0.14500000327825549 0.01113644987344742 4.3086190999019898e-05 -0.22500000149011609 0.00060716093867085885 0.0006753684428986163 -0.86500000953674305 -0.021444689482450482 0.00073099011206068109 0.76499998569488536 0.020783328451216224 -1.6245408005488567e-05 0.011443324387073519 0.0057250456884503373 0.0026795747689902787 -0.014999999664723871 21.969484329223636 7.866666555404664 -0.38499999046325678 1.9499999880790713 0.00042059902625624096 1.7204903087986171e-05 0.14500000327825549 -0.00031511599081568415 -0.00043686956632882351 -0.0065401301253586999 -0.36184327304363245 0.00012686380796367305 -9.6413346909685047e-05 1.0000000180025095e-35 7.7708202297799303e-05 -2.1936239136266519e-05 -0.0043637177441269151 -0.00026328609965275968 16.500000000000004 -0.8100006878376006 0.0098288748413324373 0.13499999791383746 14.500000000000002 9.5000000000000018 6.2333333492279062 54.646497726440437 -0.43500000238418574 1.2666666507720949 2.9333333969116215 4.2705309391021737 0.008376603480428459 -0.00061345595167949785 0.00022911714768270033 0.84499999880790722 0.00040179560892283922 44.949754714965827 0.0014323308714665475 0.00021119464508956301 -5.6724999012658366e-05 0.0035879526985809211 0.20500000566244128 0.0083770905621349829 0.010230031330138447 0.0010053053847514095 0.00013115999900037425 -3.0064323254919142e-05 -0.00051071430789306749 0.78499999642372142 0.00045415136264637118 0.0031043527415022258 -0.46180804073810572 -0.11499999836087225 8.5000000000000018 7.7333333492279062 18.500000000000004 0.015975219197571281 6.6333334445953378 0.030697417445480827 1.5000000000000002 0.029469716362655166 0.10000000149011613 0.13499999791383746 3.4601775407791142 -0.012783437501639126 0.095000002533197417 -0.39499999582767481 0.00011027823347831146 34.761577606201179 0.063038170337677016 0.012767327018082144 0.00086904605268500756 39.469186782836921 0.00015125506615731868 -0.024999999441206452 -0.28127241134643549 21.904685020446781 0.0022418273147195582 -0.24499999731779096 0.22394404560327533 -0.0087924571707844717 7.5495110650081201e-05 44.909093856811531 -0.002250547986477613 0.0090655917301774042 52.769245147705085 3.9091826238291114e-06 0.0066046640276908883
decision_type=2 2 2 2 2 2 2 2 2 2 2 2 2 2 2 2 2 2 2 2 2 2 2 2 2 2 2 2 2 2 2 2 2 2 2 2 2 2 2 2 2 2 2 2 2 2 2 2 2 2 2 2 2 2 2 2 2 2 2 2 2 2 2 2 2 2 2 2 2 2 2 2 2 2 2 2 2 2 2 2 2 2 2 2 2 2 2 2 2 2 2 2 2 2 2 2 2 2 2 2 2 2 2 2 2 2 2 2 2 2 2 2 2 2 2 2 2 2 2 2 2 2 2 2 2 2
left_child=6 3 5 20 72 9 11 -8 37 15 75 12 68 41 19 17 111 18 34 43 48 -15 -23 24 26 113 27 53 -29 84 36 32 33 35 -3 51 -18 -7 47 -40 -41 66 85 87 81 -27 -5 78 55 -50 -51 -6 -53 54 -19 -2 57 105 -58 -57 61 62 -52 -64 65 -59 82 -68 -1 -70 79 125 73 -4 -47 76 77 -11 -22 -37 -54 -44 -14 -81 -28 -43 -16 -10 -89 90 -24 92 -32 94 97 -95 -97 -93 -92 100 -9 114 -103 -104 -65 106 -31 108 -62 110 -55 -17 -113 -26 115 116 -25 -116 119 -119 -121 -120 123 -123 -48 -72
right_child=1 2 4 46 31 8 7 99 14 10 -12 -13 13 21 86 16 30 23 -20 -21 38 22 89 101 25 45 29 28 -30 56 91 -33 -34 -35 -36 70 -38 -39 39 40 -42 42 44 -45 -46 74 124 -49 49 50 60 52 80 109 -56 59 58 64 -60 -61 107 -63 63 104 -66 -67 67 -69 69 -71 71 -73 -74 -75 -76 -77 -78 -79 -80 83 -82 -83 -84 -85 -86 -87 -88 88 -90 -91 98 93 -94 95 -96 96 -98 -99 -100 -101 -102 102 103 -105 -106 -107 -108 -109 -110 -111 -112 112 -114 -115 117 -117 -118 118 121 120 -122 122 -124 -125 -126 -127
leaf_value=-0.0045767973936572306 0.03765944226425097 -0.02249050369069245 -0.017779183148486338 0.0046093202183057572 0.0023604435637011307 0.026896181692856704 -0.02642917611353008 -0.057217444785438824 -0.0073550284732083818 -0.027317150392431874 -0.015884177604343144 0.0023633757247175482 -0.0010904080674259216 0.0044382430427340374 0.00063062185755949991 -0.0017287093809850006 -0.015780777264373835 0.054787355864793955 0.050387608220964858 -0.0010063256276866331 0.012976119304822776 0.007531967250292421 -0.010604683115184269 -0.052015302567976845 0.0093937980710446546 -0.0031136516378453029 -0.0035405961537281422 -0.065107274607110743 -0.0068560721943326901 0.019266076604324667 0.0041098432660931104 0.0062131223798914809 -0.0098147258594666227 0.0014810966477912173 0.018949031294394202 0.02832187083627077 0.0076768638296670598 0.0013630343139957473 0.021055429213936834 -0.0017717255288025966 0.023779488666520784 0.007799613778906484 0.0034552042478627511 -0.0015639784164808079 0.0079009576543223239 -0.012792905369759045 0.0053634902227692391 0.00076189788869631769 0.008623954030850093 -0.0024772806711883242 0.0025512806263407696 -0.0062668301011513635 0.0002008053159219236 0.018657518662634119 -0.010110231211988568 0.017092686773567966 -0.0050465458637348748 0.022585339428526047 0.0037913072521852313 0.00058566135464571667 0.008459458328986702 -0.0018446598540506145 0.015524328819023662 0.019757945464549648 -0.026596766317703659 0.0013243817187915108 0.0043081389658038566 -0.0094004578595794693 -0.0142446695746529 0.016843184242544079 -0.0048692187098837297 -0.019865343654057635 -0.045524867621008817 -0.0053406571953042159 0.012954694896466857 -0.042154655491636397 0.015152086513273398 0.00016648493232159701 0.0037627791262218632 -0.0021932912659295778 0.03897200466342176 -0.0054128925471675672 -0.028079448914810998 0.023168759386565995 -0.043244237717835157 -0.012851115868408742 -0.0094515044241719765 -0.037737279527174483 -0.013276612151984685 -0.0085669958550944249 0.0035037142793474538 -0.0048003192698379939 0.044181729091319566 0.0064716616005291751 0.00591120871668133 -0.0082823291774891412 0.019880845208898788 0.0014321989831385619 0.029504555338563651 -0.0054068149884106322 -0.0026062107176335115 0.012805446004098806 -0.033090988193527127 -0.0014348415814807965 -0.01093667044773055 -0.01315381940080668 -0.004623606628063894 -0.012445217479112239 0.033153143717541279 -0.014926589412324352 0.0056764222403209979 -0.015550161145273883 -0.0033741986059425549 0.0048887379634244277 0.0035598327701973059 0.010168960563860298 -0.011517876789445346 -0.022513854867237892 0.0037755869774033918 0.002124187985683691 -0.015595556070812061 -0.0096166336735454775 0.0011164480589597404 0.007942027488694282 -0.027087021559039866 -0.0290796135933927
leaf_weight=81593.555979683995 413.34477011859417 258.31941331923008 2193.6943319886923 623.47185391187668 19537.628134727478 490.62112376093864 1160.7845695763826 174.93933938443661 6572.4308841824532 387.83037248253822 2890.4260515570641 18757.743334814906 490.92069904506207 22355.66344243288 25202.49249188602 13107.026955842972 2051.0030413717031 359.56561437249184 379.12498836219311 9813.8326350450516 5313.1073107868433 3008.8948778063059 1167.3888099491596 252.97396321594715 20055.292026668787 8009.7551174163818 306.83940251171589 164.80191861093044 549.08184763789177 506.97476099431515 26188.263447523117 6073.5855910629034 5153.0928251445293 40326.567747473717 754.67303115129471 324.50750753283501 813.33477663993835 31233.698755800724 955.21252276003361 26111.618009373546 496.87817077338696 678.70079888403416 5330.6878756135702 4180.164964273572 4041.5434749573469 463.3105327039957 259.99887774884701 10840.87536983192 15016.577990666032 6827.9784405529499 11526.054167345166 14547.276550993323 18687.3193654567 1714.7565648257732 243.29443176090717 2507.8925036340952 4914.4894474446774 1036.3697017878294 24598.119116798043 1701.0133117735386 10966.960329055786 11160.745470479131 5050.6577500402927 326.85959236323833 212.11802089214325 1558.4580963104963 2067.8780430108309 6158.2180719822645 385.78820635378361 1093.0425195544958 24521.457882836461 1402.9903689324856 187.80806660652161 7280.6876067519188 2332.3428040444851 136.2779127061367 1181.6854874491692 2741.2711593359709 6719.4243007898331 5177.4543042480946 167.08847108483315 7752.8894982039928 1111.0482643842697 415.55091923475266 314.19730922579765 3707.5331895649433 2660.6701187044382 668.00789812207222 4499.8234448730946 6636.6027739942074 1566.1085414588451 16058.362707346678 194.83619558811188 11475.582179367542 5698.028451859951 2973.0746785104275 572.46570943295956 9647.0477718710899 437.72971986234188 30099.489102572203 146.14371809363365 340.2324862331152 613.92293490469456 427.28251242637634 955.09128138422966 3141.4197789281607 6579.6463141143322 493.91560260951519 476.20526911318302 473.24605467915535 11733.111120015383 3832.3312460333109 6214.7722600102425 24733.880243048072 27511.808562815189 398.74139577150345 477.85612201690674 1027.9232704490423 16008.586551874876 3119.965129584074 1365.7708311229944 5693.8564763069153 12374.062372669578 1020.0152916014194 1163.0166601836681 387.71766786277294
leaf_count=327535 1686 1036 8821 2505 78222 1966 4672 707 26317 1553 11580 75253 1971 89559 100922 52469 8214 1445 1523 39376 21381 12052 4677 1013 80447 32085 1230 660 2199 2040 104863 24315 20639 161445 3028 1299 3259 125136 3855 104770 1996 2718 21403 16734 16195 1856 1044 43492 60420 27475 46468 58337 74873 6897 976 10178 19675 4159 98489 6877 44200 44993 20405 1321 849 6247 8300 24722 1546 4381 98237 5616 754 29201 9342 546 4733 10979 27018 20731 669 31095 4467 1664 1258 14899 10653 2675 18013 26584 6271 64286 780 45959 22810 11902 2292 38617 1753 121310 590 1363 2458 1711 3840 12590 26368 1989 1918 1900 47010 15365 24893 99278 110196 1597 1913 4115 64095 12492 5467 22789 49531 4083 4674 1552
internal_value=0 0.000874705 0.000275911 0.00349095 -0.00153988 0.000980007 -0.00281925 -0.00645354 -0.00120943 0.00161934 -0.00598159 -0.00213745 -0.00270185 -0.000656005 -0.0029658 0.00181513 0.000185482 0.00268088 0.0198215 -0.00581735 0.00378264 0.00202003 -0.00219794 0.00255164 0.00363659 0.005552 0.0018134 0.00618701 -0.0203035 0.000269579 0.0016063 -0.00101651 -0.0013526 -0.00100513 0.00838169 -0.00218233 -0.00911993 0.00175791 0.00174776 -0.000520057 -0.00129459 -0.00365934 -0.00157904 -0.00878301 0.000489639 -6.03296e-05 -0.0133079 0.00448061 0.00530486 0.004749 0.00353126 -0.000657046 -0.00242206 0.00748908 0.0285968 0.0128572 0.000618389 -0.00323336 0.00231961 0.0104214 0.00453297 0.00286839 0.00581381 0.011752 0.0070643 0.00981597 -0.00821263 -0.00595439 -0.00433986 0.00873318 -0.0046877 -0.00602557 -0.00894577 -0.00822067 0.00868767 0.00045473 0.00180175 -0.00323992 0.00783104 0.00126114 0.000544397 -0.00179973 -0.0198087 -0.000308933 -0.0236276 -0.00965574 -0.000332126 -0.0113534 -0.0164385 -0.00518293 0.00189908 0.00202828 0.00440577 0.000677156 -0.000942143 0.00406249 -0.00373508 -0.0024613 0.00918348 -0.00569131 -0.0323607 0.00080055 -0.0119959 -0.0201002 -0.00311045 -0.00605942 -0.00291455 0.0085796 0.00948708 0.00657499 0.00733166 -0.00445802 -0.00801855 0.00690597 0.00105581 -0.012932 -0.0255359 0.00128775 -0.000251489 -0.00685844 -0.00327094 0.000786462 -0.00172045 -0.00694901 -0.021158 -0.00524606
internal_weight=0 643803 523896 119907 146384 377512 199923 31581.4 85321.7 292190 7337.49 168342 149584 66511.8 53597.4 284852 98826.1 186026 1392.12 25734.3 117860 35172.4 12816.7 184634 114001 55594.6 58406.5 15237.9 713.884 43168.6 75672 136722 130649 125496 1012.99 85169 2864.34 31724.3 50437.1 27563.7 26608.5 31339.4 21511.4 15920.4 17125.1 10805.4 2046.49 22873.4 67423.3 62801 47784.5 52939.3 33401.7 14524 602.86 4622.25 42547.6 13035 29512.6 4208.91 40956.5 29019.4 17858.7 6332.61 2806.95 2594.83 9828.07 8226.1 83072.4 1478.83 32229.7 26312.2 9662.19 9474.38 2795.65 4447.06 4310.79 3129.1 12032.5 5917.51 18854.4 13083.6 1601.97 5593.01 621.037 4386.23 27863.2 11740.3 5167.83 9807.83 3171.23 72807.7 26383.1 46424.6 31403.4 15021.1 3545.54 25705.4 2003.84 30420.6 321.083 70633 1381.44 1041.21 1281.95 10228 7086.62 11937.1 11443.2 13921.1 13447.9 23154.1 10047.1 44789.2 69251.6 1129.57 730.83 68122 40610.2 5513.66 4485.74 35096.5 19087.9 6713.87 1423.02 24909.2
internal_count=3383842 2581182 2098677 482505 586375 1512302 802660 127279 341792 1170510 29391 675381 600128 266666 214690 1141119 395709 745410 5587 103115 474282 140896 51337 739823 457000 223008 233992 61087 2859 172905 302982 547599 523284 502645 4064 341200 11473 127102 202512 110621 106766 125770 86310 63739 68693 43283 8223 91891 271770 253029 192609 212101 133879 58228 2421 18741 170417 52253 118164 17055 165134 117027 72034 25566 11255 10406 39460 33022 333462 5927 129099 105405 38776 38022 11198 17811 17265 12532 48399 23694 75542 52498 6438 22395 2488 17617 111575 47005 20688 39285 12701 291509 105643 185866 125713 60153 14194 102903 8024 122607 1297 282823 5532 4169 5161 40998 28408 48107 46118 55807 53907 92727 40258 179725 277291 4523 2926 272768 162572 22074 17959 140498 76403 26872 5718 99789
is_linear=0
shrinkage=0.1


Tree=17
num_leaves=127
num_cat=0
split_feature=10 22 38 14 46 39 46 46 22 38 0 10 45 16 12 24 37 38 34 46 5 9 16 38 37 37 13 25 45 38 38 39 38 46 6 45 29 40 39 39 5 13 38 45 26 5 7 13 5 40 3 37 37 46 37 46 30 13 46 27 5 45 9 3 28 34 13 23 46 37 37 28 15 39 37 37 24 46 9 39 36 5 29 45 5 9 22 15 35 5 14 29 8 37 39 37 19 46 5 39 46 38 37 9 36 0 26 35 29 38 45 46 4 37 46 23 23 39 39 30 32 22 13 13 35 46
split_gain=199.982 109.785 83.6181 58.7529 56.9841 54.6625 53.4017 55.9545 55.7687 47.2844 47.2343 44.3116 45.2718 41.9102 44.953 42.8776 41.3893 53.1322 39.6435 39.3462 73.9663 39.5359 84.1634 39.205 44.9167 80.1913 39.1458 39.0314 38.5278 50.6333 60.6744 37.1059 58.0762 38.0224 36.8162 38.0031 36.5797 36.0731 35.2009 55.5364 39.7769 34.494 34.4165 42.9844 42.0757 40.029 33.1739 46.9029 33.1652 37.2643 37.2098 40.0116 32.7459 44.3401 41.4515 39.8008 36.7403 32.6691 32.4512 32.2315 31.6472 41.0553 44.7249 43.0622 31.5578 31.3588 34.5484 30.3255 30.1071 30.1031 40.4031 30.3905 30.0743 30.0186 29.578 29.1702 30.5788 29.0931 28.8795 28.734 30.0793 28.1889 31.7219 35.4772 28.1292 28.0661 27.8955 27.7731 30.8801 27.4487 39.5063 38.4624 27.4162 27.3022 27.1877 27.091 27.0669 26.896 26.875 26.8822 26.862 49.3764 49.354 31.0385 28.8284 26.8241 32.8464 38.1596 26.5968 26.3648 27.0781 34.8047 26.3151 26.2815 26.1603 25.6977 25.5215 25.5085 41.8888 25.8346 25.2875 29.7617 25.2358 25.2236 25.1969 25.129
threshold=60.424167633056648 44.428539276123054 1.5000000000000002 0.00080017617437988531 -2.4999999999999996 5.5000000000000009 -1.4999999999999998 -39.499999999999993 53.09160232543946 5.5000000000000009 2.5870710942399459e-06 41.628911972045906 74.500000000000014 0.00029075905331410473 -0.00041502712701912964 0.00617884285748005 7.7333333492279062 22.500000000000004 -0.56648463010787953 -6.4999999999999991 0.0092768743634223955 7.7708202297799303e-05 8.3498125604819523e-06 19.500000000000004 5.8999998569488534 6.1000001430511483 -0.00096550420857965935 0.050043707713484771 44.500000000000007 16.500000000000004 9.5000000000000018 1.0000000180025095e-35 20.500000000000004 -18.499999999999996 0.00087525768321938824 32.500000000000007 0.0035007129190489654 1.5000000000000002 1.0000000180025095e-35 3.5000000000000004 -0.032701766118407243 -3.3829486710601479e-05 19.500000000000004 27.500000000000004 -0.19488657265901563 0.012774870730936529 0.0012093569966964426 -0.00025278565590269858 0.049541288986802108 2.5000000000000004 -0.0058650390710681668 4.6333334445953378 1.6999999880790713 -20.499999999999996 1.3999999761581423 -4.4999999999999991 -0.010042396839708088 0.0011580451391637327 -3.4999999999999996 -0.0053203536663204423 -0.021589153446257111 38.500000000000007 0.0018471018411219122 -0.012129009701311587 0.016193124465644363 0.36753509938716894 0.0004905449168290944 -0.0038187677273526783 1.0000000180025095e-35 3.3333332538604741 0.29999999701976782 0.0054957964457571515 0.56333339214324962 3.5000000000000004 4.1666667461395273 6.7666666507720956 0.0026795747689902787 12.500000000000002 7.7708202297799303e-05 1.5000000000000002 -3.5550000347939199e-06 -0.079417735338211046 0.016884798184037212 59.500000000000007 0.0051754331216216096 0.00050490070134401332 58.832904815673835 0.71420517563819896 8.6100003500178008e-06 0.014141270425170662 0.0031080684857442979 0.0031010938109830026 0.00090954510960727941 2.0666666030883794 5.5000000000000009 0.20000000298023227 -0.00075753667624667276 4.5000000000000009 0.0041881839279085406 4.5000000000000009 -32.499999999999993 10.500000000000002 2.7000000476837163 0.0031701412517577414 3.8494999898830435e-05 0.0007136699277907611 0.69204783439636242 0.00027591000252868986 0.0069322811905294665 6.5000000000000009 47.500000000000007 3.5000000000000004 -0.0087975496426224691 7.8999998569488534 -3.4999999999999996 -0.00029092052136547858 0.00026726828946266329 1.0000000180025095e-35 3.5000000000000004 0.00047504184476565575 -0.005228078691288828 38.696912765502937 -0.00042642536573112006 -0.00047169337631203229 0.00041145501018036162 -14.499999999999998
decision_type=2 2 2 2 2 2 2 2 2 2 2 2 2 2 2 2 2 2 2 2 2 2 2 2 2 2 2 2 2 2 2 2 2 2 2 2 2 2 2 2 2 2 2 2 2 2 2 2 2 2 2 2 2 2 2 2 2 2 2 2 2 2 2 2 2 2 2 2 2 2 2 2 2 2 2 2 2 2 2 2 2 2 2 2 2 2 2 2 2 2 2 2 2 2 2 2 2 2 2 2 2 2 2 2 2 2 2 2 2 2 2 2 2 2 2 2 2 2 2 2 2 2 2 2 2 2
left_child=1 4 6 10 18 16 7 -3 41 38 -2 12 65 19 -15 89 28 115 93 20 -4 22 -21 27 -25 85 -17 57 37 30 58 32 33 -20 -29 -36 92 -5 40 60 96 73 52 45 -45 64 47 -34 49 50 51 -23 53 54 87 -55 -57 -13 -30 -50 61 62 77 -63 -44 75 -67 -14 -41 70 -42 -72 122 -9 -28 -11 -77 -40 -12 80 -58 -81 83 -83 -75 -26 -52 88 -33 91 -91 123 -7 -1 124 -96 -6 -73 99 -74 101 102 -54 104 -104 106 107 -31 -109 -78 120 -112 -100 -19 -84 -18 -46 -88 -119 -120 121 -111 -27 -16 -10 -49
right_child=3 2 13 5 9 36 -8 8 94 11 78 23 67 14 15 26 17 113 31 21 -22 48 -24 24 25 72 74 34 29 105 -32 42 46 -35 35 -37 -38 -39 39 68 69 -43 43 44 116 -47 -48 125 59 -51 86 -53 100 55 -56 56 79 -59 -60 -61 -62 63 -64 -65 -66 66 -68 -69 -70 -71 71 97 98 84 -76 76 109 -79 -80 81 -82 82 114 -85 -86 -87 117 -89 -90 90 -92 -93 -94 -95 95 -97 -98 -99 112 -101 -102 -103 103 -105 -106 -107 -108 108 -110 110 111 -113 -114 -115 -116 -117 -118 118 119 -121 -122 -123 -124 -125 -126 -127
leaf_value=0.013342676188874233 -0.0014400907114957518 0.046905269897868467 0.0047984098642096813 -0.0072896705294174307 0.018287994773841562 -0.011997550949037351 -0.0014743468193773258 -0.0048164266573839376 -0.018703039482557422 0.0062072785365627822 0.044693895018658773 0.0010337213310685806 0.03205299972998208 0.0048316704540677302 0.01573688850479547 0.0091312823386358686 -0.020973377654841179 -0.018874753376132897 -0.0058870366975949185 0.006774489920187917 -0.0022372052657435382 0.015216533820149189 -0.026841901075303327 0.01140044245401182 0.011279858977251138 0.038648700438438904 -0.00019506944493540934 -0.029314626911727971 -0.0057028711603491775 0.0069462520663193215 -0.0068650515131489474 0.043465342800139535 -0.079457910712368685 0.01220053323906007 -0.016181075592320109 0.0029172023151467171 0.00192162746346829 -0.0019215881598071483 0.013309942659805205 0.0030515860737334931 0.054558862420379217 -0.010201759964188123 0.031589283152883764 0.042056211729606024 -0.0051662590412433537 -0.021537050197263503 0.010798743776148263 -0.046113461623072997 -0.0094568061788298692 -0.0041479960238424707 -0.00020900254132789976 -0.0017150284170811458 -0.083044552208420136 -0.0039995128183359175 0.056646437179773634 0.048142502330283686 -0.042953962976629984 -0.034498646861034966 0.0015966090373253348 0.0043246436122282702 -0.0016077463097051354 0.037877428897167463 -0.019486744675800135 0.0093216226148378958 -0.00093741526887928031 0.011545797769353959 -0.019822056329745135 -0.0061105023603579686 0.013782594776306827 0.029493460957803665 0.0011381273810745565 0.0076641849295087869 0.00061057405469214926 0.02253694918971183 -0.0062986808381771875 0.013332404755102471 0.025273955393149129 -0.019873023639218709 0.012259243115418494 -0.027168013716403656 0.0020190479594576322 -0.006491603967716638 0.069527257329056236 0.026965806771556855 -0.0033791411256039031 -0.04096236491763542 -0.0095414947571038373 -0.019088874772920546 0.0058031062938388661 -0.0062970595392415609 0.0020182296281617751 -0.0015845858993090184 -0.0023685811637329979 0.0027843811307792419 -0.044885032136297687 0.0037820941647885376 -0.036152337040803777 0.050904068538248526 0.051939694032469133 0.021644004226384798 -0.003669567002306983 0.0033500764367160579 -0.013855644044469163 0.014498377347901867 -0.072195707231008127 -0.0027457433557628976 2.8611453747744292e-06 0.020575844669736762 0.067049101584166271 0.0068466134141029426 -0.001644703776262289 -0.029086246469987982 0.0084437291730242153 -0.048747751034338926 0.022147185975445158 0.0010373514584423801 0.014192408060048307 0.0012435261101045847 -0.034035370003363589 -0.0055944140363562954 0.0077987975789002356 -0.058270456074388258 -0.0048927455089411119 0.0042684704546211523 0.017506430176250819 -0.0041528358543669024
leaf_weight=3155.5531133711338 1140.7903559803963 177.37919919192791 34759.527370527387 25061.958222955465 148.07406941056252 14070.581019416451 22989.354183807969 2191.1137305796146 6850.712534531951 17493.458997279406 520.67312295734882 51270.869021058083 219.28252294659615 33521.020258724689 2023.8930199891329 2768.7714421153069 723.38355004787445 825.69128055870533 1442.0202063322067 1304.2370471954346 26210.206538230181 3001.0292607545853 1736.2073767781258 7304.7874519824982 125.00541011989117 138.82507807016373 15776.771092861891 719.44133417308331 7932.1439455747604 8993.1081720292568 21646.45994271338 325.96322812139988 135.54853691160679 5989.1121465861797 1760.638215303421 2552.3265967667103 3023.8139368146658 25011.209938958287 1475.1288117319345 3669.8550087362528 201.12297649681568 3929.8991055041552 1211.9984994530678 228.82505613565445 3961.406557738781 224.00915704667568 356.84147377312183 194.92572230100632 1878.0162823349237 37854.607147321105 117888.28548833728 2609.1398291885853 171.62303152680397 8268.1991771757603 234.18887926638126 226.51325623691082 207.87681251764297 260.06733044981956 26230.85620868206 17609.705996781588 10023.283262208104 637.75546437501907 947.14961579442024 3071.0479667335749 395.65638518333435 12162.846745878458 361.56003883481026 4125.4030018746853 9091.4820084869862 1502.8099111616611 1717.4195270687342 311.47912567853928 2225.9527162760496 1100.6203195005655 15982.661422476172 923.70215520262718 234.67749224603176 321.86761511862278 580.66660168766975 166.46682369709015 522.57504725456238 779.8920616954565 160.13688862323761 533.89453639090061 676.07341070473194 579.80454955995083 5689.3212205022573 248.90472517907619 655.49386844038963 8430.9704792797565 17727.319474577904 12135.26280194521 3743.7238285988569 10939.998656466603 128.03457006812096 1072.5795224159956 238.30368779599667 267.30344624817371 278.85713805258274 835.79176303744316 33889.100184991956 563.01207588613033 204.25126148760319 165.82845509052277 144.71006147563457 6456.9559744298458 7895.3090281486511 536.11253587901592 159.86952574551105 140.1993643194437 812.61495114862919 1071.7912060767412 277.52088721096516 457.78707674145699 427.98212453722954 1988.5518894195557 822.3914847522974 16031.309503644705 327.11795055866241 13508.259990409017 1123.6593191623688 140.55603162944317 3233.3774517774582 36579.289714485407 197.72458274662495 532.9153019785881
leaf_count=12658 4581 711 139215 100829 596 56707 92169 8781 27484 70478 2095 205467 886 134784 8112 11092 2904 3318 5783 5231 104987 12033 6981 29310 501 556 63183 2881 31837 36019 86982 1307 546 24033 7050 10225 12136 100537 5922 14743 808 15736 4860 923 15906 899 1432 782 7535 151619 472067 10459 689 33198 939 909 834 1042 105269 70542 40260 2572 3806 12331 1589 49085 1454 16595 36546 6031 6893 1255 8920 4412 64000 3718 942 1291 2328 668 2097 3133 643 2143 2712 2325 22812 997 2630 33766 71018 48617 15079 43877 515 4304 955 1077 1118 3350 135992 2257 819 667 580 25903 31686 2147 641 564 3265 4310 1112 1853 1719 7992 3298 64260 1312 54179 4516 565 12964 146537 793 2139
internal_value=0 0.000705745 -0.000167553 -0.00325055 0.00253789 -0.00348339 -0.00458004 -0.0089538 -0.00956744 0.00371453 0.0128211 0.00271436 0.00543519 0.000240274 0.0016209 0.000654976 -0.00274204 -0.0127671 0.000351312 -0.00047339 0.00177388 -0.00109778 -0.0124217 0.00123881 0.00578397 0.000452396 -0.00227248 3.34899e-05 -0.00243375 -0.00107009 -0.00272283 -0.000715265 0.00537052 0.00869062 -0.00837244 -0.0048791 -0.00824783 -0.00460835 0.00699766 0.0057444 0.015351 -0.00356118 -0.00167708 0.00495601 0.000165498 0.018066 -0.0148486 -0.0254488 -0.000938679 -0.00132814 -0.000657021 0.00734212 -0.00262492 0.00171443 0.0180852 -0.000408537 0.00940554 0.000854396 -9.82224e-05 0.00299654 0.00190877 0.00737093 -0.00190204 0.014232 0.0235842 0.00664783 0.0106403 -0.00418434 0.0106966 0.0183106 0.0115811 0.00781669 0.00369387 0.00301596 -0.00326666 0.00436883 -0.00286285 0.0073664 0.0275932 0.0062705 -0.0107797 0.0122918 0.0157456 0.00710477 0.0126753 -0.0316967 -0.000949482 0.0107454 0.0183116 0.00196947 -0.000661837 0.00332604 -0.009974 0.00514805 -0.0153179 -0.00140781 -0.0152888 0.027634 0.0100262 0.00635226 -0.00420045 -0.0186001 -0.0366042 -0.0211217 -0.0380486 0.00276656 0.00479067 0.00869209 0.0312509 -0.00710852 -0.0094192 -0.0172526 0.0302439 -0.0295298 0.0350481 -0.00483381 -0.00183828 -0.00340459 -0.00223557 -0.00626686 0.00109143 -0.0257533 -0.00310025 0.00486974 -0.0176873 -0.0153905
internal_weight=0 686151 464666 157000 221485 154758 39313.5 16324.1 16146.8 143997 2242.13 110373 38809.8 425353 144946 111425 133919 3995.41 77487.8 280407 60969.7 219437 3040.44 71563.3 14999.9 7695.13 34528.2 56563.3 129924 79850.8 55809.5 63392.3 8651.36 7431.13 5032.41 4312.96 20838.1 50073.2 33624.1 29237.6 4386.51 7897.71 54740.9 6844.29 5012.62 1831.66 1220.23 863.39 216397 196909 159054 5610.17 47896.6 12758.1 1464.55 11293.5 3025.34 51530.9 34163 19487.7 16476.2 6452.95 2744.15 3708.8 1607.65 34465.1 12524.4 4344.69 12761.3 4000.13 2497.33 2296.2 6990.33 3967.81 31759.4 21940.7 4447.2 1797 1101.34 2798.82 730.452 2068.37 1901.91 1313.79 1776.69 704.81 153444 1230.36 981.457 76896.7 26158.3 50738.4 17814.3 14095.6 8249.05 1200.61 386.378 578.783 3618.12 3061.74 35138.5 1249.42 686.413 514.79 348.961 24041.4 17584.4 9689.09 695.982 3523.5 3288.82 1884.41 556.378 1283.48 588.119 2711.94 4783.8 35556 29866.7 13835.4 1404.41 280.755 3372.2 38603.2 7048.44 727.841
internal_count=3382032 2751189 1861958 630843 889231 621839 157617 65448 64737 578285 9004 443199 156378 1704341 581109 446325 537917 16067 310946 1123232 244202 879030 12212 286821 60156 30846 138275 226665 521850 320484 224088 254411 34715 29816 20156 17275 83922 201366 135086 117471 17615 31641 219696 27475 20127 7348 4899 3467 866818 788741 637122 22492 192221 51217 5873 45344 12146 206509 137106 78077 66182 25922 11019 14903 6449 138897 50539 17481 51289 16064 10033 9225 28020 15905 127183 88358 17880 7213 4423 11237 2931 8306 7638 5276 7124 2826 614630 4934 3937 308050 104784 203266 71786 56535 33096 4819 1551 2332 14500 12270 141004 5012 2755 2066 1399 96396 70493 38807 2788 14162 13220 7575 2230 5171 2362 10896 19204 142563 119751 55491 5645 1129 13520 154649 28277 2921
is_linear=0
shrinkage=0.1


Tree=18
num_leaves=127
num_cat=0
split_feature=32 16 10 9 40 0 11 30 9 0 16 44 10 38 13 44 35 38 37 38 25 40 13 34 39 32 25 37 37 38 37 43 43 39 38 40 14 31 37 21 23 37 37 30 43 30 40 43 13 37 10 37 44 45 0 43 11 9 0 31 45 38 39 40 39 24 29 21 25 23 14 9 12 39 23 4 22 4 34 38 32 34 12 44 37 43 37 23 25 45 44 43 26 29 16 12 37 9 38 34 11 43 38 11 13 4 37 44 38 28 45 43 31 43 44 37 34 22 23 4 27 38 43 11 44 20
split_gain=166.447 89.9629 57.6129 48.2281 48.7415 47.7576 45.1148 43.7355 44.3744 150.612 73.208 44.0015 41.8452 40.3443 38.5346 38.1068 37.0799 36.6675 55.7361 36.0524 35.3452 33.618 34.693 33.4789 33.4628 40.2878 38.6384 32.9222 33.4583 32.5541 46.5019 39.751 32.1126 31.284 30.7317 30.5567 30.8679 30.0466 30.2197 29.6147 29.383 29.3341 49.0408 32.1288 31.9381 37.2404 29.1679 29.6399 28.789 29.5719 27.4441 27.4313 27.059 47.3566 42.2693 42.1435 27.5315 26.9472 26.8769 26.7147 28.1888 26.6983 32.1822 34.1606 29.9209 26.666 26.5865 32.1193 26.0155 26.0083 25.8275 26.9853 37.2563 29.6613 25.7096 35.9364 28.0874 29.5671 27.9251 26.4907 25.5942 29.9531 26.8175 28.6452 25.5919 37.1178 25.5267 26.5495 25.2505 25.1635 25.0403 24.9018 24.8948 24.6763 24.5868 24.4658 30.4931 25.1045 24.2978 24.2678 24.2073 24.2056 29.8357 24.1722 24.0609 23.9114 25.1441 41.5547 23.8366 23.817 41.061 46.3498 37.3704 30.9877 32.8959 26.4912 26.2042 23.5368 23.8217 23.5325 25.3919 23.4571 23.4172 28.0172 23.3853 23.3381
threshold=0.00039270440174732363 0.00017638499411987143 40.575403213500984 7.7708202297799303e-05 1.5000000000000002 -7.884762908361152e-06 -0.0016178652876988051 -0.00085917802061885584 0.0001180348153866362 7.4054880769836026e-06 8.3498125604819523e-06 0.65999999642372142 63.87395095825196 13.500000000000002 5.7911129260901368e-05 0.054999999701976783 6.1744998674839749e-05 22.500000000000004 7.8999998569488534 16.500000000000004 0.052411336451768882 2.5000000000000004 -7.3215105658164234e-05 1.0658611655235293 3.5000000000000004 0.0010984361288137736 0.026675688102841381 7.8999998569488534 7.7333333492279062 1.5000000000000002 5.2666666507720956 0.11499999836087228 -0.47499999403953547 5.5000000000000009 17.500000000000004 1.5000000000000002 0.014317324385046961 -0.00085210628458298732 6.7999999523162851 -0.14354107528924939 -0.0043637177441269151 0.10000000149011613 0.49999998509883886 -0.0011651496170088647 0.73000001907348644 -0.011216801125556229 1.5000000000000002 -0.1950000002980232 0.00010235478112008424 2.5666666030883794 56.281608581542976 3.7666666507720952 -0.33500000834465021 17.500000000000004 0.00011276422083028594 0.57499998807907116 0.0010808810475282373 5.0020740673062398e-05 7.4054880769836026e-06 0.0025179527001455431 67.500000000000014 6.5000000000000009 1.0000000180025095e-35 2.5000000000000004 5.5000000000000009 0.0085653965361416357 0.0027095346013084058 -0.38882513344287867 0.0081614744849503058 -0.0019742378499358888 0.014761135913431646 0.0011095193331129851 0.00036077697586733853 5.5000000000000009 0.0011177497217431667 0.018482225015759472 59.294109344482429 -0.0078387656249105913 -0.7280287742614745 12.500000000000002 -0.00095193673041649152 -0.70343244075775135 -0.00016854546993272376 -0.5349999964237212 0.33333332836627966 -0.60500001907348622 7.7333333492279062 -0.00065547160920687009 0.052411336451768882 27.500000000000004 -0.03499999921768903 -0.35500000417232508 0.92076763510704052 -0.0026346900267526503 0.0010395406279712918 -0.0028218039078637953 1.1000000238418581 0.0043810387142002591 8.5000000000000018 3.8023322820663457 0.0012916526757180693 -0.92000001668930043 17.500000000000004 0.00090234764502383779 -0.00068335304968059052 0.017921403050422672 6.866666555404664 -0.44499999284744257 13.500000000000002 0.0033587113721296196 33.500000000000007 -0.37499999999999994 0.0069678304716944703 -0.4549999982118606 0.33500000834465032 4.5000000000000009 2.0630794763565068 61.575086593627937 0.00068904017098248016 0.0035848171683028345 0.002759086550213397 4.5000000000000009 -0.60500001907348622 -0.00037491563125513489 0.38499999046325689 0.00021950121299596506
decision_type=2 2 2 2 2 2 2 2 2 2 2 2 2 2 2 2 2 2 2 2 2 2 2 2 2 2 2 2 2 2 2 2 2 2 2 2 2 2 2 2 2 2 2 2 2 2 2 2 2 2 2 2 2 2 2 2 2 2 2 2 2 2 2 2 2 2 2 2 2 2 2 2 2 2 2 2 2 2 2 2 2 2 2 2 2 2 2 2 2 2 2 2 2 2 2 2 2 2 2 2 2 2 2 2 2 2 2 2 2 2 2 2 2 2 2 2 2 2 2 2 2 2 2 2 2 2
left_child=2 12 3 5 33 90 16 11 9 10 -9 21 14 27 66 24 -6 37 20 -17 32 22 40 -18 101 103 -27 28 74 -8 31 -31 50 95 51 36 69 104 -39 -24 -4 43 -43 -3 52 -46 -20 -48 49 -47 -19 68 53 -44 55 -55 -57 -11 -7 60 -30 62 -32 64 122 119 124 -68 -33 -14 71 72 73 86 76 79 77 -10 89 -76 81 -42 -83 -84 85 -37 -54 -88 -38 -78 -1 -63 -50 -75 -25 96 -5 -98 -86 -79 -23 102 -16 -26 -15 106 -106 -108 125 110 111 -97 -112 -111 116 -114 -115 118 -29 -65 -121 -102 -64 -124 -2 -71
right_child=1 41 7 4 6 58 29 8 13 57 -12 -13 35 17 15 19 23 18 46 -21 -22 100 39 94 25 26 -28 117 59 30 61 34 -34 -35 -36 84 88 38 -40 -41 80 42 44 -45 45 48 47 -49 92 -51 -52 -53 70 54 -56 56 -58 -59 -60 -61 -62 91 63 65 -66 -67 67 -69 -70 108 -72 -73 -74 93 75 -77 78 99 -80 -81 -82 82 83 -85 98 -87 87 -89 -90 -91 -92 -93 -94 -95 -96 109 97 -99 -100 -101 121 -103 -104 -105 105 -107 107 -109 -110 113 112 -113 115 114 -116 -117 -118 -119 -120 120 -122 -123 123 -125 -126 -127
leaf_value=-0.04850377917558879 -0.0046121321035379149 0.036246986017004351 0.036299521402637723 -0.031727531683368504 -0.00028927787835052719 -0.0067141200984419782 -0.0085705727897873191 0.0064465073275220205 -0.013126819490908957 0.056068053342925653 -0.020998847736758405 0.025960273853942839 -0.032806998237478603 0.026964322498512612 0.0060834946436782488 0.00041441423159968831 0.0052346424639095031 0.01525962916006542 -0.011883119367275943 0.0079670684019338411 0.02481432614019052 -0.0012067643738231486 0.0059711916683389456 0.0090292262998207164 0.00097336733265707099 -0.012452041300238526 -0.0010378740838905074 0.020290391440078329 0.0041767030596986422 0.0062866477600004942 0.011603268360011472 -0.024193825997609657 -0.0071676021181515592 0.010277099838985532 -0.010930092462443858 -0.055833501722751526 0.0077001137936797623 0.0021888746884219145 0.0087776134737084215 0.0016131280061464635 0.010899773274774757 -0.0076051225508369028 0.04676135707046649 0.0050884483781775862 -0.051529865754193785 -0.017904830330482381 -0.074601919250953608 -0.021625438748948397 0.014163779687429247 -0.0027192030599427863 -0.012671561666164163 0.0099031701189808974 -0.0027111490397414336 0.0047454146271225716 -0.0083832601550920382 0.037016317198693333 -0.003744070080180171 0.025271577624268821 0.036219633570699787 -0.033568526885691403 -0.037326865519429035 0.0046664587737302822 -0.047883430226343102 -0.005794778741337334 0.0082429108278992639 -0.046650447457193489 0.0040274718142572098 -0.0031876929547329362 -0.00034239475999251731 0.0034721407290141076 0.007256225698795974 -0.0018533567747682799 0.0050299087313958567 -0.0059053570338901398 0.0064117354628642478 -0.0036894388742505441 -0.034333174437673843 -0.0010347478690018355 -0.0043177136153007053 -0.012432500023541702 0.0035219806338989885 -0.0027884984569643348 -0.051769272123385529 -0.012847777637838601 0.001325093800219561 -0.0092708477880495115 -0.02049373687787371 0.024790504852044905 -0.017107299823623343 -0.0097835536210471759 -0.0064716575039555045 -0.0047179718605154762 -0.029751328925743916 0.011112111029370262 0.025277351192341008 0.019458049722207507 -0.0054891522757000797 0.02327465435433354 -0.0041058180029206314 -0.030244278511614833 0.045493824823468726 -0.00015420908849837097 0.050272766504159155 0.0372729748153698 0.00042868770461477687 -0.016934528395350149 0.025568760049162722 -0.014654480733765666 -0.0040260662625856295 0.015389296037818842 -0.00055542618811851017 0.0042082852337493723 0.017953734415759866 0.0056121834292898985 0.019479729266393901 0.00073039725592662075 -0.0067055204869915343 0.057518599913195294 -0.022416227270763204 0.0032856803911122641 0.059247663882504936 0.0067970255274159789 -0.015197885161593781 -0.053965987015608945 0.0024304991633905945 -0.0104050344595829
leaf_weight=430.07301913201809 65079.195015609264 464.39056624472141 200.88257768750191 373.21458201110363 7973.9185232669115 1418.9693338274956 4397.2258154004812 3023.3405722826719 2103.5489410758018 341.03493849933147 1432.3485258966684 776.5829115062952 402.74935092031956 298.77320124208927 585.58634671568871 20993.578436031938 9868.1231840103865 1345.9140436202288 517.70289178192616 9042.6130921542645 460.24165783822536 29898.272737190127 37012.656773865223 2075.9976082444191 4760.4802101105452 8066.6817919611931 4690.0183804184198 598.37913098931313 674.39174115657806 15640.047602400184 573.62522695958614 494.06215752661228 6106.1504603773355 9793.3427231758833 2626.4307716339827 197.65942266583443 2329.9370568394661 47907.706980153918 8144.6896840035915 26943.345090895891 932.64157317578793 7070.2435282319784 264.79241394996643 1151.5404571443796 169.54205510020256 1772.1929266303778 204.80368131399155 218.05764989554882 1170.7892871648073 4639.6438154727221 476.25794005393982 2658.7143617272377 22119.966994553804 16353.990971550345 2353.9683367162943 676.01170878112316 219.52361449599266 1702.6843038201332 162.50628747045994 573.4642491042614 216.07984906435013 4416.3001810759306 396.35072183609009 1067.6071098595858 289.89227861166 124.89649802446365 10167.435291603208 15692.245918780565 6146.1355351954699 1298.3208240866661 5583.6913888156414 35587.733430862427 20319.031525835395 1141.3728805929422 11299.222893416882 7372.6744921654463 579.97869537770748 87428.432915300131 15987.892573609948 798.73055481910706 4712.1176991909742 3807.7828195691109 204.00657242536545 2586.3775569945574 13197.609783798456 1278.978952139616 162.78278158605099 632.60561355948448 498.00503642857075 1490.5994025021791 211.40612953901291 7860.0315621197224 145.08260776102543 3362.0594015866518 1689.0253682881594 2775.5858839154243 1886.0571546256542 361.60592846572399 21921.532469406724 285.36207437515259 201.11671803891659 23760.39843057096 206.73436850309372 190.80034558475018 18081.892762318254 972.32033503055573 289.36353114247322 2285.2823288440704 13592.041444912553 3760.717123478651 22824.525122866035 7069.3835683017969 2029.6045835018158 16835.98966152966 1555.9792414605618 1594.7056615501642 1924.4952586442232 126.58151277899742 167.08175453543663 216.93629774451256 129.46667169034481 708.46342217922211 1328.5890856981277 216.83683788776398 5083.1669115871191 18205.003068372607
leaf_count=1741 261065 1863 806 1506 32135 5703 17666 12130 8422 1378 5746 3118 1621 1196 2347 84129 39832 5389 2088 36225 1843 119848 148455 8375 19082 32351 18805 2396 2700 62971 2304 1986 24452 39576 10548 799 9400 191821 32608 108057 3741 28351 1061 4623 680 7099 827 877 4689 18580 1909 10680 88560 65520 9430 2707 880 6830 654 2296 865 17767 1589 4291 1169 501 40717 62845 24681 5207 22382 142547 81380 4571 45247 29535 2325 350057 64065 3198 18884 15279 818 10364 53104 5154 652 2533 2014 5973 849 31556 583 13475 6866 11174 7601 1466 88286 1143 806 95221 828 766 72404 3894 1159 9148 54729 15263 91590 28369 8146 67754 6274 6400 7754 507 669 869 520 2839 5329 868 20377 73407
internal_value=0 -0.00151644 0.00131764 0.00297875 0.003206 -0.0116375 0.0013258 0.000590054 -0.000208325 0.00793349 -0.00237622 0.00224258 -0.00264569 -0.000452169 -0.0017788 -3.50541e-05 0.0051274 0.00120969 -0.00471522 0.0026882 -0.00212702 0.00207077 0.00319527 0.00829558 -0.00197057 -0.005284 -0.00825561 -0.00157085 -0.00170343 -0.000364934 0.000451662 0.0029707 -0.00369097 0.00501915 -0.00137816 -0.00464663 -0.00670125 0.00191852 0.00314625 0.00413523 -0.00163575 0.000656659 0.000481855 0.0140429 0.000971908 -0.00516851 -0.0277985 -0.0472834 -0.00415137 -0.00691642 0.0079593 0.00131973 0.0014177 0.00475412 0.00418671 0.00590208 0.0270247 0.0304106 -0.00230241 -0.0167352 -0.00589446 -0.00372619 -0.0104637 -0.0138208 -0.0217248 -0.00235859 -0.00309171 -0.000350855 -0.00211705 -0.00754822 0.000672124 0.00023092 0.00178471 -0.00062018 -0.00153063 0.00181383 -0.00213428 -0.00141075 -0.00573288 0.0051676 -0.00225819 -0.00587492 -0.008246 -0.0156934 -0.00260716 -0.0155036 -0.00207825 0.0155227 0.00333149 -0.01666 -0.0346517 -0.00134201 0.00932188 0.00679912 0.0163183 0.0042017 -0.00525693 -0.000861607 -0.00206491 -0.00112978 -0.000717842 0.000419157 0.0176135 0.00237219 -0.00121988 -0.0016092 -0.000887829 -0.0101338 -0.00724084 0.00461233 0.00299456 0.00850764 0.000942439 0.00705094 0.00550745 0.0103754 0.0043486 0.017574 0.0109686 0.00155362 0.0242012 0.0153533 -0.0261988 -0.0206374 -0.0041019 -0.00948124
internal_weight=0 366602 476694 145198 142975 2222.95 70190.2 331495 223511 6499.41 4455.69 107984 241241 217012 168319 72296.9 21607.1 87309.2 9329.13 30036.2 8388.56 107208 76399.8 13633.1 42260.7 17708 12756.7 129702 128810 48583.1 44185.9 27565.4 7928.32 72785.2 11925.3 72921.8 36326.1 77980 56052.4 63956 12443.8 125361 123745 1615.93 116675 7897.25 940.564 422.861 7727.71 6411.84 1822.17 9298.91 108778 19868.3 19603.5 17249.5 895.535 2043.72 1581.48 1463.94 890.472 16620.5 4344.2 3770.58 2231.67 1538.91 96022 25859.7 6640.2 33498.1 88909.2 83325.6 47737.8 27418.8 127346 19470.6 107876 89817.3 18058.5 12098 12242.9 7530.81 6598.17 2790.38 36595.8 1476.64 22915.4 795.388 2827.94 2070.58 641.479 12276.3 1315.87 4503.43 3765.02 62991.9 2620.88 2247.66 35119.1 87713.8 30807.9 24552.7 792.321 4951.28 21927.6 21628.9 20656.5 2574.65 33095.4 60371 36293.8 9844.97 26448.8 24077.2 20316.5 3624.31 18760.5 892.042 765.461 1414.01 346.403 909.58 1941.78 1545.43 70162.4 19503.3
internal_count=3383080 1470645 1912435 584323 575376 8947 282503 1328112 895097 26084 17876 433015 968479 869013 674758 289754 87208 349615 37385 120354 33593 429897 306404 55073 169400 71004 51156 519398 515826 195295 177629 110866 31750 292873 47895 293721 146378 312230 224429 256512 49892 502166 495680 6486 467329 31631 3792 1704 30951 25679 7298 37347 435698 79598 78537 69107 3587 8208 6357 5861 3565 66763 17440 15136 8955 6181 385004 103562 26667 134964 356100 333718 191171 109791 509965 77980 431985 359622 72363 48445 49086 30202 26461 11182 147343 5953 91745 3185 11414 8298 2590 49323 5272 18046 15241 253297 10573 9067 141390 351200 123493 98396 3175 19848 87801 86605 82711 10307 133343 242724 145679 39543 106136 97045 81782 14546 75508 3572 3065 5680 1389 3645 7786 6197 281442 78614
is_linear=0
shrinkage=0.1


Tree=19
num_leaves=127
num_cat=0
split_feature=32 3 29 16 27 1 38 44 38 38 42 46 22 38 39 34 23 40 4 21 22 46 34 34 46 32 44 34 32 21 22 5 9 39 40 32 35 9 7 44 5 38 13 44 30 13 23 30 42 44 29 38 40 42 39 28 42 38 38 42 16 42 35 20 35 36 5 19 16 42 25 4 24 2 36 23 39 46 44 44 46 46 11 28 35 38 2 9 39 46 38 8 36 46 34 34 46 35 38 42 13 22 4 11 15 23 46 44 22 39 30 38 25 25 29 42 44 44 46 44 36 7 15 8 32 23
split_gain=144.71 72.8719 51.2632 50.2138 47.5418 41.5912 41.2748 47.1633 40.1107 39.5051 35.1459 44.0608 30.9032 30.4509 30.2661 31.4406 30.5452 41.1366 46.4786 41.0703 38.564 30.1808 30.1601 33.5576 29.6875 29.582 28.8592 37.8586 30.4205 28.1505 28.0954 28.0656 27.7314 46.872 33.437 33.05 30.5314 35.5602 29.2498 27.7079 27.6132 50.7637 38.1218 35.0703 35.5241 38.2446 34.0461 32.2621 29.8812 28.2939 27.034 26.5691 56.002 47.6668 44.1699 28.3363 26.4825 30.4681 27.8286 25.9153 33.8083 25.8734 26.6589 25.828 25.7109 25.6785 26.7715 37.8192 26.2355 36.5758 26.3421 25.5973 26.2343 25.5753 25.5079 25.288 26.4659 53.7695 51.5069 64.262 37.4817 42.234 27.4248 25.5007 33.6302 25.2826 29.5298 25.2338 25.1932 31.8916 37.2372 36.3911 36.7469 25.1783 26.4046 25.0807 24.8054 24.6099 24.5707 60.7054 42.1254 24.9869 25.5316 26.2491 24.4636 24.237 24.1221 23.9152 23.9057 23.8727 27.3044 23.7738 23.6543 24.2409 33.6204 23.6309 23.5498 23.3096 30.2023 28.0597 28.6455 33.2974 24.3754 23.1323 23.0851 26.7303
threshold=-6.3769206462893621e-05 0.0048858390655368575 0.0085582062602043169 0.00070993552799336623 0.0021378970704972748 0.0021522956667467956 16.500000000000004 0.37500000000000006 11.500000000000002 13.500000000000002 -1.0000000180025095e-35 6.5000000000000009 36.734672546386726 20.500000000000004 1.0000000180025095e-35 3.1738948822021489 0.0023828222183510665 1.5000000000000002 0.0065182195976376542 0.51344484090805065 45.945549011230476 14.500000000000002 6.1065342426300058 0.43463282287120825 -40.999999999999993 0.0035457768244668846 -0.34499999880790705 -0.53771737217903126 0.0042559280991554269 -0.44675232470035547 44.308126449584968 0.057327773422002799 0.0012530704261735084 5.5000000000000009 1.5000000000000002 -0.0037214308977127071 6.1744998674839749e-05 0.0033166746143251662 0.00089634465985000144 -0.73500001430511464 0.0061941470485180625 5.5000000000000009 -0.00064490234944969405 -1.0000000180025095e-35 0.0002859356463886798 9.9770517408614992e-05 -0.0021274789469316597 -0.0007601623365189879 1.0049999952316286 -0.60500001907348622 0.02062781993299723 9.5000000000000018 2.5000000000000004 0.12999999709427359 1.0000000180025095e-35 0.0052129761315882215 0.49500000476837164 13.500000000000002 19.500000000000004 0.75499999523162853 3.9731654396746314e-05 -0.4849999994039535 -3.2884998290683136e-05 7.6081887527834638e-05 2.6349999870944889e-06 8.7694999820087119e-05 -0.0076779366936534634 -0.00025546456163283432 7.2367311076959609e-05 0.50499999523162853 0.042636945843696601 0.0030698301270604138 0.0040894539561122665 -0.016946030780673024 0.00040852998790796852 0.00053120817756280314 4.5000000000000009 -16.499999999999996 0.10500000044703485 -0.11499999836087225 -19.499999999999996 13.500000000000002 -0.00010094785830006002 0.0010253849904984238 0.00015217500185826796 16.500000000000004 0.0062130806036293515 0.003042869502678514 1.0000000180025095e-35 7.5000000000000009 19.500000000000004 0.00032483608811162418 3.1999999919207773e-05 -2.4999999999999996 -0.79453414678573597 0.36753509938716894 -13.499999999999998 1.2414999673637796e-05 19.500000000000004 0.24499999731779101 2.4005436898733027e-05 52.127664566040046 0.0023188160266727213 0.00010132203533430585 0.42412626743316656 -0.00057411228772252787 -28.499999999999996 0.14500000327825549 38.291339874267585 1.5000000000000002 0.001332660671323538 4.5000000000000009 0.020144728943705562 0.013543309178203346 0.0094233262352645415 1.7450000047683718 0.024999999441206459 0.38499999046325689 -17.499999999999996 0.30500000715255743 2.4250000478787119e-06 0.000944981846259907 0.14606469124555591 0.00071442482294514786 -0.0016439900500699876 0.00046286890574265277
decision_type=2 2 2 2 2 2 2 2 2 2 2 2 2 2 2 2 2 2 2 2 2 2 2 2 2 2 2 2 2 2 2 2 2 2 2 2 2 2 2 2 2 2 2 2 2 2 2 2 2 2 2 2 2 2 2 2 2 2 2 2 2 2 2 2 2 2 2 2 2 2 2 2 2 2 2 2 2 2 2 2 2 2 2 2 2 2 2 2 2 2 2 2 2 2 2 2 2 2 2 2 2 2 2 2 2 2 2 2 2 2 2 2 2 2 2 2 2 2 2 2 2 2 2 2 2 2
left_child=4 2 6 14 40 10 7 8 12 39 61 32 -2 65 26 16 17 18 -16 109 -18 30 23 -13 -15 -14 27 -3 -29 -4 97 59 33 34 56 36 -34 -38 -37 -10 43 47 -43 44 88 -46 87 48 -42 -49 85 52 53 -36 -55 -56 57 -12 -59 71 -61 -6 106 -32 -9 66 67 -8 -68 70 -70 -26 -73 -31 96 76 78 -78 79 -41 -80 -82 -81 84 -79 116 117 -44 89 90 91 92 111 -51 -95 -39 -67 107 -48 100 123 -101 103 105 -99 -103 -63 -11 -28 110 -20 -1 113 114 -108 -75 -45 119 -119 124 121 122 -121 -100 -87 -126
right_child=1 3 29 -5 5 -7 13 64 9 21 11 22 25 24 15 -17 20 -19 19 -21 -22 -23 -24 -25 31 -27 108 28 -30 73 63 -33 35 -35 51 38 37 95 -40 75 41 42 46 50 45 -47 98 49 -50 93 -52 -53 -54 54 55 -57 -58 58 -60 60 -62 62 -64 -65 -66 74 68 -69 69 -71 -72 72 -74 115 -76 -77 77 83 80 82 81 -83 -84 -85 -86 86 -88 -89 -90 -91 -92 -93 -94 94 -96 -97 -98 104 99 101 -102 102 -104 -105 -106 -107 112 -109 -110 -111 -112 -113 -114 -115 -116 -117 -118 118 -120 120 -122 -123 -124 -125 125 -127
leaf_value=-0.0075941714438311995 0.010754809106901075 0.0041967708070210774 0.006987466381095527 0.0021851468265905302 0.0036532543662312978 -0.0031072916387543423 -0.0071506863266807223 -0.004564872440242603 0.038363425777006466 -0.0042101309844923447 0.0091955248420334743 0.0060968399440911392 -0.0020407985374356059 -0.044883400884314424 -0.010503830739930659 0.0049418972097809285 0.0270514225767183 -0.0014738290318868023 0.03352589168977093 0.0052953440968873016 -0.011335338276960115 0.010072105709712001 -0.033134633502762273 0.01503508378270086 0.0018571706496490596 0.0030322237896905878 0.032242127330228507 -0.016480290439366933 -0.044746721859205738 0.032406421079699321 0.0033565539460054441 0.011567107886412142 -0.00069224649871389395 0.014797581335519861 0.00076914220497030668 -0.014331324599993291 0.0047260691763206545 -0.0013899711559713338 -0.00067795409119218459 -0.014690859297454065 -0.0001623094532669863 0.01508747161212683 0.01937122587072369 0.0089430932056799532 -0.00082934240226544996 -0.00921829746539953 0.00097493680668052536 0.013161500018304628 0.022638367641274373 -0.01153020620514955 -0.0070275037783403844 0.0047152588533833908 0.0059462533380840498 0.02345831077739402 -0.032111672826569265 -0.010427676467439216 0.013703403971180665 -0.0076544770610993866 0.0080290690138498655 -0.016888833544024363 0.00047891973683625744 0.04534131702411142 -0.0042973765545261233 -0.0039950887192663044 0.0057476411676965645 0.034684232469872761 -0.0020778471325189245 0.0094753773173329118 -0.00025746764164671525 0.015014702193077753 0.019420141012051396 -0.009221646078222628 0.000410441413149872 0.00076526738492710812 -0.032154861273037023 -0.015379469408144024 0.042077950640871456 -0.0094215883141072106 -0.066454948141325784 0.016690099656092926 -0.013472790033556595 -0.0521131735119068 -0.0013628779000398753 0.0097386418701127919 0.026581781972898608 0.011223344622052437 -0.023751634253278951 -0.020406181293630178 0.0005504026532343933 0.019607586400825789 -0.014363259997803877 0.001278821548902429 0.049671902996484309 0.0058223025657830703 -0.0060923494325129625 0.0262140827024996 0.0090548456655583504 0.00036311353555746597 -0.019265363564141654 0.014141823655751021 -0.00090268090380599966 0.020967780102166801 0.0044548309848714759 -0.048180155321731935 -0.019418882682671376 -0.018094505365747991 -0.020840485733672965 0.036596202324379948 -0.0074820676564175837 -0.0082559505789191693 -0.00076881448905288677 0.019116037310759112 -0.0040412324858933044 0.031849449659072826 0.040836742210524669 0.025631081553519355 0.0014850861649320676 -0.026442878512948298 0.017345815703381118 -0.024921877391699043 -0.02217454324300068 -0.032465070209211515 0.015311048943799489 -0.0071764930969603962 0.0071289759345586155 -0.0034076245133193039
leaf_weight=455.92380076646805 2071.2206935882568 501.46742781996727 10421.827177584171 13456.143009185791 12426.801997303963 10616.67464646697 1661.1593884974718 3047.8114942610264 128.87645474076271 662.37953431904316 6258.8322282731533 13347.643313467503 120030.13121205568 155.73511582612991 14051.153733476996 4007.2350338697433 270.96704703569412 41864.108228892088 272.45645889639854 4659.5612132847309 7659.7452949732542 1870.7773887068033 172.12392717599869 6129.1273925900459 16649.453874945641 12711.969831749797 154.2346582710743 998.32746385037899 615.45582088828087 260.77803306281567 7020.7631263285875 1658.1411492824554 9384.6724818497896 4449.5270138978958 2213.6017723679543 1774.4732055068016 12130.124398380518 430.86317607760429 13555.359531462193 3830.0665403157473 4708.6655241549015 1782.7422973066568 1399.1776154488325 4595.6048055589199 24310.41836103797 6999.0238709151745 59967.536978885531 743.24597035348415 654.70053353905678 7151.4626728445292 2682.6654087454081 9119.6129391342402 3907.8757665604353 224.1641717851162 1419.2824755907059 1047.3851094841957 4531.7014946788549 2855.1030581742525 1873.9298604130745 2409.3979420214891 2095.7198646366596 155.44722966849804 12823.651166304946 14965.20535826683 11692.407900586724 425.87624818086624 17319.416489169002 7756.4827711433172 8913.7938295453787 2410.7156238108873 736.52022223174572 5541.7750653624535 5773.6639599353075 41732.565158292651 135.81713703274727 3950.5052724331617 278.40190480649471 3695.2855899482965 160.31318399310112 1075.6481158733368 3113.7507862001657 311.12960860133171 3865.4230533540249 1200.1720942109823 279.03456121683121 6520.0215425044298 328.89072857797146 179.9981292039156 39823.504213660955 1527.8154996335506 985.04860715568066 4195.9774638563395 304.2724187374115 2197.0005175322294 12126.656820476055 1394.3041874319315 3333.6444302797318 834.04346852004528 3068.0205607265234 1929.6391570419073 5228.6220426857471 230.92843796312809 3410.1581841856241 183.2120722681284 2495.918218895793 508.84456270933151 276.06508874893188 183.38365215063095 8520.3060626238585 8481.7808645069599 1569.5032515972853 1238.2665845304728 1301.9079569131136 496.36614789068699 129.99739679694176 385.71779860556126 53794.919354811311 167.18012504279613 2723.8726338297129 177.13272200524807 703.27607427537441 227.89536760747433 1004.8443865031004 3269.9259679168463 7425.099368751049 3563.0939771831036
leaf_count=1832 8303 2019 41756 53908 49921 42592 6654 12213 517 2655 25200 53808 481249 624 56484 16089 1089 168291 1096 18795 30824 7499 697 24760 66713 50992 619 4020 2483 1050 28114 6645 37798 18036 8891 7159 48912 1739 54525 15363 18872 7144 5607 18407 97381 28042 240179 2978 2630 28652 10745 36708 15718 906 5698 4223 18320 11486 7536 9670 8398 623 51460 60056 46858 1706 69425 31073 35694 9659 2948 22240 23139 167237 544 15849 1117 14838 642 4306 12477 1246 15497 4808 1120 26130 1318 721 159753 6126 3953 16827 1222 8800 48575 5650 13357 3341 12289 7738 20942 925 13658 734 10001 2039 1109 735 34280 34161 6311 4975 5221 1991 522 1547 215536 670 10920 711 2821 913 4027 13092 29764 14269
internal_value=0 -0.00126081 -0.000523816 -0.00352689 0.00136074 0.00289952 -0.00106913 -0.00182818 -0.00226253 -0.00468401 0.00341452 0.00431698 -0.00136586 0.000897827 -0.00434784 -0.00369894 -0.00413819 -0.00347983 -0.00637224 -0.00249768 -0.0100238 -0.00219823 0.0085413 0.00890961 -0.00132167 -0.00155498 -0.0093296 -0.0198028 -0.0272604 0.00233132 -0.00307566 -0.00112289 0.00323297 0.00515525 0.00387268 0.00134892 0.00371821 0.00668415 -0.00225837 -0.00786752 0.000601524 -0.000633797 0.000625777 0.00142183 -7.84746e-05 -0.00270464 0.000300975 -0.00434007 0.00262095 -0.00602042 0.0028493 0.000931429 -0.00298435 -0.0101003 -0.019042 -0.0229043 0.00727112 0.00461826 -0.0014397 -0.00177092 -0.00880959 0.000269516 -0.00249989 -0.00164749 0.00361534 0.00268014 0.00190305 0.00654274 0.000415834 0.00399671 0.00124434 -0.000637001 -0.00430691 0.00118629 0.0104201 -0.00814133 -0.00653574 -0.000732748 -0.00909662 -0.00496884 -0.0191952 -0.016983 0.00256717 -0.00303608 -0.00689381 0.00317548 0.00599619 0.0148373 0.00161578 0.00648839 0.00369658 0.00656848 0.0176747 -0.0066843 -0.00426485 0.0196977 0.0119581 -0.0105952 5.90671e-06 -0.00325335 -0.007547 0.0046765 0.000461388 -0.0142932 -0.0144642 -0.00590077 0.00726812 0.00463775 -0.00677577 -0.00601502 0.00430394 0.011928 0.00458325 0.0170255 -0.00109505 0.000992988 0.00207207 0.00643078 0.0148137 0.00519563 -0.00568948 0.00253364 0.00928169 -0.0130284 0.00650941 0.00371232
internal_weight=0 436335 329253 107082 406942 134447 276452 199475 184734 49921.1 123830 96219.7 134813 76977.3 93626.3 82836.5 78829.3 70898.6 29034.5 14983.3 7930.71 28032.5 19648.9 19476.8 34283.9 132742 10789.8 2115.25 1613.78 52800.9 26161.7 34128.2 76570.8 37901 33451.5 38669.8 23340 13955.3 15329.8 21888.6 272495 108741 81158.8 163755 79840.3 31309.4 79376.1 27581.7 5363.37 22218.4 83914.5 17931.9 8812.31 4904.43 2690.83 2466.67 15519.6 10987.9 4729.03 32470 4505.12 27610.2 15183.4 21986 14740.2 42693.4 38798.1 9417.64 29380.4 12061 9650.31 27964.9 11315.4 42379.1 3895.34 21759.7 17809.2 5452.89 12356.3 8771.14 3585.19 3424.88 4941.07 5174.49 3974.32 81231.8 22841.3 1579.18 48530.8 8707.3 7179.49 6194.44 1998.46 21475.1 14323.7 1825.17 3759.52 4175.72 77796.9 17829.4 11566.6 6262.78 4333.14 922.985 3329.96 739.773 2359.78 845.763 8674.54 10323.7 1841.96 1694.19 2204.34 902.429 406.062 42118.3 58390.5 22512.4 2891.05 19621.4 2113.15 1409.87 1181.98 6337.95 17508.2 10988.2
internal_count=3383470 1750344 1319875 430469 1633126 541209 1108285 799796 740725 200181 498617 387770 540544 308489 376561 333140 317051 285138 116847 60363 31913 112401 79265 78568 137429 532241 43421 8522 6503 211590 104902 136805 308505 152722 134686 155783 94099 56301 61684 87780 1091917 435575 325068 656342 320111 125423 317924 110507 21502 89005 336231 72144 35436 19718 10827 9921 62542 44222 19022 130160 18068 110847 60926 88170 59071 171060 155453 37727 117726 48301 38642 112092 45379 169834 15607 87263 71414 21883 49531 35166 14365 13723 19803 20766 15958 325486 91543 6328 194688 34935 28809 24856 8029 86027 57375 7389 15063 16732 311596 71417 46323 25094 17356 3698 13342 2964 9466 3390 34899 41568 7407 6807 8843 3622 1631 168784 233943 90225 11590 78635 8472 5651 4738 25381 70163 44033
is_linear=0
shrinkage=0.1


Tree=20
num_leaves=127
num_cat=0
split_feature=32 1 33 33 8 45 37 37 38 44 3 40 34 27 11 44 44 24 25 38 43 37 38 19 37 32 8 44 31 25 32 27 40 1 22 24 26 38 15 43 37 17 35 37 43 4 45 15 39 31 38 37 12 43 43 46 43 5 38 20 33 37 39 8 26 42 25 45 45 10 33 42 37 43 8 46 1 19 43 5 45 30 25 39 37 46 37 12 43 46 37 31 35 24 10 46 14 46 34 14 46 39 4 44 22 34 2 44 33 6 45 46 44 10 12 37 34 38 22 5 37 3 37 37 37 34
split_gain=121.492 59.5495 51.3844 45.3669 69.4383 52.5552 39.6835 40.7958 38.8307 38.0279 37.7046 35.4933 60.9758 48.4878 34.8497 34.2043 32.647 32.061 31.779 31.1833 46.8351 50.3332 38.8168 53.4133 35.7737 35.0887 34.8708 34.205 40.663 30.9899 30.8833 30.7095 35.5337 30.6785 30.4776 30.0292 29.4105 28.7569 31.0565 28.4839 28.2069 28.1005 27.8991 27.8096 27.7834 27.684 33.9167 27.345 27.2382 27.1436 26.8524 28.1729 26.7762 26.7328 26.6001 39.0054 26.5255 28.1001 26.9709 38.6989 26.4987 26.3023 30.6999 26.1486 26.008 29.2103 27.9625 25.9913 25.7704 42.424 40.7285 32.5129 37.9203 38.5004 28.7309 28.5019 27.7395 28.4243 25.7255 37.9476 25.5198 26.8422 27.2191 25.4663 24.9535 25.6815 29.785 28.3532 24.9081 24.8061 24.7617 24.6408 24.6098 24.5989 24.3418 24.0491 24.2557 23.9588 23.876 23.7513 23.6736 28.0005 23.1678 23.0872 22.5095 24.2569 22.6936 22.4473 22.4051 22.4013 22.3815 22.3162 22.0016 35.5767 21.9717 21.8551 21.8423 21.841 25.4913 25.3848 22.4241 21.8027 21.6277 31.5826 30.3861 35.9332
threshold=0.00039270440174732363 -0.00023198425333248449 -0.00059261504793539632 0.0035991290351375942 0.00047189228644128894 40.500000000000007 1.5333333015441897 1.166666626930237 16.500000000000004 -0.074999999254941926 -0.0004765537596540525 1.5000000000000002 3.8023322820663457 0.0058066966012120256 0.00033659095061011618 1.0000000180025095e-35 0.69500002264976513 0.0038757806178182368 0.010771050583571197 22.500000000000004 0.54500001668930065 7.8333332538604745 13.500000000000002 -0.00019712359789991749 6.366666555404664 -0.0019148873980157075 0.00089913641568273317 0.014999999664723875 -0.010958692058920859 0.002169957617297769 -0.002627375652082264 0.0017325334483757617 1.5000000000000002 0.00017582804139237854 29.525830268859867 0.014593234285712244 0.16794514656066897 1.5000000000000002 0.059787046164274223 0.33500000834465032 2.1666667461395268 -0.0025584090035408731 6.842999937362039e-05 0.13333333656191829 -0.75499999523162831 0.0094617330469191092 28.500000000000004 1.0000000180025095e-35 5.5000000000000009 0.000506077747559175 1.5000000000000002 0.29999999701976782 0.0021157786250114445 0.76499998569488536 -0.47499999403953547 7.5000000000000009 0.80500000715255748 0.015975219197571281 16.500000000000004 -0.0003288017760496586 0.0030319537036120896 1.8666666746139529 1.0000000180025095e-35 0.00050895218737423431 0.41998271644115454 1.0000000180025095e-35 0.015717549249529842 51.500000000000007 22.500000000000004 44.332126617431648 0.0011052791960537436 0.74500000476837169 0.733333319425583 -0.28499999642372126 0.00092570876586250972 -2.4999999999999996 -0.00013483477960107845 -0.00029016371991019691 -0.7849999964237212 0.0054136067628860482 18.500000000000004 -0.0074111935682594767 0.073946628719568266 1.5000000000000002 3.1333333253860478 -7.4999999999999991 2.9333333969116215 -0.0011538077378645537 0.33500000834465032 -26.499999999999996 5.5000000000000009 -0.0040217328350991002 1.0414999906060986e-05 0.0058005531318485746 29.287808418273929 2.5000000000000004 0.00097911962075158975 -10.499999999999998 2.4174767732620244 0.004498041234910489 7.5000000000000009 3.5000000000000004 0.021920138038694862 -0.27500000596046442 67.63995742797853 1.1929413080215456 -0.0023099340032786127 0.27500000596046453 0.00076171912951394926 0.00015157322195591408 59.500000000000007 -5.4999999999999991 0.27500000596046453 57.204442977905281 -0.00065515306778252114 0.23333333432674411 0.66278266906738292 5.5000000000000009 61.001667022705085 -0.045207060873508446 5.9666664600372323 -0.0019388298969715831 0.43333332240581518 4.1000001430511483 2.466666698455811 1.1069937944412234
decision_type=2 2 2 2 2 2 2 2 2 2 2 2 2 2 2 2 2 2 2 2 2 2 2 2 2 2 2 2 2 2 2 2 2 2 2 2 2 2 2 2 2 2 2 2 2 2 2 2 2 2 2 2 2 2 2 2 2 2 2 2 2 2 2 2 2 2 2 2 2 2 2 2 2 2 2 2 2 2 2 2 2 2 2 2 2 2 2 2 2 2 2 2 2 2 2 2 2 2 2 2 2 2 2 2 2 2 2 2 2 2 2 2 2 2 2 2 2 2 2 2 2 2 2 2 2 2
left_child=2 50 11 4 9 41 7 8 16 14 -11 12 33 18 -3 -9 68 -15 34 22 21 25 23 26 36 -21 60 29 40 -24 44 32 67 48 -13 84 -25 38 -32 -39 -29 -6 -19 -12 -20 46 49 -38 64 -17 51 91 -37 -43 95 -56 57 58 59 -50 -8 62 -30 -62 65 114 -66 -23 69 70 -4 75 73 74 -73 -71 77 -70 79 103 -35 -82 -83 99 85 86 112 -87 -61 -80 102 -2 116 -59 -63 96 -27 -60 122 -10 101 -22 -28 109 -96 -106 -107 110 -97 -26 -68 -48 121 -114 -1 -67 -86 118 120 -119 -49 -7 -52 124 -124 -126
right_child=1 3 6 -5 5 35 19 15 83 10 43 13 -14 17 -16 45 -18 42 30 20 100 31 27 24 78 54 90 28 61 -31 37 -33 -34 80 -36 52 47 39 -40 -41 -42 53 -44 -45 -46 -47 111 117 56 -51 98 -53 -54 -55 55 -57 -58 93 97 88 63 94 -64 -65 66 115 107 -69 76 71 -72 72 -74 -75 -76 -77 -78 -79 89 -81 81 82 -84 -85 92 87 -88 -89 -90 -91 -92 -93 -94 -95 104 108 -98 -99 -100 -101 -102 -103 -104 -105 105 106 -108 -109 -110 -111 -112 -113 113 -115 -116 -117 -118 119 -120 -121 -122 -123 123 -125 125 -127
leaf_value=0.0065288856473592911 0.028485118080455424 -0.0067048872861822269 -0.0048943472228974612 -0.0044985696726812918 -0.010282248324591025 -0.016080804014293314 0.0029119696189779561 -0.014794583618558925 0.051874257078898416 -0.010757754439764337 -0.033035270387503896 0.040551995014380893 -0.010442787603261425 0.022979649140900664 -0.019379346610618714 0.06127461101686113 0.036138894461497303 -0.000291578362509902 -0.01203547695718802 0.013314318411450962 -0.030126695245564314 0.0079228766210887973 0.028318298990101461 0.0097480293148814855 -0.019960933230062428 0.045764746305689039 0.0027795904877069427 0.031443219033627588 -0.012768848100289229 7.1477190252737277e-05 -0.032526850283463346 0.018648813241401885 -0.047907317792080156 -0.0065491898565957626 -0.004063256377641121 0.027553846764939317 -0.024866895409625125 0.004750904856787661 -0.0029136760908721202 -0.00082887926559477689 -0.012086742022351193 -0.0012005795883607434 0.0064607005850012434 -0.00064941153971319538 -0.00080906124316922924 0.011854814148631447 -0.024904990864908341 0.00034730918092275444 0.021308435334537541 -0.0018452835464965876 -0.0059957478167827387 -0.0061374813288725804 -0.012688136376774635 -0.010097050207976689 -0.013691278708425542 0.013708099299455018 -0.020340269591124633 -0.0051977622201828683 0.028947385758675531 0.0095431361561851002 0.026151219645110121 0.022655905155900966 0.027741183666209965 0.0077436076473907621 -0.0024253947954189343 0.029216684376571978 0.0030154592781005884 -0.031190260731207477 -0.0029542312366818129 0.024490487806791975 0.035078910540585088 -0.0030579225781135685 -0.037716507869491038 0.01486069460341252 -0.064617337901023378 -0.015812371146926792 -0.00029008640051173917 -0.012891973990948684 -0.035152268097976197 -0.053658296733768707 -0.011071998060597013 0.0024159565054773127 0.035940246842707753 0.0055315458081274665 0.0035968816401063908 0.029751174034784496 0.027248499548748278 0.0045072687858763094 -0.021283915853582802 0.0056978674013883346 -0.009028731212795774 0.00075292478407271949 -0.0012863027430579108 0.035745547464181876 0.0040410067490792836 -0.044597841403140652 0.0081853362860398338 0.00083737922606174134 0.0068102729108905097 0.0072952320511173278 -0.04551339559251541 0.0069235179211835684 -0.01039559167141885 -0.037998249286303055 0.021485957854848248 0.023049094976192772 -0.017002852611214158 -0.0092465468501746455 0.0048371116154202372 0.029502865164089748 0.013854311310536294 -0.0052960860403459551 0.0051460725273457953 -0.04907710110258795 0.00072974010364346988 0.007930735281469016 0.023013189130459123 0.0084718800605632378 -0.0091074742083416659 -0.0062200560312182813 -0.035478720212798874 0.0017274934974822274 -8.4975635421177581e-05 -0.00091749626029030652 0.0055652910440622937 -0.0087946001948895763
leaf_weight=11573.013961330056 426.19991865754128 7532.562336191535 384.91199065744877 73854.573544293642 4680.0633228570223 925.99496501684189 18742.072065457702 4697.7144365906715 282.2999736815691 5146.1414378732443 268.95375423133373 154.26568832993507 3253.7435434758663 911.34140786528587 3046.9290529340506 126.07079556584358 222.06673207879066 9863.9895057380199 2355.7754775434732 1743.7211782634258 486.6002434194088 336.5309472233057 393.19474518299103 1674.0279080420732 146.14576028287411 215.79200698435307 9095.0025156736374 161.6751800775528 229.68158067762852 31860.154177799821 394.66744765639305 175.37458443641663 456.00396394729614 3586.9755630791187 20507.158363550901 768.26086889207363 604.44735209643841 30362.788031473756 3449.2818723767996 13094.343091070652 1878.0214748978615 34459.04321616888 16117.872986838222 18725.411666929722 34322.194380626082 1016.1276592463255 730.78284479677677 20406.573027268052 4306.274930819869 148.23789888620377 5312.1058667749166 10983.939055889845 210.68887993693352 3744.6436234861612 2629.1790784448385 647.53157168626785 291.17579148709774 1567.2476457804441 347.35014735162258 1205.0383292138577 914.55773058533669 789.67968897521496 1008.4335861504078 4940.6567410677671 10977.5850494802 496.71885484457016 5737.6835171878338 343.11594058573246 7216.4366924017668 605.36319181323051 754.59746162593365 180.26642432808876 404.60653394460678 564.74239784479141 130.84711080789566 247.09118820726871 13325.281565397978 4787.6138471066952 151.33291834592819 185.99003127217293 1483.2828719466925 48643.226080015302 243.40113227069378 1086.4898916333914 4708.7757718861103 454.28565694391727 296.54444254934788 21599.127248033881 334.96353960037231 8391.0319025814533 3333.4000320732594 1290.6216730773449 34896.188825026155 161.8985840678215 25898.636738926172 143.41850483417511 841.68859124183655 2386.0353252887726 5801.2503166943789 207.26471328735352 351.58353991806507 351.19684693217278 1564.204182356596 127.30925826728344 1520.6890929788351 224.7108508348465 381.88153585791588 995.72742089629173 254.14283266663551 245.1291189789772 2852.1307811439037 2820.0100518316031 214.73969580233097 277.20226617157459 15003.063766002655 16680.055038481951 660.67393493652344 1235.8781477659941 3575.1103811264038 24281.577469885349 176.21872766315937 2669.1552229523659 27143.806933358312 68245.884480699897 26167.238224595785 1866.9097715318203
leaf_count=46591 1713 30235 1546 297221 18865 3708 75186 18840 1131 20605 1085 623 13119 3701 12302 505 890 39711 9470 6988 1950 1354 1580 6716 588 866 36475 648 920 127700 1585 705 1839 14374 82303 3078 2429 121806 13834 52463 7527 138251 65087 75193 137750 4071 2928 81739 17413 594 21313 44036 845 15025 10534 2594 1173 6319 1399 4833 3664 3185 4041 19797 44013 2005 23026 1384 28958 2427 3027 724 1623 2265 525 991 53413 19191 606 746 5947 195020 975 4356 18882 1820 1189 86603 1342 33612 13362 5186 139913 654 103743 575 3374 9632 23242 831 1410 1408 6268 510 6091 901 1529 3997 1018 982 11444 11302 860 1112 60191 67285 2649 4949 14333 97277 706 10709 108754 273423 104823 7485
internal_value=0 -0.00143551 0.000986178 -0.00248052 -0.00145467 -0.000229574 -0.000168781 -0.00301016 -0.00121987 -0.00535596 -0.00316507 0.00191945 0.00307709 0.000756589 -0.0103552 -0.00871569 -0.00205559 0.00454386 -0.000216761 0.000486752 -0.00525258 -0.00242941 0.000800608 -0.000434271 -0.00227139 0.00118824 0.00247927 0.00271569 0.00502701 0.000415829 0.000647639 -0.0202978 -0.0263122 0.00341844 -0.00373014 0.00150586 -0.00329138 0.0023363 -0.00595413 0.00306962 -0.00863637 -0.00296854 0.0038972 -0.00110798 -0.00153012 -0.002817 -0.00671453 -0.00372551 0.00472784 0.0271643 0.000119834 -0.00427546 0.018893 -0.00207259 -0.0032804 -0.00827671 0.00942471 0.0102654 0.0126093 0.016443 0.00474653 0.00595433 0.0202262 0.0106188 0.00395374 0.00533233 0.00102047 -0.0118232 -0.00235214 0.00599891 0.0215764 -0.00232338 -0.0123972 -0.000700764 -0.0289484 0.0128084 -0.00343105 -0.00691773 0.00345938 -0.0149064 0.00160041 0.00218076 0.00258287 0.0140643 0.00125068 0.0036377 -0.00335307 0.00502728 0.00283799 0.00497418 -0.00150628 0.00763742 -0.000316546 -0.00136427 0.00534111 0.00797113 0.0158539 0.00440951 0.000534765 0.033001 -0.023735 -0.0145956 0.000846175 -0.00100798 0.00485323 0.0147417 -0.00216569 0.00496675 -0.0129963 0.0110276 0.00661435 -0.00933176 -0.0055734 -0.0254079 0.00325508 0.00854628 0.00598593 -0.00346827 -0.00131323 -0.00550849 4.05861e-05 -0.00285935 0.00025197 0.000520869 0.00229989 0.00460901
internal_weight=0 366378 476712 219140 145285 110565 213052 39938.8 30399.9 34720 24140.5 263660 132127 131534 10579.5 9538.94 28823.8 26893.2 104640 173113 8975.88 7786.5 164137 99790.7 61200.8 6475.47 38589.9 64346.8 32093.4 32253.3 83979.1 1311.03 1135.65 128873 20661.4 67681.6 51953.8 47301.1 3843.95 43457.1 2039.7 42883.8 25981.9 18994.4 36678 4841.23 3825.1 50279.8 74916 274.309 147238 12700.8 978.95 38203.7 4731.75 3276.71 10600 10308.8 8579.66 5846.28 24597.3 30053.7 1238.12 5855.21 64316 43752.9 20563.1 679.647 28601.8 3272.43 1139.51 2132.92 1280.46 875.856 311.114 852.454 25329.3 12004.1 9246.94 704.574 53956.9 50369.9 48886.6 1576.05 66702.7 26437 4383.64 22053.4 1540 8542.36 13992.6 1716.82 40265.6 1729.15 28815.6 1455.04 1057.48 2733.39 134537 489.565 1189.38 837.797 10659.2 518.584 28025.9 2127.28 606.592 9585.54 397.561 391.275 8589.81 3550.79 4087.09 491.942 26576.1 17176.8 5369.45 49675.4 24157.9 25517.5 20582.8 3595.15 128736 123424 55178 28034.1
internal_count=3383157 1470125 1913032 880150 582929 443509 853947 160138 121898 139420 96883 1059085 530752 528333 42537 38240 115580 108499 419834 693809 35999 31231 657810 399945 245193 25949 154752 257865 128585 129280 336908 5282 4577 517633 82926 271368 208149 189688 15419 174269 8175 172141 104798 76278 147220 19400 15329 201433 301317 1099 589975 50935 3923 153276 18961 13128 42765 41592 34619 23588 98647 120410 4961 23461 258552 176072 82480 2738 114690 13128 4573 8555 5137 3514 1249 3418 101562 48149 37044 2826 216316 201942 195995 6318 267445 106001 17578 88423 6175 34218 56105 6899 161444 6973 115449 5833 4240 11031 539040 1962 4768 3358 42743 2080 112264 8521 2430 38467 1593 1570 34470 14230 16389 1972 106782 69290 21531 199004 96778 102226 82445 14417 515798 494485 221062 112308
is_linear=0
shrinkage=0.1


Tree=21
num_leaves=127
num_cat=0
split_feature=10 33 18 37 43 43 5 4 14 37 7 46 17 43 0 46 37 30 44 38 45 37 19 31 22 12 32 6 43 19 45 33 5 44 38 44 6 37 18 45 21 8 32 27 20 46 43 38 22 3 27 46 11 24 40 38 25 29 38 38 45 46 38 41 37 43 38 41 20 36 0 46 32 2 44 5 4 40 44 44 38 31 46 44 36 44 19 31 32 21 43 32 22 43 46 43 4 16 37 22 44 37 36 45 36 2 44 37 41 46 30 44 46 46 41 35 22 46 45 37 25 43 38 43 43 8
split_gain=89.333 67.9598 54.3199 47.4687 38.2709 46.6115 37.6597 56.6162 46.2741 41.8598 57.9419 36.7565 43.859 36.4341 35.3802 35.1952 37.0787 34.0994 33.698 32.3226 34.937 31.2616 30.231 32.136 34.0683 31.6095 30.2096 30.3688 37.084 35.9117 32.576 30.0152 33.2269 34.2772 34.669 32.5782 39.4559 33.5759 30.5099 29.6046 29.4609 29.3717 28.9476 38.6554 28.4228 40.3555 28.1165 27.9605 46.4861 33.9102 31.4906 27.9032 27.57 27.48 27.4006 31.1571 44.8533 28.6862 27.3989 38.1657 44.0071 33.8731 32.754 30.6408 30.0642 44.2059 27.1861 26.8052 33.2665 27.1954 27.0885 26.677 26.3878 26.1771 25.8567 25.6811 25.2464 25.191 24.9953 41.2634 37.5474 39.1068 32.9127 31.7226 30.4849 28.9256 26.8714 33.025 25.871 25.8236 24.8644 29.1841 28.2964 25.5917 40.4819 34.5715 33.0697 31.7042 30.5878 26.9193 25.3029 25.3236 25.2053 38.6636 32.3448 25.1244 24.8261 35.575 29.7873 41.5539 35.3275 29.2185 31.8136 48.0601 40.4402 38.7567 30.861 28.5812 28.7311 34.8813 28.9848 30.6179 28.568 27.8105 26.4288 26.1215
threshold=63.87395095825196 -0.0018338168738409875 -0.00034988006518688047 1.5333333015441897 -0.42499999701976771 -0.80500000715255726 0.0025926118250936274 0.022683375515043739 0.001119775581173599 5.0000000000000009 9.769611278898084e-05 -3.4999999999999996 0.0021099740406498317 0.84499999880790722 2.5870710942399459e-06 12.500000000000002 1.6999999880790713 -0.00012526936916401607 0.64499998092651378 13.500000000000002 8.5000000000000018 3.8666666746139531 -0.00046009141078684474 -0.0044270737562328568 59.771728515625007 -0.00030042619619052852 0.0051068617030978211 0.0015882527804933491 -0.51499998569488514 -0.00081609986955299963 9.5000000000000018 -0.00047557822836097324 0.0070003871805965909 -0.41499999165534968 4.5000000000000009 0.18500000238418582 0.00081750319804996263 1.4333333373069765 -0.00056770158698782314 49.500000000000007 -0.34419149160385126 0.0026820494094863538 0.0040272471960634002 -0.0024106990313157435 0.0058817146345973024 -8.4999999999999982 0.20499999821186068 1.0000000180025095e-35 42.899160385131843 -0.0043585121165961018 -0.0023598074913024898 -13.499999999999998 -0.001687951269559562 0.0016805035411380234 2.5000000000000004 11.500000000000002 0.017690602689981464 -0.045375470072031014 3.5000000000000004 13.500000000000002 76.500000000000014 -28.499999999999996 9.5000000000000018 5.2049999237060556 7.866666555404664 0.37500000000000006 19.500000000000004 3.8850001096725468 -0.0015007697511464355 0.00010165500134462492 -0.00019040313054574651 5.5000000000000009 -0.0015364177525043485 0.0014051120961084964 -0.41499999165534968 -0.02619970683008432 -0.030298242345452305 1.5000000000000002 0.41499999165534979 0.19500000029802325 13.500000000000002 -0.020135245285928246 -12.499999999999998 0.43500000238418585 -5.3144998673815273e-05 0.18500000238418582 -0.00011776629980886354 -0.0017984198639169333 -0.0016439900500699876 -0.42176283895969385 0.46500000357627874 -0.00051071430789306749 30.165145874023441 0.13499999791383746 -13.499999999999998 0.23499999940395358 0.0026853667804971342 -0.00028925134392920876 3.0666666030883794 60.647430419921882 0.31499999761581426 3.7000000476837163 -2.2440000066126228e-05 68.500000000000014 -4.801999966730363e-05 0.0005836564232595266 -0.014999999664723871 0.23333333432674411 0.57999999821186077 -5.4999999999999991 0.00067758961813524376 0.044999999925494201 -5.4999999999999991 -3.4999999999999996 4.5750000476837167 9.5315001090057208e-05 44.909093856811531 -30.999999999999996 20.500000000000004 1.1999999880790713 0.056865200400352485 0.79500001668930065 7.5000000000000009 0.57499998807907116 -0.34499999880790705 0.0015787385054863992
decision_type=2 2 2 2 2 2 2 2 2 2 2 2 2 2 2 2 2 2 2 2 2 2 2 2 2 2 2 2 2 2 2 2 2 2 2 2 2 2 2 2 2 2 2 2 2 2 2 2 2 2 2 2 2 2 2 2 2 2 2 2 2 2 2 2 2 2 2 2 2 2 2 2 2 2 2 2 2 2 2 2 2 2 2 2 2 2 2 2 2 2 2 2 2 2 2 2 2 2 2 2 2 2 2 2 2 2 2 2 2 2 2 2 2 2 2 2 2 2 2 2 2 2 2 2 2 2
left_child=1 11 18 4 5 -3 7 9 39 10 -5 13 54 47 17 19 -17 -4 58 20 -10 52 -22 25 -25 -24 27 30 29 -29 -11 -7 33 34 -33 37 -37 75 -39 -8 66 42 76 51 -9 -46 -26 48 49 73 -49 -44 -15 71 57 56 -56 -13 61 60 62 63 -60 -2 -61 -66 -18 70 69 -69 77 -41 -64 -1 -23 -35 -6 -12 79 85 86 -82 -83 -80 -85 89 87 -81 -89 -32 92 -92 -70 97 95 105 -96 -94 -97 102 -93 -102 103 104 -98 -95 107 108 110 124 -78 116 -113 114 -114 -116 -108 -109 119 123 121 -120 -123 -119 -110 -115
right_child=2 3 14 6 41 31 8 44 15 26 67 12 -14 21 -16 16 40 -19 -20 -21 22 74 23 24 46 -27 -28 28 -30 -31 78 32 -34 35 -36 36 -38 38 -40 53 -42 -43 43 -45 45 -47 -48 50 -50 -51 -52 -53 -54 -55 55 -57 -58 -59 59 64 -62 -63 72 -65 65 -67 -68 68 90 -71 -72 -73 -74 -75 -76 -77 106 -79 83 80 81 82 -84 84 -86 -87 -88 88 -90 -91 91 100 93 94 96 98 99 -99 -100 -101 101 -103 -104 -105 -106 -107 111 117 109 -111 -112 112 113 125 115 -117 -118 118 120 -121 -122 122 -124 -125 -126 -127
leaf_value=0.0012126710767935598 0.0080126961507333422 0.0026392163229661779 -0.020711269777473052 -0.022255245802804854 -0.021542825173946113 -0.00077059718851334917 -0.0017495996765825716 -0.01272894233143243 -0.036611975812323137 -0.034146703255507886 -0.00040252866215315558 0.038626303406683091 0.0068862499423648638 0.0063543977595882485 0.041507114045402707 0.023143193965416725 -0.0071974948353578337 0.023516850821016882 0.013794902043801727 0.0015697504873175899 0.0026851841609312841 -0.038934137401820369 0.023867980897535172 -5.3605344838433618e-05 -0.0072763748600711293 -0.019742566442641572 0.0080253172491754048 0.063549221766593195 -0.013963442642166464 -0.0073426511149171821 0.0028534274642540518 0.034597484132681079 -0.0038078890324972528 -0.032929738068201021 -0.0073775937883894908 -0.010620553997396802 0.025953964685872327 0.046508456512163843 -0.0098755880525010949 -0.016416077898310982 -0.0018285010006167089 -0.015899939039922761 -0.020990303633968619 0.015004162463372729 0.040347792791295002 -0.0084802110120920302 -0.00042573919483822158 0.012950129039378295 -0.017977086700953316 0.024872305831517318 0.0005466764465202142 0.0027726175965060245 -0.022047435266211633 -0.0057580198055861417 -0.0034236322709890383 -0.0027294651932930438 0.0059298788650703777 0.0027001064716489324 -0.0047144713304147646 -0.0014111134310981644 0.0072780756556647987 -0.00017289104550107672 0.0066502230207311844 0.069452003086122399 -0.034154587374202232 0.016219851685168114 -0.02204324958611667 0.017327105380843151 -0.018197655560307502 -0.018314673347690432 -0.0020337815115602587 -0.045203172878488809 -0.011903313261490304 -0.04295029215215828 0.0026158677897670708 -0.017382908745429314 0.036516378717412569 0.0087793921584864501 0.033344931143532867 -0.029332796154587511 -0.055474543817768202 0.029664446375678444 -0.001133190078215135 -0.017464129425309744 0.0081119936784151744 0.014034955752914342 -0.0054909112057658881 0.02055120606839133 -0.01436283296507071 -0.0013065673793937805 0.014110042815020207 0.0031962210080832354 -0.0021478576358281804 0.005188834158426919 -0.0089096908551401354 0.03837081226076907 0.026407055718658458 0.004894671040684224 0.0076215184118535416 -0.010640140388081505 0.0097842277176006867 0.064428010981475978 0.015018619992943662 -0.033226661351105191 -0.025772240368046075 -0.04539157344027156 0.020209545345334961 -0.050283979765895742 0.0088136807916325451 0.0057355820585040813 0.0019160557880306039 0.004930226228718115 -0.038581790515337125 -0.00095232140298250252 -0.029984519524696041 0.019420823860488833 0.0030385247597953541 0.004538109796293723 -0.0067198670143681699 -0.01426004796027939 0.019072216744910733 -0.048581962553792074 -0.013092809942149159 0.03403061558437364 -0.04321194249730928 -0.017669773876918756
leaf_weight=794.26545238494873 211.6293279081583 5417.6931543797255 296.93238635361195 921.46247884631157 619.42721945047379 4668.0111077427864 3980.5903124213219 4144.9989705234766 279.50647300481796 282.23238085210323 6103.819001480937 222.67628806829453 20379.745504572988 417.40020954608917 430.26582226157188 456.44294954836369 5430.0412812381983 422.15873880684376 1173.8956776857376 70042.42724968493 16278.14893566072 161.27999883890152 185.20798078179359 43592.514157161117 15697.297743409872 1619.5226684212685 4274.6388413608074 126.79545478522778 2760.0587048977613 163.72561867535114 23120.075183853507 273.46750544011593 5669.9136103689671 1360.7118155062199 701.58371883630753 1920.3868036866188 348.47779624164104 138.67822588980198 311.60777981579304 1880.5835811197758 8543.8866650164127 1304.4752088338137 576.41830641031265 2605.3636783659458 259.19965249300003 487.82988002896309 9688.8233260214329 2105.5490538030863 2051.0931647121906 552.45549881458282 73479.607980459929 3462.012189283967 1886.4569309353828 2256.0700949877501 8047.6984159946442 22804.08173725009 14125.301060914993 117306.48186104 22792.95211006701 38576.822880193591 2271.8314891904593 15776.558663219213 813.26618032157421 131.67884014546871 629.20973372459412 240.90084920823574 1596.0805076807737 2649.0006029307842 644.95633780956268 232.90227948129177 18212.110869914293 388.40031346678734 13349.678854718804 161.50823664665222 2099.0349149703979 4848.13603079319 559.3401422649622 5853.3553868383169 422.92028270661831 1410.585673853755 126.81815230846405 367.56385500729084 6202.1809268593788 543.05971874296665 3285.5694809556007 1539.8805531710386 3536.6953818053007 265.93403229117393 1050.9961294531822 42083.930581390858 4350.7384096086025 9152.1923358291388 7531.6766888797283 289.85895711183548 5651.4848495125771 554.46862249076366 386.09997554123402 42256.767228707671 776.61994577944279 1021.7294836342335 227.92666153609753 135.06634207069874 1848.4379606544971 320.63590209186077 171.59503696858883 148.52437759935856 1260.0451558083296 142.64478626847267 138.66103875637054 1734.1270311921835 624.6124911904335 6679.838420689106 674.58132666349411 19225.288097530603 295.86927703022957 342.68765902519226 6181.5594257116318 2123.3215432912111 13094.080530270934 870.90408624708652 405.95733037590981 335.31590035557747 701.04113425314426 376.41219913959503 330.08452711999416 982.43311029672623
leaf_count=3198 855 21750 1193 3714 2484 18739 15953 16619 1120 1131 24483 892 82451 1677 1739 1830 21760 1696 4719 280732 65301 647 742 174610 63017 6488 17134 511 11064 656 92647 1098 22770 5460 2817 7701 1398 556 1250 7540 34259 5231 2317 10441 1040 1957 38880 8434 8227 2217 294906 13907 7561 9036 32294 91461 56655 470949 91809 155252 9140 63466 3263 531 2549 975 6396 10662 2590 937 73005 1556 53927 648 8412 19469 2243 23465 1695 5654 508 1473 24858 2176 13164 6171 14165 1067 4212 168711 17435 36653 30174 1161 22637 2221 1546 169370 3111 4098 913 541 7402 1284 687 595 5049 572 557 6967 2509 26777 2704 77061 1187 1374 24782 8522 52518 3493 1628 1346 2811 1510 1326 3938
internal_value=0 0.000439123 -0.00278522 -0.000272984 -0.00232436 -0.00559909 0.000209985 0.00113625 -0.000838392 0.00139495 0.00271492 0.0017189 0.0025133 -1.66827e-05 0.0188254 -0.000485168 -0.0049496 0.00525385 -0.00304403 -3.05524e-05 -0.0013139 -0.00870425 -0.00120058 -0.00209419 -0.00174954 -0.0152671 -0.000182752 -0.00058471 -0.0103863 0.0235975 -0.000229758 -0.00780415 -0.00991247 -0.0134076 0.00439494 -0.0153519 -0.00500303 -0.0188779 0.00748946 -0.0080398 -0.00577315 -0.0010444 -0.000743215 0.00550754 -0.00949304 0.00846183 -0.00466177 0.00048432 -0.00817725 0.00514988 0.000892195 -0.000619141 -0.0169017 -0.0135731 0.00196489 -0.000134157 0.00253502 0.00276817 -0.00325256 -0.00402211 -0.00623078 0.00050332 -0.00706122 0.0315783 -0.00182573 -0.0202078 -0.0105699 0.00292695 0.0039022 0.0144467 0.000394192 -0.0213438 -0.0108379 -0.00625006 -0.000348845 -0.0207901 -0.00146297 0.00409227 -0.000115741 -0.000514247 -0.00567759 -0.000471862 0.000589875 0.00735513 0.00448423 0.000488406 -0.0112426 -0.0187007 -0.00731247 0.000168486 0.00349954 0.00732542 0.00263839 0.00285884 -0.00146712 0.0124086 -0.00407912 0.00382932 0.0204302 0.00320378 0.0042232 0.0301167 0.00839114 -0.00555632 0.0103522 -0.0119478 -0.00124506 -0.00393426 0.0054702 -0.0014051 0.0182624 0.000372312 -0.00109847 -0.00296971 -0.0215078 -0.00347067 0.005946 -0.0056989 -0.00534374 0.00297459 -0.00727256 -0.00802943 -0.0245754 0.00897912 -0.0278221 -0.00176507
internal_weight=0 745712 97117.8 479118 91305.2 25658.7 387813 205897 181916 201005 109441 266595 182886 83708.7 1149.36 173410 16026.5 719.091 95968.4 157383 87341 4564.17 87061.5 70783.4 68978.6 1804.73 91563.7 87289 3050.58 290.521 84238.4 20241 15573 9903.05 975.051 8928 2268.86 6659.13 450.286 8505.64 15570 65646.5 64342 6643.79 4892.03 747.03 25386.1 79144.5 3559.32 1508.23 75585.2 4038.43 2303.86 4525.05 162506 44977.1 22173 117529 94794.5 78674.7 39227.7 16119.9 36955.9 343.308 39446.9 870.111 7026.12 108520 78350.7 2881.9 30169.3 2268.98 14162.9 955.774 2260.31 6208.85 57698.2 11957.2 83956.2 79704.7 12960.8 6696.56 6569.74 4251.55 3828.63 66743.9 6264.21 2727.52 1316.93 65204 75468.8 13865.9 61602.9 60957.9 11169.5 1769.47 9399.98 49788.4 1331.09 3748.5 9515.19 362.993 2726.77 878.331 557.695 438.383 57078.8 21436.5 3386.83 2202.87 1183.95 35642.3 28200.7 21520.9 1313.14 638.557 7441.6 18049.7 17907 3370.64 14536.4 14130.4 1036.36 2499.73 468.746 20207.7
internal_count=3382522 2991408 391114 1920779 366262 103008 1554517 825297 729220 805681 438684 1070629 734702 335927 4628 695135 64245 2889 386486 630890 350158 18297 349038 283737 276507 7230 366997 349863 12231 1167 337632 81258 62519 39749 3915 35834 9099 26735 1806 34085 62415 263254 258023 26665 19616 2997 101897 317630 14290 6063 303340 16224 9238 18132 652251 180410 88949 471841 381767 316915 158139 64852 148999 1386 158776 3524 28156 434970 314017 11599 120953 9096 57190 3846 9059 24929 231358 47948 336501 319466 51937 26839 26331 17035 15340 267529 25098 10933 5279 261358 302418 55542 246876 244286 44742 7088 37654 199544 5332 15017 38107 1454 10919 3517 2233 1756 228874 86002 13602 8850 4752 142872 113041 86264 5265 2561 29831 72400 71828 13525 58303 56675 4157 10032 1883 80999
is_linear=0
shrinkage=0.1


Tree=22
num_leaves=127
num_cat=0
split_feature=32 0 42 10 33 16 41 30 44 5 37 27 42 37 42 5 28 23 37 37 44 38 41 31 31 45 12 44 43 30 38 38 23 5 45 24 43 44 37 42 42 29 16 5 33 37 6 38 43 24 37 12 34 5 8 24 6 45 45 12 10 45 5 30 5 33 43 46 37 16 41 45 39 44 23 8 14 31 37 0 38 10 46 27 43 35 5 38 33 37 46 12 39 9 46 39 42 33 23 34 4 45 35 42 43 25 5 44 37 38 43 10 37 26 46 5 4 30 33 44 8 38 37 34 8 43
split_gain=99.0477 44.3483 45.9493 42.2283 32.0917 44.7815 43.9782 41.7344 37.0259 36.2176 72.6516 34.3365 32.7132 44.1376 37.0674 36.7644 34.6537 47.0392 30.9385 54.7192 39.5661 35.1861 30.8267 31.6392 34.705 29.4226 29.1405 28.792 31.8789 28.3182 31.9785 26.8703 26.2059 25.9172 25.7164 25.4823 25.1098 24.8411 24.7718 29.2076 47.4216 42.7149 38.3453 25.5524 26.6375 25.5217 24.5811 25.2797 24.2577 34.6308 30.1634 24.1251 24.0155 23.553 41.6086 32.9692 29.9019 38.5113 28.0901 29.5339 27.2914 31.8053 26.4053 24.5421 31.1833 26.1893 24.4713 40.076 36.7125 30.0552 29.4619 31.4337 26.6016 27.7223 29.3193 32.9611 24.2669 42.1786 23.1566 23.1487 22.9739 22.9022 22.8989 22.795 24.9875 27.557 26.6326 30.9065 22.7068 23.3449 22.5207 28.7136 30.2984 24.5459 22.3347 25.2601 28.2573 23.4057 22.6618 33.349 25.7501 25.1041 23.186 22.2309 22.0814 22.0698 21.9831 21.9631 21.9081 21.9657 29.4953 22.3834 21.9017 21.731 21.7293 21.6693 21.5647 22.7244 21.6021 21.5544 28.2538 21.3684 34.9596 23.5362 21.362 42.9299
threshold=0.00039270440174732363 -0.00017862236563814801 1.3750000000000002 27.143020629882816 -0.0018338168738409875 -0.00041582297126296902 0.074999999254941954 0.0012155766598880293 -0.29500000178813929 -0.049241159111261361 0.46666665375232702 -0.00018938476569019255 0.25499999523162847 7.8999998569488534 0.50499999523162853 -0.012447203043848274 0.002984699909575284 -0.001287636056076735 1.5666666626930239 1.1999999880790713 -0.28499999642372126 16.500000000000004 4.0850000381469735 0.0097122602164745348 -0.0081376591697335226 53.500000000000007 -0.00011393539898563175 -0.5349999964237212 -1.064999997615814 0.00055496665299870085 14.500000000000002 1.5000000000000002 0.0015114925918169322 -0.063490055501461015 43.500000000000007 0.0028647413710132246 0.47499999403953558 0.50499999523162853 0.733333319425583 0.50499999523162853 0.75499999523162853 0.050186587497591979 -0.0020271869143471117 0.0098870755173265951 -0.026739463210105893 0.13333333656191829 0.0027014162624254827 14.500000000000002 -0.8149999976158141 0.0013853371492587032 0.80000001192092907 0.00015322860417654741 0.71301785111427318 0.0028036209987476472 0.00090422990615479659 0.0049149126280099162 0.00022220026585273447 49.500000000000007 74.500000000000014 -0.00059804783086292435 48.462400436401374 9.5000000000000018 0.022120377980172638 0.0037182654486969118 -0.079417735338211046 0.017066336236894134 0.35500000417232519 -14.499999999999998 4.7666666507720956 -0.00034861775930039579 4.1050000190734872 33.500000000000007 1.0000000180025095e-35 0.22500000149011615 -0.00028234093042556191 0.00060786199173890065 0.0037504185456782584 0.012027262710034849 4.5000000000000009 -0.0043785583693534127 4.5000000000000009 42.764081954956062 -1.4999999999999998 -0.0034022494219243522 0.56499999761581432 -1.7789999219530724e-05 -0.01808184944093227 6.5000000000000009 -0.0034940284676849838 2.7333333492279057 -12.499999999999998 -0.00090092458412982513 1.5000000000000002 0.00092889225925318908 12.500000000000002 2.5000000000000004 0.74500000476837169 0.01109067862853408 -0.00086446537170559157 -0.044492904096841805 -0.0066749078687280408 61.500000000000007 -8.0490000982535989e-05 -0.024999999441206452 -0.39499999582767481 0.038349123671650893 0.00491579668596387 1.0000000180025095e-35 0.33333332836627966 20.500000000000004 -0.38499999046325678 57.759572982788093 7.6333334445953378 0.13421533256769183 9.5000000000000018 0.00067034905077889572 0.004103180719539524 0.0020778982434421782 -0.00097182890749536444 -0.13499999791383741 0.0012042629532516005 19.500000000000004 0.56666666269302379 1.8667238354682925 0.00042748426494654273 -0.68500000238418568
decision_type=2 2 2 2 2 2 2 2 2 2 2 2 2 2 2 2 2 2 2 2 2 2 2 2 2 2 2 2 2 2 2 2 2 2 2 2 2 2 2 2 2 2 2 2 2 2 2 2 2 2 2 2 2 2 2 2 2 2 2 2 2 2 2 2 2 2 2 2 2 2 2 2 2 2 2 2 2 2 2 2 2 2 2 2 2 2 2 2 2 2 2 2 2 2 2 2 2 2 2 2 2 2 2 2 2 2 2 2 2 2 2 2 2 2 2 2 2 2 2 2 2 2 2 2 2 2
left_child=3 29 27 22 5 38 7 -6 35 10 -10 -11 13 -13 -14 -15 81 106 19 21 25 48 23 24 -1 105 79 -3 -29 37 -31 -12 -22 34 -30 88 -17 -2 45 41 -41 -40 -42 44 -44 -5 47 -26 49 -8 -51 -46 -33 54 66 -56 57 -55 94 -60 -57 -62 -61 64 -63 104 69 70 72 -20 71 -68 73 74 -69 -76 77 -64 -43 -24 -70 -16 -34 -35 86 107 87 -85 89 -7 -23 -92 93 -93 98 97 116 -96 99 -58 102 113 -100 -47 -65 -21 -18 -86 -4 110 111 119 -112 -101 -49 -72 118 -118 -97 120 -110 122 123 -32 -88 -126
right_child=1 2 108 4 6 8 18 -9 9 11 31 12 14 15 16 36 17 -19 53 20 32 90 26 -25 46 -27 -28 28 33 30 121 52 82 83 -36 -37 -38 -39 39 40 42 78 43 -45 51 103 -48 114 -50 50 -52 -53 -54 56 55 60 58 -59 59 62 61 63 76 65 -66 -67 67 68 80 -71 115 -73 -74 -75 75 -77 -78 -79 -80 -81 -82 -83 -84 84 85 -87 124 -89 -90 -91 91 92 -94 -95 95 96 -98 -99 100 101 -102 -103 -104 -105 -106 -107 -108 -109 109 -111 112 -113 -114 -115 -116 -117 117 -119 -120 -121 -122 -123 -124 -125 125 -127
leaf_value=0.012313319824257575 0.0012365926454694686 0.0034636860505525956 -0.02201366901427787 -0.0083300199773461338 0.058745592264125547 0.045808490675229505 0.038045653782496379 0.00058475372328339935 0.030628320085617396 0.0095772731402854142 -0.024775812822399816 0.00065153556666947931 0.011855583968821163 0.049748340540324655 0.0038563280651522022 0.021802331040209125 -0.011296489901085636 0.012899069954593133 -0.003658407779516341 -0.018757700180639582 -0.0068296015987281931 0.045268599167952756 0.032582972444695532 0.022796440725892566 0.00046658771715557567 0.0091536245088114192 -0.008092360835544021 -0.04959558640530886 -0.0018645332152679988 -0.0031433387767718689 -0.014461981760223603 -0.0076103248466674175 -0.0059202231671998127 -0.0040481123214729138 0.010476772334437149 0.0046702196466768238 -0.019621493619216727 0.012223992114165144 -0.00070275002132111223 -0.015224174406743701 -0.026076906962637071 0.0082079774416093289 -0.040492494175451046 0.010719405375976349 0.00072919329301317649 -0.005922302091430502 -0.050029784527689872 -0.011102083855663919 -0.0017871879438010607 -0.0050262738277713961 0.02328499948163321 -0.031200754704215228 0.0037512321396000457 0.00097762543037048424 -0.012755167433313034 -0.003432495169805832 0.009510751260207579 -0.012393101304282643 0.0090710845410654373 -0.002407438011683782 0.04143376025704798 0.020942825162753077 -0.037336006634977388 -0.038845114590408035 0.0022454525536476175 0.015501325794204197 0.014964224868419265 0.049421434775996503 -0.031530180925069241 0.0026214239800698594 0.035663167471007028 -0.029453633938748666 0.0061469163357276285 0.065198245118074649 0.017958684624855628 -0.025388594317327859 -0.0089425572516900996 0.01591527099334562 0.043954232321288665 0.0089430097946621278 0.00040080583869217399 -0.0085554823192124842 0.025216749956527104 0.0069171713068350467 0.018706411256497191 -0.0067116718141268395 -0.0041424511239425725 -0.00049743620325649407 0.0084072897720125425 0.015004381908936243 -0.035906419159660884 0.047243957280179161 0.0036471330054462618 0.0056602052108505486 -0.00031395478180872401 -0.028601038571371064 0.0095790739285981207 0.035505677777436545 -0.032809708616855532 -0.051524346908628928 0.0009364112116016526 0.015514455027913949 -0.0050529019741387725 0.012191901068726817 -0.0082115814073715244 -0.046892950272479549 0.0063542223525259083 -0.0053484704813717768 -0.0025347844700919588 -0.015064765633610137 -0.0005344642720497805 -0.013389024676460701 0.03111681838268824 -0.0096717419366459702 -0.04477055589685857 -0.0045312637074502614 -0.035907564778380655 -0.01164212520494463 -0.0017007414099894811 0.016677800751194915 -0.025005641438246358 -0.0018715148273026989 0.0058412481963334983 0.016377925697225869 0.0055696805399212644 -0.0017495487874619098
leaf_weight=1141.8346082419157 70848.126926481724 10506.603694036603 897.99883776903152 1073.6231973469257 248.71663974225521 376.31475938856602 348.31544262170792 244.82058244943619 578.97223454713821 6245.7462996691465 695.16253733634949 72343.575084134936 6290.2593175023794 320.44576007127762 2655.0637909919024 459.35154812037945 1546.4235633909702 4942.6494817882776 8817.4401332139969 2110.3896863758564 7996.5668617039919 182.8694956600666 430.07576471567154 525.66676008701324 2292.0598862171173 334.59539024531841 985.55042381584644 140.07731211185455 3427.5037713646889 38506.008939236403 1457.7233447283506 6547.305624961853 441.35718283057213 45331.780360043049 3327.7667851597071 28072.723789513111 214.74254594743252 2119.242341324687 34444.98180526495 3742.3597807586193 557.87370498478413 421.09196043014526 183.79208159446716 1944.29114189744 3417.9561215341091 831.69337733089924 131.49681556224823 1196.7364903539419 34876.308323428035 1239.8278415203094 540.329619795084 254.23245829343796 2598.931930243969 4008.122613504529 2419.3342202752829 16135.041091859341 5996.2321146428585 4657.1430139094591 1117.7373091578484 3330.7336605787277 207.68073385953903 972.17567119002342 837.86134980618954 281.20343901216984 10814.963306099176 389.4793197363615 851.39160969853401 230.05049508810043 231.80040721595287 56175.451823413372 955.9816817343235 196.00213639438152 6630.6858080178499 127.81321470439434 1025.5053267478943 211.6179626584053 2013.6654308736324 180.846366122365 318.13876248896122 11236.285392016172 8066.7871263176203 3378.1758328080177 508.09545688331127 8166.1006167083979 811.46134828031063 13823.70775128901 27559.656546980143 18043.246306285262 2549.1247042119503 710.57048314809799 135.14826875925064 356.14145341515541 1386.2444467246532 236.02069595456123 3368.7356725633144 362.40433603525162 641.15776525437832 192.8669356405735 327.52765674889088 143.95292519032955 62456.695053681731 349.57472102344036 3707.9116227924824 3654.7806897312403 1441.6518796533346 321.24108339846134 1297.7590976506472 713.14296831190586 3905.5246137082577 2335.8627672046423 6126.0195935219526 4438.372932523489 226.71316269040108 897.78297923505306 228.25069762766361 156.01535692811012 672.57011890411377 905.58397853374481 1693.6481036692858 472.77418249845505 653.12043523788452 11037.687691122293 12517.385324954987 298.06222242116928 9055.519439175725 69649.825878322124
leaf_count=4630 283913 42219 3628 4307 996 1521 1401 981 2330 25013 2799 290596 25351 1290 10685 1849 6236 19974 35337 8468 32050 733 1779 2127 9288 1342 3982 562 13764 154558 5862 26299 1769 182672 13346 112972 862 8490 138041 15002 2236 1690 737 7796 13711 3332 535 4839 139848 4974 2167 1019 10469 16066 9701 64698 24037 18665 4485 13343 832 3893 3355 1127 43316 1561 3412 922 929 225290 3831 785 26578 512 4107 848 8067 724 1277 45585 32323 13542 2036 32736 3254 55445 110672 72318 10266 2873 543 1428 5558 946 13498 1453 2572 773 1314 578 250275 1401 14871 14656 5777 1288 5229 2860 15660 9387 24629 17898 911 3599 923 625 2695 3630 6788 1895 2618 44261 50181 1198 36333 279250
internal_value=0 -0.00121532 -0.00206446 0.000971403 0.000783993 0.00176661 7.14872e-05 0.0298947 0.00267945 0.00181239 -0.0037972 0.00239872 0.00191894 0.000939176 0.00549192 0.0218624 0.00259547 0.00700319 1.59891e-05 -0.0021972 -0.00819664 -0.000409299 0.00569974 -0.00053868 -0.00299671 -0.018649 0.00841959 -0.00163889 -0.00190687 0.000210101 -0.00132845 -0.00582246 -0.00496464 -0.00187346 0.00421501 0.00569045 0.00860617 0.00155571 -0.000779605 -0.00155304 -0.00629299 -0.000192312 -0.00103616 0.00137227 -0.00334081 0.00551967 -0.00753908 -0.0060359 -0.00115468 0.0092093 0.00356702 -0.00148138 -0.0043819 0.000543077 0.00150482 -0.00152219 -0.000600235 -0.00620847 -5.54119e-05 -0.00592058 -0.000623567 0.00258914 -0.008554 0.00200874 0.00378757 -0.00791739 0.00268636 0.0058759 0.00420167 0.00176945 0.0186876 0.00665217 0.00893604 0.020531 0.0166398 0.0105439 -0.0153053 -0.0278826 0.0235919 0.00981449 -0.000491107 -0.00309338 0.0107426 -0.00208639 -0.00148481 -0.00530448 -0.00104226 0.00181275 0.0135674 0.0256698 0.0116019 0.00868896 0.0117353 0.0306697 0.000481522 -0.0045945 -0.00977628 0.00162574 0.00101997 0.00627434 0.000436192 -0.00767388 -0.00730572 0.00883393 -0.0132116 -0.0224746 -0.00324273 0.00745459 -0.00676671 -0.00601269 -0.00467634 -0.00821264 0.000595091 -0.0154552 -0.016495 0.0300238 -0.013191 -0.0219835 -0.00644225 -0.00364639 -0.0057542 0.00143259 0.00398771 -0.0092266 -0.00174643 -0.000907428
internal_weight=0 366397 229613 476544 458376 192668 265708 493.537 141823 110115 10420.4 99694.2 93448.4 73338.1 20110.3 994.54 13820.1 7786.83 265214 51013.5 11712.2 39301.2 18168 5516.05 4990.38 2766.23 12651.9 210556 200050 136784 63816.9 9841.4 8946.02 199910 6755.27 31708.7 674.094 72967.4 50844.8 45284.7 10100.5 35184.2 6358.15 5800.27 3855.98 5560.1 3848.54 3717.05 37004.8 2128.47 1780.16 3672.19 9146.24 214201 116338 32661.5 97862.8 8665.27 89197.5 7480.84 30242.2 14107.2 6363.11 13899.5 11787.1 2112.33 83676.5 18683.7 16524.3 64992.9 2159.39 1047.39 8225.67 1594.99 1467.17 1237.12 3032.37 1018.71 739.231 11666.4 8298.59 6033.24 949.453 193154 147823 15348.3 132474 26209.3 3636.01 1086.89 2296.42 2113.55 1978.41 592.162 81716.6 7836.97 4275.36 3561.6 73879.7 7387.54 66492.1 1391.31 4035.44 4486.47 1722.86 2431.63 2844.18 1524.6 19056.4 18158.4 15822.5 9469.79 6352.73 1041.74 1424.99 1112 3634.21 1578.15 2056.05 5031.42 4558.65 25310.9 14273.2 1755.79 106265 78705.3
internal_count=3383289 1470520 922057 1912769 1839081 773960 1065121 1977 570156 442524 41897 400627 375614 294597 81017 4001 55666 31439 1063144 204551 46953 157598 73688 22342 20215 11098 51346 845431 803212 548463 256060 39567 35855 802650 27110 127632 2711 292403 203804 181509 40501 141008 25499 23263 15467 22295 15585 15050 148390 8542 7141 14730 36768 858593 466404 130905 392189 34731 357458 29974 121204 56506 25489 55674 47209 8465 335499 74872 66219 260627 8653 4197 32967 6389 5877 4955 12146 4079 2967 47364 33252 24227 3805 775540 592868 61559 531309 105054 14660 4394 9208 8475 7932 2374 327484 31409 17138 14271 296075 29615 266460 5578 16185 17988 6904 9756 11465 6114 76626 72998 63611 38071 25540 4177 5762 4456 14566 6325 8241 20173 18278 101502 57241 7060 426255 315583
is_linear=0
shrinkage=0.1


Tree=23
num_leaves=127
num_cat=0
split_feature=27 10 39 0 24 38 38 39 45 31 34 37 32 38 37 45 45 37 41 1 5 43 36 43 37 23 33 45 33 31 45 42 8 29 5 46 30 43 37 45 2 30 37 23 45 43 26 42 41 34 37 43 43 23 23 37 45 4 30 8 45 2 4 37 46 45 37 37 27 5 24 43 45 17 31 13 42 41 33 31 43 1 8 38 42 43 37 39 6 39 46 2 37 31 46 37 45 37 8 0 43 16 38 46 41 43 20 46 46 38 46 45 29 31 33 38 23 46 37 8 23 33 6 37 13 0
split_gain=66.1713 43.8246 34.4911 32.6546 32.2511 28.9052 58.7304 44.6587 38.7476 43.6831 37.255 32.2339 31.2265 31.0224 67.6392 32.244 31.0118 29.1608 32.923 28.5096 27.6674 30.2371 29.0877 27.2249 26.9222 56.5064 37.0968 27.4627 26.0845 34.6236 25.9 26.4278 25.7154 25.5228 24.364 24.2174 24.0977 24.9656 30.529 28.1308 39.0847 36.2053 27.3458 29.177 27.2891 27.2615 25.274 23.9676 38.4876 23.7559 38.2848 24.6781 23.0446 28.6283 27.2368 31.5317 24.0588 33.2439 38.3032 26.4778 22.948 37.5538 30.4162 28.5234 50.8861 28.0297 27.4251 34.2113 26.1184 25.3088 25.2491 24.4643 24.1663 87.5601 58.4053 54.3812 62.2893 69.0203 53.2585 46.4242 44.7131 57.1175 42.5742 41.7974 44.5672 41.7031 40.5028 39.2239 38.0844 36.3331 44.1304 44.2459 39.6242 36.0457 35.7435 35.461 36.0948 33.6634 33.6465 33.5109 33.2429 38.926 33.0441 32.8628 52.7073 36.7588 35.4437 32.537 59.1163 43.1922 38.1945 40.1688 32.6404 38.4228 32.2041 31.8473 31.0976 32.394 29.4929 31.8819 29.4658 28.818 28.4317 29.874 28.368 31.1042
threshold=-0.0018247390980832277 30.855900764465336 5.5000000000000009 -0.00013978251809021455 0.0043392519000917682 13.500000000000002 11.500000000000002 1.0000000180025095e-35 13.500000000000002 -0.0090243788436055166 4.9860587120056161 0.53333333134651195 -0.0019959824858233328 22.500000000000004 7.8999998569488534 13.500000000000002 81.500000000000014 2.966666698455811 1.2050000131130221 0.004229622660204769 -0.049241159111261361 -0.22500000149011609 6.6034997871611281e-05 0.79500001668930065 4.3333332538604745 0.00011260847895755434 0.0115532698109746 22.500000000000004 0.0029682775493711237 0.0014209821238182487 58.500000000000007 -1.0000000180025095e-35 0.00066434306791052233 0.022321216762065891 0.0044153733178973207 -18.499999999999996 0.0034265985013917093 0.17500000447034839 0.16666667163372043 12.500000000000002 0.0037764135049656038 -0.0018644669326022265 7.6000001430511483 0.0022757805418223147 15.500000000000002 0.31499999761581426 0.76552799344062816 -0.4849999994039535 4.7049999237060556 0.4172468781471253 1.0000000000000002 -0.60500001907348622 -0.39499999582767481 0.00073425931623205553 0.00097340357024222623 0.3666666597127915 30.500000000000004 -0.01551154116168618 0.0020322839263826613 0.00081850256538018595 12.500000000000002 -0.0019411356770433483 -0.030298242345452305 0.39999999105930334 -6.4999999999999991 10.500000000000002 6.5666668415069589 4.0333335399627694 0.004303971305489541 -0.015278115868568419 0.01053014909848571 0.11499999836087228 27.500000000000004 1.0000000180025095e-35 0.0021038745762780313 5.3518135700869615e-06 0.62500000000000011 4.4500000476837167 -0.01278286427259445 -0.0059918989427387706 -0.47499999403953547 0.00068178362562321137 0.00047592690680176025 17.500000000000004 1.0000000180025095e-35 -0.9750000238418578 5.2999999523162851 2.5000000000000004 0.00092842490994371485 4.5000000000000009 -25.499999999999996 -0.0060476039070636025 7.0000000000000009 0.00055519587476737808 -24.499999999999996 7.1000001430511483 40.500000000000007 0.69999998807907116 0.00015031623479444536 7.4054880769836026e-06 0.33500000834465032 1.2814630736102119e-05 20.500000000000004 -13.499999999999998 4.0850000381469735 -0.42499999701976771 0.00076917736441828321 25.500000000000004 28.500000000000004 17.500000000000004 -5.4999999999999991 28.500000000000004 -0.021582646295428273 -0.0027147731743752952 0.00059279115521349024 21.500000000000004 0.0028309025801718239 1.5000000000000002 6.6333334445953378 0.0021562053589150314 -0.0017172075458802281 -0.0026394869200885292 0.00014055730571271854 1.4333333373069765 3.7207599234534434e-05 1.0000000180025095e-35
decision_type=2 2 2 2 2 2 2 2 2 2 2 2 2 2 2 2 2 2 2 2 2 2 2 2 2 2 2 2 2 2 2 2 2 2 2 2 2 2 2 2 2 2 2 2 2 2 2 2 2 2 2 2 2 2 2 2 2 2 2 2 2 2 2 2 2 2 2 2 2 2 2 2 2 2 2 2 2 2 2 2 2 2 2 2 2 2 2 2 2 2 2 2 2 2 2 2 2 2 2 2 2 2 2 2 2 2 2 2 2 2 2 2 2 2 2 2 2 2 2 2 2 2 2 2 2 2
left_child=2 3 5 30 -4 6 7 8 17 -10 12 20 -8 19 15 -15 47 18 -1 -13 -7 22 -22 -6 25 -14 32 -27 -19 -30 -2 34 -26 -33 -32 -28 37 39 46 40 -9 -42 43 -40 -41 -45 -39 48 -17 -38 -51 -52 54 56 55 -46 57 -54 -59 -58 61 62 -3 64 -64 68 67 -67 -65 -63 -69 -68 73 -62 79 89 80 78 -78 116 81 95 114 121 88 -79 -83 -81 120 90 93 -92 98 -74 -94 96 -77 -89 99 -91 101 -100 -84 104 -93 -106 -107 110 109 -109 -82 -112 -113 -114 -80 -88 -75 -118 119 -86 -85 -76 -103 -124 125 -98
right_child=1 60 4 -5 23 11 10 36 9 -11 -12 13 24 14 -16 16 -18 28 -20 -21 21 -23 -24 -25 26 27 35 -29 29 -31 31 33 -34 -35 -36 -37 49 38 42 44 41 -43 -44 45 52 -47 -48 -49 -50 50 51 -53 53 -55 -56 -57 59 58 -60 -61 72 69 63 65 -66 66 71 70 -70 -71 -72 -73 75 74 83 76 77 85 82 87 107 86 102 84 118 -87 115 97 -90 92 91 103 94 -95 -96 -97 124 -99 100 -101 -102 122 -104 -105 105 106 -108 108 -110 -111 111 112 113 -115 -116 -117 117 -119 -120 -121 -122 -123 123 -125 -126 -127
leaf_value=0.0082403010967999676 0.0033229225887659235 0.0053718022198696114 -0.010326950817470771 -0.00049109940120923656 -0.0036199150977707971 0.020455761303127932 0.0048121551223896169 -0.0024473411242100281 0.012031731819109428 -0.011358082965844098 0.023420243818558312 0.0020254949011343486 -0.046546640920172792 0.025220790218415091 -0.035574529327635489 -0.0075397610968263237 0.032166651019225993 0.03087194450277202 0.063921879116987365 -0.0045483712065040403 -0.026715932855812082 -0.0031351520593530659 0.0073282662805876008 0.013838147384192515 -0.013665410905425862 0.024802332176573304 0.018347450399715845 -0.015615848393299903 -0.058945195972123388 0.012547181253517992 -0.0050744614131804618 0.01096608016693751 -0.0023084281778035318 0.030721053752759138 0.015037205298606034 -0.025439053730015176 -0.0066158209967533375 0.0038064932699893501 -0.0024672751166144491 -0.039031008880502066 0.0063995571340641644 0.070100539793362962 0.016301086421351176 -0.060220766371780213 -0.02541978669935634 -0.012291823666495743 0.045935268782173959 -0.0037093290663802493 -0.067790511691663266 0.014383727526117857 -0.024308224420086594 -0.0010495532502810092 -0.02473965037360211 -0.001853140707000553 0.0090192659873913183 -0.0016731363590790041 -0.00037371862029814194 0.023473208529340015 -0.0095977457750042808 0.010403839624937392 -0.0016067314182462451 -0.005611554237379599 -0.026600842538880509 -0.015167349339589201 0.061163177697257057 -0.026924192161925282 -0.0063209825752531534 -0.010635704560516383 0.0062745289414123705 0.0049067116193651887 0.031277982339760577 -0.05665976494495284 -0.0066888823072584237 0.0025165367772879486 0.0032862519607157006 -0.002425485551516662 -0.017694925806205783 -0.043972559572081217 -0.0026986622941273545 0.0042377645926841949 -0.0014683422862893877 0.0032760911105371437 0.0065199918147916111 -0.048723456390875969 0.012744174568590514 -0.0096029889267735934 -0.013440930166096455 -0.002436351323185126 0.014355607050368868 -0.026625912138110764 0.005023358710894113 -0.012312730498264384 -0.054016776516339488 -0.032573280862355065 -0.0044929952758475146 -0.0028077838782879392 -0.0012407317046671828 0.013276060546953228 -0.00082150545224407134 0.01939202291863917 -0.0017047304830987945 -0.013776759747839663 -0.0092203281282524033 -0.0023340899618529312 -0.0037560064658183293 0.013247414831256405 -0.0054053794281432831 -0.013952766641608272 -0.00011033189809789871 -0.053793341755620075 -0.011104464943640119 0.01608932755660716 0.0049305406415294404 0.00095195931228140218 -0.025438140303973608 0.0076590255792034437 -0.0071697159797488074 -0.062221695296965251 0.032365620634568396 -0.037753741123271539 -0.0053766456780711272 -0.0049187082287018733 -0.00014288585655050491 0.0074345466065175577 0.012417780020429609 0.013212625834867943
leaf_weight=260.00053587555885 17267.162668555975 1125.9043077528477 8209.0674934983253 12732.050511181355 12326.862360343337 316.36903922259808 1485.6306483149529 335.89595375955105 879.35233342647552 8681.2613119184971 365.1893866956234 62890.806141018867 608.28831897675991 395.93006010353565 680.72929398715496 329.75995944440365 225.20368930697441 127.85471679270267 179.49827288091183 7370.1477178931236 1380.7837979048491 2451.6960868835449 306.72018000483513 963.03686308860779 2936.6633758842945 193.09447047114372 137.24551621079445 1299.1463274210691 138.28078484535217 132.79493024945259 1856.2245741486549 6291.6893040686846 6209.3102875947952 729.86271849274635 891.7217827886343 1585.6756023466587 10492.515309199691 359.31030538678169 20240.037200495601 160.41816392540932 148.72132621705532 223.02474477887154 750.41371680796146 158.19863504171371 592.47951129078865 474.99106632173061 235.89057590067387 5304.3622391223907 156.26217083632946 1613.938334107399 495.30478422343731 5775.8897000253201 192.43302614986897 4678.6724713742733 2292.3698814511299 9945.5781328231096 4687.4056373536587 2240.5213607996702 415.10646957159042 4437.4566668719053 48126.743774160743 3949.3580714762211 126.61574910581112 1447.7216000854969 138.14292146265507 1245.6529190838337 132.11194756627083 565.42782489955425 934.98992609977722 5436.8566664010286 192.71098640561104 358.6044692248106 1666.5577510893345 13424.588540703058 6469.6895804554224 2601.823409050703 1541.2080503255129 370.29325953125954 2729.4633651822805 11807.451327711344 37482.393443450332 8177.9726732969284 10745.415996685624 170.16834938526154 2354.6774142831564 7575.7393406033516 3267.3424383401871 1503.1118715554476 1059.2054949104786 750.47475649416447 9644.7809230387211 1842.5883270949125 148.15422697365284 794.45956102013588 8932.7162399441004 3022.0127540528774 3815.3801698833704 14686.075149476528 14842.799868404865 200.52946229279041 17416.909126996994 756.94430859386921 1522.7285512983799 152961.83256615698 2710.5638332813978 5774.4944192022085 1236.9239407926798 1112.6347237229347 3815.5550551861525 360.21262723207474 2221.0548822432756 1734.1364728659391 36191.008163735271 73713.380287259817 806.92474366724491 915.84590615332127 402.67649663984776 145.50912827253342 778.57084003090858 132.0358871370554 1999.3607355505228 12651.519832491875 6592.8529712706804 24679.657350435853 14967.009350836277 2441.9121450632811
leaf_count=1048 69930 4514 33191 51466 49577 1273 5951 1348 3530 34941 1466 252355 2451 1592 2771 1323 904 514 723 29653 5563 9864 1235 3873 11848 779 553 5239 556 535 7479 25529 25000 2993 3599 6385 42199 1443 81338 644 598 899 3015 635 2388 1907 950 21312 627 6494 1992 23218 772 18796 9218 40002 18831 9016 1672 17798 192932 15827 508 5803 555 4997 530 2268 3751 21789 772 1437 6678 53865 25979 10440 6197 1484 10956 47387 150184 32801 43115 682 9446 30401 13095 6041 4245 3021 38797 7385 594 3184 35828 12125 15314 58968 59526 807 69847 3037 6111 613172 10871 23134 4954 4460 15298 1445 8900 6946 145116 295383 3246 3673 1613 583 3122 530 8011 50718 26481 99078 60079 9807
internal_value=0 0.000469237 -0.00161548 0.0036846 -0.00539887 -0.00115845 -0.00233389 -0.00127906 -0.00739911 -0.00920677 -0.00812364 0.000223263 -0.00892056 0.00069966 -0.00560357 -0.00242147 -0.00424081 0.0132136 0.0309815 0.00133592 -0.00804747 -0.010226 -0.0205281 -0.00235484 -0.0104936 -0.0208575 -0.00849069 -0.0103858 -0.00636116 -0.0239224 0.00565101 0.0097658 -0.00595502 0.0130195 0.00145187 -0.0219511 -0.00038201 0.000707679 -0.0018393 0.00257228 0.0222766 0.0446162 -0.00245428 -0.00312856 0.00210189 -0.0242666 0.020503 -0.0056568 -0.0269111 -0.00349905 0.000648355 -0.00288654 0.0023257 0.00477984 -0.000859326 -0.00300824 0.00737182 0.0153955 0.0183038 0.00486745 0.000257338 -0.00352144 -0.00951518 -0.0127749 0.0191917 -0.0145102 -0.0219193 -0.0167304 -0.00675343 0.00048103 1.83179e-05 -0.0431074 0.000357974 0.0016531 0.00397442 4.05279e-05 0.00118389 -0.00348638 4.93401e-05 0.00627102 0.00178704 0.00480706 0.0017797 0.000211549 0.00714303 -0.0112046 -0.000817872 0.00862062 -0.00118793 -0.000966968 -0.00174747 -0.00155958 0.00088799 -0.0150448 -0.00530097 0.00739684 0.00869116 0.0118172 0.00174944 -0.0169225 0.00202565 0.00341179 0.0045663 -0.00194549 0.00319449 0.00613354 0.00995677 0.00103104 -0.00667921 -0.0236965 0.00130046 0.00221194 0.00247687 0.00226209 -0.0078873 -0.00882141 0.00156322 -0.0217826 0.0153807 0.0100629 -0.00877658 -0.00214255 0.00537355 0.00583708 0.0100539 0.0043997
internal_weight=0 643219 199474 39768.7 21499 177975 96165.9 81345.6 10399 9560.61 14820.2 81808.8 14455.1 77353.2 7092.25 6411.52 6015.59 838.429 439.499 70261 4455.57 4139.2 1687.5 13289.9 12969.4 2100.53 10868.9 1492.24 398.93 271.076 27036.7 9769.5 9145.97 7021.55 2747.95 1722.92 70946.6 52568.9 22218.8 30350.1 707.642 371.746 21623.6 20873.2 29642.4 633.19 595.201 5790.38 486.022 18377.6 7885.13 6271.19 29482 16651.6 12830.4 10538.1 11972.9 2848.06 2655.63 9124.86 603450 15654.1 6267.88 5141.98 264.759 4877.22 2494.51 2003.79 2382.71 9386.21 758.139 490.716 587796 115711 67584.6 472085 221131 25291.8 17345.7 41969.4 195840 39209.3 15804.5 25615.2 6494.02 7946.03 12361.2 27996.6 3228.73 250953 176632 174171 74321 2461.02 9080.87 26848.1 23826.1 16189.2 65240.2 951.004 64289.2 46872.3 12268.1 164526 11564.6 9721.98 7011.42 156630 5288.4 1472.85 151342 113860 111639 109904 3536.39 4183.19 13972.8 548.186 3265.28 2486.71 2169.53 19121.2 32029.5 31272.5 21224.3 6257.29
internal_count=3382644 2580839 801805 160996 86641 715164 386692 327020 41847 38471 59672 328472 58206 310537 28529 25758 24166 3376 1771 282008 17935 16662 6798 53450 52255 8469 43786 6018 1605 1091 109530 39600 36848 28522 11078 6938 285173 211270 89288 121982 2845 1497 86895 83880 119137 2542 2393 23262 1950 73903 31704 25210 118493 66885 51608 42390 48089 11460 10688 36629 2419843 62751 25135 20621 1063 19558 10004 8037 9554 37616 3040 1967 2357092 464122 271190 1892970 886576 101510 69625 168457 785066 157334 63428 102733 26036 31885 49569 112396 12938 1006394 708175 698313 298219 9862 36422 107765 95640 65009 261797 3828 257969 188122 49226 659516 46344 38959 28088 627732 21203 5905 606529 456345 447445 440499 14202 16768 56061 2196 13098 9976 8693 76697 128596 125559 85200 25121
is_linear=0
shrinkage=0.1


Tree=24
num_leaves=127
num_cat=0
split_feature=28 39 39 39 43 0 40 37 43 38 25 43 34 39 37 15 31 37 42 42 7 37 34 28 40 42 16 14 21 46 42 3 37 37 46 37 38 42 40 37 37 43 35 39 36 3 14 15 43 23 26 40 22 46 37 3 31 42 6 39 23 34 37 31 16 34 37 25 23 45 4 41 45 18 43 10 25 38 43 43 43 29 31 17 31 38 39 37 17 46 41 36 39 10 46 37 43 26 38 21 46 4 32 41 37 25 37 7 3 39 0 7 6 43 0 43 6 43 22 34 45 7 20 23 31 29
split_gain=66.6622 51.3315 44.3784 53.4359 50.4714 41.916 47.5084 40.9596 39.524 55.2742 37.1149 42.8413 36.4521 35.9853 35.3396 40.0516 33.1082 32.9078 32.4172 32.3098 34.9367 32.1896 31.8814 37.707 35.3596 58.1717 32.6356 31.6695 31.5249 31.1239 48.4935 35.4454 31.9152 39.9019 50.0894 30.9584 46.7276 60.268 53.4525 35.7831 30.6303 30.4045 29.9255 29.6203 29.2107 29.2016 35.6042 28.9281 28.2654 30.1408 33.9942 27.5637 27.9714 27.0531 28.8059 26.9062 26.8242 26.7052 26.6848 26.6823 34.3664 26.6804 26.198 25.7815 25.7791 36.8512 52.7383 32.076 25.5669 25.5267 28.9317 25.404 28.4811 31.8926 25.3554 26.4723 38.5243 30.4599 38.5654 25.2613 28.562 39.3155 54.0711 46.1345 25.8355 25.2107 32.8122 29.2227 25.6886 30.1753 25.5812 24.9735 24.9322 28.9595 29.5715 26.964 27.7045 24.8184 32.0604 24.5808 24.4032 27.6333 26.8059 24.5641 23.6376 23.5789 23.331 28.3684 24.9545 24.663 23.2511 58.8323 58.6409 46.3116 44.2107 47.8815 40.1563 23.9269 28.3265 23.2337 23.171 23.1681 23.0112 35.7722 25.5033 26.6898
threshold=-0.0018180029001086948 5.5000000000000009 1.0000000180025095e-35 1.5000000000000002 0.37500000000000006 -0.00019040313054574651 2.5000000000000004 4.1333334445953378 -0.24499999731779096 1.5000000000000002 0.0097811860032379645 0.32500000298023229 -0.74052551388740528 1.0000000180025095e-35 7.8333332538604745 0.5000000298023225 0.00713093369267881 5.0000000000000009 0.24499999731779101 1.9950000047683718 0.0020551027264446024 0.49999998509883886 2.4174767732620244 -0.0051478478126227847 1.5000000000000002 0.24499999731779101 -0.00082282396033406247 0.0015242481604218485 -0.14831364899873731 2.5000000000000004 0.49500000476837164 0.0086263786070048826 7.1000001430511483 3.2000000476837163 16.500000000000004 4.6000001430511483 17.500000000000004 0.49500000476837164 2.5000000000000004 4.1333334445953378 0.39999999105930334 0.37500000000000006 0.00020475999917835 1.0000000180025095e-35 -0.00019874000281561163 0.0062579195946455011 0.0078232465311884897 1.0402164459228518 -0.73500001430511464 0.0012914130347780885 0.58883988857269298 1.5000000000000002 43.928831100463874 3.5000000000000004 2.2666666507720952 0.00088211291586048912 0.0022430552635341887 0.49500000476837164 0.0007173730991780759 4.5000000000000009 -0.00096608692547306408 4.9860587120056161 3.9333333969116215 0.0013572597526945176 0.00064586004009470354 0.71301785111427318 7.5000000000000009 0.011692835483700039 0.0028309025801718239 54.500000000000007 0.0049065088387578734 4.9500000476837167 75.500000000000014 -0.00031254247005563224 -0.5349999964237212 66.901672363281264 0.045933809131383903 1.5000000000000002 0.2650000005960465 0.78499999642372142 -0.1950000002980232 0.0087709981016814726 0.0017250235541723671 0.00019247903401264924 -0.00019531798898242411 14.500000000000002 1.0000000180025095e-35 7.4666664600372323 0.0033737343037500982 26.500000000000004 2.7049999237060551 -6.5049998738686546e-06 5.5000000000000009 47.650606155395515 1.5000000000000002 5.3999998569488534 -0.83499997854232777 1.1926445960998537 5.5000000000000009 -0.14354107528924939 4.5000000000000009 0.0043250129092484721 -0.00039654663123656059 4.0850000381469735 5.1000001430511483 0.023936715908348564 0.10000000149011613 0.00053903064690530311 0.0091790533624589461 1.0000000180025095e-35 -3.0321866688609585e-06 0.00018823978462023663 0.00012841464922530579 -0.63499999046325672 7.4054880769836026e-06 -0.68500000238418568 0.000112679506855784 -0.76499998569488514 48.816179275512702 -0.25144957005977625 22.500000000000004 0.00068174101761542271 0.0044184613507241019 0.0018725654808804395 0.0090123307891190069 -0.013700393028557299
decision_type=2 2 2 2 2 2 2 2 2 2 2 2 2 2 2 2 2 2 2 2 2 2 2 2 2 2 2 2 2 2 2 2 2 2 2 2 2 2 2 2 2 2 2 2 2 2 2 2 2 2 2 2 2 2 2 2 2 2 2 2 2 2 2 2 2 2 2 2 2 2 2 2 2 2 2 2 2 2 2 2 2 2 2 2 2 2 2 2 2 2 2 2 2 2 2 2 2 2 2 2 2 2 2 2 2 2 2 2 2 2 2 2 2 2 2 2 2 2 2 2 2 2 2 2 2 2
left_child=1 2 4 29 64 8 10 16 9 13 44 14 -6 -2 28 -16 18 27 56 20 -9 51 23 63 25 68 -24 -11 -12 74 31 -31 33 34 45 36 -26 39 58 -38 71 -13 97 -43 -7 -32 -47 -30 -35 50 -50 -15 -53 105 -55 -37 62 -23 -39 60 -59 -45 -3 -5 65 67 -67 -1 -25 91 -71 -29 73 -73 -4 -76 77 78 -77 80 81 82 83 84 -8 86 87 -19 89 92 -90 -27 93 94 -88 -94 -97 -28 -99 -82 122 102 -102 -103 -87 -18 107 -10 -108 -109 112 114 113 -46 -112 116 -116 118 -118 -20 -85 -69 124 -124 125 -14
right_child=5 7 3 22 12 6 79 19 106 17 11 41 100 21 15 -17 53 85 119 -21 -22 57 26 24 35 69 42 40 47 30 32 -33 -34 48 -36 55 37 38 -40 -41 -42 43 -44 61 110 46 -48 -49 49 -51 -52 52 -54 54 -56 -57 -58 59 -60 -61 -62 -63 -64 -65 -66 66 -68 121 -70 70 -72 72 -74 -75 75 76 -78 -79 -80 -81 99 -83 -84 120 -86 104 88 -89 90 -91 -92 -93 95 -95 -96 96 -98 98 -100 -101 101 103 -104 -105 -106 -107 108 109 -110 -111 111 -113 -114 -115 115 -117 117 -119 -120 -121 -122 -123 123 -125 -126 -127
leaf_value=0.00069368891943254651 0.012556008462643573 -0.0021329011651684852 -0.0064697794944299754 -0.0060494944122566176 0.01868410691180283 0.0139484618001956 -0.011920797890748768 -0.0030226246439292084 -0.011971497750906871 -0.0024980424793148918 0.0040758786719953871 -0.0073872549293106798 0.032617244193008342 0.01811063872059087 0.0033308263334122187 -0.022382399626099028 0.0073188314566548247 0.0066840848787531482 -0.025399458692853184 0.042401045477892911 0.020082308493574872 -0.0047030575310722045 -0.0057524488235196954 0.00072661819318971211 0.0021037060651678554 0.00099871867669873915 0.0067021031971906944 -0.01243817635199573 0.00124687713013961 0.012745356114619058 0.0081211985294406212 -0.00018188340456291115 0.023872987040045437 0.020543069163213627 0.047230743948908999 -0.0076998094160372335 0.010575409713580064 0.059381775210619984 0.0063181938228531048 -0.015517476404782028 0.0072538506993129748 0.0066884626052473532 -0.021513308012727501 -0.00072223370017001102 -0.026580368029811077 -0.056854470016122642 0.0036816493876212527 -0.010647166106946139 0.02439813330805625 -0.053741468069813503 -0.027893228027307787 0.017400545039007159 -0.01830377376798413 0.019337981856259023 -0.0063908609945718025 0.0011942626943169999 -0.016041914303536041 -0.0023229391411509464 0.023354674058604991 -0.0035346986795419394 -0.035255621940076476 -0.030011167190577601 -0.036094112215399668 -0.0018488506499653064 0.0034807008786552638 -0.018733489680287756 0.023016000826495159 -0.01549126867046605 -0.043717664018461673 -0.028363629828208753 -0.0068517906804893454 -0.020778891628684733 -0.025091375068871172 0.017236539266599148 0.0006645183729195222 0.0053660594763934935 -0.016579403443116533 0.0099202840188440528 0.068883166610731322 -0.010378509221954402 0.0019227374507923866 0.00068345568947717394 -0.00086386111823344924 -0.038108249790750122 -0.025037864327721211 -0.020489685398687649 -0.012408746696088045 0.044767010076812025 -0.02899676480615862 -0.043751638714718467 0.018854934413736205 -0.0085225645027693763 -0.017652413034727428 0.0024194544316646768 -0.00076559271283374553 -0.03277151573874118 0.014346817581048901 -0.0081307391995145504 0.029318630357416553 -0.0036900002302628445 0.046370535157103709 -0.03239000402303395 -0.0013663524675915206 -0.0075562749448991502 0.0053961233354462455 -0.014805115658223317 0.00050350482377878292 0.05753638627537816 -0.012759039458267618 0.014194299408354583 0.00049874884583770091 -0.001219621471751907 -0.0018215754869010414 -0.0033873207830628031 0.040166905142383323 0.0052108919520842227 0.021617708487960408 0.028140613293334883 -0.015780874337401971 -0.0088491025690955304 -0.00055604480473731694 -0.0056006447280808813 -0.03775000170161074 0.011105454082007613 -0.0087955938396862745 0.0058028655414843139
leaf_weight=5330.6076379269361 1063.9586807340384 4925.7307759970427 3947.0638064593077 21500.875915944576 1117.9288283884525 1320.5061677545309 6681.2892535030842 14166.249137356877 379.88099247217178 4277.5604238212109 71087.893778398633 6336.7755526900291 407.16131149232388 805.86721169948578 1221.0656969249249 1202.1581139117479 686.8611137419939 2178.511457234621 2308.4216489195824 166.0550050586462 686.1419432759285 2903.1929249614477 1935.3510155379772 29862.080852404237 19539.64456102252 4204.856321528554 3551.3601604551077 1489.6348759680986 41413.459334388375 8625.2476561665535 582.99078971147537 2812.7113627940416 329.30239970982075 136.73836502432823 215.7304861843586 4646.9432100355625 3008.9309317022562 541.7664358317852 568.94728414714336 636.80551272630692 41061.563648536801 5791.7980720847845 295.53138209879398 41565.242047280073 1824.4816227406263 198.74517104029655 190.07467751204967 2151.0582715272903 157.78470316529274 314.19150470197201 586.1899079978466 324.61725902557373 677.07031421363354 1008.6520889401436 765.32883501052856 12689.386529311538 2671.677633985877 434.72185607254505 331.32267595827579 755.612260222435 1168.8290197104216 313.36245581507683 238.12486033141613 45594.643657952547 2198.1581011861563 4289.8765926510096 325.52807734906673 3488.9611755907536 129.99700598418713 1110.921071305871 1429.928045168519 267.99651739001274 263.48882794380188 1250.0335253179073 19729.411649480462 176.89826239645481 497.71307943761349 3214.9693464487791 207.97450965642929 3707.2016724348068 23876.806431114674 12024.278624653816 9979.1186440438032 171.29969809949398 1936.8581297844648 361.59307211637497 5385.2374015748501 222.02863684296608 127.3961845189333 182.23699800670147 907.82586894929409 7988.2153515517712 385.77145498991013 4121.8548390716314 3666.6074994206429 133.68107350170612 1875.6503075063229 282.85835738480091 1191.7935421019793 11590.338016986847 143.09541888535023 568.39846032857895 661.01578688621521 1331.0292337536812 14440.444382622838 1612.9539369493723 116902.79781118035 147.75205489993095 1436.1435140520334 1178.2180616259575 6422.5464194417 75273.254201322794 27799.096428006887 1630.2109407782555 901.86831314861774 3563.6873225569725 385.12660789489746 611.41130930185318 427.15677464008331 1340.9233219027519 4029.2336014658213 7373.5578030943871 330.61742831766605 274.14237561821938 1096.6930548846722 4203.0092994719744
leaf_count=21451 4280 19820 15859 86520 4488 5299 26770 57044 1525 17159 285106 25396 1638 3242 4903 4825 2765 8755 9322 670 2757 11673 7789 119794 78359 16902 14241 6003 166308 34594 2341 11300 1324 549 866 18613 12049 2171 2280 2550 165245 23215 1185 166602 7357 799 765 8631 634 1260 2354 1309 2717 4056 3074 50884 10756 1754 1327 3041 4701 1257 957 183273 8810 17267 1311 14015 521 4466 5741 1075 1060 5035 79117 711 2011 12961 836 14859 95681 48311 40024 688 7760 1455 21642 891 517 732 3698 32107 1556 16509 14734 538 7549 1135 4780 46480 573 2288 2658 5346 58052 6479 469159 594 5754 4735 25801 301850 111524 6541 3645 14299 1548 2457 1714 5414 16173 29631 1332 1104 4400 16882
internal_value=0 -0.00133481 -0.000835536 -0.000281553 -0.00422842 0.000577512 -7.05195e-05 -0.00519003 0.00170043 0.00327553 0.000504358 0.00145043 0.00165194 -0.00458981 0.00252521 -0.00942547 -0.00878592 0.00405006 -0.0115333 -0.0014648 -0.00195524 -0.00717011 -0.00110943 -0.00141507 -3.74952e-05 -0.00199376 0.00536767 0.0057191 0.00277779 0.00289858 0.00671593 0.00956642 -0.0053072 -0.0093405 0.00364108 0.00204754 0.00432642 0.0128628 0.0301682 0.00601773 0.00651195 -0.000879464 0.00941186 -1.43898e-05 -0.000842655 -0.00603531 -0.0272614 0.000659592 -0.0222421 -0.0277709 -0.0168031 0.00434307 -0.00673306 -0.00104049 0.00823807 -0.00118976 -0.00790754 -0.0111247 0.0457101 -0.0190273 -0.0263276 -0.000941392 -0.00369898 -0.00319495 -0.00681837 -0.00790634 -0.0157889 -0.00565964 0.00053398 -0.00713917 -0.0162573 -0.00280086 0.00525747 0.0105252 0.000953795 0.00218355 0.00949757 0.013103 0.0396889 -0.00233318 -0.00190885 -0.00394324 -0.00638351 -0.0106805 -0.0148688 0.00166303 -0.000729094 0.0102064 -0.00229294 -0.00329583 0.0129662 -0.00523909 -0.00282229 -0.00452861 -0.00769248 0.00656293 0.011212 0.0112303 0.0221353 8.85462e-05 -0.000460141 -0.00840965 0.00712865 -0.0149877 0.00476377 -0.00819759 0.000509932 0.0121214 0.000342553 0.0190239 -0.00100701 -0.000171448 -0.00334857 -0.015636 0.006237 0.0124949 0.0236568 0.0131982 0.00195086 -0.0193182 -0.00208744 -0.00877744 0.00294498 -0.0156034 0.00491056 0.00817106
internal_weight=0 266683 236106 202966 33139.8 576016 365239 30577.1 210778 90733 291242 171083 10133.1 8133.87 117076 2423.22 15558.7 82599.1 11484.9 15018.4 14852.4 7069.91 161042 153785 86689.7 44726 7256.89 48610.3 114652 41923.7 14149.7 11438 2711.75 2382.45 1187.54 41963.7 24627.4 5087.77 1442.04 3645.74 44332.7 54007.2 5321.54 47670.4 120159 971.811 388.82 43564.5 1194.9 1058.17 743.975 1807.55 1001.69 4073.8 1773.98 17336.3 7835.53 5262.36 873.089 2359.16 1603.55 41878.6 5163.86 67095.5 23006.7 20808.5 4615.4 16193.1 29992.1 14733.9 2540.85 3271.15 1781.52 1518.03 27774 23827 4097.56 3599.84 384.873 73996.4 70289.2 34822.1 22797.8 12818.7 8618.15 33988.8 19186.8 2400.54 16786.3 15751 1035.22 12193.1 15568.8 13173.7 9051.84 2395.1 2009.33 5026.01 1474.65 35467.1 9015.16 2703.54 804.111 1899.43 14802 2299.82 120045 1705.85 118339 1325.97 118839 87585.1 31253.8 3454.69 12311.8 5889.25 2325.56 1423.69 812.283 3649.34 4200.53 10862.5 6311.62 604.76 5706.86 4610.17
internal_count=3382989 1071276 948162 814968 133194 2311713 1465024 123114 846689 364922 1168278 686243 40709 32717 469773 9728 62643 332205 46269 60471 59801 28437 646687 617557 347764 179531 29130 195577 460045 168281 56786 45894 10892 9568 4771 168233 98736 20377 5778 14599 178418 216470 21341 191074 482035 3905 1564 174939 4797 4248 2988 7268 4026 16374 7130 69497 31533 21169 3498 9496 6455 167859 20777 269793 92485 83675 18578 65097 120315 59216 10207 13173 7170 6110 111495 95636 16519 14508 1547 296746 281887 139726 91415 51391 34530 136628 77121 9646 67475 63260 4215 49009 62528 52885 36376 9643 8087 20156 5915 142161 36221 10865 3231 7634 59507 9244 481767 6854 474913 5329 476736 351314 125422 13898 49464 23663 9364 5719 3262 14736 16861 43646 25356 2436 22920 18520
is_linear=0
shrinkage=0.1


Tree=25
num_leaves=127
num_cat=0
split_feature=32 38 26 38 4 16 39 44 24 43 46 41 46 44 38 5 38 43 38 43 45 38 8 46 46 39 3 46 44 45 6 10 6 25 33 5 45 42 38 46 45 46 23 38 5 3 14 14 35 6 41 43 1 42 46 22 45 38 46 27 42 8 45 34 16 42 39 22 19 2 43 43 23 44 45 32 45 7 22 27 5 39 46 7 44 44 8 8 22 43 44 43 26 30 17 43 23 41 46 8 45 15 46 33 5 0 45 46 42 4 46 46 39 5 42 44 38 22 24 46 33 43 46 43 24 45
split_gain=61.0688 35.7345 42.9582 37.3304 32.4842 32.5423 29.8083 28.618 41.4261 28.2264 27.8598 40.1586 28.2227 30.8046 28.0332 31.0381 27.6441 42.2191 52.4527 45.3865 39.8809 55.1111 34.1082 33.2066 39.528 43.2148 32.5257 32.5173 39.8972 36.5689 33.5522 31.7822 30.2044 43.1443 30.8083 28.4632 28.1818 28.0868 27.6726 32.0512 27.5302 47.651 27.4775 33.2976 27.4138 26.9376 28.5921 26.5074 26.2494 26.1441 25.818 29.1158 26.5721 25.7794 29.1494 51.8435 35.6537 33.0149 39.3024 35.7114 34.5901 28.4126 34.3731 28.6248 26.3537 45.8117 32.9437 41.8877 38.9666 32.2654 29.3298 35.0527 28.8546 27.1131 32.0372 26.1578 25.7565 29.148 26.2289 25.6961 45.2777 39.8436 33.9432 28.7897 39.1041 28.6152 26.3433 26.0536 31.1525 35.2296 25.642 25.5506 25.5317 25.4208 25.3651 25.285 25.2741 25.1713 24.9647 24.9525 27.3755 26.8502 29.738 29.2532 26.041 26.4155 24.9826 28.9166 31.2568 24.9328 28.769 24.9306 45.9604 27.0125 30.2044 24.8598 24.8523 24.8068 24.7588 31.3615 24.7053 24.6114 24.4794 25.5448 24.4219 29.9242
threshold=-0.00011707805606420151 16.500000000000004 0.70332038402557384 20.500000000000004 -0.062815573066472993 -0.0013933954760432241 5.5000000000000009 0.37500000000000006 0.0011803390807472172 -0.79500001668930043 -1.0000000180025095e-35 3.8850001096725468 1.5000000000000002 0.5249999761581422 22.500000000000004 0.0034793812083080415 11.500000000000002 -0.30500000715255732 13.500000000000002 0.074999999254941954 33.500000000000007 15.500000000000002 0.0028727968456223611 16.500000000000004 -11.499999999999998 1.0000000180025095e-35 0.0048858390655368575 -11.499999999999998 0.11499999836087228 51.500000000000007 0.0013266943278722467 52.587352752685554 0.00014055730571271854 0.0046751385089010009 -5.9734396927524351e-05 -0.091147936880588518 91.500000000000014 1.9950000047683718 1.5000000000000002 -29.499999999999996 65.500000000000014 -15.499999999999998 0.0012600506888702514 1.5000000000000002 -0.06877190992236136 -0.0013985905097797511 0.036647677421569831 0.0036674216389656071 0.0007081399962771685 0.0008947859168983997 2.3249999284744267 -0.27500000596046442 0.00070006621535867463 -0.22500000149011609 6.5000000000000009 39.658710479736335 75.500000000000014 9.5000000000000018 14.500000000000002 -0.0014871690655127166 -1.0000000180025095e-35 0.0015067084459587934 78.500000000000014 0.45353718101978308 -0.00014316141459858042 0.24499999731779101 5.5000000000000009 51.047828674316413 0.00034618088102433836 -0.000408184845582582 -0.79500001668930043 0.21499999612569812 0.0014323308714665475 0.2650000005960465 48.500000000000007 -0.011222868226468561 19.500000000000004 0.00086408838978968572 29.525830268859867 6.2702416471438496e-05 -0.021589153446257111 1.0000000180025095e-35 -32.499999999999993 0.00012648225674638527 -0.23499999940395352 0.12499999627470972 0.002532730577513576 0.0012042629532516005 64.316398620605483 0.16499999910593036 -0.014999999664723871 -0.84999999403953541 -0.19488657265901563 -0.0027501116273924704 0.00022078881738707426 -0.32500000298023218 -2.9666349291801449e-05 4.2249999046325692 11.500000000000002 0.00057024738634936522 33.500000000000007 0.5545443892478944 6.5000000000000009 0.0081769023090600985 -0.011461004614830015 0.00039095796819310641 58.500000000000007 -16.499999999999996 1.0049999952316286 0.0022286610910668973 -39.499999999999993 12.500000000000002 1.0000000180025095e-35 0.036947268992662437 -1.0000000180025095e-35 0.16499999910593036 6.5000000000000009 71.510921478271499 0.003938893089070917 17.500000000000004 0.010662377346307041 0.79500001668930065 -35.999999999999993 0.7749999761581422 0.0050757061690092095 76.500000000000014
decision_type=2 2 2 2 2 2 2 2 2 2 2 2 2 2 2 2 2 2 2 2 2 2 2 2 2 2 2 2 2 2 2 2 2 2 2 2 2 2 2 2 2 2 2 2 2 2 2 2 2 2 2 2 2 2 2 2 2 2 2 2 2 2 2 2 2 2 2 2 2 2 2 2 2 2 2 2 2 2 2 2 2 2 2 2 2 2 2 2 2 2 2 2 2 2 2 2 2 2 2 2 2 2 2 2 2 2 2 2 2 2 2 2 2 2 2 2 2 2 2 2 2 2 2 2 2 2
left_child=4 7 48 6 -1 42 9 16 -9 -4 -5 47 13 14 95 -16 26 31 22 20 50 27 120 24 25 -21 36 -22 29 -29 -30 32 34 -34 -18 -27 79 45 39 -28 41 -8 43 -6 76 -33 -47 -12 97 -40 52 -52 -20 -46 56 57 64 92 59 -59 -60 62 111 -64 65 -55 68 -68 72 -69 -67 73 -66 -72 -75 -62 78 -78 -7 80 86 85 109 84 -84 -81 -2 88 94 91 -58 -90 -56 116 122 -13 -51 -3 -93 100 -99 102 106 -103 -102 -106 107 -101 -109 110 -83 -57 113 114 -113 -104 -87 -26 -14 -120 -19 -45 -82 -124 125 -42
right_child=1 2 3 10 5 44 40 8 -10 -11 11 12 118 -15 15 -17 17 18 19 23 21 -23 -24 -25 117 35 38 28 30 -31 -32 37 33 -35 -36 -37 -38 -39 49 -41 124 -43 -44 121 53 46 -48 -49 -50 96 51 -53 -54 54 55 61 90 58 60 -61 75 -63 63 -65 66 70 67 69 -70 -71 71 -73 -74 74 -76 -77 77 -79 -80 81 87 82 83 -85 -86 93 -88 -89 89 -91 -92 98 -94 -95 -96 -97 -98 99 -100 101 104 103 115 -105 105 -107 -108 108 -110 -111 -112 112 -114 -115 -116 -117 -118 -119 119 -121 -122 -123 123 -125 -126 -127
leaf_value=0.013069920386358545 0.0059021654820959517 -0.00066147080917755335 0.01461422637591513 -0.008216888138994953 0.0090390333598784952 0.010360729019111451 0.014120321937965211 0.026304348163577931 0.0013917834203550803 0.0010821267995159529 -0.02541518783103644 0.024934034981958592 -0.0083185955588887268 0.048677186282449145 0.012806935329650418 -0.027076942255549064 -0.00073504303974015366 -0.0046742196446585768 0.041573819386100039 0.030577174757567195 -0.020778762861329698 -0.015806520973201149 0.029769352010345237 0.013190909601733032 -0.0048101268131109766 0.046450545890645158 0.031286006798041402 -0.016908681719126639 -0.0223255781570342 0.028218148478658729 0.036442583005497874 -0.017618767714196452 0.017228520322861977 -0.0031059563696340404 -0.053664405091591788 0.00069049851710748758 -0.036260693497448641 -0.047038232257397505 -0.0048746293307739205 -0.0094420936490899263 0.020374909307164388 -0.019043288904007343 0.0047422902308210191 -0.0087032946218121281 -0.00068744916346254105 -0.0069695090521389533 0.038117841348122891 -0.0050298310593733086 0.025245853002052329 -0.0062105696891731222 0.035628191673715399 0.001781645286628903 0.012317394872579344 0.0020648527164976688 0.038002687582821104 0.0042387149213309779 -0.012876348331320142 -0.038838690058494697 -0.042602676918036125 0.011831547081862931 -0.044728265174354603 -0.0066173486905738545 0.011558144417305939 0.04954209947708027 0.00065967221026744238 -0.009661876284811759 0.0090967770700082894 0.0044709575510422581 0.0091918507003486034 -0.0087366166766019906 0.00071475732946511394 -0.010289098906692971 0.0065696349556349891 0.0032888410678995113 -0.017972269234113807 0.0012237624384360093 -0.015958282037105299 0.00056950522074884801 -0.017307128862491836 0.0076467338448969503 0.027290238426988585 0.011431232669645994 -0.059565473847113262 -0.0024858835679253191 0.0021805502711570112 0.050270638143459161 -0.019432717250977616 0.0061305064715359969 0.013392667630731665 0.00055494493474762081 -0.0015021184522706595 -0.01287418130087337 0.013285948071369333 -0.01017609484450994 0.004852909010008402 -0.003455676801250562 0.0024695910461095968 0.012655116666463835 -0.046157154231419834 0.016158565934159385 0.0098892208535371236 0.0077340807959567423 -0.014169893865972378 -0.0055744009316732145 -0.0019310152073718616 -0.017747705966332693 0.008295925771541186 -0.0067867368265753167 0.023345703362868994 -0.065728566634201652 -0.038505212502383021 0.047516692577389254 -0.0026575976464473707 -0.029691835238451217 0.0093127440602421285 0.0026134310006683714 -0.0066803803349854201 0.010283834347771831 0.007237112932067493 -0.023675380267770409 -0.017486599670023275 0.011146080664070843 -0.00058171383984656141 -0.011510660545878702 -0.023033173084178953 -0.031420313778867628
leaf_weight=2177.4054259955883 17104.098465874791 25171.807965606451 1645.0330067873001 11198.06892362237 1360.9412929415703 410.95451585948467 535.35209475457668 691.17321716248989 19470.388623058796 24476.73460765183 919.99593570828438 1003.8348766565323 2858.3616083860397 201.77860970795155 384.85866956412792 395.77077829837799 212.32283313572407 17544.642106607556 695.6589272916317 661.73635643720627 293.10978844761848 1176.7735670953989 273.85026337206364 1609.5740523040295 16081.447650626302 141.91663092374802 197.78570456802845 205.45931771397591 419.19181554019451 1425.2971726059914 126.454873919487 2539.0884839743376 1127.9857025146484 13917.088855072856 228.12378206849098 3221.5758002698421 218.32196767628193 185.77953650057316 18390.661642536521 8372.9984774142504 786.33771665394306 2271.9221150428057 3129.3105603605509 10532.92254409194 62541.189601510763 17759.62097017467 141.77187313139439 2080.0355764776468 485.97484411299229 4380.9821645617485 324.13673563301563 1177.1945558637381 560.63008961081505 42008.221787795424 462.58760565519333 25325.097371712327 2882.6730005741119 142.99450173974037 214.61503721773624 5096.2362052947283 129.97182908654213 3558.5962278395891 1343.1999564021826 232.78359650075436 118110.50242511928 5271.3598309755325 13451.50498726964 5553.6938671320677 6200.2700622230768 2773.3036335855722 25049.611124381423 4065.9664707034826 8882.5327392369509 1185.2949534356594 1762.7417144030333 2641.7407008260489 1207.2791833877563 9185.6531956642866 2060.9498548209667 6517.2989533096552 307.59871914982796 210.2088772803545 207.74090303480625 51139.936823636293 202.58870139718056 148.7557877600193 420.51407657563686 5846.3381938040257 348.48471722006798 3730.5807493627071 6343.7132754772902 3881.6894360631704 4328.5933290719986 1825.2525924295187 8992.1390408277512 456.33245338499546 14315.727729558945 1443.4092888832092 239.25352375209332 815.74502640962601 1636.6518165320158 21037.024579450488 1989.0425499081612 1792.366178393364 9834.8340293765068 1182.9121748507023 5810.9702463299036 4159.0772976130247 375.31656619906425 128.50321182608604 255.71179363131523 221.50295777618885 16722.897803783417 164.370870038867 3148.5860247761011 1586.491961941123 158.01852102577686 1167.9188000112772 3261.7846599817276 364.90942253172398 1646.1903992891312 664.04074944555759 56750.145548015833 2222.4367969185114 236.21928286552429 129.98112031817436
leaf_count=8804 68597 100951 6602 45005 5459 1650 2153 2773 78099 98205 3697 4031 11483 811 1548 1593 854 70470 2790 2658 1175 4724 1101 6458 64529 569 797 825 1681 5718 507 10174 4520 55766 921 12934 875 747 74064 33700 3163 9149 12546 42226 250767 71534 572 8369 1949 17619 1302 4728 2259 168311 1877 101647 11579 573 861 20573 526 14297 5386 934 474876 21142 54363 22328 24854 11119 100467 16290 35625 4750 7069 10661 4848 36930 8266 26116 1236 842 841 204884 816 597 1687 23447 1405 14997 25483 15629 17468 7310 36021 1832 57663 5790 962 3268 6561 84312 7972 7191 39416 4743 23285 16668 1505 515 1028 887 67140 660 12637 6358 633 4695 13099 1465 6637 2660 227836 8932 949 522
internal_value=0 -0.000815799 0.000573201 -0.00161373 0.000888922 0.000822343 0.000708704 -0.00139776 0.00224583 0.00193432 -0.00463471 -0.00127165 0.00209197 0.0112534 0.0078835 -0.00741376 -0.00164988 -0.00316932 -0.00124969 0.00142431 0.00886586 0.00200305 -0.00527321 -0.000658129 -0.00170591 0.00721714 -0.00102548 0.0104897 0.0147008 0.0225326 -0.00870592 -0.00576091 -0.00233706 -0.0015814 -0.0281491 0.00262126 -0.000356857 -0.00833143 -0.00338106 -0.00850222 -0.00737633 -0.0127189 -0.00364169 -0.0057309 0.00100534 -0.00797963 -0.00661244 -0.0112812 0.00207809 -0.00219757 0.0179403 0.0090891 0.0285179 0.0011632 0.00153987 0.00344381 0.00104162 0.00907354 0.00522991 0.0104486 -0.0039258 0.00199891 0.0026491 0.0171686 0.00128171 -0.000200438 0.00204055 0.00564623 0.00145098 7.21795e-05 -0.00274928 -0.00161282 0.00107304 -0.000352809 -0.00942397 -0.000931031 -0.00353259 -0.00135042 -0.0127073 -0.00030806 0.000678859 -0.0019289 -0.00297154 -0.00269757 -0.0290801 0.00435693 0.00529424 -0.000303698 -0.000795595 -0.00661944 -0.00505586 -0.0126078 0.0156723 -0.00569951 -9.6109e-05 0.0160617 0.00043567 0.00193156 -0.0148065 0.00319494 -0.000392506 0.00454124 0.00121369 0.00668921 -0.00188077 -0.00362916 0.00375627 -0.00117441 -0.00429264 -0.0267311 -0.0159754 0.00214709 -0.000467788 0.00989305 0.0118237 -0.006723 0.0209353 -0.00378815 -0.00135867 0.00412677 -0.00577327 -0.00752612 -0.00084682 -0.000993581 0.0056368 0.0130277
internal_weight=0 442069 130529 53207.3 400546 398368 30081.6 311540 20161.6 26121.8 23125.7 11927.7 8927.63 2442.58 2240.8 780.629 291378 84864.5 48752.8 29288.1 6403.91 3646.29 19464.7 22884.2 21274.6 4025.23 206514 2469.51 2176.4 1630.76 545.647 36111.8 15485.5 15045.1 440.447 3363.49 160856 20626.3 45658.2 8570.78 3959.81 2807.27 15687.2 12557.9 382681 20440.5 17901.4 3000.03 77321.6 37087.4 2757.62 1501.33 1256.29 369816 307275 63733.8 243541 13016.7 8225.56 5239.23 2986.33 50717 47158.4 1575.98 234315 79343.2 154972 21778.5 133193 8327 37335 32063.6 126993 27997.6 2948.04 2771.71 12864.8 10392.9 2471.9 160637 99843.3 60794 52144.7 51550.3 410.33 8649.33 17524.6 82318.7 76472.3 8200.01 9226.39 4469.43 4791.18 2132.03 68272.3 1460.17 18696.7 76835.6 4120.94 51663.8 14097.8 37566 14736.6 22829.4 12654.4 11017.7 11161.1 5350.14 4534.39 594.424 465.921 45582.5 20257.4 3534.46 3370.09 3575.53 306.774 17249.4 6485.06 3626.69 19190.8 11197 59280.2 58972.6 1152.54 916.319
internal_count=3382953 1774414 523645 213676 1608539 1599735 120743 1250769 80872 104807 92933 47928 35862 9815 9004 3141 1169897 340848 195760 117552 25709 14630 78208 91843 85385 16161 829049 9906 8731 6543 2188 145088 62061 60286 1775 13503 645206 83027 183843 34497 15936 11302 62891 50345 1536844 82280 72106 12066 309969 149346 11079 6030 5049 1485150 1234383 256127 978256 52539 33194 21146 12048 203588 189291 6320 941194 318029 623165 87810 535355 33447 149718 128576 510501 112286 11819 11187 51694 41778 9916 644331 400749 243582 208926 206541 1657 34656 70284 330465 307018 32993 37062 17996 19345 8540 274025 5863 75282 308020 16591 207069 56510 150559 59056 91503 50720 44159 44726 21441 18173 2385 1870 182971 81324 14184 13524 14330 1230 69224 26047 14564 77107 44886 238004 236768 4634 3685
is_linear=0
shrinkage=0.1


Tree=26
num_leaves=127
num_cat=0
split_feature=16 42 24 14 42 45 28 44 37 41 37 37 27 5 8 38 16 39 37 26 41 39 38 39 3 25 39 37 38 43 24 39 28 22 43 37 12 43 45 38 43 37 46 5 43 43 37 13 8 32 9 37 33 43 37 37 44 3 5 26 41 43 38 45 8 44 38 14 41 25 45 31 13 8 43 33 37 45 44 13 4 44 5 46 13 37 37 15 31 3 37 46 44 4 37 41 25 39 45 44 44 26 26 32 28 37 4 37 44 12 24 9 33 21 11 31 45 21 5 4 22 32 44 31 43 44
split_gain=50.9226 67.3019 64.8261 63.1047 60.0131 42.4203 42.8153 40.3346 45.422 52.4853 41.3836 51.2538 39.5258 44.4326 57.0617 43.0358 39.1438 39.0226 38.8035 48.3886 37.8088 37.6147 47.1326 43.8178 38.1294 37.4933 37.2917 36.7565 35.043 34.3286 33.9022 33.6644 33.6241 33.4971 32.6203 32.0798 30.7063 43.9245 40.742 34.9083 31.9624 32.4161 31.5958 31.0614 34.5818 30.4552 38.0435 31.3625 30.3042 33.9278 30.2167 30.0828 29.8939 29.8151 29.7056 29.5532 29.4024 29.9175 29.2418 29.1614 28.7864 32.4741 28.7213 28.7028 29.7802 28.4901 29.697 28.5255 28.4078 34.0821 32.662 32.3056 28.3227 35.1147 32.3206 31.6582 27.7411 39.9821 28.2343 27.6269 27.6156 27.0403 33.1344 30.3063 29.9882 27.3144 26.4974 26.4789 29.5689 26.1367 26.1214 34.9917 29.3578 32.8141 29.092 26.0428 25.8195 25.2777 32.0171 29.3412 29.2169 27.9785 27.3674 29.9996 25.2265 26.6029 25.1767 25.0669 24.9515 24.918 29.4426 37.6922 27.6062 24.8252 34.995 28.4974 24.7388 27.4799 24.702 24.6316 30.616 24.5762 24.4943 28.8823 24.3136 24.2466
threshold=0.00010145815394935199 0.37500000000000006 0.0044091162271797666 0.0044335266575217256 0.49500000476837164 50.500000000000007 -0.0085825794376432878 -0.22500000149011609 2.1333333253860478 5.0750000476837167 5.1666667461395273 6.0666668415069589 -0.0033247572137042876 -0.0055745369754731646 0.00093652622308582078 2.5000000000000004 -0.00030349190637934948 4.5000000000000009 1.8999999761581423 0.55605316162109386 5.2049999237060556 5.5000000000000009 17.500000000000004 1.5000000000000002 0.00015628738037776205 0.013434882275760176 2.5000000000000004 7.8999998569488534 5.5000000000000009 -0.17500000447034833 0.0012576653971336784 1.0000000180025095e-35 0.0026577851967886095 58.668376922607429 -0.71500000357627858 4.8999998569488534 -0.00023477432841900733 0.33500000834465032 8.5000000000000018 7.5000000000000009 -0.74500000476837147 2.0999999046325688 3.5000000000000004 -0.061199817806482308 0.27500000596046453 0.94500002264976513 3.5999999046325688 -0.00027033616788685316 0.0003588394465623424 -0.0020803837105631824 0.0008028437732718886 0.39999999105930334 -0.002390306093730032 -0.75499999523162831 3.5999999046325688 0.10000000149011613 0.80000001192092907 -0.00076451853965409089 0.071029871702194228 -0.038724686950445168 4.0850000381469735 0.18500000238418582 22.500000000000004 26.500000000000004 0.0016646742005832495 -0.13499999791383741 3.5000000000000004 0.0018279009382240476 5.2049999237060556 0.020144728943705562 33.500000000000007 0.0010765822953544559 -0.00045614944247063244 0.0014888781588524582 0.47499999403953558 -0.010411103721708058 5.6666667461395273 24.500000000000004 -0.38499999046325678 -7.3215105658164234e-05 0.0033753379248082642 -0.42499999701976771 -0.013520567677915095 -5.4999999999999991 0.00015262613305822018 0.20000000298023227 1.2666666507720949 0.37175273895263677 -0.0073864969890564671 0.00092339658294804405 7.8333332538604745 -1.0000000180025095e-35 -0.51499998569488514 -0.005629586521536111 7.2333333492279062 3.8449999094009404 0.0072019908111542472 2.5000000000000004 25.500000000000004 -0.68500000238418568 -0.25499999523162836 0.89802452921867382 0.82402655482292186 -0.0045723000075668088 0.00064423531875945639 0.13333333656191829 -0.044850617647171014 0.33333332836627966 -0.54500001668930043 0.0012714072363451125 0.012762212660163643 0.0043810387142002591 -0.033519638702273362 -0.37114390730857844 0.00044239249837119138 -0.042186584323644631 33.500000000000007 -0.66287860274314869 0.01345209823921323 0.018482225015759472 61.18230056762696 0.0014882499817758801 -0.10500000044703482 0.015068770386278631 -0.35500000417232508 -0.59499999880790699
decision_type=2 2 2 2 2 2 2 2 2 2 2 2 2 2 2 2 2 2 2 2 2 2 2 2 2 2 2 2 2 2 2 2 2 2 2 2 2 2 2 2 2 2 2 2 2 2 2 2 2 2 2 2 2 2 2 2 2 2 2 2 2 2 2 2 2 2 2 2 2 2 2 2 2 2 2 2 2 2 2 2 2 2 2 2 2 2 2 2 2 2 2 2 2 2 2 2 2 2 2 2 2 2 2 2 2 2 2 2 2 2 2 2 2 2 2 2 2 2 2 2 2 2 2 2 2 2
left_child=4 3 5 17 12 6 -3 8 9 18 21 28 -1 15 56 60 25 45 19 48 30 22 97 -24 29 62 -22 50 -12 32 -13 -30 53 76 -21 116 37 43 39 -38 -40 42 122 44 59 47 89 124 -6 -50 -5 -11 -7 -23 -41 95 57 58 -15 -4 61 -14 -9 -62 -65 67 -67 -54 69 70 71 -19 96 74 -74 -75 125 78 -78 -43 -8 83 -83 84 -36 -84 107 -29 -89 -47 92 -92 93 -32 108 -52 -57 98 101 -99 102 -10 103 -101 105 -18 -77 -63 121 110 111 -98 -112 114 -17 -115 117 -25 -26 120 -70 -95 -42 -124 -2 -33
right_child=1 2 36 27 7 52 80 16 10 51 11 20 13 14 -16 113 104 68 -20 34 26 24 23 35 118 -27 -28 87 31 -31 90 33 -34 -35 81 -37 38 -39 40 54 41 79 -44 -45 -46 46 -48 -49 49 -51 55 -53 65 -55 -56 72 -58 -59 -60 -61 63 86 -64 64 -66 66 -68 -69 119 -71 -72 -73 73 75 -76 106 77 -79 -80 -81 -82 82 85 -85 -86 -87 -88 88 -90 -91 91 -93 -94 94 -96 -97 109 99 -100 100 -102 -103 -104 -105 -106 -107 -108 -109 -110 -111 112 -113 -114 115 -116 -117 -118 -119 -120 -121 -122 -123 123 -125 -126 -127
leaf_value=-0.0022011725070622263 -0.0073623490323832712 0.050255561546007625 0.013868175268581221 0.0061612185908942836 0.02129607837908859 0.0107845835364634 0.010128126620997324 -0.010912457450195496 0.017759613026373845 0.050179790322529755 0.0012152661623645751 0.035124140232058683 0.03920645736972822 -0.0031060083597845029 0.0029622684565528369 0.0046902878696882975 -0.03059378005889531 0.014737796729692105 -0.020575724831414038 -0.02341399513771459 0.00087582952898638319 0.037966052722757299 0.00068226350625918584 0.046124943242552625 -0.023628810450486547 -0.0044544540195006069 -0.052498789924892833 0.026355015741619938 -0.036452346761548383 -0.033913707778213072 -0.024070337420788436 -0.037912924178591781 0.04461974488983695 0.0059846051865943247 -0.036287073752510723 -0.0091045428136307584 -0.054469427603191505 -0.018416857411442521 0.008482332162368364 0.014962435363241917 -0.016179606257911049 -0.0025259080260876575 0.0030288169059496093 0.0061496780445477687 0.045906573598038569 -0.019259040700528099 -0.0026134058058375682 -0.0029175191983286638 0.008592623499765431 -0.0056924958210098258 0.039998114742535014 0.00822638019045553 -0.027029464485978535 -0.0042151944596406045 -0.030938948854355032 0.038867776885619459 0.036340146442084005 -0.00034732061729903342 -0.025346389394114779 -0.011202792123294336 0.037605285195928158 -0.014774029062963434 -0.041219631701338168 0.010233289994997521 -0.01044535612521214 -0.011718606261296735 0.0049745353052132501 -0.003484528966638679 0.0056249285757285451 -0.0089222235190040706 -0.0017696458425089483 -0.0013800058364111982 -0.00054277380738772057 0.0031897642070655521 0.0042191754653962705 -0.024383697466719284 -0.032001302797351382 -0.015063367563555571 -0.08519501141823467 0.005751060420965245 0.0025273191536511388 -0.038293428918958296 -0.044848481627219328 0.0071979530843061211 0.015364979877016273 -0.0046518367750211214 -0.010819795263666599 -0.043960248175639996 0.012295385198548102 -0.057142849865841033 0.0068105073982987832 -0.028108748642528721 0.0058579357870305855 0.0044767932274811396 0.015083256207642157 0.00784828707091321 0.0026171372229627007 0.026250313827463009 0.00048074935265445299 -0.034570453267736848 0.015965226238530254 -0.013942507470705363 -0.022920214198376143 -0.0011499541439236663 0.0015499835610198907 -0.0033837895593561667 -0.0051941150162392955 0.016276323613741196 -0.043179878627768203 0.0096282399707780589 0.031994967890451954 0.038394983218578822 -0.010735147262817055 0.025750318261712292 -0.0031436913197267023 -6.1300211145663155e-05 0.031672570937031193 0.012101679837098228 0.0041255868649129239 0.033753133482480588 -0.0084475743284153897 -0.023157268740166576 -0.0058743727569698558 0.038509435719880941 0.0074497134250370691 -0.0021396141406319342
leaf_weight=63567.851781591773 1410.7180442363024 245.36922170221806 568.19135329127312 12547.182865381241 634.93573074042797 2922.2963091880083 19732.076633244753 8935.4196051061153 2616.6652125567198 209.83793048560619 2123.754863396287 307.63266561925411 190.94431282579899 49445.308269992471 39146.849209368229 32546.205050498247 364.63235345482826 2846.7849656045437 1697.9698841571808 1638.6375806778669 269.31897486746311 205.79543010890484 2125.1257675886154 261.78748269379139 1235.4716146886349 23378.908728778362 254.69334109127522 1022.0644635558128 598.8924286365509 194.46687260270119 717.01337489485741 219.92222061753273 244.08873811364174 894.95757251977921 361.55841417610645 396.99489356577396 248.83298698067665 863.36120496690273 3421.5570327788591 264.16946342587471 3609.5663110166788 11145.073442921042 2003.615372851491 18624.241418868303 130.7146929204464 610.5107686072588 1106.7710164934397 77722.319543674588 2374.5402173995972 5545.316580593586 330.35812716186047 921.46542966365814 691.1452652066946 902.16965267062187 302.36321927607059 204.5564883351326 206.77756302058697 94379.635767638683 598.3328774869442 2528.7139651626348 356.7490167170763 358.86685620248318 324.02873195707798 9809.9613157063723 749.66073569655418 1263.6950212866068 6801.956094533205 2013.9997503459454 13256.626774698496 4420.0336484611034 13062.540171414614 2208.1414051502943 43933.693287521601 4842.1272282004356 21097.668943122029 718.70396867394447 265.91201373934746 947.09974454343319 159.71617363393307 6319.0796583890915 6308.2571711689234 467.95858024060726 187.46275199949741 1735.4498930573463 163.11031351983547 1720.9832684844732 1887.7243359684944 124.5315845310688 374.1559382379055 259.5316150188446 511.94016095995903 653.02086988091469 9044.7938824892044 1134.8383529782295 865.05802854895592 1061.7066156119108 21798.45120292902 342.20865969359875 3809.8187264502048 286.47371011972427 663.47076997160912 311.53035524487495 834.83559803664684 4302.425571963191 13767.837129250169 24625.231119394302 14038.7339271456 943.7082434296608 174.71682488918304 5037.6726998984814 161.09652377665043 298.48977492749691 2460.0728797763586 430.69371561706066 6913.4398629814386 62262.65944673121 1367.5549282431602 2547.3052079677582 433.08986699581146 283.18692895770073 1750.0821416974068 449.22541454434395 1226.9692302048206 166.51416073739529 5167.8293620347977 1368.1530392169952
leaf_count=255978 5655 986 2306 50462 2552 11842 79477 35928 10512 845 8534 1238 767 198181 156867 130429 1472 11427 6824 6609 1083 827 8533 1050 4981 93955 1024 4124 2407 781 2879 884 986 3606 1457 1595 998 3467 13716 1059 14482 44673 8035 75147 525 2447 4434 311580 9548 22263 1330 3705 2776 3623 1212 828 829 378673 2397 10187 1431 1440 1304 39354 3009 5077 27311 8091 53258 17720 52430 8863 176521 19475 84670 2884 1068 3804 642 25331 25317 1885 759 6996 659 6937 7566 500 1503 1041 2060 2628 36336 4554 3477 4271 87771 1378 15310 1152 2667 1260 3370 17275 55308 98821 56281 3784 702 20187 664 1226 9903 1729 27739 249665 5487 10227 1749 1135 7023 1809 4920 668 20705 5498
internal_value=0 0.000980005 0.00330717 0.000143093 -0.000600645 0.00632754 0.0086786 -0.00241757 -0.000544967 -0.0048298 0.00117309 -0.00204359 6.40883e-05 0.000543717 -0.000424674 0.00207199 -0.00403588 -0.00146994 -0.00625611 -0.00461657 0.00130073 0.00409424 0.00571825 0.0125472 -0.00594059 -0.00658746 -0.0250666 0.00168237 -0.00935521 0.00537109 0.00229774 -0.0143947 0.0110215 -0.0109686 -0.0112861 0.0180603 0.000958972 0.00370608 -0.0012147 -0.0232484 -0.000570598 -0.0018364 -0.00758251 0.00458015 -0.00447643 -0.00264407 -0.0149132 -0.00235637 0.000275691 -0.00140952 0.00149951 0.016008 0.00181438 0.00361963 -0.00953552 0.000995198 -0.00134141 -0.00139536 -0.00337192 -0.006603 0.0072105 -0.000851861 -0.011973 0.00970775 0.00876525 -0.000619388 0.00235912 -0.00950009 0.00120805 -0.00104912 0.000871646 0.00769706 0.000819261 -0.000116146 0.00100211 -0.00382652 -0.016093 -0.0265042 -0.0519621 0.000468959 0.00828684 -0.00699984 -0.0144474 0.00083092 -0.0202294 -0.00860027 -0.00324941 0.0171379 -0.0017527 -0.0305597 0.0015525 -0.0127635 0.00289903 -0.00511172 6.90757e-05 0.0154779 0.00346156 0.00224409 0.00652403 -0.00224129 -0.00384302 0.0143868 -0.00626611 -0.00323631 -0.00188716 -0.00378082 -0.00612867 0.00772177 -0.00731566 0.00321816 0.00191176 0.00310043 -0.00810896 0.00135279 0.00331775 0.000116022 0.0206423 0.0152724 -0.0164249 0.00453516 0.00398379 -0.00335996 -0.0118321 -0.000570734 0.00427338 -0.00709363
internal_weight=0 345558 91401.8 254156 496893 39978.8 26285.7 133097 61701.2 17659.2 44041.9 20960.7 363795 300228 183777 116451 71396.1 124105 16527.9 14830 14382.3 23081.3 19866.2 6698.77 3215.08 32638.4 524.012 130051 6578.41 1546.52 13858.2 4454.65 1352.05 3855.76 6275.16 4573.64 51423 22715.2 28707.7 815.366 27892.4 24470.8 7006.67 21851.9 3227.62 86277.7 1976.81 84300.9 8554.79 7919.86 128531 1131.3 13693.1 1107.97 566.533 115983 144630 144423 50043.6 3096.91 14297.6 3381.24 9259.45 10916.4 10559.6 10770.8 8065.65 2705.15 37827.4 22537.5 18117.5 5054.93 114591 84630.9 65031.4 19599.6 2960.8 1372.73 425.628 17464.2 26040.3 4636.52 2376.4 2260.12 524.669 1908.45 3190.3 1520.75 498.688 870.042 13550.6 1164.96 12385.6 3340.85 2623.84 1392.06 29960.3 13167.4 6738.01 6429.41 6087.21 2928.2 5423.73 4588.9 38757.7 24989.9 14757.4 1302.58 1758.78 29755.8 24718.1 22096.9 2621.17 102153 39459.6 62693.4 4176.65 2809.09 1668.56 15289.9 15006.7 1584.06 5003.05 1393.48 6578.55 1588.08
internal_count=3382582 1387921 367603 1020318 1994661 160877 105780 534823 248035 71039 176996 84233 1459838 1203860 736947 466913 286788 497718 66489 59665 57790 92763 79816 26892 12947 131187 2107 522600 26443 6217 55683 17909 5436 15502 25302 18359 206726 91632 115094 3269 111825 98109 28105 88165 13018 345862 7922 337940 34363 31811 516473 4550 55097 4450 2271 466011 580080 579251 200578 12493 57351 13557 37232 43794 42363 43255 32388 10867 151856 90440 72720 20290 460410 339831 261191 78640 11896 5514 1710 70004 104794 18693 9581 9112 2116 7696 12790 6127 2003 3488 54445 4688 49757 13421 10542 5601 120579 52924 27082 25842 24464 11772 21797 18427 155601 100293 59165 5224 7065 119751 99564 88997 10567 409562 158168 251394 16764 11277 6730 61416 60281 6363 20070 5588 26360 6382
is_linear=0
shrinkage=0.1


Tree=27
num_leaves=127
num_cat=0
split_feature=0 32 11 37 13 5 45 41 37 24 31 43 39 41 37 37 45 44 37 13 43 37 39 13 12 34 28 43 44 45 37 20 10 40 23 7 31 21 31 33 34 31 10 44 44 12 9 29 25 43 0 25 38 13 37 23 19 23 19 37 37 31 33 21 25 44 43 44 34 40 24 28 23 40 25 43 9 24 16 38 41 34 12 4 7 7 32 21 25 43 37 32 37 5 4 1 44 13 7 39 43 34 43 12 23 1 44 25 27 33 34 38 39 23 25 5 5 44 34 17 25 39 1 37 24 25
split_gain=41.0974 44.8928 39.26 40.8801 40.551 41.3049 35.27 44.9652 33.4578 32.0024 30.1502 28.0761 27.3553 27.2019 30.3366 65.8282 36.247 42.9795 53.5065 28.076 33.0547 26.5653 26.4595 26.3865 26.0978 26.016 27.8958 25.9643 27.6538 25.8447 25.5088 26.2413 25.1708 32.1076 31.602 28.2989 27.1839 26.2811 27.4462 24.6569 29.8642 29.1715 24.3839 49.2944 49.4109 36.7034 64.2663 30.8232 29.1911 25.4861 25.3981 28.2734 24.3519 24.3225 26.8764 24.3003 24.2195 24.1833 24.0505 23.8939 34.2819 26.3641 23.8532 23.7379 23.3397 23.1872 23.0534 24.5651 23.0151 23.3522 22.8887 22.6522 22.4774 22.1344 28.7347 26.9119 22.8305 23.8169 21.902 21.8677 21.5646 21.4791 21.4285 33.9034 31.6043 21.1965 32.6334 22.9524 21.0573 30.594 20.9836 20.9504 20.7434 23.9618 22.9104 20.7313 20.7109 20.6822 20.6818 20.6238 20.5707 20.4687 20.4332 20.4079 24.0348 20.9309 20.2399 20.142 30.7025 20.3352 20.3237 20.596 23.7038 19.9951 19.9899 19.8833 29.765 25.1399 29.0284 23.2694 21.8997 20.6232 20.2068 20.134 23.4648 31.3811
threshold=-0.00018483635358279568 0.00039270440174732363 -0.00038426912215072656 7.8999998569488534 0.00013973662134958434 0.01345209823921323 29.500000000000004 3.3600000143051152 7.7000000476837167 0.005340179894119502 -0.0004578484949888661 -0.46500000357627863 5.5000000000000009 4.1050000190734872 0.733333319425583 2.0999999046325688 37.500000000000007 0.074999999254941954 6.4333331584930429 0.00038813076389487838 0.88499999046325695 0.23333333432674411 1.5000000000000002 -3.3829486710601479e-05 0.00027615459111984825 -0.55198299884796131 0.0011047035222873094 -0.11999999731779097 -0.40500000119209284 45.500000000000007 3.1333333253860478 -0.002915691002272069 63.018962860107429 1.5000000000000002 -0.00096608692547306408 0.00058997035375796269 0.00020036864589201289 0.42925943434238439 0.0054539614357054242 -0.002905797446146607 2.0630794763565068 -0.0036390749737620349 54.153259277343757 -0.20499999821186063 -0.074999999254941926 6.0126663811388432e-05 0.00018038069538306448 0.016884798184037212 0.0097811860032379645 -0.76499998569488514 2.5870710942399459e-06 0.0025972682051360611 2.5000000000000004 -0.00027666181267704809 7.5000000000000009 7.5495110650081201e-05 -0.0006587512616533785 -0.0011657094582915304 -0.00032812307472340757 0.10000000149011613 2.0999999046325688 0.005838480545207859 0.020384104922413829 0.66767430305480968 0.062527138739824309 -0.58499997854232777 0.18500000238418582 -0.43500000238418574 -0.50007984042167652 1.5000000000000002 0.0025775745743885641 -0.0017709217499941585 0.0030512855155393486 2.5000000000000004 0.070338167250156416 0.45499999821186071 0.00087537270155735325 0.0039178384467959413 -0.00043434112740214909 16.500000000000004 5.2049999237060556 -0.88932377099990834 -4.4878310291096561e-05 0.0010569957667030396 0.00046506820945069199 0.0010392721742391588 0.0031469514360651378 -0.5829544961452483 0.036764791235327728 0.22500000149011615 5.0666668415069589 -0.0011418706271797416 7.9333331584930429 -0.0185176208615303 -0.0052235210314393035 -0.0015809101168997584 -0.044999999925494187 -0.00050925073446705927 0.00062746854382567119 5.5000000000000009 -0.11999999731779097 -0.14193988591432569 -0.94499999284744252 0.00020210252114338803 -0.00062686440651305009 -0.00089137410395778705 0.10500000044703485 0.0046751385089010009 0.0030305131804198031 -0.008790395222604273 4.9860587120056161 18.500000000000004 1.0000000180025095e-35 0.0010921101784333589 0.033187879249453552 0.032953742891550071 -0.014544526115059851 -0.095000002533197389 -0.63663125038146962 1.7200302863784603e-05 0.0058329133316874513 5.5000000000000009 -0.0033677568426355715 0.86666667461395275 0.00086029974045231949 0.0040505265351384887
decision_type=2 2 2 2 2 2 2 2 2 2 2 2 2 2 2 2 2 2 2 2 2 2 2 2 2 2 2 2 2 2 2 2 2 2 2 2 2 2 2 2 2 2 2 2 2 2 2 2 2 2 2 2 2 2 2 2 2 2 2 2 2 2 2 2 2 2 2 2 2 2 2 2 2 2 2 2 2 2 2 2 2 2 2 2 2 2 2 2 2 2 2 2 2 2 2 2 2 2 2 2 2 2 2 2 2 2 2 2 2 2 2 2 2 2 2 2 2 2 2 2 2 2 2 2 2 2
left_child=2 8 3 9 5 6 7 59 13 12 11 106 107 14 39 29 19 30 24 -17 66 100 80 85 -19 26 -12 28 -6 -16 31 -18 58 34 -34 -35 -36 52 -39 40 41 96 48 45 47 46 50 49 68 70 -44 -52 55 54 -8 -38 -55 -33 -3 -4 61 64 72 -46 -61 -50 -21 -68 -15 97 -45 -24 -62 74 -67 -75 -77 -78 114 102 -13 -58 84 -84 -32 86 -23 -87 89 92 -65 -20 93 101 -95 -25 -2 -70 -11 -99 -9 -73 -30 104 -7 -105 -10 108 -1 110 111 112 -109 -106 -27 116 117 120 -119 121 -60 -118 -117 -121 -125 -126
right_child=1 32 4 -5 27 103 53 21 10 98 25 22 -14 42 15 16 17 18 91 20 -22 23 71 95 -26 78 -28 -29 79 -31 82 57 33 35 36 -37 37 38 -40 -41 -42 -43 43 44 63 -47 -48 -49 65 -51 51 -53 -54 56 -56 -57 81 -59 115 60 62 -63 -64 90 -66 73 67 -69 69 -71 -72 88 -74 75 -76 76 77 -79 -80 -81 -82 -83 83 -85 -86 87 -88 -89 -90 -91 -92 -93 -94 94 -96 -97 -98 99 -100 -101 -102 -103 -104 105 113 -107 -108 109 -110 -111 -112 -113 -114 -115 -116 122 119 118 -120 123 -122 -123 -124 124 125 -127
leaf_value=0.0093449022253361425 0.033924356663839916 -0.0036233383099377801 0.031889202945121257 0.021157183453621373 0.012027921532138152 0.00025415019176529497 0.0026420725576121883 -0.038204408270219703 -0.016724774027667439 -0.019867596588005135 -0.01653557153556055 -0.029262274508197225 0.010756493015008793 -0.003947012169910457 -0.0086366014857991846 0.0018252912727496594 0.010180437375678818 0.024564790266828382 0.0025256460908573753 0.00029076949053595823 0.041527970280312146 0.014484538031958573 -0.024727005457121837 -0.020539316165352341 -0.017612367291934425 -0.016907106323813852 0.01038504077020788 0.00049696854701417037 -0.029354823593645808 0.0031668484777730454 0.01625419021771847 -0.052173134563527304 -0.016594607389136443 0.0043381216479612596 -0.0074547588018564889 -0.0025617214657937789 0.020169614814633394 0.0094839377687986701 -0.0047645136420594991 0.00015403231554971845 -0.016571208969498357 0.0067907860252571957 0.022300461372922561 -0.055238127639009052 0.003499843606168191 0.0032339426399784852 0.0083802855842803649 0.029354922935126926 -0.020416268360580251 -0.0060160137609806255 0.093617163563693859 0.040006384976003187 -0.0063533690264157734 -0.031133536732238423 0.024382030203536419 -0.0072098127997906776 0.0044771514334438602 -0.017162850797786552 -0.025868934482282713 -0.0044116083947912214 0.0021792489402858955 -0.040274173196744006 0.027475106246621944 -0.0091621634680917347 -0.03954859373551077 0.0022617099573878597 -0.030197833254367618 -0.0081136673164210246 0.041215210247249438 -0.0049176448884214281 -0.015763542951860207 -0.051421087096549835 -0.03036516595279028 -0.002108817566206954 0.016600375894952023 0.018027830855765616 -0.037796455651853134 0.0037921918846339658 0.0082711747207209144 0.0083252366730439537 0.0022523079144009337 -0.0017569952325687873 -0.024855142152268982 -0.0022345717460495007 -0.0044115779924706385 0.040074917916697386 0.042697481352117934 0.00038106883882615321 -0.020046693428479222 0.017945060239116965 0.0047310311675170915 -0.041651914321628965 0.019122007869877646 0.026097324187935263 -0.018042185747786144 0.0055643498906681925 0.0031009917121027821 0.00020571967093983707 0.000842467964895211 0.0080747790003033743 0.0073380951886039053 -0.0038855896471557171 0.0016456923255494143 0.0009715727576018302 -0.0097422027238468455 -0.0042132598121137786 -0.046929717969981327 0.038609375106471243 0.0649899938372972 0.0023036003545124392 -0.013858921688044746 -0.0052183418617465687 0.011902388738296183 0.0025823828685590123 0.013650752924899546 -0.020615888671824189 -0.0021787673801571422 0.010492649863600908 0.0017126243670174516 -0.0084106825012037669 -0.001218937942458969 -0.0074191470619322233 0.0030470207036247116 -0.029541650978856707 0.018799758589696118 0.0012516750178816457
leaf_weight=427.56982274353504 897.76765018701553 27035.943339467049 233.47322590649128 1171.435584589839 4444.0295305252075 4587.6022659987211 9447.4086594134569 211.59314951300621 910.3875619918108 486.8586912304163 1512.8182154595852 752.61611327528954 5736.7521260529757 22065.870846316218 14728.527748987079 46396.580583527684 305.90294240415096 1187.7620777636766 200.89122253656387 2041.5923366993666 140.72947631776333 3901.3544830679893 371.74291254580021 328.13295030593872 167.38070696592331 763.31603194773197 516.27892832458019 29659.356509745121 215.88633653521538 2122.3498186916113 851.86371444165707 224.88745367527008 2322.4818947017193 7682.9867077171803 15956.9912224859 26264.328212484717 739.54621753096581 3424.1989251226187 2233.8583410084248 5145.0686694979668 356.26502077281475 2082.8543398678303 610.85257939994335 196.12651301920414 42725.055849894881 3498.6762629896402 2491.1718502640724 217.735366076231 482.41243748366833 4234.2230414152145 125.0268223285675 461.43316879868507 9389.5702231824398 271.37191881239414 605.08180977404118 577.13854840397835 6069.5156770795584 1608.2612043321133 370.67123399674892 3394.6009824872017 10999.924797639251 244.95987030863762 366.53648655116558 2934.6172640472651 200.19387605786324 64331.322035729885 682.60237541794777 1921.5982225239277 132.40553751587868 6643.106406211853 585.0859369635582 225.16222336888313 216.39863878488541 23949.979112043977 1428.6600114256144 1209.8351035416126 143.75194695591927 3271.0992473065853 3157.1937829703093 6113.2739985138178 305.1698739528656 61791.272285073996 1196.2060573548079 1485.2611748278141 5636.4277593791485 161.21334363520145 458.12665055692196 1511.3003553003073 377.81793391704559 1032.3611045479774 1726.8022531121969 230.53220655024052 253.68280419707298 210.54359440505505 266.35721302032471 4179.1392039358616 287.89734870195389 19076.257302209735 50361.510822340846 4035.1018698066473 186.67778943479061 151.55697347223759 14043.269946321845 15712.317064866424 10744.661405608058 15434.507769986987 293.32519532740116 377.69208006560802 129.09411682188511 34566.423569858074 333.98097157478333 592.26658929884434 2766.9889821857214 1500.1602907776833 297.51372866332531 367.82564099133015 48945.501292482018 4772.6757741123438 17845.309678122401 2120.4481267482042 13026.522524148226 8870.9515647441149 19106.814308553934 235.36213916540146 1078.8123434782028 18405.535577356815
leaf_count=1730 3611 108331 939 4735 17859 18386 37855 852 3659 1960 6075 3018 23304 88527 59134 186181 1231 4761 805 8192 564 15649 1494 1315 671 3063 2072 119016 867 8512 3416 902 9362 30981 64408 105928 2980 13851 9026 20654 1432 8372 2456 787 171186 14046 9982 873 1941 16978 514 1861 37932 1089 2424 2331 24326 6448 1488 13618 44107 983 1470 11769 803 258219 2737 7705 537 26649 2347 903 868 96133 5738 4848 577 13117 12678 24531 1225 247734 4792 5953 22618 646 1836 6057 1516 4138 6924 924 1021 845 1068 16765 1154 76571 202766 16242 749 608 56395 62958 43051 61942 1178 1527 526 139246 1355 2396 11188 6010 1193 1476 196347 19125 71533 8521 52240 35644 76691 949 4323 73758
internal_value=0 -0.000525413 0.000928562 0.00258953 0.000151506 -0.00068385 0.000428882 0.00357474 0.000264979 0.00236244 -0.00505176 -0.010716 0.004307 0.000469378 -0.000982626 -0.00158659 -0.000128129 -0.00482283 0.0095907 0.00107303 -0.00621881 0.00849435 -0.00663878 0.00945239 0.0193553 -0.00038165 -0.00968595 0.00249396 0.00488065 -0.00714997 -0.00709988 -0.0169333 -0.00157987 -0.00318579 -0.0053275 -0.00100014 -0.00451789 -0.00165412 0.0038585 0.00460463 0.0109219 0.0139186 0.00110127 0.00280325 0.00174222 0.0105714 0.0175313 -0.00747887 0.000407735 -0.00907794 0.0365713 0.0514356 -0.00456743 -0.000641145 0.00395065 0.00816847 -0.00131864 -0.0214579 -0.000900687 0.000137832 -0.000342832 -0.00853143 0.00237171 0.00276056 -0.00636838 0.00145166 -0.00766515 -0.0139023 -0.00149749 0.000311026 -0.0256738 -0.00168467 0.00155136 0.00156349 0.00257322 -0.000760258 0.00622356 0.00204147 0.00409422 0.00332155 -0.0201704 -0.00119941 -0.00480601 -0.0123256 -0.00169832 0.0137776 0.0174494 0.00420715 0.00171786 0.00556101 -0.00401549 -0.0210807 -0.0059849 -0.0134463 0.00144466 0.00366398 0.02644 0.00180539 0.000644175 0.00157961 -0.0168577 -0.0322972 0.00117634 -0.00311386 -0.00591933 -0.00159772 -0.0240852 0.003363 0.0222494 0.0030909 0.00977589 0.0118882 0.01511 -0.00823227 -0.00833704 -0.000356023 -0.000853718 0.00153194 0.00356532 -0.00193234 -0.00190095 -0.00298281 0.00260009 0.000848518 0.00184415 0.00222328
internal_weight=0 538647 304184 96950.6 207233 152758 104778 26593.6 307874 95779.1 11397.8 5150.72 44930.8 296476 89899.2 81129.4 64278.5 13095.4 1786.57 51183.1 4786.52 10937.5 3947.01 10539.3 1355.14 6247.12 2029.1 54475.8 24816.5 16850.9 11308.8 2139.05 230773 68591.1 34643.8 33947.3 32321.3 16364.3 5658.06 8769.85 3624.78 3268.52 206577 59806.8 52619.6 7187.16 3688.48 5233.17 146770 5015.44 1197.31 586.46 10706.3 78184.7 10052.5 1316.68 68132.2 1833.15 162182 15656.1 15422.6 3839.75 11582.9 47386.5 3594.79 94817.1 4645.79 2604.2 51952.7 29886.9 781.212 2889.22 11216.3 94334.6 65760 28574.7 4624.69 3414.85 4218.02 20372.4 1057.79 67860.8 9169.76 2681.47 6488.29 6031.99 4359.48 1672.51 2517.48 2139.66 4661.42 431.423 1107.3 853.62 476.901 4507.27 1185.66 23243.8 50848.4 23111.4 398.271 376.719 14259.2 47979.2 16832.4 31146.8 1203.71 39194 556.664 38637.4 4070.93 3736.95 3144.68 12244.8 1060.83 135146 115672 36015.2 22618 79656.6 13397.2 57816.5 19474.6 21840.2 19719.7 19484.3
internal_count=3384403 2162570 1221833 390733 831100 612432 420085 106657 1235345 385998 45754 20673 181272 1189591 360769 325546 257900 52521 7161 205379 19198 43869 15836 42268 5432 25081 8147 218668 99652 67646 45360 8581 927225 276799 139890 136909 130528 66120 22877 35223 14569 13137 828822 239723 210864 28859 14813 20985 589099 20112 4831 2375 43243 313428 40279 5311 273149 7350 650426 62788 61849 15404 46445 189879 14421 380573 18634 10442 208526 119999 3134 11593 44975 378632 263957 114675 18542 13694 16934 81793 4243 272060 36779 10745 26034 24188 17485 6703 10099 8583 18693 1729 4445 3424 1913 18080 4765 93350 204726 92813 1601 1511 57262 192347 67447 124900 4837 157968 2256 155712 16466 15111 12715 49061 4256 542095 463928 144386 90658 319542 53728 231991 78167 87551 79030 78081
is_linear=0
shrinkage=0.1


Tree=28
num_leaves=127
num_cat=0
split_feature=28 21 9 25 38 37 18 37 30 16 38 40 40 42 39 39 28 44 44 25 44 42 22 37 41 37 44 22 22 37 13 25 44 44 29 37 5 7 25 19 39 41 29 41 24 33 46 39 3 46 30 28 29 38 40 40 41 31 37 37 37 34 5 44 41 24 22 29 30 37 27 44 41 12 39 39 7 24 46 9 44 37 30 36 22 46 39 37 37 44 41 29 33 44 5 5 7 15 37 41 32 41 29 44 29 9 39 30 39 39 39 25 46 36 33 38 38 37 44 5 18 37 5 39 13 5
split_gain=36.2234 34.8809 35.542 34.2981 29.8498 89.4973 60.3442 44.322 70.0922 42.5993 37.8496 43.4893 55.6815 103.635 98.5132 86.4211 85.5859 41.2721 37.6384 37.55 33.6917 41.5484 58.5011 41.4003 55.4634 41.4215 38.4623 37.0219 36.5806 37.8425 33.9159 31.1735 30.2477 34.0291 48.1899 34.9324 29.7953 37.9298 30.9462 30.6505 37.0065 36.0728 29.4003 29.1603 28.839 41.2041 40.1041 33.3752 35.1985 30.966 30.8574 29.8067 29.2784 28.7866 28.7043 28.6239 29.0796 45.1442 29.5061 32.0544 34.4566 31.3976 28.4973 30.8897 28.4419 34.1077 28.3839 36.2934 34.859 34.287 31.9 44.7401 32.7545 42.86 31.5243 48.1587 33.2815 29.448 37.6169 39.5515 29.111 28.4128 28.0612 27.8623 27.488 27.3869 79.6012 39.7378 30.1927 56.4419 54.3837 69.8709 38.1889 34.8623 48.1381 45.5382 29.2363 28.9146 28.8271 53.6959 30.6626 28.5827 28.0707 29.122 28.0666 35.0646 27.8041 32.8417 27.7582 27.1685 27.0845 34.3674 27.0601 26.9045 26.6915 26.6588 26.4388 40.1674 33.446 29.7472 33.0834 31.3518 26.4411 32.5469 32.3815 26.4382
threshold=0.0034397401614114646 -0.40389665961265558 0.002932615927420557 0.004816164495423437 22.500000000000004 7.8999998569488534 -0.00010988064241246319 7.8999998569488534 1.7912380826601296e-05 -0.00010691762145143001 16.500000000000004 1.5000000000000002 2.5000000000000004 0.12999999709427359 5.5000000000000009 1.0000000180025095e-35 -0.0051478478126227847 -0.31499999761581415 0.15500000119209292 0.010040088556706907 -0.54500001668930043 0.49500000476837164 51.818380355834968 2.2333333492279057 5.2049999237060556 2.6666667461395268 0.32500000298023229 69.12235260009767 56.751520156860359 1.9333333373069765 -0.00016271859931293872 0.02942754048854113 -0.74500000476837147 -0.5649999976158141 -0.0013675887603312729 7.6666667461395273 0.041436491534113891 0.00070203194627538334 0.0095095946453511732 4.9700609451974749e-05 2.5000000000000004 5.2049999237060556 -0.0013675887603312729 5.0750000476837167 0.0058726100251078614 0.027023224160075191 -24.499999999999996 5.5000000000000009 0.00023017755302134904 1.5000000000000002 0.0030921765137463812 -0.0026673901593312617 -0.011535292025655506 11.500000000000002 1.5000000000000002 2.5000000000000004 2.7049999237060551 0.0028796510305255656 0.76666668057441723 4.0000001192092904 6.9333331584930429 1.2391815781593325 0.049541288986802108 0.044999999925494201 5.2049999237060556 0.005340179894119502 60.468168258666999 -0.014853200875222681 0.006484291050583125 6.5333335399627694 6.2702416471438496e-05 0.63499999046325695 4.0950000286102304 0.00024801585823297506 1.0000000180025095e-35 2.5000000000000004 0.00039315916365012532 0.0043832517694681892 -9.4999999999999982 0.0015401978162117305 -0.074999999254941926 0.23333333432674411 0.00076532585080713045 8.7694999820087119e-05 46.393987655639656 19.500000000000004 3.5000000000000004 7.4333331584930429 7.5000000000000009 0.46500000357627874 1.9499999880790713 -0.0010586736607365308 0.0015122322947718205 -0.10500000044703482 -0.01385735673829913 -0.0040762128774076692 0.00035487060085870331 0.85831192135810863 7.1000001430511483 4.2249999046325692 -0.0011418706271797416 3.7350000143051152 0.0047372358385473498 -0.25499999523162836 -0.001774978940375149 0.0017219661385752263 4.5000000000000009 -0.00068966089747846116 1.5000000000000002 5.5000000000000009 5.5000000000000009 0.0064922831952571878 -2.4999999999999996 -1.240500023413915e-05 -0.0014310902915894983 15.500000000000002 6.5000000000000009 7.2666666507720956 -0.5649999976158141 0.013784591108560564 0.00031386852788273251 7.7999999523162851 0.043551333248615272 2.5000000000000004 0.0001633479987503961 0.041436491534113891
decision_type=2 2 2 2 2 2 2 2 2 2 2 2 2 2 2 2 2 2 2 2 2 2 2 2 2 2 2 2 2 2 2 2 2 2 2 2 2 2 2 2 2 2 2 2 2 2 2 2 2 2 2 2 2 2 2 2 2 2 2 2 2 2 2 2 2 2 2 2 2 2 2 2 2 2 2 2 2 2 2 2 2 2 2 2 2 2 2 2 2 2 2 2 2 2 2 2 2 2 2 2 2 2 2 2 2 2 2 2 2 2 2 2 2 2 2 2 2 2 2 2 2 2 2 2 2 2
left_child=4 2 -2 -3 7 32 18 10 42 -10 20 -12 13 -13 15 84 64 -14 -7 -18 116 30 36 27 25 -25 -27 28 29 110 44 -30 -6 34 35 -34 37 39 -39 41 -41 -23 -9 -20 47 52 -47 48 50 -50 -22 113 -46 -54 -8 56 58 -58 61 -60 -61 109 -59 -64 65 -17 70 68 -68 -69 71 72 73 115 -72 76 82 -75 -79 81 -71 -80 -76 -67 -15 88 87 -87 89 93 91 92 -90 95 101 102 -91 104 99 -96 -100 -95 108 -104 -92 -106 -103 -108 -35 -5 111 -24 -42 -49 -114 -32 -1 118 -118 121 -121 -119 124 -124 -120 -112
right_child=1 3 -4 55 5 6 54 8 9 -11 11 12 17 14 -16 16 19 -19 43 -21 21 22 23 24 -26 26 -28 -29 31 -31 66 -33 33 85 -36 -37 -38 38 -40 40 112 -43 -44 -45 45 46 -48 51 49 -51 -52 -53 53 -55 -56 -57 57 62 59 60 -62 -63 63 -65 -66 83 67 69 -70 80 74 -73 -74 77 75 -77 -78 78 79 -81 -82 -83 -84 -85 -86 86 -88 -89 90 96 97 -93 -94 94 98 -97 -98 -99 100 -101 -102 106 103 -105 105 -107 107 -109 -110 -111 125 -113 114 -115 -116 -117 117 119 122 120 -122 -123 123 -125 -126 -127
leaf_value=0.0058651033399840912 0.0046479343701274654 0.032962823209101301 -0.0096980871941068705 0.01120173028734996 -0.050042674656132213 -0.043258972085129382 0.0091958812217112287 0.018391837032510041 0.0036114469119001139 0.026714118520332092 -0.00060333778433840695 0.0010784429468511309 -0.0069610722839320745 0.016261794466582307 -0.0073606210653484154 0.019691400336034975 0.037535402342028193 0.0014717732053316774 0.015629170284751481 0.020033764983819216 -0.0034178986751596963 0.0044784713231787836 0.016796700410462797 0.0097696035378846691 -0.039829456997399211 -0.0033070958851356847 -0.042927613208962836 0.0034491116856113879 -0.011155507675471493 -0.026398170971480884 0.00057616523268999196 -0.024355148057526331 0.049546652589215867 0.0054332280993116475 -0.0076517021216285647 -0.0046553733484583446 0.011277574986523865 -0.018953905059696456 -0.0034643907334418952 0.0031624018301054414 -0.016262278459267372 -0.017346899988420955 -0.01218887994880807 -0.03921907868573235 -0.0068544530220064504 0.06167832400989625 0.0090994898130377696 0.019643799701266274 0.0012411202408716137 0.0088790616612321061 0.013155437020210698 0.01481733937701623 0.0038820575518510405 -0.00592775554830833 -0.021543143161827906 -0.001696402917139608 0.0013978569114315366 0.011672049639419329 -0.0068629643511349432 0.00452660661593173 -0.0073441702141640074 -0.0088343850787271742 0.014681445504983457 -0.010795858792151065 -0.031750143890409019 -0.009542596190645047 0.0030548026453145818 -0.007022515524264643 -0.0065701019361226161 -0.015242225902940266 0.0021253492616512132 0.01385372650117315 0.00096913384618801273 -0.012183050507759138 -0.015677418038693349 -0.0012146632758740508 -0.0045578196681540324 0.0094100159475354189 0.035628100740880318 -0.021086376855083622 0.0054612081243232326 -0.0038164841883964332 0.011247395949163751 0.022147529148556971 -0.0094665810066780001 -0.017030655898971996 0.015352557705580794 -0.073186233300056372 0.024986343104411821 -0.0025402644710368558 0.0014934120403094246 -0.043915311005888177 -0.015872621059366512 -0.031538356066372765 -0.047548943560821268 0.012921307574129274 -0.0512409817136152 -0.0069996759621747274 -0.00092978210084625396 0.010014758198275284 -0.018769338658493971 0.0029677948010652529 0.022315074654572869 -0.027488314019319667 0.01579429640511288 -0.034982813168609399 0.074330056246503073 0.014834280908983505 -0.035293192796700908 0.051135035197324735 -0.022895989164130468 -0.0038123474305130768 0.0058158119423670183 -0.012044556985716269 -0.0077321457214735148 0.024981059898503674 -0.0044850320806201069 0.027466797598969278 0.004622763571025216 0.010670561353128473 -0.034560363033650433 -0.012173788543992039 -0.038329303440761145 0.012662063275222632 0.029967517553665685 0.026057927780563619
leaf_weight=12724.635792821646 34514.34312787652 323.64005249738693 1817.9067883938551 1729.1656604856253 129.15664149820805 1133.7631148844957 693.94197233021259 392.0299246609211 1316.9540079236031 2025.9805089086294 88042.744875580072 24796.16182307899 7245.7887074053288 546.23414757847786 2409.4875695258379 1111.2094890624285 1474.4792837947607 29161.694968104362 229.88789030909538 7271.2989059090614 12367.599079251289 18934.238418668509 973.55096419155598 2490.4094145894051 406.22838811576366 33019.162076860666 246.84805271029472 2149.6930170059204 6308.4296945631504 774.67428590357304 10573.395705774426 2497.573812559247 435.96730454266071 244.40136605501175 484.23009259998798 163.49546578526497 2084.8425676822662 1400.5244275182486 16318.64117822051 6956.6127917170525 2177.4140613526106 788.82955175638199 1587.2334321290255 167.60022430121899 8627.2722610980272 162.46890093386173 1354.3241086900234 380.47192575037479 12130.587754160166 9437.7132431566715 1235.6537161767483 4020.7158988267183 8964.7185025215149 4489.3782246261835 540.32127039134502 45047.537207603455 58516.633877649903 7499.6616670787334 10272.472144976258 7866.5971060991287 3548.0513609498739 764.10725545883179 744.70780193805695 1318.3617514967918 213.67411148548126 1324.3164784014225 12960.682153791189 23762.085039883852 5302.3276321440935 810.9772213101387 15041.38444955647 2444.2639692872763 105733.5362175405 5792.2885059565306 5077.9276911169291 49263.671498432755 15359.679304420948 1912.8498859852552 190.03096897900105 1451.0734452456236 4178.4352495521307 4680.2292804419994 419.02195736765862 350.96578441560268 1731.8328286111355 248.01987640559673 373.40054214000702 256.16651593148708 391.99878942966461 181.04262351989746 3471.9719132483006 542.48781481385231 549.28510214388371 183.84661217033863 188.45911215245724 2387.8863216489553 386.27741429209709 1560.0467151403427 1270.401673913002 1156.3034769743681 3987.9297576695681 1479.5665291249752 382.98127235472202 169.31653466820717 3677.5675773322582 141.22073565423489 126.95951306819916 344.62795765697956 530.87045526504517 188.99178113043308 983.51347529888153 4791.7577824890614 2130.1309427320957 905.81943848729134 4582.7945250570774 467.38240802288055 11698.06997013092 1201.5619816929102 1962.9612300246954 508.13348262012005 237.19799540936947 239.2446853518486 261.42066478729248 240.17777512967587 678.29596404731274 124.25861671566963
leaf_count=51098 138741 1326 7297 6966 518 4619 2789 1574 5290 8131 353223 99409 29074 2193 9695 4465 5909 116918 934 29149 49598 76081 3920 10009 1638 132712 991 8664 25433 3109 42377 10050 1752 981 1943 658 8368 5619 65477 27908 8736 3179 6368 683 34617 652 5435 1528 48634 37834 4959 16173 35928 17992 2172 181301 235754 30253 41329 31654 14254 3074 3005 5307 858 5316 52132 95631 21326 3265 60279 9797 424112 23316 20364 197503 61513 7694 764 5840 16789 18813 1678 1410 6949 995 1499 1028 1573 726 13927 2175 2209 737 756 9593 1550 6274 5093 4639 15999 5931 1536 679 14743 566 509 1382 2131 764 3967 19258 8544 3638 18405 1874 46999 4822 7885 2040 951 960 1050 965 2732 500
internal_value=0 0.00117374 0.00393012 0.000447101 -0.000445444 -0.00362889 -0.0207138 -0.000305203 0.00878245 0.0176128 -0.000381362 0.000918065 0.00264338 0.00515996 0.0113185 0.0145278 0.0179849 -0.000206525 -0.0339759 0.0229844 -0.000840019 -0.00106041 -0.00274186 -0.00505929 -0.00308726 -0.00266984 -0.0036011 -0.00889265 -0.0105051 -0.00544552 -0.000498363 -0.0148992 -0.00177206 -0.0015258 0.0158111 0.0347638 -0.000449875 -0.00090869 -0.00468868 0.000974309 -0.00230054 0.00360556 -0.0061318 -0.00749751 0.00156651 -0.00121201 0.0147314 0.00318633 0.00207093 0.00458328 -0.00191246 0.0105785 -0.00230718 0.000608708 -0.00426069 0.000370565 0.00137774 0.00243884 -0.00158661 -0.00281034 0.000836775 0.00830766 0.00880888 -0.0015993 0.00341071 0.00610692 -0.000996855 -0.00322573 0.000260389 -0.00544011 -0.000517065 0.000449117 0.000198626 -0.00305137 -0.00202877 -0.00291986 -0.00694755 -0.00671995 -0.00287697 -0.00659504 0.00209608 -0.00227741 -0.013625 -0.00290363 -0.00329744 -0.0023011 -0.0196438 -0.0455621 -0.00164945 -0.00485264 0.00238636 -0.0153309 0.00114314 -0.00344741 -0.00689749 0.00466657 -0.0356997 0.00535652 -0.011118 0.00194761 -0.0144593 0.00615552 -0.0101812 0.00704698 0.00800045 0.0139165 0.00970721 0.0308516 -0.0224544 0.0151363 -0.00308391 -0.000332229 -0.00657524 -0.00267146 -0.00343314 0.00160928 0.00241675 -0.000160276 -0.0020244 0.0124946 -0.00372395 0.0208845 0.00713435 -0.0139134 0.0111315 -0.0174048
internal_weight=0 174152 36332.2 137820 668603 28211.4 2765.51 640392 5322.2 3342.93 635070 165680 77637.1 41229.7 16433.5 14024 11745.9 36407.5 1531.25 8745.78 469390 439638 110140 54766.1 36162.6 35756.4 33266 18603.5 16453.8 7647.76 329498 8806 25445.9 25316.7 1083.69 599.463 55374 53289.2 17719.2 35570 15847 19723.1 1979.26 397.488 64076.7 23598.2 1516.79 40478.6 35171.6 21568.3 13603.3 5307.01 22081.4 13454.1 1234.26 137496 92448.8 68079.4 24369.4 21687.1 11414.6 2682.26 9562.73 2063.07 3000.17 2786.49 265421 47014.5 18263 28751.5 218407 133245 130801 25067.3 85161.7 70120.3 20856.6 14026.5 8234.18 6321.33 4989.41 4870.26 5496.95 1675.28 2278.07 24233 877.587 504.186 23355.4 13020.9 10334.6 1483.77 941.284 12453.6 8738.09 3715.46 567.32 8850.81 6603.09 1344.76 5258.33 2135 1327.57 552.298 7290.76 3818.79 1951.15 471.587 775.272 1918.16 6873.08 5765.31 8890.34 1286.29 6712.93 11040.8 29751.7 17027.1 14840.9 2186.14 745.331 1440.81 3142.86 501.598 2641.26 1107.77
internal_count=3384380 701025 146038 554987 2683355 113299 11197 2570056 21363 13421 2548693 664568 311345 165353 65944 56249 47107 145992 6236 35058 1884125 1764623 442568 220251 145350 143712 133703 74901 66237 30754 1322055 35483 102102 101584 4353 2410 222317 213949 71096 142853 63593 79260 7942 1617 256988 94624 6087 162364 141025 86468 54557 21339 88537 53920 4961 553661 372360 274319 98041 87237 45908 10804 38565 8312 12049 11191 1065067 189143 73458 115685 875924 534587 524790 100678 341337 281058 83555 56427 33111 25417 20054 19577 22042 6726 9142 97231 3522 2023 93709 52242 41467 5957 3782 49966 35046 14920 2276 35510 26487 5395 21092 8559 5327 2215 29236 15309 7822 1891 3112 7730 27645 23178 35685 5166 26949 44251 119502 68404 59631 8773 2991 5782 12632 2015 10617 4467
is_linear=0
shrinkage=0.1


Tree=29
num_leaves=127
num_cat=0
split_feature=22 15 15 39 17 43 25 45 38 39 39 43 37 43 17 39 13 37 44 25 43 8 43 9 44 38 25 42 32 22 4 38 43 46 37 45 43 44 45 44 37 44 46 43 5 5 37 12 22 5 42 46 28 37 37 46 46 37 32 4 31 31 43 3 45 37 43 45 44 45 5 26 46 39 37 45 17 45 44 43 15 32 5 45 39 37 45 4 37 37 44 44 22 37 46 39 39 26 26 37 46 37 39 43 22 7 44 20 29 38 42 37 8 43 8 46 19 42 22 22 45 29 42 38 42 44
split_gain=38.0565 46.5614 43.242 33.2052 53.5424 61.1499 52.5361 45.3407 40.5259 91.7606 60.9958 94.4846 63.5527 61.0446 56.2547 55.0391 86.4034 49.2783 61.8353 59.6064 59.2762 57.1921 50.8331 54.7481 48.3831 47.4081 47.1556 46.8674 45.0281 44.9151 44.766 42.2618 41.6082 44.3773 41.5609 41.0016 40.7952 51.833 43.4325 62.7494 50.0005 49.0258 55.3632 64.5344 45.2146 42.5389 42.095 40.5812 40.0887 40.0477 46.6975 39.5851 39.1989 39.4625 38.5818 38.0993 80.5801 37.7794 37.5968 38.5654 36.0208 35.908 37.872 35.4673 34.806 35.1448 34.5484 40.5032 33.9333 33.8215 40.5023 33.4375 41.9074 33.3285 33.3108 32.9021 32.8886 32.8323 36.6842 39.0316 39.0275 36.5486 36.5061 32.2841 31.9878 48.1713 34.9972 31.6258 31.6041 52.9199 30.9734 35.1526 32.3498 30.3627 34.143 33.9387 30.3146 29.9375 29.6802 29.6596 29.5221 29.5133 32.2015 30.9876 31.7819 29.1744 29.1454 28.8095 28.5925 38.5248 28.5522 39.7327 29.854 28.4699 40.7911 31.1673 28.4523 28.349 28.3434 28.3335 28.1935 34.6933 30.3318 28.0592 28.0349 34.1855
threshold=54.389127731323249 0.97482880949974071 0.086414646357297911 5.5000000000000009 -0.00016684823640389365 0.27500000596046453 0.03005863726139069 49.500000000000007 19.500000000000004 1.0000000180025095e-35 1.0000000180025095e-35 0.41499999165534979 7.2666666507720956 0.32500000298023229 -0.00014026628923602399 1.5000000000000002 2.2145020921016115e-05 5.2999999523162851 0.16499999910593036 0.025227208621799949 1.0850000381469729 0.00082780502270907174 -0.32500000298023218 0.0013322938466444614 -0.23499999940395352 9.5000000000000018 0.017049885354936126 1.0049999952316286 0.0012166973319835963 34.103694915771491 0.015596549492329361 17.500000000000004 -0.30500000715255732 -4.4999999999999991 0.69999998807907116 10.500000000000002 0.53499999642372142 -0.36500000953674311 29.500000000000004 -0.13499999791383741 5.3333332538604745 -0.1950000002980232 -6.4999999999999991 -0.69499999284744252 0.0078096226789057263 -0.046457689255475991 7.7999999523162851 -0.0010576838394626973 49.998676300048835 0.0070003871805965909 -0.34499999880790705 26.500000000000004 -0.00037009226798545564 2.5000000000000004 6.8999998569488534 -3.4999999999999996 2.5000000000000004 6.866666555404664 -9.0138291852781536e-05 0.0069720547180622825 0.0061030252836644658 -0.0038256131811067458 0.44499999284744268 0.0006706445710733534 67.500000000000014 6.4333331584930429 -0.37499999999999994 49.500000000000007 0.41499999165534979 43.500000000000007 0.0028036209987476472 0.20744682848453525 5.5000000000000009 1.5000000000000002 2.0000000000000004 80.500000000000014 -0.00031446236243937159 20.500000000000004 -0.085000000894069658 0.36500000953674322 0.71031591296195995 -0.0012874355306848881 0.026881470344960693 21.500000000000004 5.5000000000000009 4.2999999523162851 14.500000000000002 -0.0014187351334840057 7.3999998569488534 6.7000000476837167 -0.054999999701976769 -0.074999999254941926 47.61003494262696 6.6000001430511483 -26.499999999999996 2.5000000000000004 3.5000000000000004 0.12422651425004007 0.53092625737190258 6.3999998569488534 -15.499999999999998 7.3999998569488534 3.5000000000000004 -0.49500000476837153 25.179788589477543 0.00079869013279676448 -0.34499999880790705 -0.002915691002272069 0.0043691259343177089 11.500000000000002 0.24499999731779101 6.1333334445953378 0.0023162625730037694 0.37500000000000006 0.0021562053589150314 3.5000000000000004 -0.00036853186611551786 1.9950000047683718 32.604959487915046 36.988229751586921 22.500000000000004 0.0070899447891861209 -0.44499999284744257 5.5000000000000009 0.014999999664723875 -0.42499999701976771
decision_type=2 2 2 2 2 2 2 2 2 2 2 2 2 2 2 2 2 2 2 2 2 2 2 2 2 2 2 2 2 2 2 2 2 2 2 2 2 2 2 2 2 2 2 2 2 2 2 2 2 2 2 2 2 2 2 2 2 2 2 2 2 2 2 2 2 2 2 2 2 2 2 2 2 2 2 2 2 2 2 2 2 2 2 2 2 2 2 2 2 2 2 2 2 2 2 2 2 2 2 2 2 2 2 2 2 2 2 2 2 2 2 2 2 2 2 2 2 2 2 2 2 2 2 2 2 2
left_child=1 3 -2 8 5 108 7 48 9 14 11 13 29 28 34 16 25 18 -17 22 101 32 66 64 27 54 -14 31 100 -13 36 47 33 74 -1 -27 38 55 40 41 77 45 -43 -44 51 -40 -47 -16 -6 50 -42 71 -18 -54 118 57 -57 83 -52 113 73 62 -34 -45 -24 -66 -19 -68 107 70 -30 72 110 -46 -20 -55 -3 78 79 -12 -80 106 -83 -38 -4 86 -86 -50 89 -15 91 -69 116 94 -39 -95 105 -97 -70 -74 -10 -21 103 -103 -105 -25 -79 -37 -5 -110 112 119 -41 114 115 -60 -92 -87 -11 -112 -7 -122 -123 -29 -33 -126
right_child=2 76 84 4 6 120 -8 -9 10 15 30 12 26 88 24 17 52 19 21 20 -22 -23 23 96 -26 35 -28 123 69 -31 -32 124 61 -35 -36 68 37 93 39 44 49 42 43 63 60 46 -48 -49 87 -51 58 -53 53 75 -56 56 -58 -59 59 -61 -62 -63 -64 -65 65 -67 67 90 98 -71 -72 -73 99 -75 -76 -77 -78 81 80 -81 -82 82 -84 -85 85 117 -88 -89 -90 -91 92 -93 -94 95 -96 97 -98 -99 -100 -101 -102 102 -104 104 -106 -107 -108 -109 109 -111 111 -113 -114 -115 -116 -117 -118 -119 -120 -121 121 122 -124 -125 125 -127
leaf_value=0.011955649002842156 0.0027902929999258775 -0.0033697356548054087 -0.00089013864372693196 -0.0069238488750803136 0.011897436938564956 -0.0071167089833588468 -0.0056257663663849995 0.0025696364535983353 -0.03719495347281479 -0.00075542772913617584 0.029787976947398483 0.063876050618203173 -0.049819655331135484 -0.027190888893415938 0.031608307597982131 -0.00022796866638916493 0.0074731301705480702 -0.0061464717340479454 -0.034844348830637063 0.0058285110973041645 -0.049966442615606219 0.0085979768461029293 0.0039973599584392436 -0.048968500149633644 0.0037461193518546218 -0.036960012636089688 0.012916928035070963 0.034828980193784581 -0.025396054545280506 0.014859951670397815 -0.015949460170909938 -0.038455566769954028 0.012535798312534192 0.0089867652241950365 -0.0020036187613864695 0.0067107552097231049 -0.044790638390089649 0.054760859794145605 -0.018844948552801659 0.0084119723516213659 0.053547742174569271 0.014638392937835122 -0.074673820292987511 -0.0015602716960377552 -0.0178385733164305 0.0046719648190439687 -0.034310831506828184 0.0062418341760256298 -0.0091580929336533348 0.018555845787493776 0.0076274586911556771 -0.025478612013172749 -0.0066766227558447619 0.0015075481567270639 0.0033893598380529688 -0.093581146923976982 -0.017116968432957579 0.038824938631368745 -0.0013498794831643592 -0.051083658964086447 0.01093137381494861 -0.0047471551247775688 -0.0082020029596978072 -0.062334688379039632 0.0036164687211006196 -0.012971910762749644 -0.037265590231998401 -0.01225978207585496 0.027340177889425388 0.018361337440727075 0.036316622625043558 0.0064025838042914068 0.0190106664269813 -0.00029581445702837878 0.00026522268699814876 0.0432888271281619 0.021026674853957823 0.047439794531601333 0.074945866695564925 -0.029383720556002094 0.014785117529790113 0.0091281460147584256 -0.04686660548767671 0.0055425685541050096 -0.032396975803465698 -0.00064613825836961844 -0.0069236639256322931 0.0065560247160765103 0.0080651680775601295 -0.089950905947479995 -0.0082542197821821456 0.044188656737434093 0.0021968133329362057 -0.0227860484876687 0.0048369032483102058 0.028511216563119043 -0.013939896425441328 -0.0048167414447317361 -0.018418657586027749 0.047518272756546749 -0.0082234847669059325 -0.031291420879406034 -0.012076249932087398 -0.032608350888506256 0.012888277421458908 -0.0002269084601288126 0.011295149379613983 -0.005213512948718275 0.010647499615754534 -0.0071752458077247762 0.028351088842901252 0.056272044857494707 -0.028057378432237785 -0.048917293413908297 0.042823271127440637 -0.037491087616367033 -0.039094089311279077 0.045025724325741971 -0.013773954047967989 -0.016760084472296596 0.004507163115799173 -0.010477646001206709 0.026348455770549659 0.015342023443644714 0.036366390193439534 -0.02714590464859706
leaf_weight=2392.1512044519186 28317.972534656525 35380.837223634124 227610.59971036017 12587.830394461751 14756.018754482269 1440.7341641485691 4528.9466873109341 22792.153462871909 372.62235100567341 1911.6389340907335 675.66014410555363 205.41819728910923 258.13246430456638 565.37466432154179 721.9189874380827 137029.61965990067 6560.6837475448847 18567.79624915123 406.20060637593269 12573.598600715399 211.03322982788086 17146.451710775495 14721.237512856722 126.90564864873886 28554.586606785655 347.75431284308434 223.58399011194706 1036.6495092064142 457.39735485613346 2078.8375036418438 1115.8689398169518 320.99633413553238 2832.7506251037121 8297.0251898765564 19676.156450837851 2406.5764807015657 212.72530367970467 140.98512192070484 1110.8492543548346 3024.899046137929 168.15988762676716 279.55051979422569 291.44119419157505 402.41961866617203 1403.1574167311192 5222.5831426531076 292.51822255551815 4989.7467290610075 1706.3963325470686 1891.9685888290405 2913.2234819829464 342.62022168934345 8442.6090804040432 12594.689071461558 1785.9094536602497 173.30558736622334 673.08667275309563 176.02296979725361 1563.8125662654638 202.36259096860886 2077.5558102279902 11942.422921806574 1277.890697479248 126.12014186382294 2312.8894408047199 2852.1365465521812 781.0441802740097 249.33792477846146 652.23044055700302 1137.3788686096668 138.56598706543446 15773.934985220432 1034.1585350036621 4746.0460462868214 807.29237163066864 191.34090347588062 561.34588079154491 461.58764646947384 322.33859053254128 133.50466784834862 162.03668959438801 1589.6247137486935 125.6334280371666 317.82409609854221 556.35308615863323 16634.597423583269 17636.588877007365 5134.3088497668505 151.15097062289715 176.23503510653973 519.78379909694195 197.86545594036579 609.12817077338696 897.77769216895103 4832.2870607674122 323.18534079194069 4328.6955824494362 1623.2632052898407 181.10794724524021 563.99361778795719 6272.5564170479774 211.9350046813488 2243.3398989588022 168.00958123803139 1782.771497502923 3796.685737118125 431.77220426499844 12817.509111583233 2530.8598393052816 2328.7628129273653 363.69643153250217 290.46177363395691 242.45548725128174 140.80566228926182 181.46910187602043 281.57752311229706 704.76894952356815 137.02626493573189 13360.40950576961 225.58925470709801 5917.5243747085333 264.47598911821842 1449.2089475095272 2572.6001600325108 160.09422837197781 180.0677864253521
leaf_count=9601 113684 142195 914118 50537 59530 5783 18234 91788 1496 7716 2714 826 1035 2267 2913 550215 26316 74562 1634 50457 846 68819 59013 510 114657 1394 897 4172 1834 8335 4476 1289 11367 33314 78889 9725 853 565 4464 12165 674 1122 1176 1619 5627 20981 1179 20037 6861 7596 11704 1377 33877 50506 7164 696 2704 706 6272 812 8342 47882 5126 506 9271 11428 3139 1001 2621 4561 556 63254 4171 19034 3242 768 2277 1857 1293 535 650 6381 504 1275 2244 66941 71013 20611 607 707 2094 793 2441 3599 19379 1296 17369 6507 726 2266 25217 851 9002 675 7152 15234 1740 51430 10161 9349 1473 1169 977 564 728 1129 2824 552 53628 910 23737 1060 5812 10364 643 725
internal_value=0 0.000491271 -0.000922339 0.00073387 0.00267234 -0.000945989 0.00463391 0.00568069 0.000401628 -2.12601e-05 0.00257892 -0.0039135 0.0123069 -0.00875267 0.00353557 -0.000721246 -0.00340422 -5.50945e-05 0.000807541 -0.00237069 0.0027059 0.00412984 -0.00412421 -0.00132219 0.00584111 -0.00682685 -0.0207011 0.011834 -0.00610394 0.0192679 0.00389137 0.00667736 0.00113289 0.00637439 -0.000490468 -0.00298875 0.00427028 -0.00177571 0.00542508 0.00380249 0.0108812 -0.00423677 -0.0237923 -0.0368942 0.00586663 -0.000991664 0.00260434 0.009448 0.00896396 0.00602044 0.0016699 0.00824462 0.000717209 -0.0013707 -0.0105181 -0.0184626 -0.0327736 -0.00131969 1.86879e-05 -0.00933397 -0.000452637 -0.0019724 0.00608896 -0.0160623 0.00151929 -0.00554366 -0.00776942 -0.0176111 -0.00225304 0.00824993 -0.0110474 0.00878155 0.0153131 -0.00429881 -0.0114872 0.0021328 -0.00298871 0.0200285 0.0330545 0.0200252 0.0548205 0.0135692 0.00502683 -0.0146387 -0.00132274 -0.00413883 -0.00770266 0.00263618 -0.0336109 -0.0421051 -0.0108809 0.0127159 -0.0166357 0.00153918 0.00625218 -0.00670173 -0.00816955 0.000716982 0.0173955 0.0290711 -0.00984803 0.00336054 -0.00368233 0.00502451 0.00896991 -0.00180342 0.0299706 -0.00332856 -0.00440857 0.00210672 0.0100113 0.026002 0.00570575 -0.00543642 -0.00241581 -0.00686446 -0.0260035 -0.000272993 -0.0121444 0.0110817 0.00571336 0.00813561 0.020665 0.0209391 -0.0172578 0.00274559
internal_weight=0 551519 290893 515576 75437.2 26519.4 48917.8 44388.9 440139 368556 71583.2 12037.3 2765.97 9271.28 60605 307951 61252.5 246699 179740 66959 17190.7 42710 49768.3 28138.6 38536.7 33463.1 481.716 9982.07 8378.52 2284.26 59545.9 6372.82 25563.6 9510.52 22068.3 16405.2 58430.1 9370.46 49059.6 37814.1 11245.5 7725.48 1099.53 819.981 30088.6 6625.95 5515.1 5711.67 21596.7 7343.38 5451.41 21861.8 27789.3 21228.6 17058 1552.96 846.392 706.572 5283.25 2370.03 8226.76 16053.1 4110.64 528.54 19886.3 5165.03 21629.7 3061.93 16057.4 1733.34 595.963 21519.2 5745.25 6149.2 1213.49 12786 35942.2 3902.16 1293.54 809.165 484.375 2608.62 1715.26 530.549 262575 34964.6 18192.9 6840.71 892.761 741.61 2280.88 447.203 1833.68 7817.5 4973.27 2844.23 8252.29 1946.45 833.338 1598.15 6645.18 16979.7 4406.06 2162.72 1950.78 3923.59 893.36 15224.1 17447.5 4859.62 4147.1 879.747 3267.35 2167.66 2026.86 1845.39 1224.55 16771.6 15272 589.286 9071.94 7631.21 1713.68 3609.25 661.158 340.162
internal_count=3383268 2214716 1168552 2070244 303463 106439 197024 178790 1766781 1479422 287359 48338 11093 37245 243290 1236132 245871 990261 721599 268662 68983 171384 199679 112825 154800 134404 1932 40143 33664 9161 239021 25607 102565 38190 88490 65896 234545 37580 196965 151812 45153 31047 4423 3301 120765 26624 22160 22950 87002 29479 21883 87762 111467 85151 68508 6234 3400 2834 21209 9505 33003 64375 16493 2125 79712 20699 86854 12292 64502 6951 2390 86385 23131 24661 4876 51274 144472 15674 5192 3249 1943 10482 6885 2128 1054868 140750 73257 27472 3581 2974 9153 1794 7359 31346 19944 11402 33113 7803 3347 6437 26713 68137 17680 8678 7827 15744 3597 61155 70047 19510 16694 3552 13142 8693 8129 7401 4918 67493 61344 2383 36392 30609 6872 14536 2657 1368
is_linear=0
shrinkage=0.1


Tree=30
num_leaves=127
num_cat=0
split_feature=10 23 45 16 41 25 39 30 34 38 33 38 39 19 37 45 39 35 28 38 37 37 15 46 43 43 26 43 10 22 41 14 39 16 10 43 46 37 41 26 22 43 43 46 43 30 26 39 43 37 12 37 39 45 19 26 10 37 23 25 9 43 12 23 11 34 37 43 22 33 38 25 26 35 36 37 33 46 26 45 33 37 37 45 14 35 46 45 38 46 45 29 9 34 19 12 46 26 33 6 22 40 30 7 45 25 35 43 40 41 17 23 43 37 32 8 38 46 34 32 43 22 46 35 32 43
split_gain=34.7124 45.0003 32.9259 30.68 33.1512 28.1021 28.4339 27.3708 38.1908 37.2065 37.8379 32.8516 65.0597 62.5564 49.0337 47.8012 35.9842 44.8933 32.8 32.4481 73.4884 41.8283 37.372 31.9101 31.1644 47.8533 36.4859 30.9493 30.5524 30.2691 29.6973 28.8717 34.0716 29.8543 27.7921 27.6605 32.1822 29.6296 43.3343 30.7288 27.567 27.0941 39.4244 29.9055 37.1457 32.4622 41.4996 33.5841 30.3442 44.5293 36.8383 36.2069 30.1316 38.2247 28.27 27.6607 27.2697 26.7151 26.4471 32.4008 32.805 29.6461 26.181 28.497 40.3311 31.7692 29.7865 25.8268 25.3468 25.2456 25.2107 29.9786 25.2446 25.1766 25.068 24.9745 24.8833 33.2345 25.6293 24.7901 33.7013 28.8141 33.419 44.9604 28.7547 25.9285 33.3971 28.4461 25.9104 29.455 26.6664 27.7369 26.1378 28.4613 25.4177 24.4361 24.3991 24.255 38.8697 24.2144 26.1094 25.3601 24.1915 24.0808 23.6401 24.3032 23.4727 23.3533 23.013 29.6151 28.557 28.2573 27.3326 24.93 24.6035 25.0413 26.1761 33.3633 34.3571 33.5707 23.9815 23.095 33.3094 30.5305 30.6359 29.3687
threshold=69.754688262939467 -0.0019015435245819388 78.500000000000014 0.0038910285802558069 0.20500000566244128 0.062527138739824309 2.5000000000000004 3.4843802495743155e-05 -0.33652341365814203 1.5000000000000002 -0.013413451146334408 19.500000000000004 1.0000000180025095e-35 6.9770845584571375e-05 6.7666666507720956 19.500000000000004 1.0000000180025095e-35 0.00017614500393392521 0.0064475429244339475 22.500000000000004 7.8999998569488534 7.8999998569488534 0.49116192758083349 -14.499999999999998 -0.17500000447034833 0.54500001668930065 0.3223219513893128 -0.75499999523162831 49.283678054809577 67.224243164062514 4.7049999237060556 0.0094947391189634817 5.5000000000000009 0.0012333753402344885 37.142534255981452 -0.41499999165534968 14.500000000000002 0.63333332538604747 4.5750000476837167 0.024330203421413902 56.875511169433601 0.61500000953674328 0.50499999523162853 -3.4999999999999996 -0.11999999731779097 0.0038303998298943047 0.94613075256347667 2.5000000000000004 -0.35500000417232508 1.1999999880790713 0.0005556526011787356 0.56666666269302379 1.5000000000000002 80.500000000000014 -0.00040229428850580001 0.72899755835533153 54.76408767700196 7.6333334445953378 -0.00062686440651305009 0.017173197120428089 0.0010230743791908028 -0.36500000953674311 0.00018346058641327548 -0.00056092528393492092 -0.0012618898181244729 0.49003286659717565 5.8999998569488534 0.54500001668930065 48.279521942138679 -0.008790395222604273 1.0000000180025095e-35 0.0098715526983141916 0.091970480978488936 -0.00014079500397201625 -4.6265000491985113e-05 0.29999999701976782 0.00093198829563334595 -12.499999999999998 0.62867358326911937 37.500000000000007 -0.010806772392243145 5.2666666507720956 7.1000001430511483 46.500000000000007 0.0015242481604218485 2.1384999854490164e-05 1.0000000180025095e-35 78.500000000000014 18.500000000000004 -8.4999999999999982 75.500000000000014 0.017952611669898037 0.0015401978162117305 0.24652094393968585 4.9700609451974749e-05 -0.00016223730926867572 -12.499999999999998 0.20316876471042636 0.0058433588128536948 6.6172080551041304e-05 64.86175918579103 2.5000000000000004 -0.0017358661280013619 0.0011217994615435602 16.500000000000004 0.037809027358889587 0.00034915001015178865 -0.7849999964237212 2.5000000000000004 0.57999999821186077 -0.002834484563209116 -0.0015619245823472736 0.33500000834465032 0.16666667163372043 0.0037257249932736163 0.00098915293347090504 18.500000000000004 1.5000000000000002 -1.0840128064155576 -0.0019959824858233328 0.46500000357627874 39.839653015136726 -12.499999999999998 0.00010000999827752823 0.0025950263952836399 -0.5349999964237212
decision_type=2 2 2 2 2 2 2 2 2 2 2 2 2 2 2 2 2 2 2 2 2 2 2 2 2 2 2 2 2 2 2 2 2 2 2 2 2 2 2 2 2 2 2 2 2 2 2 2 2 2 2 2 2 2 2 2 2 2 2 2 2 2 2 2 2 2 2 2 2 2 2 2 2 2 2 2 2 2 2 2 2 2 2 2 2 2 2 2 2 2 2 2 2 2 2 2 2 2 2 2 2 2 2 2 2 2 2 2 2 2 2 2 2 2 2 2 2 2 2 2 2 2 2 2 2 2
left_child=3 -2 5 7 -5 6 -3 8 108 10 -9 12 13 24 -13 70 17 58 41 20 69 27 -23 -22 26 62 34 29 40 -21 104 32 57 -33 -10 36 -15 38 -37 102 -25 42 43 44 48 76 47 -47 55 50 51 95 53 -45 -44 107 -51 67 59 -16 -61 -60 63 64 66 -66 -26 79 -59 -11 72 -72 -14 -29 97 -40 77 -46 -78 -17 -81 84 83 -83 -82 94 -87 -88 90 -90 -86 -92 -93 -94 -85 -50 -43 -73 -99 -8 101 -101 -39 -89 105 -18 -75 -12 109 111 -110 -1 121 -113 115 116 117 118 -115 -119 -114 125 -123 124 -124 -111
right_child=1 2 -4 4 -6 -7 99 9 11 19 18 14 15 35 16 31 30 -19 -20 21 23 22 -24 28 25 -27 -28 73 -30 -31 -32 33 -34 -35 -36 37 -38 39 75 -41 -42 96 54 52 45 46 -48 -49 49 56 -52 -53 -54 -55 -56 -57 -58 68 61 60 -62 -63 -64 -65 65 -67 -68 -69 -70 -71 71 74 -74 106 -76 -77 78 -79 -80 80 81 82 -84 85 88 86 87 103 89 -91 91 92 93 -95 -96 -97 -98 98 -100 100 -102 -103 -104 -105 -106 -107 -108 -109 110 112 -112 113 120 114 -116 -117 -118 119 -120 -121 -122 122 123 -125 -126 -127
leaf_value=0.019286686153278665 -0.026625707181712133 0.00066038031990300807 0.01262339896570908 -0.01574438925111582 0.013653217187066961 -0.01953614396930935 0.022343781109884126 -0.037912558490144729 0.028517171653857549 0.0057930447467939147 -0.024675356973904581 0.0055460953142893229 0.042634968636496497 -0.013547498758292184 -0.056588578489457655 0.0015895377135291774 -0.0024640062440625075 0.043759835152813627 0.032409666073043915 0.0067765763123748676 0.045370911484086653 -0.0056364560072995123 -0.035424683582412284 0.0083420759882180864 -0.017972358280388439 0.018449959157726192 0.00088201833640670602 0.017029977008074172 0.0020749501905655814 0.055336541575663367 0.010400910323977171 0.00033547485616593231 0.0033043207327533332 0.0082094382324141967 0.012517547714260511 -0.00012547026461266479 0.036351357114650755 -0.0081830967465687347 0.013638014418086132 0.001802718556155697 0.03628401700712184 0.0076307477219732149 0.022890803024197031 0.0027174818440234903 0.0089013464002246408 -0.059216090677497848 0.015677701584866914 -0.0088631390737726173 -0.050707909554973951 -0.064916235242421225 -0.054565576203442746 0.018865058993559208 -0.0045167004469655256 0.045185371850660676 0.0020484426830770174 -0.020393128480252303 -0.011247178292841368 -0.012119950511498388 -0.027642435249319638 0.021212699497950037 -0.028076719318950845 0.0080708211409596994 0.017636008629133854 -0.0090071931398892045 0.0022054539396735603 0.028810140230990808 0.019431901201215959 -0.0056875467573304361 0.0088428396612956501 -0.00018686916312042357 -0.040430054116691809 -0.0087868949218907651 -0.0014583355490277727 -0.0056830879703754352 -0.010988571898454447 0.068802786434567262 0.045608509172633788 -0.028224543373327554 0.0075416684716862348 0.005291435145018359 -0.011739906036176365 -0.025555192267345539 0.0015077115157117573 -0.0061750546964246707 0.00056173230357678611 -0.014709486155225885 -0.0051690622141744519 0.0050050427739700264 -0.038471117749131846 -0.0064900810243776839 -0.0045423300402254105 -0.054229365981341683 -0.036520939689953458 0.019597231632152434 0.019080885357541919 -0.00044054327808646282 -0.019597915453672177 0.018142957264940539 -0.018996653454718196 -0.0097994153692139031 0.0020941047287438069 0.00022912219549727842 -0.042654030861303427 0.058073869856444374 -0.0066194513122521175 0.049320320753764191 0.015041431531799732 0.0066685211009672165 0.014848582223524734 0.013865736620794428 -0.00050958224438260493 0.034220604218175001 -0.0067746139559521652 0.0336087521261813 0.02294473075466039 -0.0037245474198742477 0.015887140937085476 0.032712951359678666 -0.0037214128671930894 0.0066139351862983635 0.00062917521008481808 0.0089296315351521278 9.7326738799844865e-05 0.0073505637529441064 0.0087295310546000315 0.0037127815614550704
leaf_weight=1548.672214075923 784.48293605446815 15224.277157247066 1399.1879030913115 441.99083915352821 2903.5008034855127 1000.8917611688375 313.89235147833824 319.82629102468491 1527.0939203202724 7211.0020218044519 302.41681779921055 21178.93630041182 188.62778422236443 2449.3589037656784 296.38373777270317 24283.974395260215 210.30782440304756 125.60956268012524 254.53238388895988 1062.1936623454094 312.80607171356678 921.04237174987793 776.02869668602943 700.86730062961578 930.32053185999393 1799.484571442008 1867.8615140914917 547.1316254734993 1546.5449709892273 146.00878424942493 2027.2620660215616 24138.320495128632 13015.082222491503 6015.2202236652374 3755.9504568725824 491.78903903067112 136.45184020698071 908.43359005451202 138.56584738194942 5998.0533243715763 711.54460257291794 405.55204409360886 847.01359623670578 4643.005242139101 550.21785794198513 271.80310782790184 236.7518370449543 258.37533114850521 193.68205271661282 379.84702178835869 184.32231457531452 347.49335999786854 13569.664272263646 222.08223305642605 2808.9438973367214 1265.3105800747871 126.10505402088165 4273.3422967642546 379.05171124637127 169.22800469398499 668.21069709956646 600.94530034065247 756.64289702475071 2997.7399654388428 997.01602663099766 816.34099411964417 276.08080199360847 14551.049860388041 666.80103388428688 336797.13770538568 289.59328356385231 1621.0557643920183 416.65479435026646 13394.305662930012 7394.2104434221983 201.27828983962536 211.37277223169804 429.21568629145622 1083.3797253966331 5622.8080144226551 2581.3278636485338 1424.8579306006432 4157.2743944823742 898.5012165158987 37030.825445204973 4733.9770648479462 4793.4858544170856 247.89477863907814 328.71889846026897 2324.2055920660496 3171.0486582964659 232.56385664641857 201.42576225101948 163.9232481867075 716.04565231502056 193.14877797663212 1745.6111681610346 1126.3244094997644 375.82539440691471 11215.372620031238 3487.7766035050154 3252.9834856987 262.3962354362011 130.5273569971323 3872.1484772413969 159.25939853489399 569.75175945460796 1110.9161961376667 1243.9935239702463 3874.5296383351088 45227.331044942141 288.52525393664837 5443.0828790068626 260.19716264307499 692.74012517929077 3480.7596027106047 2155.6626057475805 589.15072353184223 4698.9909843206406 3015.0335278958082 22292.940516799688 6478.1044985204935 58369.406099960208 7769.2427084594965 4422.9110821932554 10764.480102136731
leaf_count=6213 3173 61495 5635 1790 11845 4058 1271 1285 6226 28960 1215 85170 758 9828 1190 97542 844 505 1028 4263 1256 3718 3184 2822 3748 7226 7494 2197 6203 587 8152 97059 52416 24347 15113 1973 548 3645 556 24046 2861 1634 3396 18653 2207 1093 954 1042 778 1525 743 1395 54519 891 11276 5099 508 17145 1524 679 2682 2410 3030 12035 4004 3279 1111 58341 2673 1351622 1164 6504 1673 53756 29674 807 848 1722 4354 22619 10354 5716 16667 3607 148715 18988 19233 994 1319 9332 12720 933 808 658 2869 778 7018 4516 1508 45397 14124 13158 1052 523 15558 639 2287 4462 4993 15623 181496 1160 21830 1044 2779 13962 8651 2372 18854 12098 89386 25989 234317 31162 17741 43319
internal_value=0 -0.00293265 -0.00241483 0.000212937 0.00976934 -0.0030248 -0.0025314 0.000173093 0.000750578 -0.000417601 -0.0036892 -0.000127164 -0.000602547 0.00401955 0.00297017 -0.00133026 -0.00344178 -0.0143226 -0.00334327 -0.000130891 8.03454e-05 -0.00434289 -0.0192579 0.0149967 0.0080204 0.00395467 0.012895 -0.00273267 0.0117857 0.0126449 0.000445112 -0.000872378 -0.00153972 0.00190622 0.0171423 -0.00192316 -0.0109144 0.00098285 0.0188503 -0.00108988 0.0224187 -0.00363321 -0.00283622 -0.00422454 -0.00971704 -0.00134137 -0.0191327 -0.0346773 -0.0159247 -0.0277166 -0.0145959 -0.00456313 -0.00209593 0.00465606 0.00687721 -0.00965329 -0.0515396 -0.00209995 -0.017774 -0.0281731 -0.0181164 -0.00574266 0.000104136 -0.00210033 0.00475617 0.0141824 -0.00941252 -0.00176981 -0.00929048 -6.15199e-05 -0.00757728 -0.00868961 0.0122827 -0.00401301 -0.00781565 0.0463103 0.00465844 -0.00736828 0.0137562 -0.00115711 -0.00212715 -0.00278784 -0.0062927 -0.00879774 -0.00148571 -0.00672516 -0.00864044 -0.0030853 -0.000876553 -0.0104528 -0.000253877 -0.00826741 -0.0280235 -0.0113421 0.00502586 -0.0256089 -0.0144646 -0.000303731 0.00885094 -0.0051911 -0.00567243 -0.00754466 -0.0159084 0.0233098 -0.00431311 0.0198517 -0.0048375 -3.82605e-05 0.00182297 0.00247883 -9.84587e-05 0.00641924 0.00192679 0.00510659 0.00454254 0.00364478 0.0060378 0.00355842 -0.00176279 0.0108802 -0.000823789 0.00275894 0.00206707 0.00143703 0.000705355 0.00639998
internal_weight=0 36678.9 35894.4 805732 3345.49 34495.2 33494.3 802386 405729 396657 31960.6 223114 193426 26310.9 29687.3 167115 8508.41 2239.43 31640.8 364696 347280 17416.5 1697.07 3271.76 15724.5 8573.63 7150.91 15719.4 2958.96 1208.2 6268.98 155703 125550 30153.5 5283.04 10586.3 2585.81 8000.52 831.633 7168.88 1412.41 31386.2 29235.1 25579.1 7144.36 3041.12 766.93 530.178 4103.24 1424.6 918.647 734.324 18434.8 4865.09 3655.96 2678.64 505.952 112535 2113.82 1133.82 837.439 979.997 6774.14 6017.5 3019.76 1813.36 1206.4 107594 4940.14 344008 11412.3 10807 605.283 14511.2 10517.4 339.844 2274.19 979.434 1294.75 93043.4 68759.4 63136.6 17102.6 12945.3 46034 11520.4 9905.89 5171.91 43452.7 2652.92 40799.8 3768.96 597.913 365.349 1614.55 386.831 2151.16 3123.21 1502.15 18270 17956.1 14468.4 1170.83 378.422 4241.72 369.567 13964.1 1413.33 182616 136144 46471.3 16729.7 119415 15181.1 14892.5 14199.8 10719 8563.37 4959.19 3604.18 27736 91678.7 77039.7 70561.6 62792.3 14639
internal_count=3383523 148311 145138 3235212 13635 139503 135445 3221577 1629438 1592139 128423 896449 777096 105721 119353 671375 34183 8990 127138 1463716 1393724 69992 6902 13142 63266 34433 28833 63090 11886 4850 25193 625578 504172 121406 21339 42455 10376 32079 3336 28743 5683 126110 117458 102786 28723 12220 3089 2135 16503 5727 3694 2951 74063 19544 14672 10776 2033 451756 8485 4551 3361 3934 27207 24177 12142 7283 4859 431938 19818 1380582 45797 43366 2431 58240 42202 1363 9131 3929 5202 373597 276055 253436 68597 51930 184839 46214 39738 20750 174485 10651 163834 15119 2399 1466 6476 1556 8652 12528 6024 73950 72679 58555 4697 1517 17041 1483 56043 5677 732989 546500 186489 67133 479367 60920 59760 56981 43019 34368 19898 14470 111216 368151 309209 283220 252058 58942
is_linear=0
shrinkage=0.1


Tree=31
num_leaves=127
num_cat=0
split_feature=32 45 5 45 43 43 43 15 9 44 30 21 43 33 37 37 5 43 12 3 28 44 38 42 31 43 31 37 38 20 24 8 8 44 34 42 44 33 15 37 35 12 42 37 33 34 22 44 44 43 38 38 44 13 41 32 43 8 4 44 26 42 43 35 30 38 24 18 37 37 20 41 5 45 33 32 22 26 33 31 44 26 42 24 45 38 33 10 45 12 37 34 31 21 22 5 33 33 37 5 33 5 45 37 5 26 18 4 37 30 1 43 24 29 44 37 44 32 3 10 45 45 38 37 26 43
split_gain=32.0228 29.7875 38.5226 34.9222 45.1924 33.8662 34.9011 30.8411 52.0443 39.1765 31.5189 34.2055 31.0171 30.2356 38.011 29.8329 28.3599 28.1682 29.6251 27.6568 26.3309 39.428 32.2045 25.7145 24.733 26.8891 26.8539 25.8611 25.4754 24.2402 23.8887 36.198 23.568 27.2304 23.2564 27.8506 23.7903 29.6665 23.1133 23.799 27.5518 22.5554 22.5107 27.8412 29.8196 34.3626 31.7207 28.6167 28.5922 34.7023 31.4237 28.065 31.4509 33.2843 34.3219 27.4898 26.7635 33.1647 27.6235 26.6175 32.3382 28.6139 34.699 26.5324 35.3151 32.8117 26.5087 26.2827 28.4998 26.9005 26.8463 25.9597 45.7133 46.0218 38.3885 32.2339 31.8424 27.8951 32.8343 27.8127 27.6321 27.5926 27.1287 33.4496 31.4588 40.3419 44.0005 39.0591 26.8854 35.8697 27.2305 25.4919 30.1043 24.926 24.0337 30.3955 28.2673 25.2894 23.756 38.5302 30.3318 31.2248 29.9551 32.2407 47.3321 39.5289 28.5353 27.8825 26.486 23.7425 25.1053 24.2674 23.3355 22.7974 22.7104 22.5049 22.4291 22.3634 29.0367 22.3474 22.3287 25.1726 47.017 36.7162 30.4529 24.6856
threshold=-0.00039654663123656059 64.500000000000014 -0.06877190992236136 67.500000000000014 0.54500001668930065 -0.41499999165534968 -0.47499999403953547 0.84981119632720958 9.8764416179619743e-05 -0.22500000149011609 -0.00019804084149654952 -0.42176283895969385 0.36500000953674322 -0.00047557822836097324 0.80000001192092907 5.2000000476837167 0.00087838232866488408 0.56499999761581432 -8.474920468870549e-05 -0.0013023040955886243 6.3950727053452297e-05 -0.03499999921768903 8.5000000000000018 1.0000000180025095e-35 -0.0064198377076536408 0.40500000119209295 0.024320317432284359 1.9666666984558108 11.500000000000002 -0.00018048053607344625 0.0010923714144155385 0.0003534214483806864 0.00060408806893974553 0.49500000476837164 -1.1800741553306577 1.9950000047683718 -0.31499999761581415 -0.0093570603057742101 0.034977633506059654 1.1333333253860476 9.601500278222376e-05 -0.0001257470794371329 -0.22500000149011609 0.733333319425583 -0.0034143368247896429 2.2836115360260014 41.631103515625007 1.0000000180025095e-35 0.39499999582767492 -0.38499999046325678 7.5000000000000009 15.500000000000002 -0.23499999940395352 0.0004905449168290944 5.0750000476837167 -0.00046619161730632181 0.34499999880790716 0.0012138776364736261 0.0019647938897833232 -0.11499999836087225 -0.038724686950445168 0.74500000476837169 0.37500000000000006 -8.6300002294592546e-05 -0.0069760375190526238 1.5000000000000002 0.0019208049052394929 0.0088227274827659147 7.2666666507720956 7.9333331584930429 -0.0021212327992543574 1.2050000131130221 -0.02619970683008432 53.500000000000007 0.0043719883542507896 -0.0017961050034500656 38.090324401855476 0.12937878817319873 -0.0049690457526594392 -0.010958692058920859 -0.22500000149011609 1.0102154612541201 1.7450000047683718 0.0033009989419952039 44.500000000000007 17.500000000000004 -0.0012925975024700163 44.580373764038093 24.500000000000004 -0.00092405188479460765 1.5000000000000002 1.3877501487731936 0.0024493124801665549 0.047592006623744972 33.746593475341804 -0.040016017854213708 -0.0049690457526594392 -0.0014769828412681816 3.8666666746139531 -0.039137903600931161 0.008420839440077545 -0.040016017854213708 10.500000000000002 7.2333333492279062 0.018873624503612522 0.68483933806419384 0.0023063170956447725 -0.018000009469687935 6.9333331584930429 -0.00064352311892434944 0.0011122851865366103 -0.49500000476837153 0.0026042736135423188 0.010646800044924023 -0.25499999523162836 0.80000001192092907 -0.69499999284744252 -0.0023590244818478818 -0.0032537725055590268 40.414798736572273 29.500000000000004 40.500000000000007 5.5000000000000009 7.5000000000000009 0.12937878817319873 0.37500000000000006
decision_type=2 2 2 2 2 2 2 2 2 2 2 2 2 2 2 2 2 2 2 2 2 2 2 2 2 2 2 2 2 2 2 2 2 2 2 2 2 2 2 2 2 2 2 2 2 2 2 2 2 2 2 2 2 2 2 2 2 2 2 2 2 2 2 2 2 2 2 2 2 2 2 2 2 2 2 2 2 2 2 2 2 2 2 2 2 2 2 2 2 2 2 2 2 2 2 2 2 2 2 2 2 2 2 2 2 2 2 2 2 2 2 2 2 2 2 2 2 2 2 2 2 2 2 2 2 2
left_child=42 7 -3 4 -4 6 13 10 9 -9 11 -2 34 19 -15 16 -6 30 -19 -5 -12 22 29 32 28 -26 27 -27 -14 -22 -7 38 -13 120 -10 36 37 -36 -32 40 -40 -41 -1 44 45 46 59 51 49 93 -50 52 53 54 66 -56 57 58 -51 60 -44 62 -62 65 -65 -54 -45 68 115 70 -70 79 73 74 76 -75 77 80 -79 -53 -73 98 84 -84 85 86 88 -87 89 -74 -90 92 -60 -46 95 96 -68 -96 100 -100 101 -81 -101 105 106 107 -105 -104 -107 -78 111 -111 -89 -58 -99 -49 -97 -61 -119 -55 -34 122 -122 124 125 -124
right_child=1 2 3 5 15 17 -8 8 12 -11 20 23 24 14 -16 -17 -18 18 -20 -21 21 -23 -24 -25 25 26 -28 -29 -30 -31 31 -33 33 -35 35 -37 -38 -39 39 41 -42 -43 43 47 48 -47 -48 67 50 56 -52 71 63 119 55 -57 113 -59 91 117 61 -63 -64 64 -66 -67 94 -69 69 -71 -72 72 82 75 -76 -77 109 78 -80 81 -82 -83 83 -85 -86 87 -88 112 90 -91 -92 -93 -94 -95 97 116 -98 114 99 102 -102 -103 103 104 -106 108 -108 -109 -110 110 -112 -113 -114 -115 -116 -117 -118 118 -120 -121 121 -123 123 -125 -126 -127
leaf_value=-0.0009605733508561776 0.0034261650237332082 0.012434595224890661 0.0065373923741908098 0.0059200505189299117 -0.0051875169319767767 0.024906928412177384 -0.0066453259008307898 0.032263593027643728 0.010172399729794045 -0.00053701902844292468 -0.00085585929464668709 0.0020347846647652628 -0.015945791140980728 -0.04132481752438736 0.0027926999589872352 0.0069315741621607521 -0.032764954702699065 0.0061803930993196542 -0.0090719529375366884 0.040735409344135914 -0.0023080911534256311 -0.0089071845863757295 0.003337342212990388 0.0012254967573331736 0.023471695357191631 0.0090433740086002714 -0.029517152996203378 -0.00061957200354663313 0.00059375623705543385 -0.017342773885939539 0.015752807317377743 0.0014507645205298193 -0.00075623668762408644 0.016754694662050717 -0.027431578974319089 -0.024478641956806838 -0.0058486031429485358 -0.00041568611932919959 -0.058077644167846859 -0.02306176452899306 -0.013888746351148663 -0.0030092107779263666 0.0082889588107686631 0.017246136284317353 -0.0062600279711956591 -0.0086379647689711174 0.0041613142373422129 -0.0122181471370073 -0.040775431474798111 0.0080756251852125167 -0.0017767316480640312 0.0031506016702789485 -0.034510618190076392 -0.045181248182455176 -0.0061985464398739776 0.021492781647861076 -0.0020653333816001455 -0.0032523626820860855 0.035623103225809701 0.016372420818610949 -0.00031209197151464788 0.048158947180929251 0.047084239466784812 0.013096536966735507 -0.00091193237888948528 -0.0056007002797244972 0.015109427848370618 0.01094766607773835 -0.014116160659188901 0.012507614319822242 -0.0018367804571359251 -0.004245905793667697 -0.03731584365496312 0.010615925041669748 0.011938716687247865 -0.013257354289685745 -0.038960471624165847 0.037379411442625604 -0.0088574964311576559 0.008922477069843204 -0.032022526782824377 0.037890397176582477 0.01929585741004269 -0.032188968274349694 -0.0011790504833905494 0.015705069947431049 -0.021266187158696482 -0.015458501458448473 0.038779974728708623 0.014047165962517753 -0.005459127316953305 0.066323262523073676 0.0090836811138682583 0.0068231875040686719 0.0069748252093718745 -0.042266627464572 -0.012867169656110325 0.0014574867670724989 -0.028445748310746866 0.028878941112312019 0.017146040632685645 -0.01672991777504821 -0.017119795988581571 -0.04470955032475591 0.014053930201412698 -0.020586452104755328 -0.006662133283610313 0.008424503431572786 0.026737127426251218 -0.0023000336390116599 0.015898613125429582 -0.038090826197313271 0.0052461244590026601 0.020988537734755921 0.025238372044082431 0.0024152225711222665 -0.0074215056299221475 -0.011040286722281164 0.026268090809956846 -0.0058384735263343653 -0.033471884608327833 -0.004584181286775171 -0.0039111063785378262 -0.04413970563514464 -0.0090362956219963673 0.043323705425739351
leaf_weight=63023.630546987057 34330.654157653451 2765.4609001129866 15747.101189151406 567.59807832539082 908.41346126794815 417.08674502372742 13121.453169032931 730.91654753684998 1070.571716979146 725.64043073356152 135615.57540468872 8558.294647783041 1733.3173747360706 214.77363087236881 2153.1340730637312 838.42581850290298 632.5773958414793 1662.4498295634985 5442.5206001847982 381.55368646979332 3482.4152737557888 10847.617621079087 7745.1733842790127 43367.417595729232 561.44371837377548 3675.7063511908054 279.61340019106865 11236.341316685081 2012.5589225143194 1549.5412129759789 437.35471791028976 86847.902518495917 9239.0629315078259 612.47673897445202 417.8332771062851 703.53714522719383 36123.15630222857 14944.232912197709 184.56204959750175 642.84268391132355 599.16282354295254 4402.2927001863718 796.87520606815815 1460.859257042408 5322.356158182025 1080.4484809786081 4585.0328054279089 1061.9981811344624 322.73418401181698 2296.6101225763559 574.23642149567604 3128.9770064651966 437.67241944372654 152.3274117410183 5221.8809315562248 384.92131109535694 3796.0774852931499 1235.4883257597685 786.29851919412613 1786.1038994789124 385.12377670407295 676.46851752698421 257.90315398573875 1883.206306040287 40542.678245738149 3810.9857227504253 1235.1356540620327 3177.9626329541206 2256.1036329716444 1028.322189733386 8445.1757089346647 814.02050350606441 244.72976440191269 1763.3175416141748 513.53333401679993 832.63585898280144 852.55875012278557 244.71560533344746 412.43058824539185 524.38955932855606 639.50268712639809 133.49359625577927 170.87438428401947 482.5875923037529 14718.622990787029 4254.521042406559 1048.4437837302685 616.27177247405052 365.53913003206253 305.93252289295197 224.64482849836349 134.99140398204327 936.42981716990471 2004.6999462395906 18994.308390170336 199.2113926410675 510.39532102644444 20366.274429261684 588.83528730273247 304.63377726078033 325.03415751457214 4988.3511985242367 489.38813401758671 534.02046501636505 328.54856595396996 1089.808187738061 312.45584450662136 3368.710343465209 132.66321741044521 311.1444569081068 195.58187580108643 484.3387013822794 4664.6333005875349 483.5831384062767 409.65427902340889 101182.72937510908 2540.5104173123837 832.8857374638319 278.31916524469852 2766.134218275547 938.77661566436291 10778.370617568493 220.50431331992149 251.1171190738678 2131.7145699709654 222.0690746307373
leaf_count=252800 137613 11093 63196 2277 3642 1673 52656 2967 4312 2922 544614 34294 6981 864 8647 3363 2539 6661 21864 1530 13961 43461 31060 173973 2262 14814 1130 45292 8106 6216 1755 348430 37032 2455 1677 2840 145551 60328 741 2575 2406 17659 3237 5890 21377 4370 18444 4269 1295 9229 2305 12565 1763 613 21008 1548 15223 4961 3153 7217 1556 2737 1039 7590 162969 15311 4987 12955 9073 4151 33873 3297 989 7114 2060 3345 3434 985 1659 2104 2585 535 689 1945 59208 17197 4211 2473 1473 1233 907 541 3757 8070 76518 804 2051 81744 2364 1221 1303 20019 1967 2143 1319 4367 1256 13530 532 1251 784 1947 18717 1942 1643 406431 10265 3362 1119 11097 3765 43191 884 1007 8542 891
internal_value=0 -0.000490441 0.000750981 0.000512 0.00459646 -0.000120391 -0.0043286 -0.000988181 -0.00279356 0.0159227 -0.000491737 0.00080467 -0.00316824 0.00483577 -0.00120884 -0.00824873 -0.0165081 0.000567003 -0.00550315 0.0199156 -0.00139256 -0.00447347 -0.000709297 -0.000374547 0.000244093 0.0019808 0.00118655 0.00176227 -0.00705954 -0.00693787 0.00102811 0.000921153 -0.00248031 -0.00406436 -0.00441754 -0.00471683 -0.00444679 -0.00115049 -0.00641911 -0.00808272 -0.0242949 -0.00556427 0.000755998 0.00112019 0.00408781 0.00826953 0.0101727 0.000804367 0.00159209 0.00251039 -0.0158086 -0.000104026 0.000858481 0.00249609 0.0030868 -0.00429747 0.00644373 0.0111317 0.0154095 0.0156701 0.0241953 0.0338016 0.0186975 -0.00104462 -0.000290122 -0.00857883 0.00399243 0.00197774 0.00172763 -0.00294107 -0.00442559 -0.00203088 -0.000465761 -0.00763048 -0.0137831 0.00295872 -0.0171236 -0.00873681 0.00836073 -0.00532119 -0.0164667 -0.00734157 0.00140199 -0.0187262 0.00189939 0.00576391 -0.00647789 0.00857457 0.00711263 -0.00878 0.021941 0.0244761 0.021197 -0.00268043 0.00355493 -0.00338433 0.00692904 0.00433753 -0.00780652 -0.00394166 -0.0125395 -0.0142898 -0.00174221 -0.00323339 -0.0181614 0.000219116 -0.0306653 0.00518429 -0.0154509 -0.0267251 -0.0161998 -0.0240917 0.00282993 0.000539654 0.00192639 0.00226323 -0.00995517 0.00944271 -0.0016958 -0.00789195 -0.00460053 -0.00704286 -0.0140831 -0.00764089 -0.00408049 0.0197898
internal_weight=0 482072 137967 135201 18126.5 117075 16438.5 344106 74214.9 1456.56 269891 110650 72758.3 3317.06 2367.91 2379.42 1540.99 100636 7104.97 949.152 159240 23624.7 12777.1 76319.8 19499 15753.1 15191.7 14912 3745.88 5031.96 93531.2 93114.1 32952.4 24394.1 53259.3 52188.8 51485.2 15362.1 6266.21 5828.86 783.725 5045.14 360075 297051 28572.7 10679.2 9598.71 268478 17893.5 16996.5 896.971 151326 100916 54241.6 51323.2 5606.8 9669.48 5389.82 4154.33 5013.68 2116.37 1319.5 643.027 46674.5 42425.9 4248.66 45716.3 117152 113974 11729.6 10701.3 50409.9 34160.6 7063.78 4467.83 2595.95 3954.29 2110.67 657.146 16249.3 1453.52 13120.3 27096.8 653.462 26443.3 11724.7 2189.29 9535.43 1140.85 550.662 590.184 1857.72 1722.73 7327.06 44255.5 4485.25 1745.53 39770.2 12986.8 7149.06 5837.77 5512.74 6560.23 6255.59 1175.02 5080.57 846.476 3858.1 1222.47 1843.62 991.065 795.483 5280.91 4279.66 20775.9 102245 2739.72 2897.31 1111.2 2918.46 23781.6 14542.6 3764.18 2825.41 2574.29 442.573
internal_count=3382727 1935712 553571 542478 72740 469738 65974 1382141 299182 5889 1082959 443647 293293 13318 9511 9544 6181 403764 28525 3807 639312 94698 51237 306034 78585 63498 61236 60106 15087 20177 375239 373566 132061 97767 214708 210396 207556 62005 25136 23381 3147 20234 1447015 1194215 114934 43081 38711 1079281 71853 68253 3600 608529 405801 218168 206458 22556 38806 21641 16680 20267 8569 5332 2595 187633 170559 17074 183902 470752 457797 47097 42946 202728 137503 28461 18002 10459 15942 8526 2644 65225 5882 52660 109042 2634 106408 47200 8813 38387 4602 2222 2380 7451 6910 29447 178012 18107 7038 159905 52125 28699 23426 22123 26335 25114 4718 20396 3399 15497 4899 7416 3982 3198 21190 17165 83387 410700 11069 11698 4481 11710 95312 58280 15089 11324 10317 1775
is_linear=0
shrinkage=0.1


Tree=32
num_leaves=127
num_cat=0
split_feature=27 34 46 39 12 42 24 30 32 22 11 16 46 45 42 4 37 7 34 44 19 33 23 38 27 37 2 40 29 38 25 44 26 45 27 38 38 45 32 23 24 33 22 7 31 12 37 31 38 37 26 31 32 10 42 15 9 37 39 20 37 31 28 9 0 16 35 40 26 38 10 45 4 22 37 38 39 30 36 23 25 9 8 35 29 10 36 32 10 25 24 14 34 25 31 8 31 24 30 10 31 45 16 37 45 25 0 9 9 16 37 20 11 36 38 0 46 45 1 25 2 34 14 8 34 23
split_gain=34.7957 31.4679 31.9999 25.8188 30.2825 25.1316 23.5651 26.1806 25.3225 23.4248 23.0358 22.814 22.7818 25.9742 27.6032 27.4159 27.2373 26.6915 23.3206 21.9242 29.0959 21.8113 21.7702 21.7315 27.3977 21.3045 20.5492 32.4161 25.7574 24.5824 20.5103 20.4256 20.025 20.3956 22.6424 20.0005 19.6157 19.59 23.0052 19.5389 22.8548 23.5405 20.5955 19.2037 19.1668 20.0868 19.2156 19.1303 18.5582 20.4886 20.3504 19.1112 24.3006 19.5935 18.4835 18.3106 41.9321 31.2 26.1342 32.658 34.7664 22.1522 19.734 18.1143 86.1046 32.0108 23.6384 19.1945 32.0597 26.5501 25.5327 36.3282 27.6394 26.5052 26.6503 38.0278 26.1968 24.1214 28.2772 33.413 29.3067 27.0637 26.1188 27.2748 24.0343 23.0316 22.5598 22.5033 23.4997 28.0748 21.7933 21.3665 24.5964 22.9924 21.2223 20.8415 20.8328 29.6552 36.0805 30.4987 27.1388 26.3547 27.8208 27.5105 26.9719 28.0604 25.8288 65.1644 47.6912 29.708 23.5777 26.6921 23.7147 24.3382 23.4889 26.7164 26.0232 25.6019 22.739 22.6171 33.6721 22.4937 22.0086 23.3487 21.3689 21.1384
threshold=-0.0033247572137042876 2.4174767732620244 -28.499999999999996 1.0000000180025095e-35 0.0046803073491901168 -0.46500000357627863 0.011913090478628876 -0.010042396839708088 0.0027627374511212115 76.881793975830092 0.0010229879408143463 -0.00053765659686177958 -11.499999999999998 78.500000000000014 -1.0000000180025095e-35 -0.014326129108667372 5.6333334445953378 0.0015959747834131124 1.4439284205436709 0.65999999642372142 0.0002738281036727131 0.018504302948713306 -0.001287636056076735 19.500000000000004 -0.011033890768885611 4.6000001430511483 0.0039821767713874587 2.5000000000000004 -0.056015774607658379 14.500000000000002 0.034858800470829017 0.2950000017881394 0.016151744872331623 69.500000000000014 0.0015769045567139985 7.5000000000000009 13.500000000000002 11.500000000000002 -0.0021696911426261063 -0.0013937655603513119 0.0087815341539680975 0.0089737046509981173 50.62901687622071 0.0011788656702265146 0.012027262710034849 0.0022745479363948111 1.3333333730697634 -0.002561040571890771 3.5000000000000004 0.86666667461395275 0.1768876910209656 0.0069678304716944703 -0.001026734593324363 36.924842834472663 -0.014999999664723871 1.0038375258445742 7.7708202297799303e-05 7.7999999523162851 5.5000000000000009 -0.00057495661894790817 2.4333333969116215 -0.0035506486892700191 0.00050503123202361177 5.0020740673062398e-05 -7.884762908361152e-06 3.9091826238291114e-06 6.3135001255432157e-05 2.5000000000000004 1.0965675711631777 11.500000000000002 30.855900764465336 60.500000000000007 -0.040288016200065606 57.67737007141114 7.866666555404664 22.500000000000004 5.5000000000000009 -0.0030535265104845162 -0.00039635499706491823 0.0010413920972496273 0.052411336451768882 0.00037971409619785851 0.001020873954985291 0.00055470000370405625 -0.0076627982780337325 49.283678054809577 -4.3314999857102514e-05 0.0051068617030978211 37.353214263916023 0.067473664879798903 0.013252299278974535 0.0057209813967347154 -0.7529318332672118 0.067473664879798903 0.0003518677549436689 0.00066051748581230651 -0.021444689482450482 0.0056289571803063163 -0.0069760375190526238 56.928321838378913 -0.042186584323644631 49.500000000000007 -0.00013269010378280652 7.3999998569488534 19.500000000000004 0.0062698095571249732 -1.0000000180025095e-35 0.00019338068523211407 9.8764416179619743e-05 8.3498125604819523e-06 3.6333333253860478 1.0000000180025095e-35 0.00082476943498477351 1.4134999673842687e-05 14.500000000000002 0.00036475388333201414 -16.499999999999996 52.500000000000007 0.0010193139314651491 0.014284075703471901 -0.0019411356770433483 2.0630794763565068 0.0023138106334954505 0.00094789054128341388 -0.87934038043022145 -0.00016183499974431467
decision_type=2 2 2 2 2 2 2 2 2 2 2 2 2 2 2 2 2 2 2 2 2 2 2 2 2 2 2 2 2 2 2 2 2 2 2 2 2 2 2 2 2 2 2 2 2 2 2 2 2 2 2 2 2 2 2 2 2 2 2 2 2 2 2 2 2 2 2 2 2 2 2 2 2 2 2 2 2 2 2 2 2 2 2 2 2 2 2 2 2 2 2 2 2 2 2 2 2 2 2 2 2 2 2 2 2 2 2 2 2 2 2 2 2 2 2 2 2 2 2 2 2 2 2 2 2 2
left_child=1 6 -3 5 10 -4 7 -1 9 44 -5 -12 23 17 16 -16 25 22 37 55 32 43 -14 -8 -25 -15 27 29 -28 -10 -29 -11 35 48 47 -21 -36 38 -19 40 -30 42 -42 -7 45 -9 54 -35 49 -34 -50 52 -52 -54 -46 63 -57 58 59 -58 -61 -60 -59 64 -2 -66 -67 70 69 77 71 76 -73 96 87 -76 84 82 -79 81 85 -80 -69 91 -65 90 -71 88 -75 -90 -81 93 -93 -84 -74 -77 100 98 -98 -99 -72 102 104 106 118 -106 107 -103 109 -108 -102 -112 113 -113 119 116 -116 -117 -100 120 -105 -107 -109 124 -124 -110
right_child=19 2 3 4 -6 21 12 8 26 31 11 -13 13 14 15 -17 -18 18 -20 20 -22 -23 -24 24 -26 -27 28 30 39 -31 -32 -33 33 34 36 -37 -38 -39 -40 -41 41 -43 -44 -45 46 -47 -48 -49 50 -51 51 -53 53 -55 -56 56 57 62 61 60 -62 -63 -64 67 65 66 -68 68 -70 86 73 72 94 74 75 95 -78 78 79 80 -82 -83 83 -85 -86 -87 -88 -89 89 -91 -92 92 -94 -95 -96 -97 97 99 101 -101 110 103 -104 114 105 121 108 122 125 -111 111 112 -114 -115 115 117 -118 -119 -120 -121 -122 -123 123 -125 -126 -127
leaf_value=-0.038992655264906445 -0.047766858566627046 0.041933034776248164 0.027929913590160844 -0.0041098339479579008 -0.01004210613108166 -0.017310117874694227 0.016014779649772024 -0.00110977088710494 -0.013823734929239197 0.013210247315510935 0.0027131407176254636 0.015391966390166724 0.049382428451840502 0.0024660670878831961 0.06275154593429827 0.015144913837141281 -0.026723341899439264 0.038717951825716496 0.013910917244432167 -0.00025296060752193938 0.017681683244010173 -0.039086908202330371 0.0065337930519507193 -0.048314351566118907 0.007394646356709173 0.048425679119575404 -0.041093195608886822 0.0020046096099659073 -0.025229413147337249 -0.0049349229410870178 -0.0096276671096404334 -0.017141823234947434 0.024149770014318984 0.027535731513761149 -0.010745565603050886 0.052938488322627257 -0.057386021070388309 -0.0090624851006538658 -0.00075042165816812474 -0.0013922326608925789 -0.004804919467858746 -0.034357291928430948 0.036361302535863102 0.011510163334041298 -0.05231336577666066 0.013327615965444456 -0.0044041853411399606 -0.0078781186754420945 0.035561930889756413 -0.021588257164719099 0.029189733632940376 -0.0086172242454226437 -0.031217296942819883 0.0079309672609782795 -0.013974111842477639 0.028860598461911031 -0.0088025306596005541 -0.015792328250305417 0.0066737858282259034 0.0076396062566540775 -0.0020369934367044885 -0.012920331923163365 -0.060290843169101084 0.015329049414702426 0.0077317151107836367 0.0039262082231501126 -0.02863746875298517 0.011365636352571927 0.018635096634738644 0.0011562660253006056 0.010465217127298379 0.044099142650625048 0.0034340722516526772 0.0039538395796862996 0.021952903855832855 -0.02947147200534608 0.010636923607290502 -0.025864157260626266 0.015851341128802217 0.011257876639592393 -0.0073839059973694575 -0.0015361789028829731 -0.010130535260047114 0.040600411447071633 -0.0011768605468413836 0.00061139113372302579 -0.0029624702456505646 0.0076131843992415507 -0.0022129945768848509 0.0089760631307612589 -0.028111561386688806 0.021774379306103687 0.0018673747917117328 0.025546072098694802 0.013202059103683933 0.0077210937964193888 -0.017005713307328623 0.0018282846573101235 -0.0019207550067960825 0.0075033973936676048 -0.011550641544143581 -0.013143118697770779 0.002522549463938293 -0.04259777720115801 -0.0060828386086846731 0.0018111435665422804 0.027183539028489218 -0.0029158091083156235 -0.00078357230832457471 -0.0053633992472177519 0.0044117932585704001 -0.011302142830768594 0.0068132117371533579 -0.04673210545243045 -0.040010690619113519 -0.042373547086019481 0.0021883521135789303 -0.0076608603015146286 -0.017529701627811436 0.0030891579218320906 -0.010862093343721336 -0.010606872120318682 0.0083364096476312485 0.0092306541229008731 -0.00047258996365780854 0.0024221632135211077
leaf_weight=199.07536897063255 450.96402114629745 213.47431798279285 159.85018742084503 1416.3927130699158 1164.4088188707829 670.37003368139267 1792.3596813380718 37053.807442829013 6968.9112111330032 1784.1891815811396 2433.8757004141808 3404.1902592629194 154.53699842095375 481.74607980251312 168.00681917369366 432.047517105937 257.1181775778532 178.71615463495255 621.19729678332806 132.90785948932171 1596.8336560428143 275.12281256914139 509.51876218616962 125.7644264549017 296.19252064824104 127.5680695027113 170.95930406451225 5088.7082431167364 766.75088262557983 5620.5742557197809 2158.8826036006212 253.17783670127392 125.67274679243565 183.35701951384544 211.99658013880253 151.00590422749519 156.91912065446377 4940.3661437928677 850.44494785368443 21915.153415948153 338.38128434121609 154.87224106490612 189.64412593841553 352.91498407721519 150.37905289232731 989.41590237617493 4584.5093965828419 907.47854126989841 249.52029199898243 443.81286285817623 522.57055085897446 687.70232103765011 142.85830245912075 1216.5939513146877 767.67051587998867 422.51573906838894 4326.8401881307364 404.34241315722466 692.01784585416317 5327.5475548654795 12250.818514347076 3471.0482077151537 132.25986176729202 931.59592394530773 1689.9622886180878 375.33249107003212 548.9730960726738 3737.9167332798243 855.64657105505466 16938.787042200565 1163.4409958869219 214.80141805112362 4973.7775346338749 7340.2893599122763 1143.4715098291636 273.50239896774292 2501.5480707883835 430.6581542044878 910.88149504363537 6202.1047091335058 1742.0521072149277 51942.727899163961 2217.6569144576788 177.56665137410164 16627.591403111815 3913.8432154506445 61882.649044811726 2794.0739635229111 88338.545701771975 2300.8918731063604 143.86786410212517 672.89814715087414 7996.4330151379108 196.6606242954731 4023.5638589262962 335.46838440001011 1179.7457520365715 69513.442718714476 2209.2491445839405 10963.075058430433 3873.9469275921583 4378.0336965769529 93889.73191408813 372.48731455206871 6005.2192508429289 34994.863433018327 1113.6534664779902 25595.093368053436 38543.772089004517 374.84491638839245 3042.6351847499609 723.94702984392643 454.17880281805992 264.80551874637604 149.54781201481819 255.2002779841423 6404.8082831650972 1268.9242290407419 1615.98451782763 967.71303573250771 3263.6302237063646 1522.116870328784 2961.2746705263853 3031.0903127640486 39301.154122412205 44107.516137704253
leaf_count=801 1840 858 643 5683 4681 2705 7210 149213 28111 7180 9808 13655 622 1933 675 1735 1031 717 2499 539 6408 1108 2048 507 1189 512 693 20495 3095 22615 8682 1019 504 736 854 612 634 19859 3429 88522 1362 625 765 1422 604 3981 18434 3637 1005 1782 2100 2761 574 4876 3091 1731 17338 1637 2783 21406 49217 14002 532 3768 6811 1511 2219 15033 3437 67982 4675 890 20188 29461 4593 1115 10241 1729 3656 24868 6988 208426 8899 714 67307 15696 248458 11211 354614 9222 577 2703 32179 788 16310 1358 4738 278961 8863 43949 15546 17567 376977 1496 24108 140411 4483 102597 154672 1505 12212 2901 1821 1061 600 1024 25711 5091 6485 3879 13084 6112 11875 12167 157774 176816
internal_value=0 -0.00169471 0.00362781 0.00279992 0.00492779 -0.00948472 -0.0022313 -0.00276869 -0.00268762 -0.00104184 0.00733059 0.0101062 0.00214987 -0.000150001 0.0119882 0.0284741 0.000570768 -0.00260363 -0.00452898 0.000211416 0.00589306 -0.0140909 0.0165054 0.0112081 -0.00920944 0.0120883 -0.00441727 -0.00678818 -0.00241896 -0.00985533 -0.00146037 0.00943848 0.00222528 0.000713755 -0.00916823 0.0280381 -0.0305842 -0.00644786 0.00610335 -0.00213598 -0.0133797 -7.49427e-05 0.00998023 -0.00737045 -0.00153218 -0.000734288 -0.00704861 -0.00192545 0.00497058 -0.0114949 0.0082966 0.00564914 0.0108621 0.00381706 -0.0202542 0.000158706 -0.00239519 -0.00289157 -0.00240025 -0.00101992 0.000895733 -0.00966324 -0.0267602 0.00025755 -0.00741294 -0.000451851 -0.0154143 0.000291367 -0.000669813 -0.000773631 0.000578591 0.00345006 0.00864861 0.000412483 -0.00102328 0.0112028 0.00106282 0.000506318 -0.0003245 -0.000154909 0.00460828 -0.00123652 0.00412259 0.00171841 -0.000301146 0.00664447 -0.00207735 -0.00123589 -0.00148824 -0.00192896 0.0103653 0.0010955 0.00341252 -0.00722446 0.00780226 -0.00898292 0.000777295 0.000889006 0.00044944 0.00260139 -0.0038444 0.000515373 0.00153296 -0.000313867 -0.000471744 0.000251799 4.27647e-05 -0.00130309 0.00124669 0.0189873 -0.00583596 -0.000900483 -0.0121022 -0.0207909 -0.00479644 -0.00154761 0.00122552 -0.0134732 -0.00851481 -0.0104973 -0.0141131 0.00129353 -0.00057186 0.000752691 0.000144645 0.000927194
internal_weight=0 110181 10090.6 9877.13 8418.87 1458.26 100091 89155.1 88956 45583.1 7254.46 5838.07 10935.6 8721.27 1466.49 600.054 866.432 7254.78 6590.72 732088 6729.23 1298.41 664.056 2214.32 421.957 609.314 43372.8 19837.1 23535.8 12589.5 7247.59 2037.37 5132.4 4848.48 1459.75 283.914 368.916 5969.53 1029.16 23364.8 1449.65 682.898 528.025 1023.29 43545.8 38043.2 5502.56 1090.84 3388.73 569.486 2819.25 2569.73 1882.02 1359.45 918.05 725359 27027.4 26604.9 26068.3 21905.2 17578.4 4163.07 536.602 698332 3065.23 2614.27 924.306 695267 159962 159107 535304 29272.9 9212.14 506031 102526 1752.44 20060.7 80285.3 65286.1 64855.5 12001.9 52853.6 14999.1 11261.2 17559.2 10259.8 78821.4 100774 97979.7 90639.4 6345.97 11083.6 8669.33 2414.32 8997.34 608.971 403505 393982 313506 80476.5 9522.95 312326 140237 172089 46347.4 42522.2 159406 75266.6 84139.8 1488.5 8359.51 4485.57 1442.93 988.753 12682.3 8078.48 6554.36 1524.12 3825.23 4603.83 3636.12 36517 70888.6 45293.5 42262.4 82651.3
internal_count=3383438 443817 40563 39705 33827 5878 403254 359288 358487 183522 29146 23463 43966 35060 5886 2410 3476 29174 26504 2939621 27022 5235 2670 8906 1696 2445 174965 79903 95062 50726 29177 8199 20614 19463 5861 1151 1488 24005 4146 94369 5847 2752 2127 4127 175323 153194 22129 4373 13602 2286 11316 10311 7550 5450 3695 2912599 108646 106915 104746 87961 70623 16785 2169 2803953 12381 10541 3730 2791572 642133 638696 2149439 118704 37388 2030735 411574 7066 81316 322256 261940 260211 48129 212082 60316 45283 71075 41141 316440 404508 393297 363836 25445 44569 34882 9687 36498 2473 1619161 1580945 1258035 322910 38216 1253297 562956 690341 185979 170631 639456 301980 337476 5988 33541 17995 5783 3962 50885 32426 26311 6115 15348 18459 14580 146523 284413 181816 169649 331488
is_linear=0
shrinkage=0.1


Tree=33
num_leaves=127
num_cat=0
split_feature=32 22 44 45 34 45 10 5 5 31 44 16 44 14 7 27 2 39 13 37 45 35 2 23 24 37 5 38 23 31 33 32 37 13 45 12 35 39 31 46 14 16 42 44 46 44 46 38 38 12 26 24 23 31 36 5 44 30 37 37 32 33 34 32 25 37 14 32 37 23 23 36 26 9 45 9 13 6 24 39 36 42 38 30 12 31 44 23 14 26 30 20 26 39 22 16 5 3 7 23 32 1 42 45 46 11 31 22 37 45 31 24 32 1 6 9 24 0 37 42 39 9 11 39 22 45
split_gain=27.5717 29.2447 26.0488 45.9834 28.1047 29.0099 36.9619 33.8783 31.4607 28.3218 27.158 25.1037 25.0277 24.9482 28.1774 26.0431 30.4695 24.3685 24.3034 23.4967 23.1787 22.974 30.1789 29.3372 31.356 22.3899 21.7868 23.3932 28.8179 21.7669 24.7724 28.9687 24.7835 21.5682 21.2391 26.7973 22.7196 22.7085 28.2406 21.1173 28.4752 20.7473 32.2926 26.1421 53.6334 30.3004 23.2624 22.6177 20.5963 20.2561 22.879 19.968 19.9574 19.9301 19.6528 27.3672 27.3511 19.641 22.3818 19.4595 19.3076 20.2968 19.2883 22.2182 28.6061 20.3453 26.6876 23.334 19.735 19.4903 30.0519 20.1479 19.8894 19.262 19.2051 19.1409 21.5862 19.0636 21.2838 20.7036 23.4405 19.5878 21.6632 30.7152 37.1513 29.4877 19.0571 19.0019 18.8412 23.1255 27.7025 18.7336 22.2761 18.5605 22.3068 18.5533 31.4062 18.9248 27.7858 28.0942 29.3547 24.237 35.4769 30.2632 29.4158 35.4742 27.6115 31.1369 29.1461 27.2185 25.4981 31.6742 24.1332 38.0726 51.0997 38.1315 56.1292 50.5385 38.0732 33.6097 35.7525 31.9862 30.3211 26.6384 32.375 26.6759
threshold=0.00046002843009773647 75.414058685302749 0.51499998569488536 45.500000000000007 -0.95982235670089711 65.500000000000014 68.835494995117202 0.0046603418886661538 -0.091147936880588518 0.017835621722042564 -0.47499999403953547 -0.00021123632905073461 0.10500000044703485 0.012328110635280611 0.0045489026233553895 -0.0028164264513179656 0.0054792682640254506 2.5000000000000004 -0.0014778603217564521 1.6000000238418581 17.500000000000004 5.3250000746629675e-06 0.00023740281176287684 -0.0031586769036948677 0.013252299278974535 5.3999998569488534 0.020700538530945781 16.500000000000004 8.3055376308038844e-05 -0.01532603846862912 0.0047715138643980035 0.0043804664164781579 0.733333319425583 0.00032908638240769511 70.500000000000014 0.0005556526011787356 0.00028719998954329645 1.0000000180025095e-35 -0.0085618318989872915 -4.4999999999999991 0.0028442090842872862 0.00019916031305911022 0.49500000476837164 -0.11499999836087225 -5.4999999999999991 0.12499999627470972 -15.499999999999998 11.500000000000002 4.5000000000000009 0.0003778334212256596 0.55605316162109386 0.0041124611161649236 0.00059404168860055517 0.015649223700165752 0.00016265000158455226 0.071029871702194228 0.80000001192092907 -0.0043945626821368924 7.5333335399627694 0.59999999403953563 0.0042559280991554269 -0.0020502273691818114 0.018498243764042858 0.00074315042002126585 0.0068925858940929183 5.3333332538604745 0.0028905589133501057 0.0031469514360651378 7.2333333492279062 3.6092766094952829e-05 0.00081776393926702451 -5.812999916088301e-05 0.48372568190097814 0.0010437327437102797 49.500000000000007 0.0023262957111001019 -0.00044076460471842433 0.00029234192334115511 0.0017660228768363597 3.5000000000000004 4.4894999518874108e-05 -0.23499999940395352 21.500000000000004 -0.0010759840952232478 0.00031338630651589488 -0.015914674848318097 -0.1649999991059303 -9.785082875168881e-05 0.0033303676173090939 0.20316876471042636 0.0011037926306016745 0.00023258121655089783 1.1362608075141909 5.5000000000000009 51.259399414062507 -0.0022261351114138957 -0.061199817806482308 -0.0061554054263979188 0.00061225591343827556 -0.0003660191578092053 -0.0018738820217549799 0.0008223788463510574 -0.21499999612569806 83.500000000000014 -3.4999999999999996 -0.00097890407778322675 0.004993618233129383 45.834392547607429 4.6333334445953378 60.500000000000007 -0.010958692058920859 0.0075932326726615438 -0.0026877273339778181 1.660641737544211e-05 6.6172080551041304e-05 0.00015291184536181393 0.0013853371492587032 -7.884762908361152e-06 7.7333333492279062 0.50499999523162853 5.5000000000000009 0.0010368012590333822 -0.00016177044017240402 4.5000000000000009 60.468168258666999 26.500000000000004
decision_type=2 2 2 2 2 2 2 2 2 2 2 2 2 2 2 2 2 2 2 2 2 2 2 2 2 2 2 2 2 2 2 2 2 2 2 2 2 2 2 2 2 2 2 2 2 2 2 2 2 2 2 2 2 2 2 2 2 2 2 2 2 2 2 2 2 2 2 2 2 2 2 2 2 2 2 2 2 2 2 2 2 2 2 2 2 2 2 2 2 2 2 2 2 2 2 2 2 2 2 2 2 2 2 2 2 2 2 2 2 2 2 2 2 2 2 2 2 2 2 2 2 2 2 2 2 2
left_child=1 95 4 19 33 6 10 12 -7 11 20 48 17 15 -15 16 -10 57 -12 -4 -6 22 23 -20 -25 60 27 28 -21 30 32 -32 -22 -2 36 37 73 38 -36 40 -40 77 49 -44 46 51 -45 -47 59 50 -43 -46 -50 -52 55 56 -5 -8 -59 -9 61 -19 -39 88 -65 66 -66 -67 -69 72 71 -71 -68 -17 -27 -51 -77 78 79 80 86 82 83 84 -79 -84 -23 -81 -64 -90 -91 -3 -93 94 -76 96 -1 98 -97 101 -101 102 106 104 105 -104 107 108 -100 -103 111 -106 121 115 -115 117 -117 122 119 -116 -121 -99 -114 125 -125 -118
right_child=2 91 3 54 5 8 7 9 13 -11 18 -13 -14 14 -16 34 -18 25 21 26 29 41 -24 24 -26 74 -28 -29 -30 -31 31 -33 -34 -35 35 -37 -38 62 39 -41 -42 42 43 44 45 47 -48 -49 52 75 53 -53 -54 -55 -56 -57 -58 58 -60 -61 -62 -63 63 64 65 67 69 68 -70 70 -72 -73 -74 -75 93 76 -78 81 -80 87 -82 -83 85 -85 -86 -87 -88 -89 89 90 -92 92 -94 -95 -96 97 -98 112 99 100 -102 109 103 -105 110 -107 -108 -109 -110 -111 -112 -113 113 114 118 116 123 -119 -120 120 -122 -123 -124 124 -126 -127
leaf_value=0.0073273620566690015 0.0019050654687691828 0.028233431127399566 -0.007155221785835806 0.0011014446532845519 0.024338015344298729 0.019890053594785323 -0.030762893173508866 -0.021818525570545377 -0.0047439086758712399 -0.020446772102388378 0.017178576516764903 0.014508707049614478 -0.018101388439608079 0.0065813554929288797 -0.025895087217549552 0.00058103467695867056 0.0056992041686013736 0.021860052152236152 0.022662899587547733 0.051941947285950724 0.035501479106235231 -0.016203571176315563 0.0020302784339024278 -0.0028947618300896572 -0.023774047906149984 -0.01156662907499416 0.012365048055604191 0.071240379406838125 -0.0019793545302367642 0.0020742392159969927 -0.041173981085430432 -0.0016044656500127268 -0.005132061149898213 0.013532512138685988 0.050636704891087715 0.0042309315351049285 0.019048402330040917 -0.001061775097494066 -0.013168774788969564 0.0013172418396115158 0.039721560606741396 -0.0017482928518444839 -0.0004218955563483182 0.018375935200578924 0.02814665374637032 0.014360740674759745 -0.015621946886768996 -0.0068619425395858528 -0.008352437866556317 0.0010037283485627296 -0.011182793558186056 0.01206382935558005 0.0019703091619341635 0.010554322741843798 0.0301510535513577 -0.022100211189469771 0.02650659876929802 -0.0010942630161114607 0.033555833175990715 0.010253179076873491 -0.028677962524355213 -0.014453180027062699 -0.038245006822232468 0.021450701605737262 -0.019576231478420258 -0.00752632551001629 0.002559021057434733 -0.041965733322029804 -0.0055899639986353366 0.014620021282845785 0.0103974685874788 -0.028013065468130316 0.028354358679418292 0.0084396790079575533 0.025353749285574684 0.0030382708757316361 -0.020857936849748304 0.00075865519399564106 0.0040662260002077696 -0.027134471656764123 0.025750136172573847 -0.0045152678382080202 0.060618904880489426 0.0027868009972807019 -0.022391637947449024 0.007753004115470254 0.0044132716188598131 -0.0058140918819638713 0.019314858302096047 -0.047951606983971939 0.010298409112571336 0.0046959753650819757 0.045823185383575743 0.040793119799045 -0.018333267707958775 0.0089222874352257089 -0.0093528120753146177 -0.0039149724320569354 -0.012095310818531699 0.0062171512168660214 -0.0015505913222636008 -0.0065538833926993088 -0.0047705570542639604 -0.039445163533230292 0.025252448800662675 0.0087854750908244721 0.0067143105079633799 -0.044577432691851805 0.0020605419589123405 0.0027567992978553245 0.0036836225242416936 0.0058236921111470795 0.00047454752597550628 0.024513371575090055 0.0026766093189595254 0.010899823696531412 0.002122428294468287 -0.00094015145588763707 -0.007223173329265419 0.00047924694849775008 -0.0087337649919684204 0.00027933996911146445 -0.021688053676066896 0.0026132664620576191 -0.0058985316945213036 -0.0020122701583463226
leaf_weight=1517.0874094814062 16878.298604026437 485.49021166563034 228.1969768255949 8659.0283284038305 442.0828795582056 830.58229942619801 208.48241345584393 210.82930190861225 18438.553628563881 754.52728500962257 684.28865824639797 1021.7691163122654 2567.9921084791422 8164.0867789834738 276.19387255609035 9713.0214266180992 3292.8019835203886 168.67822654545307 428.91764496266842 221.37951138615608 166.84743028879166 688.28387939929962 31040.650278508663 16275.2409799546 752.5219568759203 877.3862996250391 475.64566817879677 179.47425290942192 179.46503409743309 27306.138406738639 402.78140315413475 342.20596317946911 1495.8218175470829 1761.8407789766788 129.63810132443905 10490.086008921266 953.29150380194187 22081.073287576437 147.19293910264969 4643.2655685693026 330.01788134872913 8134.9161013513803 9761.8445363491774 243.6611429899931 1259.2812579274178 915.05947281420231 1156.4439992159605 1112.910322740674 4757.1151536405087 14302.211436673999 6114.1251520365477 1994.996605604887 3089.0783268809319 453.05495485663414 238.91466495394707 482.24347783625126 445.57740785181522 3393.7711400985718 197.25194692611694 1842.8367553651333 952.62274138629436 1759.296012327075 386.57506567239761 389.21166978776455 761.5925382822752 1560.144282951951 2044.9983738809824 447.00728008151054 223.82768559455872 133.00052423775196 497.53273388743401 665.58943144977093 350.07811067998409 4594.1630082726479 212.6128626614809 657.26144009828568 889.77976408600807 1516.1010210514069 6746.7009923309088 616.1030131727457 337.32398158311844 64757.23261359334 125.58079275488853 6252.0369785428047 1277.1547652184963 660.12273262441158 1286.120572462678 1300.2682714909315 184.85712786018848 203.90820682048798 136.16490092873573 2502.217924118042 139.01495432853699 159.50604087114334 259.56823155283928 5291.5480862855911 4410.2378114312887 29566.608527317643 3550.1792837828398 18630.311192542315 6584.5258129239082 9338.550020724535 7528.7196770310402 167.76140806078911 1319.0087186694145 2596.040104418993 1704.4951030313969 220.24907165765762 2463.9383302330971 4730.1752470433712 17620.201674237847 2306.254560649395 811.49545700848103 981.88407623767853 117127.88295598328 4541.6435705572367 19084.089079663157 5646.401196628809 4710.2802456915379 25105.919159561396 5061.3086931109428 47219.759779855609 2579.717980697751 39744.18391302228 5034.6124246567488 85564.555157601833
leaf_count=6091 67738 1949 917 34742 1778 3334 846 853 74211 3079 2749 4129 10394 32805 1109 38955 13268 683 1719 888 670 2768 124709 65257 3019 3579 1910 721 721 109672 1616 1374 5997 7099 520 42066 3823 88525 590 18621 1323 32598 39150 977 5050 3670 4637 4461 19305 57336 24496 7998 12516 1815 959 1937 1789 13756 800 7452 3877 7158 1550 1562 3054 6253 8197 1791 897 533 1995 2669 1403 18408 859 2635 3571 6074 27085 2471 1355 260269 504 25125 5125 2653 5163 5237 741 817 546 10035 558 648 1053 21416 17711 118854 14280 75138 26484 37511 30433 679 5338 10440 6860 885 9910 19018 71415 9352 3271 3988 469508 18274 76615 22699 18938 100735 20350 189524 10405 159844 20199 343295
internal_value=0 0.000539186 -0.000619095 0.00414693 -0.000772556 -0.000988235 -0.00157917 -0.00543909 0.000515798 -0.00170906 -0.00117052 -0.000414551 -0.00948779 0.000339425 0.00551862 -0.000188536 -0.00316154 -0.0067867 -0.00163168 0.0219428 0.00160872 -0.00170277 0.00015956 -0.00316686 -0.0038175 -0.0118618 0.0282309 0.041235 0.0278004 0.00127055 -0.00784435 -0.0229979 -0.00105452 0.00300408 0.000869452 -0.000206991 0.0041005 -0.00152522 0.00454299 0.00337601 0.0234078 -0.00238412 -0.000696042 0.00287695 0.00769604 0.0123084 -0.00970527 0.00271415 -0.00195479 -0.0026192 -0.00529268 0.0182873 -0.00428833 -0.0096832 0.00182113 0.00111512 0.00234477 -0.000923343 0.000809038 0.0069607 -0.017031 -0.0112761 -0.00258487 -0.00679697 -0.00490328 -0.00643793 -0.00253264 -0.0142325 -0.0298288 0.000983904 -0.00889395 -0.0209128 0.00632942 0.00310451 -0.0019945 -0.000139218 -0.0107056 -0.00331129 0.000580018 -0.00498286 0.00138835 -0.00388386 0.000275282 -0.00110822 -0.00982631 0.0162027 -0.00277383 -0.0126685 -0.0214914 -0.00915351 -0.0246284 0.0101792 0.00686061 0.0113008 0.00133804 0.00047675 -0.00508355 0.000545868 0.00190773 0.00143646 0.00418871 0.000140412 0.0014105 0.00291455 0.00314109 -0.00129472 -0.00456452 -0.00764819 -0.00629577 -0.00342345 0.00525502 0.0128926 0.00025444 0.000640838 0.00177387 -0.000422549 -5.19972e-05 -0.00673545 0.00162698 0.00191 -0.00106647 -0.00133568 -0.0163847 -0.000384863 0.00165626 -0.00125825
internal_weight=0 485886 356148 11109.9 345038 326398 234329 22433.3 92068.5 11676.2 211896 10921.6 10757.2 91237.9 8440.28 82797.6 21731.4 8189.18 181740 1284.16 30155.9 181056 48497.3 17456.7 17027.8 4389.67 1055.96 580.319 400.845 29713.8 2407.66 744.987 1662.67 18640.1 61066.2 45805.8 15260.5 35315.7 5250.11 5120.48 477.211 132559 46995.5 16444.2 6682.35 5282.25 1400.11 2027.97 9899.86 30551.3 14702.1 3254.28 7846.19 6567.18 9825.76 9586.85 9104.61 3799.51 3591.02 2053.67 2880.6 1927.97 30065.6 7984.49 7072.98 6683.77 4452.79 2230.98 670.835 3691.2 1296.12 798.59 2395.08 14307.2 1509.07 15849.3 1547.04 85563 10974.8 4228.1 2311.73 74588.2 9831 9045.29 2793.26 785.704 1974.4 1916.37 911.505 524.93 340.073 3126.72 2641.23 631.687 472.181 482760 5927.33 476832 84052 78760.4 25214.8 53545.6 39476.8 31538 31370.2 10124.8 7938.86 6234.37 6014.12 14068.7 21245.5 3625.26 392780 315994 152987 163007 153969 9037.61 152005 147295 30167.2 76786.4 3391.21 149427 44778.8 104649
internal_count=3382759 1952002 1430757 44584 1386173 1311336 941770 90987 369566 47334 850783 44255 43653 366232 33914 332318 87479 33259 729676 5157 121107 726927 194704 69995 68276 17857 4240 2330 1609 119329 9657 2990 6667 74837 244839 183653 61186 141587 21054 20534 1913 532223 188394 65943 26793 21179 5614 8131 40126 122451 58909 13048 31821 26311 39427 38468 36531 15402 14556 8305 11718 7841 120533 32008 28354 26792 17851 8941 2688 14797 5197 3202 9600 57363 6139 63542 6206 343829 44079 16994 9286 299750 39481 36324 11199 3157 7931 7708 3654 2104 1363 12542 10593 2560 1912 1939460 23802 1915658 339159 317743 101622 216121 159592 127657 126978 40873 31935 25075 24190 56529 86105 14690 1576499 1268121 613519 654602 618227 36375 609531 590593 121085 308378 13676 599953 180043 419910
is_linear=0
shrinkage=0.1


Tree=34
num_leaves=127
num_cat=0
split_feature=44 13 23 0 42 45 42 39 41 44 13 11 43 29 32 20 9 7 39 21 16 0 9 9 0 18 37 41 44 5 37 43 37 43 29 41 32 37 37 44 37 21 34 23 31 37 15 42 41 29 37 5 43 30 4 37 17 13 45 42 6 37 44 45 23 44 8 43 43 30 11 34 14 42 44 34 37 44 9 0 41 32 16 28 43 31 20 32 24 43 45 13 43 24 43 45 44 37 4 23 16 25 45 28 18 42 29 39 45 28 40 31 23 30 42 30 22 42 37 44 31 43 37 28 9 13
split_gain=28.6971 45.323 26.1556 24.6977 28.7259 32.6163 33.0096 30.4757 26.5181 39.1007 57.6495 29.1842 28.8843 26.2869 25.3486 31.954 25.0662 24.8304 24.8099 24.2495 23.1419 22.3971 67.7134 40.2904 84.8154 25.09 24.2607 33.0151 24.0903 28.3381 30.8077 36.2598 38.8156 25.0308 23.9106 25.6576 23.685 24.2593 23.5689 25.1691 26.217 32.659 23.5487 22.7501 23.0113 22.3629 21.7726 25.9969 26.3517 23.274 22.5584 23.3209 24.8662 21.6284 20.9645 41.5977 27.6102 20.8744 24.7346 25.2837 36.026 23.5356 23.423 22.3539 20.6751 20.54 20.4796 20.3792 19.9275 19.8972 19.8335 19.7116 19.6079 25.7417 25.0127 19.5719 20.8647 19.3675 20.671 29.2344 20.1691 19.3079 26.2689 24.4041 24.5746 24.6064 31.9425 24.8732 23.1609 22.9184 29.5419 26.9744 22.5989 20.4266 23.8352 21.539 20.0882 23.3971 19.8989 19.6997 20.4885 19.2993 28.0232 25.4279 27.7471 26.7677 24.4029 20.6834 19.975 30.0832 19.5406 20.8065 19.2762 21.6041 19.2311 22.0567 25.8078 19.2234 20.9384 23.7935 21.475 19.6506 19.1834 30.5638 35.284 26.83
threshold=0.65999999642372142 8.2351994933560504e-05 -0.0018347839359194038 -0.00018483635358279568 -0.22500000149011609 24.500000000000004 -0.4849999994039535 3.5000000000000004 4.0850000381469735 -0.39499999582767481 0.0004905449168290944 -0.0004130511224502697 -0.57499998807907093 0.062575835734605803 0.0057250456884503373 1.3078178653813667e-05 0.00021737499628216031 0.0004100880323676393 1.0000000180025095e-35 1.1619302630424502 3.9091826238291114e-06 -3.0321866688609585e-06 0.00018038069538306448 0.0001180348153866362 7.4054880769836026e-06 -0.00076227984391152848 7.7000000476837167 4.0950000286102304 0.2650000005960465 -0.015659809112548825 5.7999999523162851 -0.11999999731779097 5.5000000000000009 0.054999999701976783 -0.00028423532785382116 5.2049999237060556 -0.0023092757910490032 0.29999999701976782 5.4333331584930429 0.31499999761581426 6.7999999523162851 -0.47566115856170649 0.52961093187332164 0.00031151789880823349 -0.0072107454761862746 0.29999999701976782 0.79378390312194835 0.37500000000000006 4.9500000476837167 0.0019173725740984084 7.9333331584930429 -0.031988676637411111 0.19500000029802325 -0.0019574838224798437 0.0045518104452639827 7.7000000476837167 0.0003502091567497701 3.7207599234534434e-05 45.500000000000007 0.24499999731779101 0.00050631590420380246 1.2666666507720949 0.51499998569488536 59.500000000000007 0.00032974817440845078 -0.83000001311302174 0.00081850256538018595 -0.35500000417232508 0.16499999910593036 0.0043207495473325261 0.0016822493053041401 0.71301785111427318 0.0054577230475842961 0.50499999523162853 -0.68500000238418568 -0.1893372759222984 2.0333333015441899 0.31499999761581426 9.8764416179619743e-05 -7.884762908361152e-06 5.2049999237060556 0.0033793360926210885 -0.00019925340166082603 -0.00037009226798545564 -0.14500000327825543 -0.0055752687621861688 0.0012699544313363733 -0.00048857991350814689 0.0096781272441148775 -0.57499998807907093 61.500000000000007 -0.00022073384025134144 0.45499999821186071 0.0087815341539680975 -0.7849999964237212 56.500000000000007 0.25499999523162847 6.9333331584930429 0.024548896588385109 0.00081776393926702451 -0.00025528660626150662 0.032442737370729453 49.500000000000007 -0.00093277136329561461 0.0088227274827659147 1.0000000180025095e-35 -0.0034999346826225515 1.0000000180025095e-35 64.500000000000014 0.025018863379955295 1.5000000000000002 -0.0052114818245172492 -0.00010541863230173475 0.0039415839128196248 -0.46500000357627863 -0.0029736013384535904 46.167062759399421 1.0049999952316286 3.6333333253860478 -0.12499999627470969 0.00075427143019624065 -0.5649999976158141 3.5000000000000004 0.0008660570310894401 0.00079771879245527099 -0.00018546520732343194
decision_type=2 2 2 2 2 2 2 2 2 2 2 2 2 2 2 2 2 2 2 2 2 2 2 2 2 2 2 2 2 2 2 2 2 2 2 2 2 2 2 2 2 2 2 2 2 2 2 2 2 2 2 2 2 2 2 2 2 2 2 2 2 2 2 2 2 2 2 2 2 2 2 2 2 2 2 2 2 2 2 2 2 2 2 2 2 2 2 2 2 2 2 2 2 2 2 2 2 2 2 2 2 2 2 2 2 2 2 2 2 2 2 2 2 2 2 2 2 2 2 2 2 2 2 2 2 2
left_child=3 -2 -3 4 5 7 -7 45 9 10 14 -12 20 21 15 17 19 -5 70 -6 -11 22 77 24 34 -26 28 -28 81 38 31 32 57 42 -23 -36 -35 66 69 40 41 -40 -33 44 -43 -1 47 50 -49 -50 51 52 -29 -4 101 65 -57 -31 62 60 -60 -61 -59 75 -47 -56 -38 -13 -41 -30 -16 -20 73 -67 -75 -63 -77 78 79 80 -10 83 88 84 -25 86 92 -88 -83 90 93 -92 -86 -85 95 -95 -87 99 117 100 -98 102 106 105 -105 -104 107 -18 -103 -110 111 -107 113 -74 115 -14 -117 121 119 -119 -121 -91 -116 -124 -125 -126
right_child=1 2 53 8 16 6 -8 -9 13 12 11 67 114 -15 18 -17 54 -19 71 -21 -22 23 -24 26 25 -27 27 46 29 30 -32 33 -34 36 35 -37 37 -39 39 68 -42 43 -44 -45 -46 64 -48 48 49 -51 -52 -53 -54 -55 55 56 -58 58 59 61 -62 63 -64 -65 -66 72 -68 -69 -70 -71 -72 -73 112 74 -76 76 -78 -79 -80 -81 -82 82 -84 89 85 96 87 -89 -90 98 91 -93 -94 94 -96 -97 97 -99 -100 -101 -102 108 103 104 -106 110 -108 -109 109 -111 -112 -113 -114 -115 122 116 -118 118 -120 120 -122 -123 123 124 125 -127
leaf_value=-0.022593764231605001 0.00061473954341372439 -0.014895393177171 0.045387375706686633 0.010758659421300897 -0.0090378371903699663 -0.00056116540382919206 -0.0061705042428187203 -0.0030118865224759033 -0.017084209658298568 -0.021905911992581729 -0.024138618178574187 0.0084891935162329513 -0.056255112824663306 0.019034046633670639 0.0052928633267130395 -0.0018315507914274051 -0.012319404218120373 0.0016719699686421488 0.0054483372405012007 0.031008398280447848 0.00067059403141001667 -0.0076035382401855624 -0.0006955241084798656 0.00083455856619764747 -0.0095757837472705432 0.022825804090133489 0.038086331492471544 -0.037824731183260477 0.0056952384871357224 -0.0032104248905521758 0.0017997525032600534 -0.011464975176717117 -0.023905510789889273 -0.0163172561778047 0.015342544507994993 -0.0019244108171726322 -0.034996755327300962 -0.0027988754969247181 0.014533851093205239 0.0062882099077399087 0.0014672804381038753 -0.023689982973859776 -0.033094735271451611 -0.012890263165226904 -0.068971779647691189 0.0054689312540904828 -0.011904495318529938 -0.0055665877615728339 -0.014424764258095444 -0.060867353206942178 0.01159334687250798 -2.6933641325389124e-05 0.0029790432157911807 0.016349640219072713 -0.034442917228636238 0.0019783233721609931 0.021639614882013439 0.010277659550213532 0.021698005376548382 -0.023136308602650191 -0.00091260479454784583 -0.0061894938029999763 0.050424231501892361 -0.038835220392593198 0.019048339298969562 -0.0036531878044223573 0.010436728397930112 -0.0097175200020358093 -0.021254742856127811 -0.027363654300201181 -0.046638525388121355 0.022549475173556429 -0.0019548510685097626 0.029080999317570799 0.0014330362965055421 0.046716980035536752 0.0066216620205343654 0.0032598902408607607 -0.0091234491282156556 0.0010245470406313258 -0.040002793008398124 -0.0058494483069868727 0.0027896897233531575 0.00078649262298458381 -0.0041686667410641429 0.004369453376158852 0.005373882408206662 -0.019036647999433751 0.002947186787297211 -0.030247968139747977 -0.01362645685598346 0.01659536699951189 0.016958423753872666 0.011708797236097135 0.029296481422008663 -0.031890883667081454 0.03288747946766208 0.054123732714060069 0.030807642384837311 -0.0047559159969673007 0.0013672476260681078 -0.0019627866244820076 0.0078319571398260176 -0.00030601910661625254 0.013755446056663982 -0.041272661719728161 0.0046834328032717655 0.0011305464933520097 0.0024588246023520169 0.028972444634360342 0.0042643451406470375 -0.0061988067408750803 0.0020602286735695065 -0.020719053757102101 -0.0043980906790326993 0.027489379780589879 -0.023974363173752702 -0.017068359959775015 -0.019608750185740216 0.02725505969682623 -0.013753056531888162 -0.00065636148491316068 -0.0033708058344998622 0.0097942979807165032 -0.0075618793011730428 0.0022839177795280986
leaf_weight=209.83580355346203 5231.3595828413963 237.03729519248009 292.81004194915295 3341.3751629143953 3397.2315126657486 30762.886900499463 15920.255774602294 3354.8750029802322 789.22761595249176 1422.0811803638935 1166.2567763477564 768.32854256033897 133.3362312912941 719.78337161242962 166.23991039395332 32262.368293523788 1283.7861362844706 30075.353180587292 1592.9992140233517 158.25339725613594 666.97759169340134 2509.5853440612555 56068.284372135997 60692.688807711005 260.66775330901146 2872.9093228131533 179.14781887829304 359.73903305828571 9188.901175275445 7209.5594932585955 10059.708672806621 3214.839792907238 691.1927484869957 1779.6457353383303 1456.7345736324787 2102.7937971502542 422.0194119066 10422.671723529696 174.45118978619576 1946.1045185476542 659.33712129294872 210.48190316557884 596.78027187287807 317.52441710233688 240.40965355932713 2871.5960301160812 3362.654776006937 1064.8574302643538 247.30349706113338 191.42916688323021 1433.3901723027229 4171.7519784867764 255.37285408377647 2068.8898505866528 179.2158420830965 1449.3275169581175 1408.2323380559683 466.91386035084724 1234.9284323602915 556.40159392356873 1641.1652511209249 939.65927289426327 211.00094947218895 134.90426993370056 1839.3899185806513 28125.004528537393 129.70586071908474 3076.4319304525852 303.67134511470795 185.74085319042206 131.88851343095303 1168.3726719617844 4462.2391843348742 339.91415597498417 8759.1848235577345 166.17882877588272 592.62255902588367 789.47704783082008 3797.9832368791103 439.01589184999466 747.81687411665916 14365.28572575748 8247.8329964578152 26277.854248523712 1100.9952279031277 34589.533749982715 582.47349843382835 1473.111843958497 3780.8821890950203 225.05242352187634 340.56745824217796 2223.4605424404144 937.34342277050018 438.84600225090981 555.43467186391354 152.74567438662052 541.3266009837389 147.07543866336346 197.19409599900246 456.10911864042282 333.12448823451996 22143.1045807302 9251.6797270029783 56481.806851610541 1439.074221804738 190.70381879806519 54851.792197525501 10452.067178964615 6113.100771188736 460.15537874400616 2116.2451562434435 1495.4005409628153 30895.401675149798 711.40998496115208 35373.757784023881 131.91413274407387 372.88943138718605 452.96418698132038 1141.1868369877338 382.97944010794163 191.58192357420921 78344.393102586269 27625.772736549377 4332.1544163674116 3907.2392583489418 9489.7996045798063
leaf_count=842 21014 954 1180 13426 13653 123444 63860 13466 3191 5726 4676 3103 534 2908 670 129750 5155 120825 6417 639 2688 10091 225054 243791 1049 11613 720 1443 36899 28945 40366 12905 2775 7141 5857 8467 1695 41812 700 7807 2645 845 2400 1274 965 11512 13568 4281 994 769 5776 16738 1024 8307 719 5833 5658 1877 4954 2236 6592 3771 847 542 7377 112819 521 12419 1218 746 536 4706 17932 1364 35164 668 2382 3169 15249 1770 3046 57896 33099 105560 4410 138819 2333 5922 15209 904 1374 8928 3756 1763 2233 615 2172 590 792 1830 1335 89050 37089 227170 5921 765 220764 41968 24581 1893 8489 6006 124179 2859 142190 529 1498 1821 4585 1539 770 314318 111071 17398 15700 38080
internal_value=0 0.00597702 0.0167715 -0.000105237 0.00061868 -0.00144841 -0.00247411 0.00433757 -0.000514302 -0.00160481 7.28573e-05 -0.0102823 -0.00308737 -5.79812e-05 0.000827742 0.000413277 0.00108018 0.00258056 0.00972518 -0.00725539 -0.0146979 -9.46299e-05 -0.00182052 0.000251456 0.00676998 0.0201305 5.35636e-05 -0.00449998 0.000229323 -0.00168405 -0.00299737 -0.00458426 -0.000807076 -0.00774099 -0.000128248 0.00514208 -0.00561597 -0.00388061 0.00233435 -0.00425102 -0.0138296 -0.0245266 -0.0148515 -0.0333944 -0.0478337 0.00934822 -0.00518813 -0.0022641 -0.0140641 -0.0346887 0.000588266 -0.00270712 -0.0208844 0.0199498 0.00120234 -0.00016968 0.0116676 0.00040672 0.00479417 0.00247958 0.00879587 -0.0051221 0.0227733 0.000344976 0.010771 -0.000630067 -0.0243157 -0.00607913 0.0025705 0.00504024 -0.017681 0.0126841 -0.000547388 -0.00215744 0.00246588 0.00345696 0.0154026 -0.0114307 -0.0134393 -0.0217343 -0.0282348 0.000660698 -0.00188971 0.000978557 0.00210435 0.0040233 -0.00332365 -0.0121196 -0.00401661 -4.50276e-05 0.00231636 0.0125811 0.00554676 0.00135668 0.0144194 0.000451603 0.00485724 0.0162756 -0.000919992 0.012092 0.0208798 0.00183216 0.00232439 0.000941927 4.33453e-05 0.00492895 0.00379794 -0.000340745 -0.000525809 0.00431489 -0.00213451 -0.0101658 0.00111422 -0.00453505 -0.00278927 -0.0200809 -0.010526 -0.000997483 -0.010285 7.00077e-05 0.0135813 -0.000741123 -0.00265259 -0.00129121 0.00194923 -0.000587604
internal_weight=0 7830.1 2598.74 834017 301123 54958.8 46683.1 8275.7 532894 157206 73749.6 5011.02 83455.9 375688 68738.6 65679.1 246164 33416.7 3059.5 3555.48 2089.06 374969 62631.8 312337 9202.69 3133.58 303134 11265.6 291869 53696.5 40469.9 30410.2 13844.5 16565.7 6069.11 3559.53 12754 10974.4 13226.6 3851.98 1602.2 942.867 3811.62 768.416 450.892 4920.82 11086.5 7723.84 1503.59 438.733 6220.25 4786.86 615.112 2361.7 242609 76329.9 2857.56 13153.3 5943.78 5265.86 2876.09 2389.77 677.915 1833.36 4710.99 73472.4 551.725 3844.76 2249.78 9374.64 298.128 2761.37 73293.2 37224.1 9099.1 1698.46 758.801 6563.52 5774.04 1976.06 1537.04 238172 26394 211778 100854 40161.1 4093.92 2055.59 18146.2 110924 29988.9 2564.03 2038.34 27424.9 1147.03 591.592 36067.2 1477.64 80935.4 1330.56 874.451 166279 137563 70974.9 57920.9 13054 66587.6 11735.9 28716.4 6573.26 3802.35 1686.1 36069.1 5173.65 81366.9 638.14 504.804 80738.2 2168.71 1027.53 574.561 78569.4 80728.7 45355 17729.2 13397
internal_count=3382237 31455 10441 3350782 1210171 220501 187304 33197 2140611 631942 296528 20198 335414 1508669 276330 264001 989670 134251 12329 14292 8414 1505761 251479 1254282 37077 12662 1217205 45313 1171892 215528 162429 122063 55589 66474 24415 14324 51169 44028 53099 15454 6429 3784 15305 3084 1810 19731 44593 31025 6044 1763 24981 19205 2467 9487 975378 306527 11491 52814 23869 21145 11546 9599 2724 7363 18889 295036 2216 15522 9025 37645 1206 11123 294317 149347 36528 6821 3050 26425 23256 8007 6237 956364 106204 850160 404958 161167 16421 8255 73105 445202 120473 10302 8166 110171 4611 2378 144746 5927 324729 5337 3507 668851 553327 285440 233091 52349 267887 47123 115524 26474 15260 6771 144970 20791 327000 2561 2027 323937 8715 4130 2309 315222 324439 182249 71178 53780
is_linear=0
shrinkage=0.1


end of trees

feature_importances:
f_fund_hours_since=439
f_utc_hour=288
f_macro_curve_10y2y=278
f_macro_curve_chg_90d=243
f_sent_fng=201
f_dow=187
f_sent_fng_chg_7d=172
f_ret_1440m=144
f15_rsi14=143
f15_ret_1b=119
f_macro_ff_chg_90d=113
f15_s13_55=112
f_rsi14_1m=106
f15_macd_hist_n=102
f15_volz_96=100
f15_bb_pos=98
f15_bb_w=96
f15_ret_4b=89
f_macro_ff_level=89
f_ed5=88
f_rvol_240=71
f15_atr14_n=70
f_pair_id=64
f_atr14_1m_n=62
f_macd_hist_n=61
f15_s5_13=60
f15_ed13=59
f15_ed55=54
f_ret_240m=53
f_ret_1m=50
f_macd_sig_n=46
f_rvol_60=44
f15_ed5=43
f_bb_pos_1m=40
f_fund_last=40
f_s13_55=39
f_bb_w_1m=37
f_ret_60m=34
f_macd_line_n=34
f_ed55=34
f_s5_13=34
f_volz_1440=33
f_fund_roc=33
f_ed13=32
f_ret_5m=26
f_ret_15m=25
f_rvol_15=25

parameters:
[boosting: gbdt]
[objective: binary]
[metric: binary_logloss]
[tree_learner: serial]
[device_type: cpu]
[data_sample_strategy: bagging]
[data: ]
[valid: ]
[num_iterations: 35]
[learning_rate: 0.1]
[num_leaves: 127]
[num_threads: 2]
[seed: 42]
[deterministic: 1]
[force_col_wise: 0]
[force_row_wise: 1]
[histogram_pool_size: -1]
[max_depth: -1]
[min_data_in_leaf: 500]
[min_sum_hessian_in_leaf: 0.001]
[bagging_fraction: 0.8]
[pos_bagging_fraction: 1]
[neg_bagging_fraction: 1]
[bagging_freq: 1]
[bagging_seed: 400]
[feature_fraction: 0.8]
[feature_fraction_bynode: 1]
[feature_fraction_seed: 30056]
[extra_trees: 0]
[extra_seed: 12879]
[early_stopping_round: 0]
[early_stopping_min_delta: 0]
[first_metric_only: 0]
[max_delta_step: 0]
[lambda_l1: 0]
[lambda_l2: 0]
[linear_lambda: 0]
[min_gain_to_split: 0]
[drop_rate: 0.1]
[max_drop: 50]
[skip_drop: 0.5]
[xgboost_dart_mode: 0]
[uniform_drop: 0]
[drop_seed: 17869]
[top_rate: 0.2]
[other_rate: 0.1]
[min_data_per_group: 100]
[max_cat_threshold: 32]
[cat_l2: 10]
[cat_smooth: 10]
[max_cat_to_onehot: 4]
[top_k: 20]
[monotone_constraints: ]
[monotone_constraints_method: basic]
[monotone_penalty: 0]
[feature_contri: ]
[forcedsplits_filename: ]
[refit_decay_rate: 0.9]
[cegb_tradeoff: 1]
[cegb_penalty_split: 0]
[cegb_penalty_feature_lazy: ]
[cegb_penalty_feature_coupled: ]
[path_smooth: 0]
[interaction_constraints: ]
[verbosity: -1]
[saved_feature_importance_type: 0]
[use_quantized_grad: 0]
[num_grad_quant_bins: 4]
[quant_train_renew_leaf: 0]
[stochastic_rounding: 1]
[linear_tree: 0]
[max_bin: 255]
[max_bin_by_feature: ]
[min_data_in_bin: 3]
[bin_construct_sample_cnt: 200000]
[data_random_seed: 175]
[is_enable_sparse: 1]
[enable_bundle: 1]
[use_missing: 1]
[zero_as_missing: 0]
[feature_pre_filter: 1]
[pre_partition: 0]
[two_round: 0]
[header: 0]
[label_column: ]
[weight_column: ]
[group_column: ]
[ignore_column: ]
[categorical_feature: ]
[forcedbins_filename: ]
[precise_float_parser: 0]
[parser_config_file: ]
[objective_seed: 16083]
[num_class: 1]
[is_unbalance: 0]
[scale_pos_weight: 1]
[sigmoid: 1]
[boost_from_average: 1]
[reg_sqrt: 0]
[alpha: 0.9]
[fair_c: 1]
[poisson_max_delta_step: 0.7]
[tweedie_variance_power: 1.5]
[lambdarank_truncation_level: 30]
[lambdarank_norm: 1]
[label_gain: ]
[lambdarank_position_bias_regularization: 0]
[eval_at: ]
[multi_error_top_k: 1]
[auc_mu_weights: ]
[num_machines: 1]
[local_listen_port: 12400]
[time_out: 120]
[machine_list_filename: ]
[machines: ]
[gpu_platform_id: -1]
[gpu_device_id: -1]
[gpu_use_dp: 0]
[num_gpu: 1]

end of parameters

pandas_categorical:null
